{"type": "FeatureCollection", "features": [{"type": "Feature", "properties": {"nome": "Adige", "reale": "Adige"}, "geometry": {"type": "LineString", "coordinates": [[11.6517967, 45.1079423], [11.6528122, 45.1071067], [11.654051, 45.1062375], [11.6548498, 45.1058633], [11.6554102, 45.1057132], [11.6564482, 45.1053592], [11.6567976, 45.1052888], [11.6575212, 45.1051419], [11.658716, 45.1049585], [11.6593259, 45.1048178], [11.6602282, 45.1046268], [11.6615172, 45.1042189], [11.6623066, 45.1039848], [11.6630338, 45.1037204], [11.6636946, 45.1037438], [11.6646617, 45.1039609], [11.6665219, 45.1050809], [11.6680016, 45.1061937], [11.6685365, 45.1064132], [11.6692334, 45.1064465], [11.6697022, 45.1063145], [11.6700588, 45.1061963], [11.6714942, 45.105518], [11.6723315, 45.1050123], [11.672665, 45.1048415], [11.6739658, 45.1042814], [11.6746654, 45.1040889], [11.6750169, 45.1039555], [11.6754446, 45.1038469], [11.6762131, 45.1037361], [11.6772294, 45.1036336], [11.6779926, 45.1035817], [11.6819469, 45.1036201], [11.6824669, 45.1035875], [11.6832663, 45.1034407], [11.6839699, 45.1031177], [11.6853174, 45.1024449], [11.6861213, 45.1019139], [11.6866563, 45.1015239], [11.6880291, 45.100914], [11.6893401, 45.1003545], [11.6924368, 45.0991216], [11.69323, 45.0987567], [11.6936632, 45.0985608], [11.6943138, 45.0983943], [11.6951813, 45.0983662], [11.6962294, 45.0985208], [11.7012017, 45.1001688], [11.7053419, 45.1014138], [11.7079847, 45.1023448], [11.7092651, 45.1024686], [11.7102346, 45.1024323], [11.7126457, 45.1021487], [11.7139482, 45.102015], [11.7147643, 45.1017777], [11.7158029, 45.1015036], [11.7163857, 45.101308], [11.7171859, 45.1010011], [11.7177859, 45.1006924], [11.7185664, 45.0999186], [11.7198401, 45.09873], [11.7211129, 45.0980019], [11.7219058, 45.0976819], [11.722946, 45.0973645], [11.72367, 45.0972898], [11.7244032, 45.0972696], [11.725125, 45.0972778], [11.7258411, 45.0974019], [11.7279722, 45.0976452], [11.7303695, 45.0980739], [11.7322323, 45.0984825], [11.7327715, 45.0985231], [11.7334078, 45.0985052], [11.7370909, 45.0977096], [11.7411512, 45.0968954], [11.7420072, 45.0967396], [11.7429071, 45.0966607], [11.7439125, 45.0967234], [11.744701, 45.0968275], [11.7447053, 45.0968191], [11.7477679, 45.0973186], [11.7487829, 45.0973194], [11.749952, 45.0971923], [11.7509425, 45.0970153], [11.7542594, 45.0961591], [11.7560225, 45.0957557], [11.7573169, 45.09558], [11.7584166, 45.0956182], [11.761845, 45.0959978], [11.7678092, 45.0973146], [11.7733927, 45.0984934], [11.7755637, 45.0992229], [11.7765729, 45.099726], [11.7772473, 45.1002185], [11.7786301, 45.1017094], [11.7797633, 45.1030508], [11.780325, 45.1034733], [11.7814063, 45.1041164], [11.7829168, 45.1048092], [11.7848214, 45.1059649], [11.78618, 45.1076909], [11.7871829, 45.1082127], [11.7891227, 45.1087081], [11.791, 45.1090943], [11.7928687, 45.1098117], [11.7953674, 45.1111192], [11.798634, 45.1132949], [11.8013107, 45.1161007]]}}, {"type": "Feature", "properties": {"nome": "Adige", "reale": "Adige"}, "geometry": {"type": "LineString", "coordinates": [[10.8329722, 45.4810729], [10.834267, 45.4808943], [10.8362874, 45.4806291], [10.837306, 45.4805044], [10.8399996, 45.4801702], [10.8423089, 45.4799651], [10.8423706, 45.4799596], [10.8439263, 45.4798091], [10.8455249, 45.4794255], [10.8468103, 45.4788622], [10.8476707, 45.4784851], [10.8495375, 45.4774695], [10.8514365, 45.476973], [10.8532175, 45.476785], [10.8553203, 45.4768], [10.8566084, 45.4770092], [10.8578309, 45.4772138], [10.8608437, 45.477974], [10.8628522, 45.478619], [10.8659678, 45.4798467], [10.8670235, 45.4801476], [10.8680707, 45.4802258], [10.8691178, 45.4801235], [10.8697873, 45.4798045], [10.8705769, 45.4791606], [10.8713322, 45.4782699], [10.8719159, 45.4773672], [10.8727484, 45.4758024], [10.8731518, 45.4750621], [10.8736668, 45.4744482], [10.8747225, 45.4738583], [10.8758383, 45.473413], [10.87704, 45.4730037], [10.8779841, 45.4728231], [10.8796149, 45.4726546], [10.8812028, 45.4728351], [10.8829194, 45.4731722], [10.8842927, 45.4736056], [10.8853913, 45.474057], [10.8864384, 45.4744903], [10.8875714, 45.4752487], [10.8886957, 45.4761722], [10.8894425, 45.4765021], [10.890215, 45.4767232], [10.8915282, 45.4770723], [10.8930474, 45.4772648], [10.8947791, 45.4775582], [10.8959699, 45.4776079], [10.8969098, 45.4774093], [10.8976455, 45.4770299], [10.8982402, 45.4767232], [10.8988601, 45.4764044], [10.8995276, 45.4760612], [10.9006606, 45.4754232], [10.9012871, 45.47505], [10.9021454, 45.4743158], [10.9031926, 45.4730819], [10.9043793, 45.4720374]]}}, {"type": "Feature", "properties": {"nome": "Adige", "reale": "Adige"}, "geometry": {"type": "LineString", "coordinates": [[10.9043793, 45.4720374], [10.9052244, 45.4714436], [10.9057823, 45.4710517], [10.9058571, 45.4710085], [10.9065304, 45.4706202], [10.9083052, 45.4698743], [10.9092953, 45.469575], [10.9103414, 45.4693216], [10.9114771, 45.4692055], [10.9126314, 45.4692009], [10.9133765, 45.4692579], [10.9144065, 45.4693738], [10.9156574, 45.4696292], [10.9163693, 45.469884], [10.9171559, 45.4702239], [10.9178864, 45.4706261], [10.9187197, 45.471133], [10.9192902, 45.471669], [10.9196227, 45.472097], [10.9201677, 45.4727937], [10.9204467, 45.4733429], [10.9214252, 45.4770143], [10.9219917, 45.4782962], [10.9226783, 45.4790605], [10.9230641, 45.4794707], [10.923477, 45.4799498], [10.9238257, 45.4802592], [10.9248412, 45.4809562], [10.9260358, 45.4814856], [10.9270128, 45.4817084], [10.9272455, 45.4817212], [10.9280492, 45.4816602], [10.9287251, 45.4814977], [10.9291756, 45.4813479], [10.9310415, 45.4804104], [10.9313215, 45.480246], [10.936643, 45.4773453], [10.9377158, 45.4767133], [10.9403766, 45.4759309], [10.9420074, 45.4757805], [10.9425224, 45.4757805], [10.9443677, 45.4756601], [10.9453608, 45.4756305], [10.9463847, 45.4755999], [10.947426, 45.4755045], [10.9476404, 45.4754312], [10.9484732, 45.4751072], [10.9492172, 45.4744865], [10.9495176, 45.4735536], [10.9494092, 45.4725304], [10.9491305, 45.4714545], [10.9486163, 45.470213], [10.9478439, 45.4691296], [10.9473289, 45.4685578], [10.9465564, 45.4679558], [10.9449685, 45.467384], [10.9430803, 45.4666917], [10.941668, 45.4660497], [10.9406552, 45.464936], [10.9403118, 45.4635816], [10.9405872, 45.4630202], [10.9408241, 45.4624233], [10.9417286, 45.4613969], [10.9425398, 45.4608814], [10.9435603, 45.460476], [10.9459226, 45.4602421], [10.947921, 45.4602074], [10.9507825, 45.4599602], [10.9531189, 45.4589939], [10.9559513, 45.4585386], [10.9587311, 45.4584043]]}}, {"type": "Feature", "properties": {"nome": "Adige", "reale": "Adige"}, "geometry": {"type": "LineString", "coordinates": [[11.0259549, 45.4278942], [11.0346238, 45.4283761], [11.0359446, 45.4283819], [11.0371806, 45.4282614], [11.0388972, 45.4279], [11.0403745, 45.4272919], [11.0415198, 45.4263062], [11.0418206, 45.4260427], [11.0426061, 45.4253642], [11.0431887, 45.4245688], [11.0435502, 45.4237378], [11.043472, 45.4229845], [11.0431024, 45.4222958], [11.0428129, 45.4219921], [11.0424189, 45.4217299], [11.0406959, 45.4211186], [11.0391509, 45.4209559], [11.0342623, 45.4208639], [11.0295073, 45.4211531], [11.0281007, 45.4210871], [11.0271384, 45.4207676], [11.0262983, 45.4201834], [11.0255076, 45.4190084], [11.024733, 45.4180206], [11.0240571, 45.4171588], [11.0231988, 45.415502], [11.0230895, 45.4147278], [11.0230099, 45.4141644], [11.0230872, 45.4130437], [11.0233018, 45.4122303], [11.0240571, 45.4106998], [11.0249926, 45.4090669], [11.0264947, 45.4076991], [11.0285299, 45.4063254], [11.0298596, 45.4056087], [11.0303055, 45.4051863], [11.0311123, 45.4044511], [11.0315339, 45.4037342], [11.0322281, 45.401221], [11.0316198, 45.3983706], [11.0317815, 45.3956825], [11.0323856, 45.3950317], [11.0330947, 45.3944349], [11.0344562, 45.3938677], [11.0359614, 45.3934584], [11.037297, 45.3935684], [11.0384476, 45.39396], [11.0385016, 45.3940047], [11.0409019, 45.3961722], [11.0417173, 45.396582], [11.0441205, 45.3966543], [11.0458824, 45.3964439], [11.05076, 45.3959598], [11.0531156, 45.3951792], [11.055309, 45.3942722], [11.057934, 45.3927602], [11.0595306, 45.3917657], [11.0627698, 45.3888885], [11.0629241, 45.3874496], [11.0631164, 45.3870553], [11.0637988, 45.385924], [11.0647876, 45.3842845], [11.0651208, 45.3831178], [11.0655701, 45.3823195], [11.0662514, 45.3811089], [11.0672133, 45.3803759], [11.0688806, 45.3800074], [11.0697306, 45.3801137], [11.0701748, 45.3801876], [11.0707476, 45.3805059], [11.0711484, 45.3808837], [11.0713718, 45.3816813], [11.0714576, 45.3826157], [11.071615, 45.3839068], [11.0719223, 45.3845543], [11.0725003, 45.3851739], [11.0745904, 45.3864558], [11.0763738, 45.3873563], [11.0782211, 45.387794], [11.0801265, 45.3877337], [11.0827186, 45.3869561], [11.0849073, 45.3860036], [11.0869071, 45.384798], [11.0894821, 45.3832126], [11.0906607, 45.3829523], [11.0973613, 45.3826399], [11.1004242, 45.382275], [11.1035248, 45.3813406], [11.1057082, 45.3802027], [11.1066682, 45.379712], [11.108079, 45.3792765], [11.1097822, 45.3789777], [11.1114975, 45.3788335], [11.1120731, 45.3788284], [11.1171195, 45.3787091], [11.1204841, 45.3783354], [11.1237886, 45.3781063], [11.1320417, 45.3804681], [11.1356697, 45.3805087], [11.1371038, 45.3794962], [11.138994, 45.3785389], [11.1414127, 45.3781873], [11.1428881, 45.3782309], [11.143967, 45.3784229], [11.1455774, 45.3781586], [11.1465531, 45.3776199], [11.1472165, 45.3770019], [11.14781, 45.3761509], [11.1480215, 45.3757911], [11.1492194, 45.3745097], [11.1537035, 45.3726842], [11.1561535, 45.3719495], [11.16057, 45.3719606], [11.1645182, 45.3729253], [11.1681467, 45.3740747], [11.1699256, 45.374802], [11.1732947, 45.3754544], [11.1756678, 45.3754326], [11.1774679, 45.3750808], [11.1786446, 45.3746968], [11.1792541, 45.3738215], [11.1795992, 45.3729512], [11.1799836, 45.3722839], [11.1811719, 45.3711795], [11.1822535, 45.3706425], [11.1836151, 45.3700848], [11.1857822, 45.3701307], [11.1896703, 45.3702166], [11.1941413, 45.3692335], [11.1993116, 45.367769], [11.2033886, 45.3672904], [11.2063068, 45.3664707], [11.2084258, 45.3651233], [11.213876, 45.3632802], [11.2175399, 45.362696], [11.2209946, 45.361701], [11.2239236, 45.3610866], [11.2258547, 45.3602536], [11.2279415, 45.3586328], [11.2299459, 45.3566129], [11.2313962, 45.355259], [11.2326729, 45.3546785], [11.2340409, 45.3524845], [11.2350655, 45.3517419], [11.2376296, 45.3509841], [11.2395769, 45.3510218], [11.2452149, 45.3520548], [11.247822, 45.3528125], [11.2492382, 45.352952], [11.2507027, 45.3527823], [11.2517434, 45.35233], [11.2526017, 45.3515911], [11.2533742, 45.3505883], [11.2538275, 45.3491953], [11.2538731, 45.348315], [11.2534547, 45.3473724], [11.2525749, 45.3463394], [11.2474787, 45.3436399], [11.2443405, 45.3424069], [11.2435949, 45.3416868], [11.2433374, 45.3407441], [11.2438738, 45.3400202], [11.2457715, 45.338741], [11.2487984, 45.3376371], [11.2523925, 45.3367321], [11.2567484, 45.3350691], [11.2600529, 45.3321692], [11.2646019, 45.3287901], [11.2679601, 45.3252449], [11.2697032, 45.3219779], [11.2695734, 45.3205996], [11.269051, 45.3198217], [11.2682132, 45.3192063], [11.2647776, 45.3174851], [11.2625789, 45.3160367], [11.2617938, 45.3146277], [11.2616425, 45.3133683], [11.2616785, 45.3099421], [11.2618554, 45.3092056], [11.2623684, 45.3085771], [11.2633832, 45.3081013], [11.2675041, 45.3074258], [11.27053, 45.3067069], [11.2728572, 45.3062633], [11.2743859, 45.3055054], [11.2760981, 45.3035433], [11.2769608, 45.3009901], [11.2762871, 45.2994186], [11.2747207, 45.2985124], [11.273089, 45.298159], [11.2707766, 45.2979892], [11.2663134, 45.2977477], [11.2639153, 45.2973883], [11.2615069, 45.2966609], [11.2601602, 45.2959393], [11.2592288, 45.2948854], [11.2584865, 45.2937506], [11.2585886, 45.2925552], [11.259717, 45.2910782], [11.2615293, 45.2897936], [11.2643857, 45.2891155], [11.2667261, 45.2881458], [11.268005, 45.2875481], [11.2693012, 45.2868782], [11.2699852, 45.2860337], [11.2696989, 45.2847968], [11.268545, 45.2838597], [11.266485, 45.2822895], [11.2632755, 45.2802967], [11.2604769, 45.279149], [11.2599126, 45.2790038], [11.2566225, 45.2781503], [11.2555898, 45.2774345], [11.254573, 45.2758677], [11.2537873, 45.274339], [11.2536337, 45.2732333], [11.2542681, 45.2722096], [11.2551554, 45.2712971], [11.2576965, 45.2699824], [11.2623958, 45.2692412], [11.2679801, 45.2689004], [11.2727147, 45.268456], [11.2751484, 45.2677136], [11.2770207, 45.2665703], [11.2778563, 45.2651401], [11.2782068, 45.2647835], [11.2783918, 45.2645211], [11.2784958, 45.2638323], [11.2766573, 45.2613784], [11.2742498, 45.2594484], [11.2705878, 45.2570686], [11.2692515, 45.2558185], [11.2678214, 45.2542389], [11.2670937, 45.2533226], [11.2663855, 45.2517893], [11.2661946, 45.2498352], [11.2671508, 45.2478207], [11.2687232, 45.2456941], [11.2695702, 45.2451907], [11.2717273, 45.2435312], [11.2728365, 45.2429004], [11.2749011, 45.2416725], [11.2772276, 45.2398666], [11.2790177, 45.23816], [11.2795313, 45.2368567], [11.2799919, 45.2343103], [11.280103, 45.2329282], [11.27921, 45.2289482], [11.2791119, 45.2272016], [11.2801616, 45.2253384], [11.2821056, 45.2238919], [11.2853911, 45.2223084], [11.2904501, 45.220885], [11.293108, 45.2199506], [11.2952156, 45.2188321], [11.2967387, 45.2175994], [11.2973841, 45.2156988], [11.2976382, 45.2134786], [11.2984854, 45.2080505], [11.2986451, 45.2052314], [11.2986786, 45.2037773], [11.2988528, 45.2025211], [11.2999198, 45.2011563], [11.301512, 45.199982], [11.3044222, 45.1984039], [11.3067636, 45.1973925], [11.3089856, 45.1966016], [11.3105519, 45.1958596], [11.3122064, 45.1947359], [11.3136147, 45.1935465], [11.3167495, 45.1908842], [11.3189993, 45.1891218], [11.3206134, 45.1880857], [11.3236056, 45.1857986], [11.3246437, 45.1847235], [11.3260774, 45.1832387], [11.327614, 45.1821172], [11.3288349, 45.179709], [11.3305219, 45.1760248], [11.3335699, 45.1734409], [11.3352175, 45.1728858], [11.3381089, 45.1721737], [11.3413432, 45.1716791], [11.3440081, 45.1710978], [11.3456343, 45.1705486], [11.3477845, 45.1695466], [11.3518007, 45.166582], [11.3567789, 45.1639192], [11.360193, 45.1626901], [11.3635546, 45.1626789], [11.367032, 45.1622435], [11.3686212, 45.1617345], [11.3705556, 45.1603967], [11.3721074, 45.1592036], [11.375316, 45.1566355], [11.3833493, 45.1507478], [11.3845334, 45.1500119], [11.3857678, 45.1494827], [11.3888649, 45.148423], [11.3953728, 45.1445221], [11.3962271, 45.1440108], [11.3975892, 45.1434366], [11.3990745, 45.1431329], [11.4036633, 45.142998], [11.4052595, 45.1426337], [11.4065235, 45.1420208], [11.407766, 45.141228], [11.4084734, 45.1402355], [11.4092702, 45.1382395], [11.4101475, 45.1361215], [11.4104493, 45.1348472], [11.4107301, 45.132941], [11.4112708, 45.1320796], [11.4127405, 45.1308671], [11.414225, 45.1300312], [11.4153529, 45.1296292], [11.4164985, 45.1292403], [11.4170109, 45.1290642], [11.418774, 45.1284318], [11.4201261, 45.1279225], [11.4211498, 45.127489], [11.4235478, 45.1265068], [11.4257033, 45.1255087], [11.4298604, 45.1236281], [11.4328758, 45.1225244], [11.4357374, 45.1215247], [11.437368, 45.1210156], [11.4399348, 45.1201901], [11.4431227, 45.1192928], [11.44446, 45.1188854], [11.446276, 45.1183589], [11.4489281, 45.1172857], [11.4503872, 45.1167211], [11.4540131, 45.1154226], [11.4557438, 45.1147579], [11.4570091, 45.1141668], [11.4583566, 45.1131472], [11.458872, 45.1126856], [11.4607269, 45.1117455], [11.4616435, 45.1112992], [11.4622776, 45.1110229], [11.4636508, 45.1105362], [11.4647462, 45.1098522], [11.4682997, 45.1090546], [11.4710712, 45.1079918], [11.4746494, 45.1069615], [11.4766267, 45.1065333], [11.4837401, 45.1050031], [11.4888646, 45.1039055], [11.4891147, 45.1038828], [11.4910395, 45.1037078], [11.4926731, 45.1035574], [11.4934214, 45.1034907], [11.4949251, 45.1035136], [11.4963964, 45.1038882], [11.498478, 45.1051619], [11.4989998, 45.1056656], [11.5008768, 45.1072095], [11.5034647, 45.1096382], [11.5063509, 45.1115278], [11.5093871, 45.1133209], [11.5135708, 45.1159385], [11.5159656, 45.1172129], [11.5180223, 45.1183945], [11.5187866, 45.118879], [11.5192366, 45.1190794], [11.5203983, 45.119625], [11.5224337, 45.1202392], [11.5245874, 45.1205823], [11.5251379, 45.1205996], [11.5260334, 45.1207301], [11.5269667, 45.1207777], [11.5280783, 45.1208357], [11.5292074, 45.1208656], [11.5300498, 45.1208206], [11.5310432, 45.1207093], [11.5330752, 45.1204511], [11.5340597, 45.120464], [11.5354132, 45.1204431], [11.5368094, 45.1204467], [11.538445, 45.1204431], [11.5406769, 45.1203568], [11.5423591, 45.1203584], [11.5431261, 45.1204429], [11.5454769, 45.1206264], [11.5478973, 45.1206121], [11.5488348, 45.1205869], [11.5496094, 45.1205006], [11.5501291, 45.1204035], [11.5509699, 45.1202309], [11.5526769, 45.11999], [11.5541151, 45.1198456], [11.554607, 45.1197307], [11.55607, 45.119452], [11.5573755, 45.1190974], [11.5580344, 45.1189582], [11.559202, 45.1189975], [11.5606134, 45.1195398], [11.5621214, 45.120396], [11.5630502, 45.1208432], [11.5641301, 45.1212267], [11.5652479, 45.1215261], [11.5668499, 45.1218988], [11.5698677, 45.1226516], [11.5706302, 45.1228634], [11.5732427, 45.1239493], [11.574695, 45.1245259], [11.5756053, 45.1245038], [11.5765759, 45.1243679], [11.577625, 45.1240533], [11.5782013, 45.1238494], [11.5792731, 45.1233325], [11.5798134, 45.1230416], [11.5800871, 45.1228741], [11.580639, 45.1224675], [11.5807825, 45.1221639], [11.5816717, 45.1198606], [11.5823499, 45.1186703], [11.5827935, 45.1178807], [11.5835001, 45.1170754], [11.583695, 45.1168748], [11.584304, 45.1165795], [11.584648, 45.1165532], [11.5853827, 45.1166106], [11.5888027, 45.1173208], [11.592134, 45.1178989], [11.595284, 45.1184345], [11.5959443, 45.1184566], [11.596519, 45.118436], [11.5971691, 45.118362], [11.5976773, 45.1182615], [11.5982152, 45.1181275], [11.5998321, 45.1175531], [11.6008313, 45.1171036], [11.6026961, 45.1150416], [11.6034204, 45.114425], [11.6039012, 45.1141844], [11.6048938, 45.1139128], [11.6057071, 45.1138616], [11.6068364, 45.1137249], [11.6074298, 45.1136112], [11.6077769, 45.1134663], [11.6091674, 45.1128935], [11.6096576, 45.1122525], [11.6100057, 45.1116221], [11.6111003, 45.109608], [11.6113437, 45.1094116], [11.6117025, 45.1092478], [11.6126675, 45.1087822], [11.6146244, 45.10884], [11.6165613, 45.1089747], [11.618822, 45.1091021], [11.6219392, 45.1094145], [11.6230227, 45.1095406], [11.6238489, 45.1096794], [11.6259209, 45.1099349], [11.6272901, 45.1099879], [11.6281221, 45.1098941], [11.629243, 45.1096549], [11.6304452, 45.1093176], [11.632409, 45.1084464], [11.6336604, 45.1082807], [11.6352064, 45.108402], [11.6363681, 45.1086345], [11.6375473, 45.1087926], [11.6385457, 45.1088045], [11.6399681, 45.1087586], [11.6410317, 45.108626], [11.6429338, 45.1085125], [11.6440135, 45.1086649], [11.64659, 45.1089796], [11.6517967, 45.1079423]]}}, {"type": "Feature", "properties": {"nome": "Adige", "reale": "Adige"}, "geometry": {"type": "LineString", "coordinates": [[10.9587311, 45.4584043], [10.9617781, 45.4579708], [10.9648762, 45.4575254], [10.9667471, 45.457304], [10.9673813, 45.4572289], [10.9678033, 45.4571778], [10.9693675, 45.4569886], [10.9700745, 45.456903], [10.9712098, 45.4567564], [10.9716386, 45.4567011], [10.972224, 45.4566255], [10.9733527, 45.4563049], [10.9739835, 45.4561258], [10.9760177, 45.4551986], [10.9783812, 45.4539763], [10.9798592, 45.4531701], [10.9806869, 45.4525916], [10.9813907, 45.4518991], [10.9819057, 45.4512549], [10.982352, 45.4505143], [10.9827211, 45.4484128], [10.9825923, 45.4471122], [10.9821374, 45.4457151], [10.9819917, 45.4450756], [10.9820647, 45.4446453], [10.9820796, 45.4445575], [10.9821031, 45.4443422], [10.982249, 45.443758], [10.9828527, 45.4425778], [10.983854, 45.4416142], [10.9849527, 45.4408494], [10.9856142, 45.4405884], [10.9861362, 45.4404901], [10.9867467, 45.4405177], [10.9879359, 45.4405794], [10.9891089, 45.4410307], [10.9903428, 45.4417226], [10.9911889, 45.4424518], [10.992377, 45.4441314], [10.9937074, 45.4462691], [10.9946258, 45.4471423], [10.9949037, 45.4473024], [10.996411, 45.4480455], [10.9974238, 45.4484068], [10.9980847, 45.4484971], [10.9986598, 45.448467], [10.9991405, 45.4482743], [10.9999693, 45.4477882], [11.0011194, 45.446614], [11.0014064, 45.445938], [11.0015609, 45.4450829], [11.0016344, 45.4426034], [11.0016038, 45.4408132], [11.0013795, 45.4386302], [11.0013684, 45.4384049], [11.001106, 45.4367661], [11.0007652, 45.4358628], [11.0007235, 45.4357379], [11.000488, 45.4351279], [11.0001281, 45.4344587], [10.9999029, 45.43404], [10.9993514, 45.4330145], [10.9987506, 45.4319905], [10.9973687, 45.4299245], [10.9963387, 45.4285993], [10.9950681, 45.4271095], [10.9948882, 45.4269308], [10.9947116, 45.4264543]]}}, {"type": "Feature", "properties": {"nome": "Adige", "reale": "Adige"}, "geometry": {"type": "LineString", "coordinates": [[10.999711, 45.4211993], [11.0013075, 45.4212716], [11.0030155, 45.4215848], [11.0054102, 45.422374], [11.0064539, 45.4226958], [11.0075923, 45.4228499], [11.0082346, 45.4230039]]}}, {"type": "Feature", "properties": {"nome": "Adige", "reale": "Adige"}, "geometry": {"type": "LineString", "coordinates": [[11.0845958, 46.1186272], [11.0852592, 46.1168822], [11.0858319, 46.1148441], [11.0864793, 46.1125405], [11.0869696, 46.1107958], [11.0878342, 46.1077189], [11.0882568, 46.106382], [11.0890107, 46.1039971], [11.090521, 46.1005068], [11.0912322, 46.0988632], [11.0925654, 46.0962378], [11.0934657, 46.0949675]]}}, {"type": "Feature", "properties": {"nome": "Adige", "reale": "Adige"}, "geometry": {"type": "LineString", "coordinates": [[10.9978754, 45.848659], [10.9977673, 45.8485326], [10.9974777, 45.848322], [10.9968999, 45.8477451], [10.9967029, 45.8474597], [10.9964041, 45.8468017], [10.9963616, 45.8464737], [10.996386, 45.8462312], [10.9964264, 45.8460447], [10.9966736, 45.8448258], [10.9969262, 45.8439811], [10.9972608, 45.8433492], [10.9977146, 45.8427604], [10.9992349, 45.8410434], [11.0000711, 45.8397952], [11.0006342, 45.8390581], [11.0009755, 45.838535], [11.001385, 45.8376671], [11.0015728, 45.8364781], [11.0016776, 45.8356104], [11.0016486, 45.8351901], [11.00153, 45.8347186], [11.0013926, 45.8343537], [11.0002246, 45.8315439], [11.0001222, 45.8310802], [11.0002246, 45.8304381], [11.0000486, 45.8281669], [11.0005318, 45.8270373], [11.0007878, 45.8266211], [11.0017946, 45.8257411], [11.0030345, 45.8248268], [11.0044226, 45.8239336], [11.0050881, 45.8233746], [11.0060608, 45.8221735], [11.0067093, 45.8215075], [11.0070847, 45.8212221], [11.0086035, 45.819795], [11.0094056, 45.8185106], [11.0103783, 45.8168217], [11.0110609, 45.8158464], [11.0117605, 45.8142289], [11.0120336, 45.8134082], [11.0122895, 45.8111482], [11.0118288, 45.8079723], [11.0121871, 45.8068303], [11.0123407, 45.8065448], [11.016607, 45.8010249], [11.0187913, 45.7977651], [11.0194518, 45.796532], [11.019751, 45.7956655], [11.0197493, 45.7951307], [11.0197469, 45.7943623], [11.0196957, 45.7930416], [11.0196656, 45.7928319], [11.019508, 45.7917327], [11.0187742, 45.7895433], [11.0182452, 45.7874847], [11.0175626, 45.7862709], [11.0168181, 45.7854203], [11.0166776, 45.7853247], [11.0165524, 45.7852395], [11.0159755, 45.7845216], [11.0146952, 45.7826087], [11.0127162, 45.7777261], [11.0123407, 45.7771786], [11.0123066, 45.7769167], [11.0120506, 45.7764407], [11.0115557, 45.7747386], [11.011368, 45.7742863], [11.011368, 45.7740126], [11.010566, 45.7725961], [11.009525, 45.7711321], [11.0090995, 45.7702778], [11.0084024, 45.7696318], [11.0077434, 45.7691595], [11.0066286, 45.7685941], [11.00633, 45.76859], [11.0057275, 45.7682567], [11.0054059, 45.7680788], [11.0044545, 45.7676295], [11.0036684, 45.7672871], [11.0029038, 45.7669301], [11.0022212, 45.766561], [11.0017946, 45.7662039], [11.0011803, 45.7658349], [11.0002588, 45.7653944], [10.9998151, 45.7652397], [10.9989789, 45.7648349], [10.9985886, 45.7645388], [10.9980062, 45.7640968], [10.9974601, 45.7635254], [10.9959925, 45.7617039], [10.9957435, 45.7614235], [10.994798, 45.7603586], [10.9944396, 45.7597871], [10.99374, 45.7590728], [10.9910266, 45.7555129], [10.9905318, 45.7551318], [10.9900881, 45.7548461], [10.9883254, 45.7539016], [10.9854464, 45.7520427], [10.9839343, 45.7505314], [10.9841068, 45.749123], [10.9844021, 45.7485829], [10.9843815, 45.747231], [10.9841672, 45.7456012], [10.983667, 45.7447749], [10.9833478, 45.7444968], [10.9827529, 45.7443819], [10.9818287, 45.7439623], [10.9790471, 45.7432001], [10.9781938, 45.742819], [10.9767263, 45.7422831], [10.9745078, 45.7416757], [10.9738764, 45.7415209], [10.9698586, 45.7408733], [10.969043, 45.7404648], [10.9662717, 45.7381603], [10.9648955, 45.7372793], [10.9642359, 45.7369617], [10.962799, 45.7367131], [10.9607384, 45.7361466], [10.9561177, 45.7347083], [10.9530713, 45.7339252], [10.9475007, 45.7315412], [10.9448081, 45.7301465], [10.9436341, 45.7287725]]}}, {"type": "Feature", "properties": {"nome": "Adige", "reale": "Adige"}, "geometry": {"type": "LineString", "coordinates": [[11.1758555, 46.2318185], [11.1745244, 46.2309499], [11.1701767, 46.2282931], [11.1689741, 46.2275582], [11.1685721, 46.2273737], [11.1681065, 46.2272039], [11.1676727, 46.227066], [11.1671681, 46.2269525], [11.1652485, 46.2266405], [11.1643323, 46.2266306], [11.1600031, 46.2268565], [11.1583573, 46.2269482], [11.1578819, 46.226954], [11.1573758, 46.226913], [11.156425, 46.2268118], [11.1549454, 46.2264771], [11.1531166, 46.2257738], [11.1519145, 46.2250577], [11.1509006, 46.2243689], [11.148599, 46.2219548], [11.1474258, 46.2195754], [11.1467492, 46.2182032], [11.1465494, 46.2162717], [11.1466813, 46.2141907], [11.1468261, 46.2120463], [11.1464872, 46.2099035], [11.1451218, 46.2084483], [11.1412265, 46.2055893], [11.1411039, 46.2054961], [11.1384572, 46.2034827], [11.1360791, 46.2011993], [11.1329964, 46.1961751], [11.1325489, 46.1954459], [11.1316604, 46.1940078], [11.1305476, 46.1927866], [11.1290481, 46.192044], [11.1273549, 46.1915509], [11.1233354, 46.1904292], [11.1212978, 46.1897171], [11.1192735, 46.1885474], [11.1181095, 46.1871163], [11.1161944, 46.1843724], [11.1119629, 46.1778131], [11.1114887, 46.1763963], [11.1114269, 46.1750533], [11.1122648, 46.1680872], [11.1120208, 46.1672558], [11.111281, 46.1659676], [11.110979, 46.1656927], [11.1103857, 46.1650993], [11.1095343, 46.1645167], [11.1069035, 46.1630267], [11.1034602, 46.1612643], [11.0995856, 46.1591766], [11.0945606, 46.156678], [11.092033, 46.1558778], [11.0883433, 46.1553848], [11.0867513, 46.1550578], [11.0850978, 46.1544856], [11.0835138, 46.1537034], [11.0817411, 46.1523855], [11.0796362, 46.1498873], [11.0787138, 46.1488483], [11.0778214, 46.1477677], [11.0776168, 46.1475544], [11.0769003, 46.1468072], [11.0760094, 46.1459638]]}}, {"type": "Feature", "properties": {"nome": "Adige", "reale": "Adige"}, "geometry": {"type": "LineString", "coordinates": [[10.9025071, 45.6827082], [10.9005243, 45.6801501], [10.8996366, 45.6792102], [10.89901, 45.6787141], [10.8979133, 45.6783746], [10.8956678, 45.6780613], [10.8934224, 45.6770952], [10.8932135, 45.6764164], [10.8933179, 45.6752153], [10.8939707, 45.6731787], [10.8954729, 45.6716221], [10.8957448, 45.671343], [10.8985522, 45.6691297], [10.8988886, 45.668546], [10.9000229, 45.6678017], [10.9009564, 45.6666884], [10.9020773, 45.6653888], [10.9026514, 45.6647924], [10.9025928, 45.6641616], [10.9019049, 45.6632356], [10.9012839, 45.6627808], [10.8995497, 45.6624558], [10.8983661, 45.6621314], [10.8973564, 45.6617633], [10.8964728, 45.6610954], [10.8951195, 45.6578259], [10.8948563, 45.6568225], [10.8948321, 45.6567081], [10.8948124, 45.6566126], [10.8946234, 45.6556588], [10.8948521, 45.6534668], [10.8949982, 45.6529269], [10.89669, 45.6505249], [10.8970455, 45.6495887], [10.8967587, 45.6487955], [10.8957917, 45.6476998], [10.8945095, 45.6467328], [10.8936124, 45.6463926], [10.8922944, 45.6460721], [10.8911929, 45.646093], [10.8903191, 45.6465387], [10.8888692, 45.6473693], [10.8880977, 45.6476198], [10.8864816, 45.6477165], [10.8839496, 45.6475575], [10.8821897, 45.6471924], [10.8809718, 45.6467454], [10.8801596, 45.646204], [10.879843, 45.6454811], [10.8797085, 45.644715], [10.8798076, 45.6445198], [10.8799303, 45.6442784], [10.8804743, 45.6437936], [10.8808917, 45.6434217], [10.8809903, 45.6433419], [10.8811944, 45.6431736], [10.8817859, 45.6427068], [10.8822074, 45.6421952], [10.8827218, 45.6415708], [10.8838044, 45.6406338], [10.8841076, 45.6401667], [10.8841628, 45.6395722], [10.8837791, 45.6391102], [10.8833891, 45.6386406], [10.8825261, 45.6378821], [10.8818935, 45.6374123], [10.878243, 45.634701], [10.8774873, 45.633643], [10.8770697, 45.6325308], [10.8766523, 45.6299172], [10.8757606, 45.6292288], [10.8741591, 45.6284641], [10.872061, 45.6275971], [10.8703468, 45.6263496], [10.8686208, 45.6242662], [10.866681, 45.6213176], [10.865914, 45.6204953], [10.8645939, 45.619605], [10.8630598, 45.6188622], [10.8618982, 45.6183433], [10.8605335, 45.6181768], [10.8598561, 45.618289], [10.8596728, 45.6183214], [10.8583645, 45.6191456], [10.8575102, 45.6201706], [10.8562721, 45.621233], [10.8555667, 45.6213477], [10.8547198, 45.620916], [10.854292, 45.6205513], [10.8538355, 45.6198271], [10.8534399, 45.6186514], [10.8530435, 45.616877], [10.8535346, 45.613888], [10.8538124, 45.6128632], [10.854188, 45.6108809], [10.854397, 45.6094776], [10.855098, 45.6084833], [10.8551937, 45.6075808], [10.855198, 45.6073803], [10.8542135, 45.6065822], [10.8525786, 45.6055717], [10.8510408, 45.6049606], [10.8485329, 45.6035457], [10.8454966, 45.5995443], [10.8437855, 45.5964251], [10.8429071, 45.5947823], [10.8426317, 45.5930597], [10.8428467, 45.5914753], [10.8436589, 45.5880914], [10.843704, 45.5866025], [10.8436038, 45.5854179], [10.8405199, 45.5834439], [10.8385309, 45.5827516], [10.8372578, 45.5823374], [10.8340788, 45.5815216], [10.8320045, 45.5815867], [10.8262187, 45.5823824], [10.8246538, 45.5820418]]}}, {"type": "Feature", "properties": {"nome": "Adige", "reale": "Adige"}, "geometry": {"type": "LineString", "coordinates": [[10.924412, 45.6976823], [10.9190725, 45.6946695], [10.9179681, 45.6942269], [10.9169695, 45.6937213], [10.915694, 45.6928373], [10.9141015, 45.6919856], [10.9128394, 45.6911223], [10.9122988, 45.690652], [10.9115888, 45.6895352], [10.9113115, 45.6884301], [10.9107078, 45.6870796], [10.9100023, 45.685816], [10.9093454, 45.685328], [10.9071499, 45.6844954], [10.9050869, 45.6838174], [10.9032177, 45.6831859], [10.9025071, 45.6827082]]}}, {"type": "Feature", "properties": {"nome": "Adige", "reale": "Adige"}, "geometry": {"type": "LineString", "coordinates": [[11.1115237, 46.0584926], [11.1114549, 46.0573069], [11.1113506, 46.0562502], [11.1111278, 46.0539928], [11.1110557, 46.0533811], [11.1109292, 46.052729], [11.1108386, 46.0519661], [11.1107067, 46.0508561], [11.1107693, 46.0504572], [11.1108839, 46.0497268], [11.1111688, 46.0491792], [11.1114436, 46.0486512], [11.1123575, 46.0477203], [11.1133028, 46.0468293], [11.1148013, 46.045507], [11.1173468, 46.043237]]}}, {"type": "Feature", "properties": {"nome": "Adige", "reale": "Adige"}, "geometry": {"type": "LineString", "coordinates": [[11.0760094, 46.1459638], [11.075719, 46.1451697], [11.0752017, 46.1437549], [11.0751257, 46.143133], [11.0749117, 46.1413817]]}}, {"type": "Feature", "properties": {"nome": "Adige", "reale": "Adige"}, "geometry": {"type": "LineString", "coordinates": [[11.1229847, 46.0279326], [11.1229393, 46.0264424], [11.1229408, 46.0249113], [11.1230116, 46.0145516], [11.1228282, 46.0066687], [11.1217317, 45.999749], [11.1216757, 45.9993272], [11.1213648, 45.996987], [11.120367, 45.9945276], [11.1200835, 45.9940923], [11.1178957, 45.9907419], [11.1131651, 45.9855117], [11.1117124, 45.9839054], [11.1108186, 45.9830152], [11.1100696, 45.9817042], [11.1096877, 45.9804275], [11.1093217, 45.9778491], [11.1081949, 45.9705541], [11.1075288, 45.9664112], [11.1076103, 45.9646163], [11.108719, 45.959682], [11.1088468, 45.9573301], [11.1082882, 45.9560383], [11.1054841, 45.9532619], [11.1041159, 45.9521109], [11.1032006, 45.9506547], [11.1005204, 45.9441946], [11.0993146, 45.9416421], [11.098681, 45.9406817], [11.0975343, 45.9396467], [11.0957475, 45.9388099]]}}, {"type": "Feature", "properties": {"nome": "Adige", "reale": "Adige"}, "geometry": {"type": "LineString", "coordinates": [[10.9947116, 45.4264543], [10.9948024, 45.4258766], [10.9951923, 45.4249001], [10.9958753, 45.4237682], [10.9973773, 45.4225032], [10.9991798, 45.4214188], [10.999711, 45.4211993], [11.0012166, 45.4205131], [11.002341, 45.419995], [11.0038956, 45.4198453], [11.0048825, 45.4200687], [11.0057666, 45.4204904], [11.0080117, 45.4228164], [11.0082346, 45.4230039], [11.0087707, 45.4238038], [11.0091094, 45.4247285], [11.0092861, 45.4254648], [11.0093715, 45.4259724], [11.0097835, 45.4265447], [11.0119256, 45.427744], [11.013148, 45.4280988], [11.0146722, 45.4281657], [11.0153621, 45.4280588], [11.0164556, 45.4278651], [11.0165984, 45.4278398], [11.0188987, 45.427635], [11.0198051, 45.4276384], [11.0221173, 45.427647], [11.0259549, 45.4278942]]}}, {"type": "Feature", "properties": {"nome": "Adige", "reale": "Adige"}, "geometry": {"type": "LineString", "coordinates": [[11.0749117, 46.1413817], [11.0749137, 46.1413737], [11.0751776, 46.140318], [11.0753543, 46.1396112], [11.0755571, 46.1387998], [11.0761977, 46.136796], [11.0764783, 46.1359822], [11.0768436, 46.1348754], [11.0770597, 46.1340833], [11.078358, 46.1315942], [11.0790537, 46.1302163], [11.0792891, 46.1297501], [11.0795315, 46.12927], [11.0805921, 46.1275377], [11.0809856, 46.126634], [11.0810357, 46.1265529], [11.0817771, 46.1249685]]}}, {"type": "Feature", "properties": {"nome": "Adige", "reale": "Adige"}, "geometry": {"type": "LineString", "coordinates": [[10.8246538, 45.5820418], [10.8235632, 45.5814225], [10.8217668, 45.5791797], [10.8212475, 45.5758599], [10.8206026, 45.5739887], [10.8194322, 45.5723226], [10.8191173, 45.5713138], [10.8188784, 45.5703258], [10.8186945, 45.5688072], [10.8188224, 45.5680902], [10.8190925, 45.5674908], [10.8197267, 45.5669983], [10.8202809, 45.5667138], [10.8209406, 45.5665394], [10.8214504, 45.5664926], [10.8218068, 45.5666429], [10.8228622, 45.5677057], [10.8244581, 45.56849], [10.8254381, 45.5685729], [10.8258564, 45.5680841], [10.8256113, 45.5665989], [10.8248174, 45.5652984], [10.8248255, 45.5643851], [10.824999, 45.5637959], [10.8254327, 45.5630656], [10.8259372, 45.5624345], [10.827654, 45.5610035], [10.8281133, 45.560772], [10.8295931, 45.5597361], [10.8306456, 45.5586941], [10.8310597, 45.557897], [10.8306178, 45.5567376], [10.8303311, 45.5561089], [10.8285181, 45.5530635], [10.8281375, 45.5526969], [10.8271223, 45.5516664], [10.8243718, 45.5500939], [10.8233653, 45.5498667], [10.8220743, 45.549418], [10.8210776, 45.5490348], [10.8200304, 45.5483983], [10.8194237, 45.5474794], [10.8190732, 45.5461531], [10.8189699, 45.5459777], [10.8187759, 45.5456073], [10.8186957, 45.5455089], [10.8183796, 45.5451051], [10.8180314, 45.5445142], [10.816154, 45.5428338], [10.8154059, 45.5421741], [10.813397, 45.5398907], [10.8116847, 45.5374841], [10.8094871, 45.5343004], [10.8093272, 45.5339584], [10.8088399, 45.5328791], [10.8067905, 45.5305669], [10.8054775, 45.5291364], [10.8047816, 45.5280273], [10.8048722, 45.5273154], [10.8056191, 45.5264814], [10.8057248, 45.526061], [10.8058198, 45.525696], [10.806022, 45.5250515], [10.8059681, 45.5236963], [10.8052096, 45.5216636], [10.8047007, 45.520218], [10.8034603, 45.517602], [10.80373, 45.5164551], [10.8047147, 45.5150364], [10.8057175, 45.5138661], [10.8070197, 45.5129953], [10.8078017, 45.5111469], [10.808489, 45.5083654], [10.8089627, 45.5067242], [10.8090403, 45.5060797], [10.8092185, 45.5045983], [10.8098837, 45.5029064], [10.8107098, 45.5018086], [10.8127052, 45.4999427], [10.81454, 45.4986126], [10.8163532, 45.4979508], [10.8182093, 45.497274], [10.8190882, 45.4970447], [10.8198723, 45.4965445], [10.8210202, 45.4957173], [10.8225223, 45.4944312], [10.8238419, 45.492724], [10.8244749, 45.4914981], [10.8250114, 45.4900465], [10.8250436, 45.4888882], [10.8246573, 45.4868574], [10.8246359, 45.4857743], [10.8250543, 45.4843902], [10.8257195, 45.4831265], [10.8265584, 45.4822281], [10.8272752, 45.4817349], [10.8283266, 45.4813287], [10.829554, 45.481251], [10.8299895, 45.4812234], [10.8319133, 45.4810696], [10.8329722, 45.4810729]]}}, {"type": "Feature", "properties": {"nome": "Adige", "reale": "Adige"}, "geometry": {"type": "LineString", "coordinates": [[10.9436341, 45.7287725], [10.9418393, 45.7275021], [10.940318, 45.7262917], [10.9398227, 45.7257813], [10.9393098, 45.7248914], [10.9379055, 45.7223438], [10.936844, 45.7210942], [10.9362271, 45.7198205], [10.9359232, 45.7173894], [10.9355067, 45.7163859], [10.9347933, 45.7156469], [10.9312242, 45.7126218], [10.9280976, 45.710153], [10.9269213, 45.7087553], [10.9267069, 45.7082925], [10.9270198, 45.706154], [10.9282369, 45.7029767], [10.9284976, 45.7022293], [10.9285392, 45.7019241], [10.9283935, 45.7010664], [10.9277691, 45.7001797], [10.9272279, 45.6998017], [10.9262057, 45.6989773], [10.9256461, 45.698537]]}}, {"type": "Feature", "properties": {"nome": "Adige", "reale": "Adige"}, "geometry": {"type": "LineString", "coordinates": [[11.0957475, 45.9388099], [11.0920369, 45.9374606], [11.0908373, 45.9369111], [11.0896468, 45.9358742], [11.0876638, 45.9339393], [11.083614, 45.9299876], [11.0815671, 45.92817], [11.0798295, 45.9271598], [11.0773772, 45.9262616], [11.0753369, 45.9259223], [11.074197, 45.925847], [11.0715382, 45.9259998], [11.0698186, 45.9263585], [11.0653937, 45.927317], [11.0636312, 45.9274695], [11.0615573, 45.9274587], [11.0595466, 45.926912], [11.0571698, 45.9259909], [11.055345, 45.9251031], [11.0524379, 45.9230081], [11.052031, 45.9226944], [11.0501707, 45.9212599], [11.0485487, 45.9200719], [11.0439177, 45.9177356], [11.0424828, 45.9170117], [11.0409239, 45.9156542], [11.0398118, 45.9143695], [11.0393274, 45.9138099], [11.0375115, 45.9121731], [11.0337829, 45.9093511], [11.033177, 45.9089079], [11.0319654, 45.9073168], [11.0304978, 45.9045976], [11.0301394, 45.9031964], [11.0299688, 45.9026976], [11.0297811, 45.9019851], [11.0291667, 45.9010588], [11.0281599, 45.8999306], [11.0272384, 45.8991349], [11.0251565, 45.8982324], [11.0236054, 45.8975182], [11.0232281, 45.8973892], [11.0220507, 45.8966528], [11.0209414, 45.8955721], [11.0208503, 45.8954963], [11.0201565, 45.8949189], [11.0194568, 45.8944913], [11.0192691, 45.8942181], [11.0180233, 45.8931848], [11.0174943, 45.8929235], [11.0173237, 45.8927216], [11.0168459, 45.892389], [11.016095, 45.891522], [11.0155831, 45.8906074], [11.0151906, 45.889574], [11.0151733, 45.8880887], [11.0152418, 45.8872103], [11.0155319, 45.8864026], [11.0161121, 45.8855354], [11.0169677, 45.8847506], [11.0173407, 45.8842881], [11.0175285, 45.8840505], [11.0181257, 45.8826725], [11.0188766, 45.8819123], [11.0190814, 45.8816034], [11.0192691, 45.8812232], [11.0193032, 45.8809025], [11.019252, 45.8804154], [11.0184628, 45.8792223]]}}, {"type": "Feature", "properties": {"nome": "Adige", "reale": "Adige"}, "geometry": {"type": "LineString", "coordinates": [[10.9245991, 45.6978205], [10.924412, 45.6976823]]}}, {"type": "Feature", "properties": {"nome": "Adige", "reale": "Adige"}, "geometry": {"type": "LineString", "coordinates": [[10.9256461, 45.698537], [10.9251673, 45.6982317], [10.9250004, 45.6980997], [10.9245991, 45.6978205]]}}, {"type": "Feature", "properties": {"nome": "Adige", "reale": "Adige"}, "geometry": {"type": "LineString", "coordinates": [[11.1048961, 46.0838512], [11.1071265, 46.0826953], [11.1120876, 46.0802784], [11.113143, 46.0796461], [11.114448, 46.0784605], [11.1157717, 46.0763816], [11.1163174, 46.0748826], [11.1163539, 46.0732771], [11.115885, 46.0715195], [11.115681, 46.0711553], [11.1147112, 46.0694238], [11.1131636, 46.0663718]]}}, {"type": "Feature", "properties": {"nome": "Adige", "reale": "Adige"}, "geometry": {"type": "LineString", "coordinates": [[11.1131636, 46.0663718], [11.1124785, 46.0650206], [11.11169, 46.0625461], [11.1115237, 46.0584926]]}}, {"type": "Feature", "properties": {"nome": "Adige", "reale": "Adige"}, "geometry": {"type": "LineString", "coordinates": [[11.0834964, 46.1213426], [11.0837675, 46.1208059], [11.0842169, 46.1197103], [11.0845958, 46.1186272]]}}, {"type": "Feature", "properties": {"nome": "Adige", "reale": "Adige"}, "geometry": {"type": "LineString", "coordinates": [[11.0934657, 46.0949675], [11.0980274, 46.08853], [11.1008438, 46.0859321], [11.1048961, 46.0838512]]}}, {"type": "Feature", "properties": {"nome": "Adige", "reale": "Adige"}, "geometry": {"type": "LineString", "coordinates": [[11.0822482, 46.1240043], [11.0823918, 46.1237104], [11.0824641, 46.1235225], [11.0826843, 46.1229506], [11.0827861, 46.122749], [11.0834964, 46.1213426]]}}, {"type": "Feature", "properties": {"nome": "Adige", "reale": "Adige"}, "geometry": {"type": "LineString", "coordinates": [[11.0817771, 46.1249685], [11.0822482, 46.1240043]]}}, {"type": "Feature", "properties": {"nome": "Adige", "reale": "Adige"}, "geometry": {"type": "LineString", "coordinates": [[11.0184628, 45.8792223], [11.0165083, 45.8765462], [11.0162796, 45.876116], [11.0131598, 45.8716355], [11.012665, 45.870982], [11.0122213, 45.8702097], [11.0116923, 45.8695799], [11.0110438, 45.8687363], [11.0106001, 45.8684036], [11.0101223, 45.8681184], [11.0094397, 45.8677976], [11.0087059, 45.8675124], [11.0081086, 45.867346], [11.0072554, 45.8671559], [11.0060438, 45.8670252], [11.0052446, 45.8669899], [11.004257, 45.8669888], [11.0034989, 45.8669578], [11.0030436, 45.8668299], [11.0026484, 45.866511], [11.0015587, 45.8656318], [11.0003953, 45.8644347], [10.9989756, 45.8627092], [10.9987059, 45.8624026], [10.9982451, 45.8617609], [10.9978765, 45.86122], [10.9975454, 45.8607389], [10.99717, 45.8602873], [10.9968638, 45.8597056], [10.9968029, 45.8595397], [10.9967688, 45.859344], [10.9967792, 45.859033], [10.9968326, 45.8586436], [10.9970528, 45.8581538], [10.9971885, 45.8578916], [10.9972077, 45.857847], [10.9974664, 45.8573689], [10.9980522, 45.8570425], [10.9985953, 45.8566014], [10.9991232, 45.8562399], [10.9998834, 45.8556347], [11.000188, 45.8554293], [11.0003477, 45.8552389], [11.0005055, 45.8550224], [11.0005576, 45.8548936], [11.0005721, 45.8548096], [11.0005981, 45.8545142], [11.0005865, 45.8542898], [11.0005147, 45.8532751], [11.0001734, 45.852253], [10.9997107, 45.8512125], [10.9993202, 45.8505414], [10.9989789, 45.8500897], [10.9986717, 45.8495905], [10.9978754, 45.848659]]}}, {"type": "Feature", "properties": {"nome": "Adige", "reale": "Adige"}, "geometry": {"type": "LineString", "coordinates": [[11.1173468, 46.043237], [11.1178045, 46.0429365], [11.1188198, 46.0419311], [11.1197351, 46.0411053], [11.1205333, 46.0403751], [11.1209135, 46.0399145], [11.1214646, 46.0392468], [11.1217274, 46.0389284], [11.1220385, 46.0384415], [11.1221847, 46.0381865], [11.1225594, 46.0372931], [11.1227274, 46.0368923], [11.1228916, 46.0363937], [11.1229399, 46.0354518], [11.1229893, 46.034487], [11.1230411, 46.0326879], [11.1231817, 46.0319387], [11.1231173, 46.0302106], [11.1230182, 46.0291061], [11.1229847, 46.0279326]]}}, {"type": "Feature", "properties": {"nome": "Ticino", "reale": "Ticino"}, "geometry": {"type": "LineString", "coordinates": [[8.9541783, 46.3560337], [8.9546044, 46.3555579], [8.9574308, 46.3518673], [8.9583741, 46.3507242], [8.958848, 46.3502424], [8.9594156, 46.3497901], [8.9637662, 46.3465944], [8.9662445, 46.3439578], [8.9666079, 46.3434427], [8.9700855, 46.3385138], [8.9725789, 46.3350778], [8.97384, 46.3331054], [8.9744894, 46.3321232], [8.9765791, 46.3291615], [8.9777524, 46.3271883], [8.9787087, 46.3260477], [8.9791439, 46.3254902], [8.9793003, 46.324946], [8.9795726, 46.3237228], [8.9797109, 46.322855], [8.9813959, 46.3097754], [8.981686, 46.3084659], [8.9822761, 46.3064055], [8.9834187, 46.3046119], [8.9855128, 46.3027907], [8.9857586, 46.3026454], [8.9861497, 46.3024457], [8.9866795, 46.3022583], [8.9904192, 46.3013678], [8.9908413, 46.3012222], [8.9910258, 46.3011372], [8.9911853, 46.3010374], [8.9913742, 46.3008726], [8.9922271, 46.2998423], [8.9928655, 46.299064], [8.9952365, 46.2950462], [8.9961807, 46.2929372], [8.9967869, 46.2903388], [8.9973716, 46.2778601], [8.9976559, 46.2768553], [8.9981548, 46.2757838], [8.999276, 46.2741783], [9.0008155, 46.2727433], [9.001374, 46.2724898], [9.0022103, 46.2722798], [9.0035353, 46.2722983], [9.0066367, 46.2724537], [9.0072735, 46.2724465], [9.0082814, 46.2723645], [9.0089913, 46.2722377], [9.0096175, 46.2720244], [9.0109185, 46.2715811], [9.0118245, 46.2709678], [9.0128887, 46.2702617], [9.0135548, 46.2696651], [9.0137592, 46.2693637], [9.0138281, 46.2690034], [9.013931, 46.2683499], [9.0136653, 46.2673033], [9.0130752, 46.2662241], [9.0128365, 46.2651245], [9.0127104, 46.2645404], [9.0126032, 46.2638618], [9.0125204, 46.2633291], [9.0123832, 46.262764], [9.0121499, 46.2619981], [9.0118736, 46.2610097], [9.011718, 46.260535], [9.0115517, 46.259975], [9.011423, 46.2595114], [9.011246, 46.2589587], [9.0110929, 46.2585414], [9.0108909, 46.2578085], [9.0106637, 46.2570442], [9.0105025, 46.2564963], [9.0104427, 46.2560178], [9.0104143, 46.2557852], [9.0103769, 46.2548416], [9.0105432, 46.2540812], [9.0110475, 46.2530278], [9.0117885, 46.2518182], [9.0120983, 46.2514401], [9.0121501, 46.25136], [9.014788, 46.2471958], [9.0163087, 46.2445354], [9.0169678, 46.2437092], [9.0188815, 46.2423757], [9.0213398, 46.2412271], [9.0236358, 46.2401438], [9.0324834, 46.2356071], [9.0335492, 46.2352052], [9.0337316, 46.2338434], [9.0332864, 46.2330048], [9.0352819, 46.228793], [9.0354804, 46.2276129], [9.0354482, 46.226648], [9.0355364, 46.225955], [9.0366713, 46.2234118], [9.0376752, 46.221984], [9.0378401, 46.2216868], [9.0379762, 46.2213763], [9.0384684, 46.2192215], [9.0390799, 46.2185534]]}}, {"type": "Feature", "properties": {"nome": "Ticino", "reale": "Ticino"}, "geometry": {"type": "LineString", "coordinates": [[9.0390799, 46.2185534], [9.0391296, 46.2184244], [9.0392576, 46.2180918], [9.0393007, 46.2179799], [9.0393877, 46.2175171], [9.039366, 46.2171384], [9.0392248, 46.2167012], [9.0387114, 46.2158945], [9.0385784, 46.2156512], [9.0384912, 46.2154417], [9.0383684, 46.2147623], [9.0383321, 46.2144102], [9.03828, 46.2141918], [9.0381689, 46.2138476], [9.0377257, 46.2129286], [9.0372825, 46.2121806], [9.036758, 46.2114013], [9.0365011, 46.2110627], [9.0361824, 46.210724], [9.0358169, 46.2103974], [9.0355354, 46.2101873], [9.0352003, 46.2099773], [9.0343158, 46.20953], [9.0339, 46.2093409], [9.0335137, 46.2091896], [9.0330099, 46.2090399], [9.0324195, 46.2089051], [9.0308446, 46.208681], [9.0296451, 46.2085182], [9.0283349, 46.2082926], [9.0269684, 46.2078978], [9.0249539, 46.2072306], [9.0232122, 46.2063533], [9.0203817, 46.2051614], [9.0195274, 46.2046946], [9.0187312, 46.2041818], [9.0182687, 46.2038204], [9.0177447, 46.2033708], [9.0172125, 46.2028684], [9.0160666, 46.2015661], [9.0149731, 46.2002009], [9.0122364, 46.1970845], [9.0100408, 46.1942707], [9.0096913, 46.193769], [9.0091942, 46.1930506], [9.0082439, 46.1915043], [9.0075547, 46.1905066], [9.0061585, 46.1876523], [9.0058153, 46.1865503], [9.0051644, 46.1843308], [9.0044604, 46.1813752], [9.0039514, 46.179746], [9.0031746, 46.1786598], [9.0022486, 46.1776176], [9.0018928, 46.1772619], [9.0014848, 46.176914], [9.0010547, 46.1766075], [9.0005947, 46.1763268], [9.0001778, 46.1761149], [8.9997463, 46.1759268], [8.999274, 46.1757568], [8.9985129, 46.1755545], [8.9974668, 46.1753892], [8.9964262, 46.1753168], [8.9945085, 46.1753861], [8.9895061, 46.1756511], [8.9842543, 46.1757068], [8.9774415, 46.1755062], [8.9723453, 46.1750604], [8.9661655, 46.1742135], [8.9539836, 46.1721066], [8.9494768, 46.1713271], [8.9439088, 46.1703639], [8.9424118, 46.1701049], [8.9354917, 46.168905], [8.9176045, 46.1658052], [8.9125265, 46.1643687], [8.8984728, 46.1603506], [8.8913954, 46.1588219], [8.8857324, 46.1577287], [8.8822687, 46.1571481], [8.879506, 46.1567977], [8.8736219, 46.1561564], [8.8615945, 46.1557689]]}}, {"type": "Feature", "properties": {"nome": "Panaro", "reale": "Panaro"}, "geometry": {"type": "LineString", "coordinates": [[11.0337765, 44.4900025], [11.0344063, 44.4908766], [11.0346745, 44.4914621], [11.0347357, 44.4919825], [11.0352946, 44.4929445], [11.0364877, 44.4934756], [11.03736, 44.494042], [11.0378214, 44.4951838], [11.0382291, 44.4967909], [11.0387107, 44.4985066], [11.038523, 44.4999606], [11.0384124, 44.5013403], [11.039243, 44.5029246], [11.0408357, 44.5041385], [11.0414735, 44.5051371], [11.0418287, 44.5062802], [11.041797, 44.5075634], [11.0411662, 44.508638], [11.0405766, 44.508985], [11.039972, 44.5089368], [11.0390456, 44.509661], [11.0387565, 44.5109739], [11.0388128, 44.5119321], [11.0386958, 44.5128869], [11.0380494, 44.5145184], [11.038127, 44.515379], [11.0379931, 44.516172], [11.0375173, 44.5172691], [11.0372426, 44.5182108], [11.0373258, 44.5190576], [11.036822, 44.51967], [11.0362507, 44.5206128], [11.0363639, 44.5217645], [11.0361622, 44.5230568], [11.0359108, 44.5235929], [11.0351574, 44.5242166], [11.033793, 44.525264], [11.032731, 44.526371], [11.0317834, 44.5266957], [11.0312124, 44.5276234], [11.0303032, 44.52942], [11.0299926, 44.5301948], [11.0298746, 44.5309347], [11.0308993, 44.5325016], [11.0307619, 44.5340242], [11.0309426, 44.5351063], [11.0317773, 44.5368703], [11.0324495, 44.5383156], [11.0329618, 44.5393082], [11.0341388, 44.5403414], [11.0349202, 44.5417365], [11.0348233, 44.5427661], [11.0335333, 44.5443402], [11.0336513, 44.5458432], [11.034125, 44.5465833], [11.0335105, 44.5471133], [11.032273, 44.5492973], [11.0316518, 44.5502568], [11.0310875, 44.5513364], [11.0302193, 44.5519536], [11.0289484, 44.5526723], [11.0266115, 44.5530537], [11.0255713, 44.5530239], [11.0241143, 44.5529291], [11.022517, 44.5535303], [11.0191041, 44.5548795], [11.0176314, 44.5554939], [11.0167664, 44.5557055], [11.0124215, 44.5557412], [11.0111796, 44.5562122], [11.0097998, 44.5571923], [11.0096115, 44.5586415], [11.0095578, 44.5596147], [11.0093039, 44.5601515], [11.0092047, 44.5602967], [11.0090679, 44.5604611], [11.0089445, 44.5605394], [11.0087541, 44.5606197], [11.0085314, 44.560656], [11.0083115, 44.560677], [11.0079226, 44.5607057], [11.0075203, 44.5607745], [11.007328, 44.5608959], [11.0072333, 44.5609847], [11.0071421, 44.5611586], [11.0070643, 44.5613784], [11.0062438, 44.5630138], [11.0055101, 44.5637836], [11.0045623, 44.5643795], [11.0029148, 44.5651194], [11.001688, 44.5658619], [11.0005791, 44.5665486], [11.0002962, 44.5672202], [11.0001134, 44.568009], [10.9981831, 44.5689848], [10.995134, 44.5696053], [10.9930971, 44.5699307], [10.9905903, 44.5706477], [10.9895539, 44.5711303]]}}, {"type": "Feature", "properties": {"nome": "Panaro", "reale": "Panaro"}, "geometry": {"type": "LineString", "coordinates": [[10.987825, 44.456309], [10.9889734, 44.4567218], [10.9897526, 44.4573234], [10.9905593, 44.4582705], [10.9909731, 44.4590573], [10.9910529, 44.4596141], [10.9911799, 44.4599769], [10.9914518, 44.4602996], [10.9917473, 44.4606582], [10.9922497, 44.4614365], [10.9927639, 44.4621536], [10.9937126, 44.4643366], [10.9939047, 44.4646045], [10.9944839, 44.465349], [10.9951222, 44.4658193], [10.9958403, 44.46618], [10.9966205, 44.4666439], [10.9970963, 44.4669202], [10.9973446, 44.4670847], [10.9974982, 44.4672577], [10.9977583, 44.4677765], [10.9980213, 44.4683586], [10.9980775, 44.4688099], [10.9983839, 44.4691324], [10.9986193, 44.4694206], [10.9989588, 44.4698102], [10.9994284, 44.4703768], [10.9999868, 44.4709563], [11.0004367, 44.4713636], [11.0005145, 44.4715843], [11.0007081, 44.4719399], [11.001103, 44.4721063], [11.0016356, 44.4722136], [11.0024956, 44.4726523], [11.00306, 44.4730234], [11.0046351, 44.4738564], [11.005238, 44.4740736], [11.0061837, 44.4743013], [11.006958, 44.4744384], [11.0077588, 44.4745333], [11.0090503, 44.4746261], [11.010191, 44.4748475]]}}, {"type": "Feature", "properties": {"nome": "Panaro", "reale": "Panaro"}, "geometry": {"type": "LineString", "coordinates": [[10.9972156, 44.6226343], [10.9969335, 44.6228002], [10.9966708, 44.6230065], [10.9963543, 44.6234074], [10.996188, 44.6236918], [10.9960351, 44.6239534], [10.994611, 44.6259021], [10.9941703, 44.6262706], [10.9934768, 44.6265958], [10.992735, 44.6270563], [10.991951, 44.6273812], [10.991008, 44.6275188], [10.9906056, 44.6275608], [10.9902087, 44.6275074], [10.9894898, 44.6274043], [10.9884362, 44.6272404], [10.987578, 44.6272692], [10.9869263, 44.6272596], [10.9863281, 44.6273322], [10.9857112, 44.6273933], [10.9854081, 44.6274639], [10.9852257, 44.6275383], [10.9850219, 44.6276586], [10.9848717, 44.627796], [10.9845982, 44.6282209], [10.9844962, 44.6284928], [10.9844462, 44.6287036], [10.9844667, 44.6288001], [10.9845203, 44.6288898], [10.9846249, 44.6290349], [10.9847966, 44.6292315], [10.9849682, 44.6294071], [10.9850889, 44.6295484], [10.9851801, 44.6297183], [10.985274, 44.6299225], [10.9853759, 44.6300752], [10.9855047, 44.6302318], [10.9863791, 44.6313808], [10.9865212, 44.6316061], [10.986658, 44.6318466], [10.9867653, 44.6320642], [10.9868592, 44.632318], [10.9869236, 44.6325127], [10.9869316, 44.6326998], [10.9869075, 44.6329517], [10.9868753, 44.633114], [10.9868056, 44.6332972], [10.9866741, 44.6334728], [10.9864136, 44.6337361], [10.9862208, 44.6339404], [10.9860867, 44.6341428], [10.9860331, 44.6343298], [10.9860116, 44.6344691], [10.9860358, 44.6346104], [10.9861377, 44.6348375], [10.9862402, 44.6350135], [10.9866554, 44.635538], [10.9868994, 44.6357804], [10.9871623, 44.6359884], [10.9873849, 44.6361277], [10.9879053, 44.6363511], [10.9885088, 44.6365686], [10.9890506, 44.6367385], [10.9897479, 44.6368912], [10.9901556, 44.6369904], [10.9905231, 44.6371088], [10.9906974, 44.6371889], [10.9908149, 44.6372708], [10.9908959, 44.6373912], [10.9909415, 44.6375077], [10.9909254, 44.6376336], [10.9908476, 44.6378054], [10.9907376, 44.6379485], [10.9906357, 44.6380631], [10.9904936, 44.6381432], [10.9899221, 44.6384522], [10.9886777, 44.6388568], [10.9859714, 44.6395574], [10.9857514, 44.6396452], [10.9856012, 44.6397273], [10.9854955, 44.6398033], [10.9854081, 44.639941], [10.9853698, 44.6401061], [10.9853679, 44.6402922], [10.9853867, 44.640462], [10.9854376, 44.6405937], [10.9855664, 44.6408056], [10.9856737, 44.6409334], [10.9859097, 44.6410728], [10.9862879, 44.6412369], [10.9866271, 44.6413517], [10.9874681, 44.6415804], [10.9877685, 44.6416911], [10.9880367, 44.6418209], [10.9882942, 44.6419774], [10.9885517, 44.6421567], [10.9887394, 44.6423209], [10.9888762, 44.6424812], [10.9889969, 44.6427102], [10.9891579, 44.6430766], [10.9892464, 44.6433609], [10.9892839, 44.6435289], [10.9892946, 44.6437216], [10.9892893, 44.6439029], [10.9892287, 44.6440974], [10.9891337, 44.6442464], [10.989016, 44.644352], [10.9888145, 44.6444583], [10.988549, 44.6445518], [10.9882942, 44.6446071], [10.9879562, 44.6446434], [10.9872937, 44.6446624], [10.9867117, 44.6445728], [10.9860948, 44.6444659], [10.9857514, 44.6444315], [10.9854805, 44.6444258], [10.9851828, 44.6444163], [10.9849119, 44.6443819], [10.9846732, 44.6442941], [10.9843299, 44.6440976], [10.9841099, 44.6439773], [10.9839222, 44.6439354], [10.9837666, 44.6439067], [10.9835842, 44.6439239], [10.9834474, 44.6439621], [10.983324, 44.6440193], [10.9832194, 44.6440842], [10.9831356, 44.6441799], [10.9831014, 44.6443132], [10.9830773, 44.6444468], [10.9830961, 44.6446663], [10.9831819, 44.6449277], [10.9832811, 44.6451052], [10.9833482, 44.6452369], [10.9833616, 44.6454353], [10.9833992, 44.6456071], [10.9835279, 44.6458704], [10.9836674, 44.6461223], [10.98378, 44.6462769], [10.9839302, 44.6463971], [10.9841689, 44.6465631], [10.984287, 44.6466623], [10.9843916, 44.6467959], [10.9844372, 44.6469085], [10.9844694, 44.6470116], [10.984464, 44.6471318], [10.9844103, 44.6472959], [10.9841797, 44.6476775], [10.9841153, 44.6477978], [10.9840777, 44.6479294], [10.9840885, 44.6480649], [10.9842065, 44.648416], [10.984228, 44.6485629], [10.9842038, 44.6487022], [10.9841448, 44.6488435], [10.9838739, 44.6492881], [10.98378, 44.6493987], [10.983611, 44.6495094], [10.9834394, 44.6495915], [10.9823075, 44.6501429], [10.9820688, 44.650307], [10.9819025, 44.6504349], [10.9817791, 44.6506047], [10.9816933, 44.6507726], [10.9816289, 44.6509863], [10.9816396, 44.6511752], [10.9816959, 44.6513164], [10.9818059, 44.6514347], [10.981932, 44.651513], [10.9820741, 44.651574], [10.9824201, 44.6517114], [10.9827876, 44.6518297], [10.9830773, 44.651885], [10.9833643, 44.6519079], [10.9836379, 44.651927], [10.9839383, 44.6519327], [10.9842816, 44.6519175], [10.9847644, 44.6518297], [10.985164, 44.651761], [10.9855691, 44.6517057], [10.9861109, 44.6516599], [10.9863362, 44.6516523], [10.9865829, 44.6516618], [10.9868082, 44.6516961], [10.987063, 44.6517744], [10.9873071, 44.6518812], [10.987519, 44.6520052], [10.9877121, 44.6521579], [10.9878489, 44.652322], [10.9879643, 44.6524746], [10.9880528, 44.6526521], [10.9882003, 44.6531119], [10.9882566, 44.6534726], [10.9882647, 44.6538351], [10.9882084, 44.6541156], [10.9881332, 44.6543598], [10.9880179, 44.654562], [10.9877497, 44.6548158], [10.9874976, 44.654978], [10.9872454, 44.6551115], [10.9867734, 44.6553386], [10.9858023, 44.6558251], [10.9848504, 44.6564614], [10.9846678, 44.6566074], [10.9845389, 44.6567426], [10.9844397, 44.6569411], [10.9843481, 44.6572035], [10.9842975, 44.6574562], [10.9842691, 44.6577491], [10.9843029, 44.6579713], [10.9844101, 44.6581717], [10.984541, 44.6583475], [10.9848607, 44.6588187], [10.9850329, 44.6589903], [10.9852041, 44.6591122], [10.9854022, 44.6591942], [10.9856064, 44.6591924], [10.9857803, 44.6591582], [10.9860518, 44.6590076], [10.9863628, 44.6589024], [10.9866203, 44.6588394], [10.9869316, 44.6588129], [10.9872801, 44.6587879], [10.987637, 44.6587383], [10.9879694, 44.6587001], [10.9882967, 44.6586772], [10.9886293, 44.658683], [10.9889699, 44.6587268], [10.9892865, 44.6587994], [10.9896981, 44.6589434], [10.990087, 44.6591227], [10.9904587, 44.6593126], [10.9908407, 44.6595043], [10.9911251, 44.6596913], [10.9913595, 44.6598944], [10.9915408, 44.6601243], [10.9917113, 44.660406], [10.991832, 44.6606349], [10.9920922, 44.6611786], [10.9921512, 44.6613675], [10.9921592, 44.6616022], [10.9921293, 44.6618171], [10.9920573, 44.6621669], [10.9920284, 44.6624733], [10.9919822, 44.6626572], [10.9919205, 44.662909], [10.9918186, 44.6631665], [10.9915155, 44.6635671], [10.9913036, 44.6638705], [10.9903648, 44.6654748], [10.9903166, 44.6656141], [10.9902977, 44.665744], [10.9903058, 44.6658525], [10.9903497, 44.6659377], [10.9904587, 44.6660795], [10.9907055, 44.6662512], [10.9916791, 44.6668846], [10.991832, 44.666978], [10.992068, 44.6670639], [10.9926555, 44.6672336], [10.9929478, 44.6673271], [10.993216, 44.6674206], [10.9934762, 44.6675274], [10.9937283, 44.6676629], [10.9939644, 44.6678441], [10.9941763, 44.668073], [10.9944621, 44.6684364], [10.9952068, 44.6696607], [10.9955281, 44.670156], [10.9957051, 44.6703658], [10.995909, 44.6705604], [10.9962335, 44.6708866], [10.9965849, 44.6712127], [10.9970541, 44.6715797], [10.9975022, 44.6719185], [10.9981084, 44.6723458], [10.9986499, 44.6727352], [10.9990928, 44.6730153], [10.999302, 44.6731621], [10.9994844, 44.6733147], [10.9996426, 44.6734597], [10.999774, 44.673597], [10.9998867, 44.6737534], [10.9999484, 44.6738736], [10.9999806, 44.6740243], [11.0000423, 44.6745965], [11.0000744, 44.6748101], [11.0001683, 44.6750237], [11.0002488, 44.6751992], [11.0003105, 44.67543], [11.0004044, 44.6760689], [11.000458, 44.676315], [11.0005251, 44.6765114], [11.000694, 44.6767269], [11.0011259, 44.6770989], [11.001842, 44.6775986], [11.0022014, 44.6777721], [11.0025904, 44.6779476], [11.0029846, 44.6781078], [11.003611, 44.6783596], [11.0041782, 44.6785426], [11.0044652, 44.6786132], [11.0048246, 44.6786666], [11.005054, 44.6787525], [11.0052457, 44.6788478], [11.0053664, 44.6789584], [11.0054456, 44.6790767], [11.0054993, 44.6792522], [11.0055541, 44.6794982], [11.0063802, 44.6816988], [11.0066231, 44.6821167], [11.0068967, 44.6825439], [11.0072866, 44.6830339], [11.0083812, 44.6840867], [11.0088909, 44.6848113], [11.0089928, 44.6849715], [11.009202, 44.6851908], [11.0094783, 44.6854483], [11.0098162, 44.6857858], [11.0113022, 44.6876241], [11.0114899, 44.6878129], [11.0117394, 44.6879807], [11.0120317, 44.6881237], [11.0123563, 44.6882248], [11.0128659, 44.6883049], [11.0136679, 44.6884288], [11.0142365, 44.6884784], [11.0147086, 44.6884822], [11.0153174, 44.6884498], [11.0161033, 44.6883545], [11.0164762, 44.6883373], [11.0167712, 44.6883621], [11.0169911, 44.6883888], [11.0172379, 44.6884975], [11.0174176, 44.688631], [11.0175383, 44.6887854], [11.0176241, 44.6889704], [11.0176778, 44.6891859], [11.0177824, 44.6898418], [11.0178065, 44.6901107], [11.0177851, 44.69037], [11.0177153, 44.6908372], [11.0174257, 44.6923245], [11.0173559, 44.6926048], [11.0172138, 44.6929804], [11.0171199, 44.6932588], [11.0170743, 44.6935009], [11.0170931, 44.6937622], [11.0171574, 44.6939547], [11.0172942, 44.6942217], [11.0174283, 44.6943971], [11.0176805, 44.6945763], [11.0180157, 44.6947231], [11.0189813, 44.6950892], [11.019389, 44.6952399], [11.0197377, 44.6953829], [11.0201856, 44.6956269], [11.0205531, 44.6958462], [11.0208616, 44.6960635], [11.0211271, 44.6963019], [11.0213765, 44.6965593], [11.0216528, 44.6969024], [11.0217869, 44.6971331], [11.0218969, 44.6973715], [11.0219505, 44.6975964], [11.0225487, 44.7004029], [11.0225916, 44.700624], [11.0226774, 44.700828], [11.0228544, 44.7011274], [11.0230958, 44.7014724], [11.0236618, 44.7021282], [11.0238308, 44.7023532], [11.0242814, 44.703131], [11.0243699, 44.7033159], [11.0244799, 44.7034456], [11.0251531, 44.7042291], [11.0253328, 44.7044827], [11.025475, 44.7047305], [11.0258636, 44.7054949], [11.0272318, 44.7079007], [11.0274142, 44.7081561], [11.0276502, 44.7084077], [11.0281974, 44.7090406], [11.0283959, 44.709296], [11.0287607, 44.7098069], [11.0292059, 44.710577], [11.0300051, 44.7115033], [11.0314456, 44.7138155], [11.0317835, 44.7142386], [11.0320571, 44.7145626], [11.032328, 44.7148142], [11.0325989, 44.7150163], [11.0329074, 44.7152278], [11.0332587, 44.7154299], [11.0337523, 44.7156872], [11.0342565, 44.7158987], [11.0347152, 44.7160741], [11.0352999, 44.7162666], [11.035916, 44.7164562], [11.036413, 44.7166878], [11.0371613, 44.71713], [11.0375369, 44.7174311], [11.0389879, 44.7189578], [11.039165, 44.7191407], [11.0393822, 44.7192837], [11.0396022, 44.7194018], [11.0398543, 44.7194743], [11.0400769, 44.7194971], [11.0402325, 44.7194895], [11.0403934, 44.7194457], [11.0405946, 44.7193637], [11.0408091, 44.7192341], [11.0409996, 44.719074], [11.0411525, 44.7189006], [11.0414073, 44.7185899], [11.0416943, 44.7182545], [11.0426223, 44.7167869], [11.0427564, 44.7165963], [11.0428932, 44.7164705], [11.0430434, 44.7163695], [11.0432848, 44.7162609], [11.0434806, 44.716177], [11.0436657, 44.7161446], [11.0439339, 44.7161313], [11.0442612, 44.7161408], [11.0445777, 44.7162056], [11.0448727, 44.7163047], [11.0452187, 44.7164686], [11.0455191, 44.7166783], [11.0457069, 44.7168803], [11.0461977, 44.7175188], [11.0464096, 44.7178543], [11.0471177, 44.719257], [11.0477614, 44.7203624], [11.0486948, 44.7218204], [11.0488209, 44.7219652], [11.0490167, 44.7221691], [11.0496336, 44.7228876], [11.0498616, 44.7231715], [11.0499474, 44.7233431], [11.0500064, 44.7234993], [11.050036, 44.7236708], [11.0500011, 44.7238595], [11.0499233, 44.7240596], [11.0497838, 44.7242883], [11.0496578, 44.7244674], [11.0495397, 44.7246008], [11.0493654, 44.7247762], [11.0491374, 44.7249648], [11.0489792, 44.7250773], [11.048786, 44.7251973], [11.0483059, 44.725487], [11.0481209, 44.725567], [11.0478929, 44.7256337], [11.0476488, 44.7257214], [11.0460824, 44.7266361], [11.0457203, 44.72684], [11.0453045, 44.7271487], [11.0438717, 44.7284269], [11.0430085, 44.7289838], [11.0420751, 44.7297764], [11.0418712, 44.730226], [11.0419678, 44.7307978], [11.0438774, 44.732589], [11.0448974, 44.7353105], [11.0485384, 44.7388198], [11.049096, 44.7399813], [11.0497422, 44.7418671], [11.0501972, 44.742948], [11.0510817, 44.7436697], [11.0548366, 44.746445], [11.0579571, 44.7484856], [11.0590267, 44.7493135], [11.0598299, 44.7512927], [11.0605459, 44.7519352], [11.061716, 44.7522801], [11.0636194, 44.7524406], [11.0656727, 44.7528133], [11.0690687, 44.7543638], [11.072196, 44.755739], [11.0732258, 44.7575674], [11.0739506, 44.7581477], [11.0754574, 44.7586645], [11.0795153, 44.7601672], [11.0835703, 44.761773], [11.0888472, 44.7632962], [11.0905117, 44.7652402], [11.0913793, 44.7658522], [11.0929222, 44.7667155], [11.0941687, 44.7678058], [11.095542, 44.7707307], [11.0963539, 44.7716052], [11.0974124, 44.77205], [11.0981958, 44.7720614], [11.0999169, 44.771706], [11.1011054, 44.7715454], [11.1026367, 44.7713266], [11.1049328, 44.7712567], [11.1060389, 44.7714046], [11.1079505, 44.772616], [11.108599, 44.7731416], [11.1091913, 44.7738104], [11.1095965, 44.7744495], [11.1098973, 44.7754419], [11.1102364, 44.777084], [11.1109964, 44.7777829], [11.1114493, 44.7780226], [11.1123534, 44.7782126], [11.1132399, 44.7783497], [11.1145257, 44.7785116], [11.1161638, 44.778769], [11.1198331, 44.7798356], [11.1211397, 44.7802776], [11.1220552, 44.7806784], [11.124963, 44.7815428], [11.1261502, 44.7817634], [11.1286492, 44.7822967], [11.1295981, 44.7825855], [11.1300207, 44.7827623], [11.1306132, 44.7830253], [11.1310593, 44.7832767], [11.1316819, 44.7837505], [11.1320451, 44.7845424], [11.132251, 44.7856266], [11.1324923, 44.786358], [11.1330893, 44.7868972], [11.1337303, 44.7870786], [11.1341658, 44.7870611], [11.1346065, 44.7869568], [11.1354526, 44.7865161], [11.1369568, 44.7854871], [11.1383106, 44.7852369], [11.1398815, 44.7858339], [11.1412032, 44.7864612], [11.141855, 44.786759], [11.1425722, 44.7868903], [11.1434353, 44.7866931], [11.1456094, 44.7863513], [11.1472649, 44.7862415], [11.1521729, 44.786458], [11.154636, 44.7868594], [11.1563099, 44.7875459], [11.1589528, 44.7885755], [11.1616433, 44.7893552], [11.1630696, 44.7899417], [11.1654014, 44.7906181], [11.173208, 44.7912846], [11.1767379, 44.7919317], [11.1780367, 44.7926107], [11.1785144, 44.793392], [11.1783273, 44.7952492], [11.1784194, 44.7960024], [11.1786447, 44.7967711], [11.1791491, 44.7973647], [11.1797731, 44.7976729], [11.1819102, 44.7976082], [11.1826294, 44.7977246], [11.1835735, 44.7981456], [11.184291, 44.7986316], [11.1872092, 44.7998496], [11.1914903, 44.8013376], [11.1948203, 44.8020551], [11.1978522, 44.8038689], [11.2008786, 44.8043569], [11.2032587, 44.8055418], [11.2064777, 44.8073072], [11.2075558, 44.8078611], [11.2081958, 44.8079786], [11.2091672, 44.8079128], [11.2102322, 44.8075625], [11.2112417, 44.8072142], [11.2122361, 44.8069558], [11.2131019, 44.8068214], [11.2139458, 44.8067597], [11.214513, 44.8069512], [11.2148489, 44.8072519], [11.2151618, 44.8076833], [11.2165891, 44.8094295], [11.2170373, 44.8102323], [11.217173, 44.810858], [11.2173624, 44.8116412], [11.2177743, 44.8124763], [11.218506, 44.8127426], [11.2193819, 44.8127426], [11.2201327, 44.8125651], [11.2209235, 44.8121508], [11.2218506, 44.8110789], [11.2229049, 44.8105676], [11.2244013, 44.8100752], [11.2280084, 44.8094055], [11.2297259, 44.809651], [11.2314048, 44.8096161], [11.2327289, 44.8096231], [11.2361095, 44.8098794], [11.2372086, 44.8098623], [11.2386149, 44.8097545], [11.2401738, 44.8094433], [11.2445237, 44.8095538], [11.2483825, 44.8095909], [11.2497455, 44.8098607], [11.2500143, 44.8102403], [11.2500371, 44.8105676], [11.2495483, 44.8112265], [11.2485216, 44.8120061], [11.2476757, 44.8126598], [11.2472366, 44.8137574], [11.2474064, 44.8158225], [11.2486728, 44.8176686], [11.2498009, 44.8189595], [11.2502411, 44.8199885], [11.250443, 44.821061], [11.2507583, 44.8216399], [11.2525222, 44.8231361], [11.2542339, 44.8248041], [11.2613329, 44.826336], [11.2636196, 44.8263797], [11.2667747, 44.8263593], [11.2725138, 44.8277052], [11.2760402, 44.8283087], [11.2781897, 44.8284228], [11.279191, 44.8280032], [11.2795983, 44.8278166], [11.2812796, 44.8271278], [11.2874005, 44.8259639], [11.2896081, 44.8258721], [11.2906753, 44.8258343], [11.2916455, 44.8259383], [11.2941542, 44.8268843], [11.2979377, 44.8294841], [11.2993757, 44.8304255], [11.3012065, 44.8316917], [11.3012742, 44.8317385], [11.304797, 44.8340671], [11.3068978, 44.8353836], [11.3088921, 44.8364227], [11.3128053, 44.8373958], [11.3176445, 44.8390052], [11.319846, 44.8399298], [11.3207981, 44.8404862], [11.3216201, 44.8411272], [11.3231159, 44.8422775], [11.326134, 44.8438724], [11.3288723, 44.8456181], [11.3321551, 44.8473469], [11.3342599, 44.848525], [11.3408895, 44.8525684], [11.3423589, 44.8533919], [11.3437874, 44.8542344], [11.3453665, 44.8549385], [11.346804, 44.8555327], [11.3481677, 44.8557811], [11.350662, 44.8557653], [11.3531358, 44.8560922], [11.3628846, 44.857161], [11.3676392, 44.8576593], [11.3715791, 44.8578816], [11.3725718, 44.8578892], [11.3745167, 44.8584449], [11.3762188, 44.8587807], [11.3773615, 44.8590506], [11.377901, 44.8595691], [11.3780058, 44.8601736], [11.3778973, 44.8608373], [11.3776306, 44.8615418], [11.3773454, 44.8622651], [11.377294, 44.8629439], [11.3776312, 44.8632009], [11.3824415, 44.8650027], [11.3850218, 44.8651177], [11.3867564, 44.8654793], [11.3890426, 44.8662789], [11.3896533, 44.8667074], [11.3915822, 44.8679303], [11.3924133, 44.8683488], [11.3928289, 44.868713], [11.3933133, 44.8693497], [11.3941489, 44.8699027], [11.3958232, 44.8705401], [11.3968345, 44.8710961], [11.3988811, 44.8720028], [11.4020647, 44.8740147], [11.4052309, 44.8767435], [11.4071132, 44.8780841], [11.4088347, 44.8794983], [11.4098795, 44.880248], [11.4117454, 44.8814427], [11.4145545, 44.8831349], [11.4162969, 44.8838288], [11.4171035, 44.8840018], [11.4200519, 44.8843213], [11.4217964, 44.885032], [11.4228044, 44.8855962], [11.4233835, 44.8858153], [11.4242643, 44.8859136], [11.424899, 44.8857253], [11.4267458, 44.8849082], [11.4284168, 44.8844466], [11.4288217, 44.8845907], [11.4290337, 44.8849359], [11.429151, 44.88686], [11.4290033, 44.8872276], [11.4289166, 44.8878246], [11.4286041, 44.888303], [11.4280836, 44.8889506], [11.4278406, 44.8894664], [11.4278782, 44.8900375], [11.4278624, 44.8911391], [11.4284325, 44.8926643], [11.4295507, 44.895489], [11.4314232, 44.8980596], [11.431489, 44.8983149], [11.4314276, 44.8986074], [11.4310872, 44.8991133], [11.430625, 44.8995225], [11.4300047, 44.9000264], [11.4288441, 44.9006311], [11.427627, 44.9014532], [11.4250885, 44.9027788], [11.4233198, 44.9031686], [11.4217978, 44.9031535], [11.4198602, 44.902884], [11.4182319, 44.9026978], [11.4169251, 44.9030026], [11.4157097, 44.9034115], [11.4141928, 44.9041519], [11.4131251, 44.9048641], [11.4126269, 44.905622], [11.4126675, 44.9064885], [11.4131493, 44.9073259], [11.4143415, 44.9080772], [11.4161733, 44.9087322], [11.4167744, 44.9089348], [11.4174701, 44.9093659], [11.4178235, 44.9098912], [11.4178663, 44.9103911], [11.4174887, 44.911053], [11.416871, 44.9115445], [11.4161495, 44.9118631], [11.4143917, 44.9124677], [11.413326, 44.9129261], [11.4129967, 44.9134461], [11.4128517, 44.9142697], [11.4128993, 44.9151281], [11.4132032, 44.9158661], [11.4138373, 44.9166077], [11.4150557, 44.9175762], [11.4152511, 44.9181777], [11.4151755, 44.9186101], [11.4145536, 44.9193235], [11.4129537, 44.92036], [11.4126675, 44.9208171], [11.4125767, 44.9212841], [11.4129856, 44.9217298], [11.4136887, 44.922117], [11.4143833, 44.9231074], [11.4147096, 44.9239475], [11.4149497, 44.9243888], [11.4153568, 44.9246714], [11.4161175, 44.9248931], [11.4170852, 44.9249033], [11.4183654, 44.9247647], [11.4201335, 44.9247081], [11.4209964, 44.9249574], [11.4218028, 44.9254498], [11.4235389, 44.9260109], [11.4239258, 44.9260677], [11.4252526, 44.9262623]]}}, {"type": "Feature", "properties": {"nome": "Panaro", "reale": "Panaro"}, "geometry": {"type": "LineString", "coordinates": [[10.8636802, 44.2680188], [10.8640956, 44.2687563], [10.8651403, 44.2697474], [10.8659608, 44.2700337], [10.867553, 44.270485], [10.8695475, 44.2715944], [10.8707809, 44.2730743], [10.8714864, 44.2743005], [10.8722694, 44.2760968], [10.8730122, 44.2771333], [10.8739206, 44.2776906], [10.875212, 44.2779456], [10.8768299, 44.2793165], [10.8783572, 44.2807561], [10.879054, 44.2819323], [10.8805109, 44.282887], [10.8817577, 44.2839708], [10.8835453, 44.2872158], [10.884045, 44.2878306], [10.8851609, 44.2883207], [10.8860738, 44.289008], [10.8862569, 44.2895669], [10.8862008, 44.290805], [10.8862005, 44.2908111]]}}, {"type": "Feature", "properties": {"nome": "Panaro", "reale": "Panaro"}, "geometry": {"type": "LineString", "coordinates": [[11.015628, 44.4747635], [11.0159567, 44.4747547], [11.0165004, 44.4748812], [11.0168979, 44.4750664], [11.0183281, 44.475698], [11.0187465, 44.4760934], [11.0196139, 44.4766297], [11.0205253, 44.4770342], [11.02205, 44.4774721], [11.024818, 44.4784673], [11.0264037, 44.4789775], [11.0272636, 44.4795119], [11.0281225, 44.4804729], [11.0292221, 44.4829948], [11.0294045, 44.4840392]]}}, {"type": "Feature", "properties": {"nome": "Panaro", "reale": "Panaro"}, "geometry": {"type": "LineString", "coordinates": [[10.9374302, 44.4402072], [10.937497, 44.4404742], [10.9376704, 44.4408367], [10.9379245, 44.4412164], [10.9381731, 44.4414361], [10.938396, 44.4415793], [10.9386585, 44.4416854], [10.9390003, 44.4417933], [10.9393718, 44.4418887], [10.9399711, 44.4419913], [10.9404639, 44.4420903], [10.9408082, 44.4421946], [10.9411821, 44.4423732], [10.9422966, 44.4429408], [10.9444933, 44.4440812], [10.9456028, 44.4447177], [10.9462789, 44.4451226], [10.9465587, 44.4453631], [10.946846, 44.4457149], [10.9472175, 44.4460332], [10.9479753, 44.4466007], [10.9486415, 44.4472319], [10.948961, 44.4474723], [10.9494984, 44.4478878], [10.9500234, 44.4482927], [10.9512171, 44.4489998], [10.9545505, 44.4498149], [10.9552118, 44.4500288], [10.9556625, 44.4501649], [10.9561479, 44.4503116], [10.9568859, 44.4504955], [10.9573268, 44.4506281], [10.9578047, 44.4508084], [10.9581663, 44.4510188], [10.9585626, 44.4512115], [10.9592337, 44.4515014], [10.9595185, 44.4515987], [10.9597414, 44.451634], [10.9600856, 44.4516588], [10.9603927, 44.4516482], [10.9605785, 44.4516535], [10.960789, 44.4516729], [10.9614993, 44.4517581], [10.9620149, 44.4518656], [10.9622774, 44.4519275], [10.9625027, 44.4520123], [10.9627405, 44.4521237], [10.9628866, 44.4521662], [10.9630748, 44.4521891], [10.9633225, 44.4522086], [10.9635256, 44.452221], [10.9638079, 44.4522086], [10.9640134, 44.4521944], [10.9642438, 44.4521591], [10.9645187, 44.4521043], [10.9647267, 44.4520654], [10.9650833, 44.4520371], [10.965487, 44.4520336], [10.9660392, 44.4520424], [10.9665247, 44.4520495], [10.9669308, 44.4520884], [10.9674261, 44.4522086], [10.9680638, 44.4523855], [10.9686, 44.4525126], [10.9691027, 44.4526081], [10.9693331, 44.4526709], [10.9695349, 44.452761], [10.9697392, 44.4529016], [10.9699621, 44.4530518], [10.9700815, 44.4531057], [10.9702039, 44.453138], [10.9703966, 44.4531672], [10.9706415, 44.4532157], [10.9707888, 44.4532545], [10.9709543, 44.4533047], [10.9711221, 44.4533824], [10.9713341, 44.4534991], [10.9714712, 44.4535928], [10.9716437, 44.4537095], [10.9717873, 44.4538261], [10.9719533, 44.4539251], [10.9720668, 44.4539804], [10.9723545, 44.4541001]]}}, {"type": "Feature", "properties": {"nome": "Panaro", "reale": "Panaro"}, "geometry": {"type": "LineString", "coordinates": [[10.9723545, 44.4541001], [10.9729364, 44.4542133], [10.9732832, 44.4542239], [10.9734689, 44.4541991], [10.9736745, 44.4541355], [10.9738701, 44.4539658], [10.9741797, 44.4537342], [10.9742837, 44.4536458], [10.97441, 44.4535504], [10.9744775, 44.4535013], [10.9745512, 44.4534699], [10.9745988, 44.4534598], [10.9746477, 44.4534637], [10.9747078, 44.4534863], [10.9747807, 44.4535335], [10.9749172, 44.4536219], [10.9751053, 44.4537546], [10.97523, 44.4538031], [10.9753433, 44.4538323], [10.9754353, 44.4538332], [10.9764953, 44.4537052]]}}, {"type": "Feature", "properties": {"nome": "Panaro", "reale": "Panaro"}, "geometry": {"type": "LineString", "coordinates": [[11.0294045, 44.4840392], [11.02978, 44.4852685], [11.0304281, 44.4858993], [11.0308435, 44.48625]]}}, {"type": "Feature", "properties": {"nome": "Panaro", "reale": "Panaro"}, "geometry": {"type": "LineString", "coordinates": [[10.9764953, 44.4537052], [10.9778509, 44.453252], [10.9786453, 44.4531734], [10.9833618, 44.4540116], [10.9859367, 44.4547621]]}}, {"type": "Feature", "properties": {"nome": "Panaro", "reale": "Panaro"}, "geometry": {"type": "LineString", "coordinates": [[11.0308435, 44.48625], [11.0321103, 44.4872265], [11.0327723, 44.4876995], [11.0332229, 44.488383], [11.0334011, 44.4889693], [11.0337765, 44.4900025]]}}, {"type": "Feature", "properties": {"nome": "Panaro", "reale": "Panaro"}, "geometry": {"type": "LineString", "coordinates": [[10.9859367, 44.4547621], [10.9867123, 44.4551297], [10.98642, 44.4555704], [10.9864815, 44.4557243], [10.9865804, 44.4559721], [10.9868663, 44.4562715], [10.987825, 44.456309]]}}, {"type": "Feature", "properties": {"nome": "Panaro", "reale": "Panaro"}, "geometry": {"type": "LineString", "coordinates": [[11.010191, 44.4748475], [11.0104495, 44.4748782], [11.0114026, 44.4749572], [11.0126529, 44.4748745], [11.0127703, 44.4748668], [11.012966, 44.4748538], [11.0136752, 44.4748095], [11.015628, 44.4747635]]}}, {"type": "Feature", "properties": {"nome": "Panaro", "reale": "Panaro"}, "geometry": {"type": "LineString", "coordinates": [[10.9252524, 44.4214649], [10.927743, 44.4234851], [10.9286281, 44.4245023], [10.9294821, 44.425806], [10.9301897, 44.4272223], [10.9304827, 44.428376], [10.9310852, 44.4307111], [10.9313899, 44.4313761], [10.9317589, 44.4321825], [10.9319223, 44.4326565], [10.9319966, 44.4330703], [10.9319669, 44.4333815], [10.9318876, 44.4338307], [10.9317291, 44.4345663], [10.9317291, 44.4347662], [10.9317589, 44.434851], [10.9318208, 44.4349925], [10.9319619, 44.4351057], [10.9324584, 44.4356374], [10.9326207, 44.4358113], [10.9333884, 44.4365434], [10.9338045, 44.4368935], [10.9346663, 44.4374593], [10.9352062, 44.4378342], [10.9357659, 44.4381702], [10.9361919, 44.4383788], [10.9367466, 44.4385981], [10.937024, 44.4387466], [10.9373286, 44.4390702], [10.9374178, 44.4393655], [10.9374326, 44.4396767], [10.9374302, 44.4402072]]}}, {"type": "Feature", "properties": {"nome": "Panaro", "reale": "Panaro"}, "geometry": {"type": "LineString", "coordinates": [[10.9245473, 44.4205], [10.924832, 44.4208757], [10.9249031, 44.4209946], [10.9252524, 44.4214649]]}}, {"type": "Feature", "properties": {"nome": "Panaro", "reale": "Panaro"}, "geometry": {"type": "LineString", "coordinates": [[10.9127122, 44.3826201], [10.9126371, 44.3830725], [10.9126854, 44.383475], [10.9127873, 44.3837434], [10.9129322, 44.3839945], [10.9130743, 44.3843338], [10.9135759, 44.3855107], [10.9137315, 44.385758], [10.9137797, 44.3858232], [10.9138522, 44.3858654], [10.9139326, 44.3858999], [10.9139916, 44.3859305], [10.9140399, 44.3859746], [10.9140694, 44.386036], [10.9141177, 44.386149], [10.9141713, 44.3862564], [10.9142303, 44.3863541], [10.9143645, 44.386496], [10.9146488, 44.3866992], [10.9149036, 44.3868966], [10.9152362, 44.3871688], [10.9157324, 44.3876997], [10.9160113, 44.3880064], [10.9162313, 44.3881713], [10.9165344, 44.3883955], [10.917162, 44.3888996], [10.9174892, 44.3891105], [10.9178218, 44.3893155], [10.9201926, 44.3910405], [10.9211621, 44.3917477], [10.9216692, 44.392194], [10.9222029, 44.3927356], [10.9223791, 44.3929529], [10.9224164, 44.3932352], [10.9224538, 44.393464], [10.9226566, 44.3939293], [10.9228541, 44.3944213], [10.9230729, 44.3950086], [10.923217, 44.3956074], [10.9232331, 44.3960765], [10.9232251, 44.3964445], [10.9232064, 44.3967534], [10.923137, 44.3971138], [10.9229929, 44.3973235], [10.9227207, 44.3975695], [10.9223871, 44.3978136], [10.9220161, 44.3980023], [10.9217759, 44.3982026], [10.9215758, 44.398418], [10.9213116, 44.3987117], [10.9211995, 44.3988795], [10.9211034, 44.3990663], [10.9210661, 44.3991979], [10.9210687, 44.3992742], [10.9210901, 44.3993542], [10.9211968, 44.3994343], [10.9214237, 44.3995239], [10.9215571, 44.3995926], [10.9216745, 44.3996631], [10.9220055, 44.39989], [10.9224004, 44.4003248], [10.9226406, 44.4006794], [10.9229235, 44.4010798], [10.9231743, 44.4015641], [10.9233692, 44.4019702], [10.9234412, 44.4021609], [10.9234786, 44.4023706], [10.923524, 44.4028378], [10.9235502, 44.4033683], [10.9236494, 44.4052286], [10.9236013, 44.4056042], [10.9235159, 44.4059245], [10.9233318, 44.4063192], [10.923161, 44.40667], [10.9229582, 44.4069807], [10.922742, 44.4071924], [10.9224485, 44.4074307], [10.9223017, 44.4075317], [10.9221949, 44.4076309], [10.9221282, 44.4077319], [10.9221336, 44.4078368], [10.9221949, 44.4079969], [10.922235, 44.4081837], [10.922243, 44.4083172], [10.922227, 44.408464], [10.9221416, 44.4086699], [10.9220108, 44.4089101], [10.921912, 44.4091045], [10.9218747, 44.4092361], [10.9218774, 44.4094896], [10.9219147, 44.4096364], [10.9220482, 44.4098023], [10.9222296, 44.4098843], [10.9228087, 44.4101035], [10.9230116, 44.4102541], [10.9232437, 44.4105], [10.9234092, 44.4107116], [10.9236841, 44.4110815], [10.9239269, 44.4114551], [10.9240817, 44.4117945], [10.9241191, 44.4121223], [10.9240817, 44.4124045], [10.9239323, 44.4128506], [10.9237188, 44.4134186], [10.9234412, 44.4137694], [10.9232384, 44.4139867], [10.923105, 44.4142002], [10.9229635, 44.4145166], [10.9228808, 44.4147606], [10.9227954, 44.4150809], [10.9227714, 44.4153802], [10.9227954, 44.4155479], [10.9228301, 44.4157061], [10.9229021, 44.4158453], [10.9229689, 44.4159921], [10.9230276, 44.4162246], [10.9230676, 44.4166745], [10.9231797, 44.4170748], [10.9233825, 44.4174751], [10.923596, 44.4178792], [10.9236921, 44.4181079], [10.9238362, 44.4185692], [10.9239963, 44.4189924], [10.9243005, 44.4195833]]}}, {"type": "Feature", "properties": {"nome": "Panaro", "reale": "Panaro"}, "geometry": {"type": "LineString", "coordinates": [[10.9243005, 44.4195833], [10.9245473, 44.4205]]}}, {"type": "Feature", "properties": {"nome": "Panaro", "reale": "Panaro"}, "geometry": {"type": "LineString", "coordinates": [[10.9223475, 44.3587894], [10.922025, 44.3601541], [10.9216171, 44.3608818], [10.9211826, 44.361484], [10.9207052, 44.3620209], [10.920217, 44.3624121], [10.9198362, 44.3627228], [10.9192944, 44.3630756], [10.9188437, 44.3633019], [10.918538, 44.3635013], [10.9181839, 44.3638311], [10.9178954, 44.3642149], [10.9176046, 44.3646902], [10.9173793, 44.3651043], [10.9172271, 44.3655236], [10.9171341, 44.3659432], [10.9171271, 44.3662433], [10.917213, 44.3667764], [10.9173433, 44.3672498], [10.917508, 44.3681224], [10.9175724, 44.3684369], [10.9176207, 44.3688549], [10.917626, 44.3690543], [10.9175467, 44.369275], [10.9173898, 44.3696095], [10.9172271, 44.369946], [10.9171021, 44.3701495], [10.9168697, 44.3704133], [10.9166518, 44.3706252], [10.9164106, 44.3708952], [10.9160416, 44.3713771], [10.9158846, 44.3716035], [10.915751, 44.3718839], [10.9156667, 44.3721144], [10.9155883, 44.3723201], [10.915504, 44.3724696], [10.9153442, 44.3727812], [10.9152396, 44.3730761], [10.9152018, 44.3733482], [10.9152047, 44.3736286], [10.9152367, 44.3739422], [10.9153093, 44.3741582], [10.9153936, 44.3743451], [10.915565, 44.3745923], [10.9161401, 44.3752586], [10.9165102, 44.3756459], [10.9169555, 44.3760024], [10.9173149, 44.3763399], [10.9175724, 44.3765929], [10.9177065, 44.3768153], [10.9177333, 44.3770262], [10.9177387, 44.3772639], [10.9177226, 44.3775093], [10.9176904, 44.3777394], [10.9176153, 44.3779541], [10.9174865, 44.3781189], [10.9172559, 44.3782455], [10.9168965, 44.378418], [10.9165585, 44.3785944], [10.9163117, 44.3787516], [10.9159416, 44.3789855], [10.9155178, 44.3793689], [10.9150886, 44.3797599], [10.9146756, 44.3801127], [10.9143645, 44.3803734], [10.9139568, 44.3806648], [10.9136563, 44.3809063], [10.913372, 44.3811939], [10.9130609, 44.3815945], [10.9129295, 44.381907], [10.9127122, 44.3826201]]}}, {"type": "Feature", "properties": {"nome": "Panaro", "reale": "Panaro"}, "geometry": {"type": "LineString", "coordinates": [[10.922478, 44.356996], [10.922573, 44.3574866], [10.9225566, 44.3579044], [10.9223475, 44.3587894]]}}, {"type": "Feature", "properties": {"nome": "Panaro", "reale": "Panaro"}, "geometry": {"type": "LineString", "coordinates": [[10.9125288, 44.3110367], [10.9131748, 44.3112089], [10.9136776, 44.3113017], [10.9140615, 44.3114101], [10.9144346, 44.3115919], [10.9146778, 44.3117814], [10.9149076, 44.3120155], [10.9152919, 44.312473], [10.9158213, 44.3129923], [10.9160187, 44.313118], [10.9162079, 44.3131973], [10.9163891, 44.3132183], [10.916656, 44.3132057], [10.9175449, 44.3130987], [10.9179585, 44.3129896], [10.9182841, 44.3128867], [10.9186067, 44.3128636], [10.9191651, 44.3128514], [10.9195865, 44.312893], [10.9199414, 44.3129539], [10.9205105, 44.313147], [10.9209417, 44.3133233], [10.9210473, 44.3134492], [10.9210825, 44.3136654], [10.9210238, 44.3137515], [10.9208947, 44.3138249], [10.9207393, 44.313932], [10.9206249, 44.3140642], [10.9203944, 44.314308], [10.9204116, 44.3144086], [10.9204949, 44.3145237], [10.9207589, 44.3147249], [10.9210862, 44.3149221], [10.9216117, 44.3152631], [10.92262, 44.3158956], [10.9230282, 44.3161702], [10.9238016, 44.3168445], [10.9248694, 44.3177378], [10.9250746, 44.3179303], [10.9253373, 44.3182472], [10.9255468, 44.3186353], [10.9257994, 44.3191097], [10.9258937, 44.3193693], [10.9259559, 44.3195878], [10.926052, 44.3201632], [10.9261965, 44.3211409], [10.9262776, 44.3215605], [10.9263208, 44.3218023], [10.9264533, 44.3222916], [10.9266155, 44.3226494], [10.9267506, 44.3228505], [10.926975, 44.3230014], [10.9271669, 44.3231019], [10.927493, 44.3232354], [10.92784, 44.3234288], [10.9279644, 44.3235197], [10.9280942, 44.3236338], [10.928205, 44.3237711], [10.9282753, 44.323918], [10.928351, 44.3242932], [10.9284131, 44.3248154], [10.9284023, 44.3251751], [10.9283023, 44.3254942], [10.9281725, 44.3258055], [10.9281266, 44.3260105], [10.928278, 44.3269658], [10.9283915, 44.3273004], [10.9285618, 44.327544], [10.9289214, 44.3279114], [10.9295755, 44.3286676], [10.9303838, 44.329443], [10.9307298, 44.329706], [10.9311137, 44.3299342], [10.9314705, 44.3301198], [10.9317625, 44.3303402], [10.9319842, 44.3305413], [10.9321626, 44.330843], [10.9322004, 44.3310596], [10.9322004, 44.3312413], [10.9321518, 44.3315507], [10.9320166, 44.3318524], [10.931822, 44.3320883], [10.9315408, 44.3324247], [10.9314219, 44.332649], [10.9313624, 44.3329004], [10.9313732, 44.3332214], [10.9314138, 44.3334496], [10.931703, 44.3344202], [10.9317517, 44.3346387], [10.9317383, 44.3348758], [10.931658, 44.335079], [10.9316465, 44.3352084], [10.9316752, 44.3354013], [10.9316867, 44.3356375], [10.9316436, 44.3357935], [10.9310523, 44.3368447], [10.9308887, 44.3370664], [10.9305328, 44.3374298], [10.9302859, 44.3377952], [10.9299472, 44.3383249], [10.9295138, 44.3391666], [10.929287, 44.3396162], [10.9289224, 44.3402054], [10.9286067, 44.3406037], [10.9284517, 44.3408295], [10.9283857, 44.3410943], [10.9283685, 44.3414023], [10.9283828, 44.3418601], [10.9283024, 44.3423507], [10.9280269, 44.3430158], [10.9278604, 44.3433156], [10.9277858, 44.3436173], [10.9276824, 44.3439335], [10.9275131, 44.3442434], [10.9273093, 44.3445657], [10.927183, 44.3447792], [10.9271313, 44.3449681], [10.9271141, 44.3453458], [10.9270021, 44.3455736], [10.9268672, 44.3457153], [10.9267093, 44.3458097], [10.9264596, 44.3459431], [10.9263046, 44.3460232], [10.9261869, 44.3461156], [10.9261238, 44.3462038], [10.9260463, 44.3465302], [10.926009, 44.3470619], [10.9261008, 44.3474827], [10.9262357, 44.347848], [10.9263104, 44.348002], [10.926451, 44.3482668], [10.9265457, 44.3485459], [10.9265113, 44.3488046], [10.9264223, 44.3491576], [10.9262128, 44.3496687], [10.9260405, 44.3500177], [10.9259688, 44.3503748], [10.9258769, 44.3505821], [10.9259028, 44.3509167], [10.9256415, 44.3514298], [10.9252913, 44.3519861], [10.9250359, 44.3522468], [10.9247259, 44.3524951], [10.9242523, 44.3527578], [10.9238418, 44.3529077], [10.9235519, 44.3530595], [10.9230582, 44.3533879], [10.9227654, 44.3536363], [10.9225558, 44.3538354], [10.92222, 44.3542787], [10.9220851, 44.3545394], [10.9220219, 44.3547159], [10.9220104, 44.3549047], [10.9220277, 44.3551366], [10.9222487, 44.3561373], [10.922478, 44.356996]]}}, {"type": "Feature", "properties": {"nome": "Panaro", "reale": "Panaro"}, "geometry": {"type": "LineString", "coordinates": [[10.911931, 44.3107178], [10.9125288, 44.3110367]]}}, {"type": "Feature", "properties": {"nome": "Panaro", "reale": "Panaro"}, "geometry": {"type": "LineString", "coordinates": [[10.8862005, 44.2908111], [10.8861719, 44.2914427], [10.8864403, 44.292966], [10.8893928, 44.2945029], [10.8919048, 44.2955255], [10.8939558, 44.2970004], [10.894726, 44.2987291], [10.8950294, 44.2995389], [10.8962752, 44.3017133], [10.8968587, 44.3025995], [10.8983056, 44.3033095], [10.9003845, 44.3039721], [10.9029283, 44.3048215], [10.9059575, 44.3058367], [10.9076739, 44.3077588], [10.9081111, 44.3081323], [10.9087417, 44.3090187], [10.9098824, 44.3101181], [10.911931, 44.3107178]]}}, {"type": "Feature", "properties": {"nome": "Panaro", "reale": "Panaro"}, "geometry": {"type": "LineString", "coordinates": [[11.0087688, 44.6096168], [11.0086311, 44.6097655], [11.0083092, 44.6099603], [11.007982, 44.6100939], [11.0076118, 44.6102314], [11.0071559, 44.6104567], [11.0067696, 44.6106591], [11.0064585, 44.6109074], [11.0050764, 44.6122076], [11.0044227, 44.6129371], [11.0038916, 44.6137161], [11.0033601, 44.6148389], [11.0032559, 44.6149285], [11.0029877, 44.6149972], [11.0025639, 44.615066], [11.0021428, 44.6152569], [11.001711, 44.6154268], [11.0011075, 44.6155987], [11.0005093, 44.6157419], [11.0001017, 44.6158812], [10.9998357, 44.6160036], [10.9996671, 44.6161275], [10.9995169, 44.616307], [10.9993667, 44.6165419], [10.9992594, 44.6167519], [10.99912, 44.6169982], [10.9989161, 44.6172693], [10.9987306, 44.6174432], [10.9984373, 44.6182172], [10.9982317, 44.6189438], [10.9982187, 44.6191823], [10.9983274, 44.6194181], [10.9984937, 44.6195975], [10.9991213, 44.6202925], [10.9997811, 44.6209836], [10.9998804, 44.621079], [10.9999447, 44.6211649], [11.0000333, 44.621289], [11.0000735, 44.6214303], [10.9999912, 44.6215784], [10.9995505, 44.621772], [10.9991522, 44.6219181], [10.998774, 44.6220517], [10.9983314, 44.6221987], [10.9977333, 44.6223992], [10.9973309, 44.6225653], [10.9972156, 44.6226343]]}}, {"type": "Feature", "properties": {"nome": "Panaro", "reale": "Panaro"}, "geometry": {"type": "LineString", "coordinates": [[10.9895539, 44.5711303], [10.9891504, 44.5714272], [10.988732, 44.5718437], [10.9882292, 44.5725614], [10.9876376, 44.5734411], [10.9872595, 44.5743869], [10.9870824, 44.5752772], [10.987002, 44.5759803], [10.9871009, 44.5764843], [10.9873024, 44.5767522], [10.9898319, 44.5786897], [10.9899485, 44.5787838], [10.9899883, 44.5788159], [10.9900463, 44.5788628], [10.9917567, 44.5805531], [10.9925215, 44.5814043], [10.9929039, 44.5821639], [10.9930413, 44.5831359], [10.993295, 44.5842309], [10.9930547, 44.5856785], [10.9927789, 44.5879555], [10.9926722, 44.5889106], [10.9928337, 44.5899551], [10.9927189, 44.5909579], [10.9930584, 44.5924703], [10.993118, 44.5936732], [10.9934082, 44.5945618], [10.9935996, 44.5948698], [10.9938329, 44.59512], [10.9945106, 44.5955294], [10.9950265, 44.5957732], [10.9952733, 44.59597], [10.9955576, 44.5963348], [10.99585, 44.5969135], [10.9961322, 44.5977292], [10.9963264, 44.5982536], [10.9969138, 44.5985474], [10.997615, 44.5987873], [10.998601, 44.5987357], [10.9992168, 44.5984561], [10.9997597, 44.5984076], [11.0010922, 44.5985489], [11.0022359, 44.5984912], [11.0035958, 44.5987028], [11.0047829, 44.5990229], [11.0058569, 44.599694], [11.0074227, 44.6018074], [11.0081459, 44.6028112], [11.0087751, 44.6042163], [11.0093779, 44.6047318], [11.0098983, 44.6053238], [11.0102015, 44.6059468], [11.009964, 44.606505], [11.0097006, 44.6067314], [11.0096446, 44.6073597], [11.0091966, 44.6075201], [11.0088238, 44.6077053], [11.0086602, 44.6079307], [11.0086146, 44.6082171], [11.0087058, 44.6085054], [11.0087299, 44.6088186], [11.0087447, 44.6090191], [11.0087407, 44.6092358], [11.0087407, 44.6093723], [11.0087688, 44.6096168]]}}, {"type": "Feature", "properties": {"nome": "Arno", "reale": "Arno"}, "geometry": {"type": "LineString", "coordinates": [[11.6582824, 43.5079366], [11.6561366, 43.5084969], [11.6548565, 43.5091282], [11.6539909, 43.5095552], [11.6519496, 43.5099722], [11.6518415, 43.5099678], [11.6503535, 43.5099069], [11.6501646, 43.5098992], [11.6491076, 43.5092013], [11.6476874, 43.5077759], [11.6470147, 43.5073721], [11.6464579, 43.507213], [11.6460181, 43.507227], [11.6456623, 43.5072384], [11.6452677, 43.5074821], [11.6441102, 43.5081969], [11.6438147, 43.5083109], [11.643434, 43.5082638], [11.6424469, 43.5079765], [11.6418824, 43.5079557], [11.6404296, 43.5080611], [11.639066, 43.5084056], [11.6387279, 43.5083833], [11.6382746, 43.5082774], [11.6371971, 43.5075573], [11.6363239, 43.5072924], [11.6356967, 43.5072866], [11.6354109, 43.5073615], [11.6350695, 43.5076091], [11.6344821, 43.508634], [11.6337292, 43.5100288], [11.6336302, 43.5101708], [11.6335728, 43.510253], [11.6329457, 43.5110596], [11.6325082, 43.5113824], [11.6310118, 43.5122266], [11.630838, 43.5123018], [11.6300927, 43.5126242], [11.6289283, 43.5129165], [11.6276247, 43.5132119], [11.6265092, 43.5133739], [11.6258191, 43.5136935], [11.6255058, 43.5138266], [11.6252826, 43.5138695], [11.624349, 43.5138657], [11.6233493, 43.5139125], [11.6231092, 43.513952], [11.6225779, 43.5140394], [11.6213232, 43.5140314], [11.6194931, 43.5142146], [11.6176703, 43.5143004], [11.6157557, 43.5143899], [11.6143341, 43.5145023], [11.6132159, 43.5147474], [11.6114674, 43.5153111], [11.6097352, 43.5157719], [11.6094914, 43.5158826], [11.6087581, 43.5162155], [11.6069245, 43.5172733], [11.6062693, 43.5177131], [11.6057004, 43.5183654], [11.605106, 43.5188948], [11.6043021, 43.5192169], [11.603192, 43.5195167], [11.6021129, 43.5201118], [11.6007179, 43.5209404], [11.5998639, 43.5214731], [11.5996024, 43.5219015], [11.5985442, 43.5227506], [11.5973764, 43.5235665], [11.5957231, 43.5244061], [11.5946875, 43.5248608], [11.593665, 43.5253706], [11.5915061, 43.5263602], [11.5889633, 43.5276916], [11.5888617, 43.5277439], [11.5880785, 43.5279882], [11.5861538, 43.5289646], [11.5850809, 43.5295725], [11.5846865, 43.5299278], [11.5845021, 43.530152], [11.5840672, 43.5308508], [11.5831451, 43.5316381], [11.582131, 43.5321923], [11.5806726, 43.5328397], [11.5797735, 43.5330298], [11.5794955, 43.5330829], [11.5784599, 43.533392], [11.5768291, 43.5341387], [11.5746221, 43.5353589], [11.5722964, 43.5368877], [11.5711927, 43.5377107], [11.5708593, 43.5381892], [11.5706605, 43.5384043], [11.5696949, 43.5390844], [11.5686336, 43.5397369], [11.5672718, 43.5405574], [11.5663738, 43.5409829], [11.565533, 43.5415703], [11.5647063, 43.5418718], [11.5633124, 43.5428019], [11.5628658, 43.5431355], [11.5626622, 43.5434314], [11.5627166, 43.5438627], [11.5626954, 43.5440703], [11.5626096, 43.544171], [11.5617341, 43.5448081], [11.5607864, 43.5454499], [11.5601402, 43.5458623], [11.5595035, 43.546246], [11.5586882, 43.5465084], [11.5577693, 43.5467451], [11.5572305, 43.5468452], [11.5563995, 43.5472498], [11.5553299, 43.5479227], [11.5542996, 43.5486525], [11.5527761, 43.5497618], [11.5515965, 43.5505425], [11.5508443, 43.551238], [11.5503547, 43.551659], [11.5501703, 43.552248], [11.5500509, 43.5526711], [11.5499286, 43.5529537], [11.549185, 43.5533442], [11.548548, 43.5536717], [11.5470592, 43.5540099], [11.5462912, 43.5542542], [11.5461482, 43.5542997], [11.5451195, 43.5550723], [11.5440481, 43.555877], [11.5437085, 43.5562481], [11.5435849, 43.5566267], [11.5432344, 43.5570694], [11.5426122, 43.5577725], [11.5410346, 43.5590178], [11.5402124, 43.5602899], [11.5395976, 43.5610896], [11.53921, 43.5613899], [11.5387476, 43.5616548], [11.5381977, 43.5618196], [11.5380168, 43.5618955], [11.5379163, 43.5619377], [11.5376126, 43.5621524], [11.5372027, 43.5627312], [11.5359908, 43.5649653], [11.5354075, 43.5659526], [11.5350461, 43.5667159], [11.5348046, 43.5672262], [11.5347798, 43.5672786], [11.5348005, 43.5676558], [11.5350529, 43.5679819], [11.534918, 43.568414], [11.5339137, 43.5696582], [11.5332231, 43.5704376], [11.5327234, 43.5708043], [11.5320051, 43.5713599], [11.5310626, 43.5718055], [11.5299894, 43.5727558], [11.5292526, 43.573625], [11.5288725, 43.5743049], [11.5286856, 43.5749477], [11.5278045, 43.5758056], [11.527017, 43.5764974], [11.5255734, 43.5775467], [11.5243622, 43.5784081], [11.5239574, 43.5787991], [11.5230557, 43.5800511], [11.5229274, 43.5802292], [11.5220024, 43.5811028], [11.5218926, 43.5812066], [11.5218709, 43.581227], [11.5193654, 43.5834879], [11.5181513, 43.5846321], [11.5163184, 43.5860735], [11.5145395, 43.5871145], [11.5136541, 43.5877327], [11.5109969, 43.5902388], [11.5108346, 43.5904205], [11.5088236, 43.5926721], [11.5080562, 43.5937862], [11.50764, 43.5943937], [11.5067739, 43.5951122], [11.5055331, 43.5962066], [11.5040948, 43.5975338], [11.5034068, 43.598171], [11.5033529, 43.5982209], [11.5027164, 43.598579], [11.5021639, 43.5990342], [11.5009763, 43.6002891], [11.5008818, 43.600389], [11.5007124, 43.6005317], [11.499921, 43.6011984], [11.498908, 43.6017603], [11.4981411, 43.6023402], [11.4973027, 43.6034009], [11.4969215, 43.6039902], [11.4966611, 43.6043406], [11.4965744, 43.6044676], [11.4962346, 43.6054346], [11.4957856, 43.6061962], [11.4952261, 43.6068112], [11.4950619, 43.6069612], [11.4942133, 43.6076099], [11.4934164, 43.6080332], [11.4931176, 43.6081473], [11.4924049, 43.6091265], [11.4919168, 43.6100457], [11.4918862, 43.6105698], [11.4917996, 43.6109085], [11.4909984, 43.6117445], [11.4903831, 43.612333], [11.4896708, 43.6127724], [11.488483, 43.6137071], [11.4882212, 43.6138945], [11.4864765, 43.6153907], [11.4850761, 43.6171508], [11.4847491, 43.6175813], [11.4844407, 43.6182974], [11.4842204, 43.6186948], [11.4835311, 43.619512], [11.4824593, 43.62066], [11.4817096, 43.6212666], [11.4807923, 43.6214567], [11.4801861, 43.6219388], [11.4785885, 43.6235654], [11.4758922, 43.6254146], [11.473839, 43.6270951], [11.4728194, 43.6277515], [11.4721022, 43.6283023], [11.4712581, 43.6290282], [11.4705122, 43.6297277], [11.470505, 43.6297575], [11.4692687, 43.6310597], [11.4682679, 43.631724], [11.4677144, 43.6320743], [11.4668008, 43.6327351], [11.4663358, 43.6330877], [11.4657993, 43.6335325], [11.465729, 43.6335691], [11.4654473, 43.6337718], [11.4638759, 43.6349818], [11.4614911, 43.6367581], [11.4607401, 43.6373009], [11.4603913, 43.6376218], [11.4602646, 43.6377394], [11.4594127, 43.6385226], [11.4576961, 43.6396407], [11.4564345, 43.6406879], [11.4563102, 43.6407879], [11.455513, 43.6416288], [11.4551392, 43.6420312], [11.4545592, 43.642667], [11.454535, 43.6427151], [11.453797, 43.64405], [11.4535679, 43.6447941], [11.4532726, 43.6460256], [11.4532227, 43.6467983], [11.4532565, 43.6475193], [11.453378, 43.648339], [11.4533926, 43.6483895], [11.453809, 43.6499413], [11.4538307, 43.6507216], [11.4540233, 43.651484], [11.4545482, 43.6527953], [11.4547843, 43.6532653], [11.455649, 43.6546034], [11.4559253, 43.6552521], [11.4560288, 43.6555009], [11.4561211, 43.6562372], [11.4560749, 43.6564323], [11.4559162, 43.6570681], [11.4558821, 43.6571332], [11.4555739, 43.6577789], [11.4550863, 43.6584583], [11.4545813, 43.6590676], [11.4543983, 43.6592882], [11.4540332, 43.6595792], [11.4536153, 43.6598109], [11.4530394, 43.6600398], [11.4524091, 43.6601255], [11.451827, 43.6601004], [11.4502626, 43.6600165], [11.4498866, 43.6599988], [11.4496761, 43.6600608], [11.4494788, 43.6601565], [11.4494399, 43.6602088], [11.4493678, 43.6603089], [11.4493029, 43.6604598], [11.4492965, 43.6606078], [11.4494359, 43.6610033], [11.4496307, 43.6619199], [11.4498651, 43.6624441], [11.4500235, 43.6626517], [11.450143, 43.6628052], [11.4506805, 43.663573], [11.4508781, 43.6640405], [11.4511433, 43.6646681], [11.4510136, 43.6649223], [11.45075, 43.6651707], [11.4504486, 43.6653206], [11.4500212, 43.6655331], [11.4495328, 43.6658707], [11.4492495, 43.6662807], [11.4492173, 43.666759], [11.4492847, 43.6674618], [11.4492997, 43.6676081], [11.4493818, 43.6682065], [11.4495918, 43.6687653], [11.4501009, 43.6691182], [11.4504959, 43.6692662], [11.4508299, 43.6694089], [11.4538353, 43.6702049], [11.4542157, 43.6704864], [11.4542521, 43.6705183], [11.4545796, 43.6709373], [11.4546086, 43.6713016], [11.454232, 43.6716318], [11.4537824, 43.6717621], [11.4537139, 43.6717767], [11.4529097, 43.6719482], [11.4525717, 43.6720356], [11.4522553, 43.6721803], [11.4518962, 43.6724742], [11.4517056, 43.6730486], [11.4516318, 43.6737037], [11.4516529, 43.6745032], [11.4520594, 43.6750464], [11.4525887, 43.6754633], [11.4529973, 43.6756166], [11.4537666, 43.6759081], [11.4543875, 43.6763762], [11.4547794, 43.6768381], [11.455086, 43.6772455], [11.4552026, 43.6775109], [11.4554068, 43.678673], [11.4556914, 43.6801719], [11.4557026, 43.6802418], [11.4557546, 43.6823392], [11.4557612, 43.6825992], [11.4558092, 43.6831225], [11.4558229, 43.6832973], [11.4558212, 43.6833302], [11.4557986, 43.684815], [11.455859, 43.6860374], [11.4559734, 43.6873603], [11.4560736, 43.6895707], [11.4561839, 43.6905104], [11.4561206, 43.6913083], [11.4560653, 43.6918258], [11.4560661, 43.6918282], [11.4559366, 43.693067], [11.4553357, 43.6957666], [11.4551333, 43.6962337], [11.4548542, 43.696878], [11.4545761, 43.6977894], [11.454485, 43.6983664], [11.4543058, 43.6995519], [11.4535333, 43.7017548], [11.4530472, 43.7026189], [11.4529065, 43.702981], [11.4526776, 43.7036064], [11.4525859, 43.7038507], [11.4525256, 43.7040164], [11.4522101, 43.7048873], [11.4518786, 43.7064104], [11.4516747, 43.7074805], [11.4516756, 43.7077241], [11.4516476, 43.7085979], [11.4518064, 43.7092966], [11.4520742, 43.7098519], [11.4522722, 43.7106312], [11.4523832, 43.7109724], [11.452558, 43.7114673], [11.4526594, 43.7120026], [11.4526616, 43.7120888], [11.4526438, 43.7130267], [11.4525811, 43.713802], [11.4527578, 43.7150385], [11.4528751, 43.7153555], [11.4532299, 43.7163645], [11.4533951, 43.7169162], [11.4534804, 43.7173192], [11.4534388, 43.7177407], [11.4532766, 43.7180249], [11.4528357, 43.7186433], [11.452704, 43.7188527], [11.4524998, 43.719145], [11.4523374, 43.7196364], [11.4524959, 43.7200642], [11.4528501, 43.7204539], [11.4534286, 43.7208191], [11.4541626, 43.7211979], [11.4544428, 43.7213386], [11.4552879, 43.7217964], [11.4560033, 43.7219602], [11.4569763, 43.7220423], [11.4592238, 43.7222091], [11.4595902, 43.7222968], [11.4599408, 43.7224559], [11.4602664, 43.7227348], [11.4604399, 43.7230258], [11.460654, 43.7236191], [11.4609147, 43.7243371], [11.461163, 43.7247057], [11.461503, 43.7249845], [11.4618827, 43.7251772], [11.4623282, 43.7252863], [11.4632066, 43.7253408], [11.4642514, 43.7252434], [11.4651593, 43.7251376], [11.4653277, 43.7251366], [11.4655839, 43.7251351], [11.465829, 43.7251625], [11.4660229, 43.7252111], [11.4663888, 43.7253637], [11.4666672, 43.7255183], [11.4668716, 43.7257191], [11.4671098, 43.7259786], [11.4673588, 43.7264273], [11.4675154, 43.7269175], [11.4675633, 43.7275148], [11.4674676, 43.7281457], [11.4674502, 43.7282627], [11.4673057, 43.72902], [11.4671069, 43.7293757], [11.466914, 43.7297209], [11.4663553, 43.7306857], [11.4660706, 43.7313321], [11.4658467, 43.7316821], [11.465475, 43.7320307], [11.4647304, 43.7325316], [11.4643232, 43.7330624], [11.46415, 43.7332911], [11.4639252, 43.7337516], [11.4639206, 43.734259], [11.4641685, 43.734709], [11.4649517, 43.7352712], [11.4667431, 43.7369152], [11.4677245, 43.7378295], [11.4681301, 43.7383859], [11.468413, 43.7389269], [11.4687396, 43.7395516], [11.4688559, 43.7400338], [11.4687709, 43.7402939], [11.4681003, 43.7408328], [11.4676325, 43.741101], [11.4669658, 43.7416093]]}}, {"type": "Feature", "properties": {"nome": "Arno", "reale": "Arno"}, "geometry": {"type": "LineString", "coordinates": [[10.6369726, 43.6727986], [10.6359837, 43.670311], [10.6353108, 43.6688325], [10.6344702, 43.6674528], [10.6329612, 43.6661626], [10.6326176, 43.6660048], [10.6321332, 43.6658844], [10.6317898, 43.6658301], [10.6311783, 43.6657603], [10.6308149, 43.6657185], [10.6302901, 43.6656665], [10.6292898, 43.6656785]]}}, {"type": "Feature", "properties": {"nome": "Arno", "reale": "Arno"}, "geometry": {"type": "LineString", "coordinates": [[10.3952305, 43.7151278], [10.3921267, 43.7136553], [10.388699, 43.7120849], [10.3845823, 43.7110752], [10.3818284, 43.7105001], [10.3806706, 43.7102809], [10.3798471, 43.7100898], [10.3790235, 43.7098367], [10.3782667, 43.7096032], [10.3774884, 43.709331], [10.3745326, 43.7080017], [10.3717472, 43.706695], [10.3683956, 43.7050978], [10.3645166, 43.7032656], [10.3612895, 43.701484], [10.3575736, 43.6986848], [10.355599, 43.6965707], [10.3547163, 43.6955989], [10.3544357, 43.6953566], [10.3540938, 43.6951151], [10.3536366, 43.694802], [10.336563, 43.6853579], [10.3345111, 43.6843823], [10.3289553, 43.6805175], [10.3232809, 43.6776929], [10.317462, 43.6765627], [10.3172727, 43.6765259], [10.3104651, 43.6773041], [10.3035494, 43.678407], [10.2942797, 43.6803933], [10.2903163, 43.6805397], [10.2860892, 43.6804272], [10.2783313, 43.679986], [10.2745086, 43.6799272]]}}, {"type": "Feature", "properties": {"nome": "Arno", "reale": "Arno"}, "geometry": {"type": "LineString", "coordinates": [[10.5976622, 43.6813366], [10.5957338, 43.6815813], [10.5932268, 43.6822434], [10.5901815, 43.6833448], [10.5871552, 43.6839781], [10.5843761, 43.6840898], [10.5821754, 43.6840416], [10.5802477, 43.6840801], [10.5796914, 43.6839779], [10.5792367, 43.6838506], [10.5784223, 43.6834262], [10.5772815, 43.6828227], [10.5761947, 43.681652], [10.5754187, 43.6802413], [10.5748547, 43.6786434], [10.5738283, 43.6770492], [10.5727474, 43.6757958], [10.5721554, 43.6754012], [10.5714705, 43.675151], [10.5707113, 43.6748092], [10.569752, 43.6747393], [10.5689302, 43.6748027], [10.5681412, 43.6750251], [10.5677754, 43.6751793], [10.5674539, 43.6754607]]}}, {"type": "Feature", "properties": {"nome": "Arno", "reale": "Arno"}, "geometry": {"type": "LineString", "coordinates": [[10.5674539, 43.6754607], [10.5669783, 43.6760281], [10.5669056, 43.6762876], [10.5666732, 43.6764501], [10.5664965, 43.6765471], [10.5655975, 43.6773593], [10.5638313, 43.679162], [10.562555, 43.6802985], [10.5612977, 43.6814203], [10.5604813, 43.6819417], [10.5594608, 43.6824493], [10.5581564, 43.6832046], [10.5563895, 43.6836598], [10.5553129, 43.6837249], [10.5534317, 43.6836693], [10.5530774, 43.6836305], [10.5526108, 43.6835754], [10.5507149, 43.6837129], [10.5491942, 43.683628], [10.5480964, 43.6834916], [10.5460729, 43.6832118], [10.5421289, 43.6829092], [10.5407282, 43.6825916], [10.5396118, 43.6824212], [10.5393136, 43.6823938], [10.5366658, 43.6819848], [10.5341532, 43.681689], [10.5314041, 43.6822228], [10.5306442, 43.6824567], [10.5294954, 43.6829426], [10.528949, 43.6833895], [10.5285185, 43.6840174], [10.5278548, 43.685282], [10.5270166, 43.6868365], [10.5265173, 43.6882456], [10.5263799, 43.6886378], [10.526018, 43.6895793], [10.5253094, 43.6905211], [10.5243775, 43.6912129], [10.521571, 43.6924637]]}}, {"type": "Feature", "properties": {"nome": "Arno", "reale": "Arno"}, "geometry": {"type": "LineString", "coordinates": [[10.521571, 43.6924637], [10.5212891, 43.6926084], [10.5190039, 43.6932368], [10.5153883, 43.6940435], [10.5119014, 43.6946951], [10.5088595, 43.6954372], [10.5049491, 43.69703], [10.5038977, 43.6975653], [10.5026531, 43.6982401], [10.5012369, 43.6994114], [10.5004323, 43.7002956], [10.5000567, 43.7020253], [10.5003572, 43.7040807], [10.5005649, 43.7045941], [10.5007415, 43.7050305], [10.5008396, 43.7052731], [10.5009603, 43.7055714], [10.5010062, 43.7057176], [10.501014, 43.7058417], [10.5010208, 43.7059484], [10.5010292, 43.7060825], [10.5010191, 43.7063852], [10.5008866, 43.7072108], [10.5007625, 43.7076267], [10.5006039, 43.7080362], [10.4993622, 43.7102574], [10.4983026, 43.7115185], [10.4978197, 43.7118981], [10.4968654, 43.7126051], [10.4964411, 43.7128444], [10.4957837, 43.7131925], [10.4951079, 43.7134871], [10.4947401, 43.7136008], [10.4942954, 43.7136432], [10.4934907, 43.7136354], [10.4923595, 43.7132471], [10.4910408, 43.7124207], [10.4893494, 43.7111383], [10.4874504, 43.7090832], [10.4857552, 43.7071133], [10.4836375, 43.7043186], [10.4823542, 43.702545], [10.4809058, 43.7005361], [10.4796076, 43.69952], [10.4782558, 43.6987502], [10.476758, 43.6982669], [10.4754191, 43.6980955], [10.473975, 43.6980878], [10.4728059, 43.6983235], [10.4715382, 43.6987091], [10.4702927, 43.6992014], [10.4697269, 43.69969], [10.469343, 43.7001953], [10.4688512, 43.700917], [10.4684822, 43.7018354], [10.4681903, 43.702791], [10.468072, 43.7043953], [10.468131, 43.7058542], [10.4682672, 43.7072556], [10.4686202, 43.7083313], [10.4697353, 43.7102675], [10.4703411, 43.711518], [10.4708014, 43.7131698], [10.4707138, 43.7146413], [10.4705321, 43.7156754], [10.4701566, 43.716554], [10.4697725, 43.7172239], [10.4692159, 43.7178994], [10.4684732, 43.7186554], [10.4676567, 43.7193112], [10.4665796, 43.7201279], [10.4653377, 43.7208277], [10.4637825, 43.7214337], [10.4622938, 43.721816], [10.4605854, 43.7220563], [10.4589503, 43.7221361], [10.4573367, 43.7220439], [10.4549124, 43.721816], [10.4528263, 43.7213894], [10.451438, 43.7208498], [10.4497968, 43.7200694], [10.4490905, 43.7196326], [10.4481545, 43.7189809], [10.4470715, 43.7180947], [10.446434, 43.7173627], [10.4460179, 43.7165157], [10.4456465, 43.715535], [10.445403, 43.7144385], [10.4451327, 43.7121792], [10.4455414, 43.7097917], [10.4460499, 43.7082569], [10.4467398, 43.7067065], [10.4474029, 43.7050918], [10.4477022, 43.7034708], [10.4476324, 43.7020816], [10.4473593, 43.7008461], [10.4466186, 43.6992699], [10.44584, 43.6982661], [10.444963, 43.697606], [10.4440687, 43.6970842], [10.4432394, 43.6967505], [10.4422044, 43.6964413], [10.441267, 43.6962967], [10.4401845, 43.6962415], [10.439102, 43.696351], [10.4384031, 43.6964568], [10.4375495, 43.6966868], [10.4371512, 43.6968785], [10.4358417, 43.6975185]]}}, {"type": "Feature", "properties": {"nome": "Arno", "reale": "Arno"}, "geometry": {"type": "LineString", "coordinates": [[10.6292898, 43.6656785], [10.6280141, 43.6657895], [10.6274933, 43.6658768], [10.6268758, 43.6660448], [10.6258587, 43.6664958], [10.6255786, 43.6666612], [10.624536, 43.6672771], [10.6242121, 43.6675362], [10.6240596, 43.667728], [10.6239897, 43.6678877], [10.6229689, 43.6710537], [10.6197073, 43.6760201], [10.6164107, 43.6806088], [10.6149719, 43.6818362], [10.6130934, 43.6827705], [10.6100943, 43.6829724], [10.6024959, 43.6821197], [10.5991242, 43.6814983], [10.5976622, 43.6813366]]}}, {"type": "Feature", "properties": {"nome": "Arno", "reale": "Arno"}, "geometry": {"type": "LineString", "coordinates": [[11.0314985, 43.7510866], [11.0320423, 43.750425], [11.0321414, 43.750209], [11.0324748, 43.7494823], [11.0328401, 43.7481931], [11.0328581, 43.7479409], [11.0328723, 43.747774], [11.0326148, 43.7471466], [11.0319837, 43.7461898], [11.0315487, 43.745829], [11.0306436, 43.7448609], [11.0304309, 43.7446333], [11.0301647, 43.7443486], [11.0292742, 43.7434418], [11.0287509, 43.7429152], [11.0284402, 43.7426048], [11.027985, 43.7421611], [11.027679, 43.7418628], [11.0276785, 43.7418599], [11.0268584, 43.7411781], [11.0249183, 43.7402173], [11.0248982, 43.7402066], [11.0225848, 43.7389739], [11.0214162, 43.7383458], [11.019634, 43.7371383], [11.0191885, 43.7367949], [11.0188351, 43.73645], [11.017898, 43.7355162], [11.01768, 43.735299], [11.0172794, 43.7348996], [11.0162954, 43.7339303], [11.0157237, 43.7333492], [11.015169, 43.7329957], [11.0140907, 43.7324335], [11.0129664, 43.7323103], [11.0106204, 43.7324688], [11.0074201, 43.7330946], [11.0069841, 43.7331816], [11.0045806, 43.7339731], [11.0030504, 43.7344761], [11.0025857, 43.7346676], [11.0016197, 43.7350573], [10.9999954, 43.7357404], [10.9995812, 43.7359305], [10.9974768, 43.7369214], [10.996798, 43.7372407], [10.996114, 43.7375336], [10.9944864, 43.7382175], [10.9931022, 43.7389715], [10.9918141, 43.7396651], [10.9914799, 43.7398296], [10.9889761, 43.7410065], [10.9883066, 43.7413181], [10.9877042, 43.7415901], [10.9858049, 43.7425271], [10.9841888, 43.7431853], [10.9831296, 43.7434619], [10.9819253, 43.7435105], [10.9805915, 43.7433948], [10.9796312, 43.7431394], [10.9790245, 43.7429286], [10.9786546, 43.7427003], [10.9781471, 43.742303], [10.9774427, 43.7415895], [10.9764889, 43.7406631], [10.9761459, 43.7403818], [10.9740608, 43.7392754], [10.9739383, 43.7392088], [10.9736285, 43.7390427], [10.9719558, 43.7381519], [10.9708127, 43.7376086], [10.9703567, 43.7374086], [10.9702924, 43.7373736], [10.9678564, 43.7364139], [10.9653497, 43.7353849], [10.9647089, 43.735108], [10.9625295, 43.7342937], [10.9604422, 43.733409], [10.9593731, 43.7329613], [10.9579021, 43.7323376], [10.9573686, 43.7321149], [10.9555332, 43.7311964], [10.9547009, 43.7307784], [10.9542125, 43.7303375], [10.9534994, 43.7297168], [10.9527118, 43.7290342], [10.9520262, 43.7283361], [10.9508443, 43.7271443], [10.950603, 43.7269413], [10.949653, 43.7261259], [10.9488341, 43.7256335], [10.9483505, 43.7253974], [10.9454309, 43.7239522], [10.9441794, 43.7233407], [10.9426814, 43.7227868], [10.9423543, 43.7227048], [10.9419527, 43.7225913], [10.941601, 43.7225104], [10.9409304, 43.722348], [10.9398101, 43.7223899], [10.9391087, 43.7225887], [10.9367882, 43.7231918], [10.9359159, 43.7234859], [10.9340967, 43.7240991], [10.9296287, 43.7260479], [10.9293218, 43.726203], [10.9261839, 43.7277901], [10.9250119, 43.7282151], [10.9246502, 43.7283289], [10.9230077, 43.7288912], [10.9214469, 43.7293098], [10.919035, 43.7298856], [10.9176929, 43.7301845], [10.9161584, 43.7303747], [10.9154205, 43.730466], [10.9134936, 43.7307311], [10.9109423, 43.7312676], [10.9101443, 43.7314955], [10.9081649, 43.7323609], [10.9069243, 43.7328196], [10.9050918, 43.7333138], [10.9016525, 43.734411], [10.9000927, 43.7349216], [10.8996145, 43.7349423], [10.8987031, 43.7348592], [10.8980591, 43.7347253], [10.897297, 43.7345268], [10.8964787, 43.73421], [10.8957371, 43.7337906], [10.894496, 43.7326593], [10.8934229, 43.7316618], [10.8933593, 43.7315911], [10.8928513, 43.7309716], [10.8925978, 43.7306468], [10.8919713, 43.7298283], [10.8918965, 43.7297469], [10.8913592, 43.7291241], [10.8910575, 43.7287621], [10.8898097, 43.7268979], [10.8888594, 43.7260572], [10.8877106, 43.7249822], [10.88704, 43.7241771], [10.8862577, 43.7234667], [10.8861723, 43.7233897], [10.8846207, 43.7222846], [10.8827764, 43.7211681], [10.8818747, 43.7207519], [10.8806508, 43.7202221], [10.8791871, 43.7197656], [10.8777532, 43.7195178], [10.8770357, 43.719392], [10.8756846, 43.7192026], [10.8736431, 43.7189097], [10.8717673, 43.7184041], [10.8699219, 43.7180015], [10.8697253, 43.7179551], [10.8692302, 43.7178923], [10.8670495, 43.7176397], [10.8660652, 43.7176669], [10.8650293, 43.7176988], [10.8645685, 43.717713], [10.86436, 43.7177284], [10.8639693, 43.7177611], [10.8612817, 43.7179852], [10.8610235, 43.7180121], [10.8594514, 43.7181979], [10.8576318, 43.7184078], [10.8567804, 43.7184978], [10.8560294, 43.7185398], [10.8536138, 43.71854], [10.8515603, 43.7185586], [10.8497635, 43.7184148], [10.8487824, 43.7182832], [10.8484732, 43.7182431], [10.8476809, 43.7181402], [10.8453746, 43.7178117], [10.8442596, 43.7176356], [10.8418826, 43.717202], [10.8396959, 43.7168109], [10.8391301, 43.7167087], [10.8370797, 43.7164084], [10.8362344, 43.7161978], [10.8354942, 43.7160129], [10.8351409, 43.715864], [10.8338591, 43.7153521], [10.8337543, 43.7153123], [10.8333578, 43.7151618], [10.8316739, 43.7145267], [10.8304827, 43.7141671], [10.8292302, 43.7137884], [10.8287516, 43.7137529], [10.8281175, 43.7135025], [10.8273178, 43.7133041], [10.8268183, 43.7131816], [10.825601, 43.7129565], [10.825029, 43.7128435], [10.8245234, 43.7128082], [10.8241583, 43.7127669], [10.8233598, 43.7129263], [10.8215506, 43.7133335], [10.8205206, 43.713898], [10.8199961, 43.714302], [10.8196139, 43.7145889], [10.819012, 43.7150439], [10.8166153, 43.7168014], [10.8150275, 43.7181227], [10.8141595, 43.7186492], [10.8135855, 43.7189974], [10.8125163, 43.7194223], [10.8116671, 43.7197348], [10.8095339, 43.7202606], [10.8079423, 43.7202936], [10.8070485, 43.7201571], [10.8061786, 43.7198982], [10.8052742, 43.7195285], [10.8043457, 43.719194], [10.8034862, 43.7187073], [10.803133, 43.7183704], [10.8024817, 43.7174336], [10.8016044, 43.7164058], [10.8006798, 43.7150207], [10.7995934, 43.7136443], [10.7985052, 43.71238], [10.7978735, 43.7115205], [10.7972461, 43.710666], [10.7971324, 43.7105111], [10.7966951, 43.7099907], [10.7960942, 43.7092756], [10.7950538, 43.7084152], [10.7945758, 43.7081172], [10.7940447, 43.7078535], [10.7932937, 43.7074665], [10.7922117, 43.7071669], [10.7915411, 43.7072375], [10.7909824, 43.7074432], [10.7904749, 43.7076328], [10.7900983, 43.7077719], [10.7887354, 43.7080371], [10.7874142, 43.7080872], [10.7856736, 43.7080331], [10.7834725, 43.7080677], [10.7829702, 43.7080386], [10.7824773, 43.7079643], [10.7817617, 43.707661], [10.7806494, 43.7073711], [10.7791527, 43.7071717], [10.7784318, 43.7068726], [10.7774996, 43.706784], [10.7762926, 43.7063608], [10.77555, 43.705987], [10.7751658, 43.7057482], [10.7745648, 43.7053244], [10.7737665, 43.7048327], [10.7734168, 43.7046419], [10.7729383, 43.7042577], [10.7724729, 43.7037656], [10.770606, 43.7018441], [10.7689072, 43.6997181], [10.7684248, 43.6991289], [10.768085, 43.6987139], [10.7672231, 43.6977094], [10.7654642, 43.6956594], [10.7651732, 43.69521], [10.765077, 43.6950615], [10.7647659, 43.6945803], [10.7646249, 43.6942651], [10.7643594, 43.6939665], [10.7640318, 43.6936347], [10.7635811, 43.6932682], [10.7630744, 43.6928614], [10.7629156, 43.6927669], [10.762584, 43.6926386], [10.7622852, 43.6925406], [10.7619209, 43.6924528], [10.7616161, 43.6923792], [10.7611494, 43.6922669], [10.760087, 43.6921005], [10.7586398, 43.6920876], [10.7580716, 43.6921788], [10.7578114, 43.6922232], [10.7574582, 43.6923448], [10.7571135, 43.69248], [10.7567597, 43.6925737], [10.7561479, 43.6926664], [10.7554393, 43.6927486], [10.7534172, 43.6930435], [10.7522282, 43.6933409], [10.7520638, 43.6933781], [10.7513419, 43.6935573], [10.7503181, 43.6938209], [10.7498572, 43.6938986], [10.7482599, 43.6940374], [10.7458515, 43.6941118], [10.7432744, 43.6940199], [10.7393087, 43.6940817], [10.7361492, 43.6944044], [10.7328077, 43.6948858], [10.7304256, 43.6951016], [10.7286064, 43.6948955], [10.7273583, 43.6945163], [10.7238963, 43.6936868], [10.7224183, 43.6933591], [10.7209677, 43.6927656], [10.7192994, 43.6918377], [10.7187263, 43.691508], [10.7182464, 43.6910693], [10.717802, 43.6907594], [10.7172598, 43.6903094], [10.7162184, 43.6894316], [10.7151289, 43.6887506], [10.7148375, 43.688415], [10.71346, 43.6868286], [10.7120641, 43.685221], [10.7095914, 43.6825692], [10.7074686, 43.6808899], [10.7032738, 43.6777702], [10.7022365, 43.6771], [10.7008578, 43.6760135], [10.7001462, 43.6756368], [10.6993181, 43.6750795], [10.698452, 43.6745521], [10.6975228, 43.6738679], [10.6958502, 43.6726532], [10.6949179, 43.6718777], [10.6944438, 43.6712851], [10.6941569, 43.6709265], [10.6925882, 43.6694017], [10.6897718, 43.6665434], [10.6885375, 43.6653627], [10.6870037, 43.6644428], [10.6856479, 43.6637283], [10.6833736, 43.6625297], [10.681733, 43.6618236], [10.6802884, 43.6613081], [10.6787952, 43.6608547], [10.6771895, 43.6606188], [10.6756355, 43.6606319], [10.6741745, 43.6609545], [10.6732933, 43.6612242], [10.6725876, 43.6615459], [10.6710209, 43.6624505], [10.6701098, 43.6632393], [10.6699984, 43.6633358], [10.6684072, 43.6649596], [10.6675589, 43.666068], [10.6672778, 43.6663961], [10.667053, 43.6667614], [10.66668, 43.6676219], [10.6661325, 43.6686417], [10.6652805, 43.6695542], [10.6644119, 43.6701143], [10.6634069, 43.6705258], [10.6614634, 43.6710817], [10.6585229, 43.6721538], [10.6555676, 43.6731408], [10.6538652, 43.6744276], [10.6527085, 43.6753476], [10.6515893, 43.6763569], [10.6510884, 43.6768638], [10.6506585, 43.6773016], [10.6481075, 43.6797246], [10.6472282, 43.6802564], [10.6468087, 43.6804902], [10.6466338, 43.6805594], [10.6463371, 43.6805968], [10.6456051, 43.6806066], [10.6445172, 43.6803862], [10.6438156, 43.6800976], [10.6426869, 43.6794466], [10.641588, 43.6786798], [10.6402445, 43.677552], [10.639693, 43.6770389], [10.6391474, 43.6762964], [10.6383073, 43.6752585], [10.6375944, 43.674207], [10.6369726, 43.6727986]]}}, {"type": "Feature", "properties": {"nome": "Arno", "reale": "Arno"}, "geometry": {"type": "LineString", "coordinates": [[11.6898122, 43.868738], [11.6897751, 43.8687196], [11.6896767, 43.8687077], [11.6894179, 43.8686765], [11.6892189, 43.8685972], [11.6884251, 43.8682476], [11.6878762, 43.8678438], [11.6877136, 43.8676717], [11.6874472, 43.867399], [11.6871858, 43.8671447], [11.6866776, 43.8668871], [11.6860237, 43.8666113], [11.6856518, 43.8664898], [11.6854352, 43.8663936], [11.6852073, 43.8662175], [11.6850506, 43.8661126], [11.6848416, 43.8660834], [11.6844017, 43.8658049], [11.6842408, 43.865511], [11.6842944, 43.8651397], [11.6843802, 43.8647452], [11.68423, 43.8643894], [11.6838438, 43.8640181], [11.6833395, 43.8635926], [11.6828567, 43.8632755], [11.6825223, 43.8631889], [11.6824061, 43.8629583], [11.6823203, 43.8626334], [11.6824169, 43.8621925], [11.6825501, 43.8620135], [11.6825699, 43.8618324], [11.6825563, 43.8616433], [11.6825241, 43.8614808], [11.682416, 43.8611559], [11.6820306, 43.8608001], [11.681344, 43.8605603], [11.6806594, 43.8604869], [11.6803802, 43.8606616], [11.6801132, 43.8608421], [11.6795012, 43.8607459], [11.6791556, 43.8603506], [11.6787389, 43.8600197], [11.6788669, 43.8596025], [11.6788279, 43.8592615], [11.6788224, 43.8592532], [11.6786037, 43.8589231], [11.6777649, 43.8585466], [11.6771811, 43.8583348], [11.6766507, 43.858067], [11.6761462, 43.8578735], [11.6755969, 43.8576799], [11.6751276, 43.857118], [11.6749222, 43.8569106], [11.67471, 43.8567681], [11.6746668, 43.8567529], [11.6742712, 43.8566137], [11.6739414, 43.8565026], [11.6737149, 43.856377], [11.6736347, 43.8562166], [11.6735536, 43.8560541], [11.6734054, 43.8555854], [11.6732234, 43.8552151], [11.6731388, 43.8548195], [11.6730001, 43.8545186], [11.6726107, 43.8541624], [11.6715056, 43.8540309], [11.6710042, 43.8540269], [11.67054, 43.8540232], [11.6695564, 43.8539442], [11.669097, 43.8537991], [11.6681654, 43.8536472], [11.6678597, 43.8535209], [11.6674049, 43.853416], [11.6672926, 43.8534564], [11.6667664, 43.8536454], [11.6664291, 43.8536458], [11.6662085, 43.8537458], [11.6656978, 43.8539773], [11.6652367, 43.8540755], [11.6632087, 43.8542506], [11.6628462, 43.8542929], [11.6623709, 43.8543484], [11.6622492, 43.8543759], [11.6615182, 43.8545411], [11.661361, 43.8546833], [11.6611866, 43.854605], [11.6606222, 43.8543515], [11.6604331, 43.8542033], [11.6603113, 43.8540064], [11.6600524, 43.853793], [11.6598798, 43.8535381], [11.6598139, 43.8531828], [11.6597388, 43.8529878], [11.6597106, 43.8527528], [11.6597088, 43.8526053], [11.6597061, 43.8523923], [11.6597052, 43.8523172], [11.659594, 43.8521726], [11.6595256, 43.8519492], [11.6597066, 43.85172], [11.6596382, 43.8515518], [11.659429, 43.851398], [11.6594026, 43.8513161], [11.6593606, 43.8511857], [11.6589583, 43.8505451], [11.6583605, 43.849834], [11.6581429, 43.8492812], [11.6579523, 43.8490104], [11.6577353, 43.8487942], [11.6575786, 43.8486551], [11.6571124, 43.8480682], [11.6567005, 43.8478191], [11.6563216, 43.8477991], [11.6559707, 43.8477991], [11.6556533, 43.8476385], [11.6551219, 43.8471507]]}}, {"type": "Feature", "properties": {"nome": "Arno", "reale": "Arno"}, "geometry": {"type": "LineString", "coordinates": [[11.2668504, 43.7655414], [11.2654842, 43.7657709], [11.2616755, 43.7660653], [11.2590255, 43.7661428], [11.2573196, 43.7664527], [11.2551724, 43.7672027], [11.2543692, 43.7674832], [11.2510325, 43.7687848], [11.2465478, 43.7706443], [11.2450676, 43.7712714], [11.2445677, 43.7714477], [11.2443474, 43.7714996], [11.2432541, 43.7717366], [11.2412367, 43.7725841]]}}, {"type": "Feature", "properties": {"nome": "Arno", "reale": "Arno"}, "geometry": {"type": "LineString", "coordinates": [[11.1775829, 43.7893398], [11.1763276, 43.7892662], [11.1717464, 43.7887705], [11.1703409, 43.7887241], [11.1666395, 43.7882516], [11.1620797, 43.7873764], [11.1577989, 43.786749], [11.1543821, 43.7861836], [11.1527367, 43.7860718], [11.1502434, 43.7857801], [11.1490978, 43.7856492], [11.1483089, 43.7855873], [11.1444036, 43.784901], [11.1419275, 43.7845568]]}}, {"type": "Feature", "properties": {"nome": "Arno", "reale": "Arno"}, "geometry": {"type": "LineString", "coordinates": [[11.1198871, 43.7807302], [11.1198828, 43.7807295], [11.119013, 43.7805963], [11.1161543, 43.7803001], [11.114336, 43.7799326], [11.1124786, 43.7793667], [11.1108057, 43.7787174], [11.1095888, 43.7782404], [11.1083776, 43.7778056], [11.1074816, 43.7773185], [11.1069015, 43.776969], [11.1057755, 43.7764432], [11.1041052, 43.7754167], [11.1029707, 43.7747371], [11.1023136, 43.7743483], [11.10101, 43.7736735], [11.1006291, 43.7735309], [11.1004798, 43.7734759], [11.1003243, 43.7734161], [11.0993956, 43.7730686], [11.0987221, 43.772936], [11.0985333, 43.7728988], [11.0973993, 43.7727803], [11.0950649, 43.7728601], [11.0939437, 43.7728985], [11.0934258, 43.7729836], [11.0932851, 43.7730109], [11.0926858, 43.7731271], [11.0914509, 43.7734986], [11.0906465, 43.7738367], [11.0902834, 43.7740973], [11.0901007, 43.7742245], [11.0894194, 43.7746966], [11.0884788, 43.7753829], [11.0876253, 43.7759418], [11.0869941, 43.7763355], [11.0863378, 43.7766893], [11.0856632, 43.7770232], [11.0852113, 43.7772407], [11.0825672, 43.7784428], [11.0806467, 43.7793414], [11.0753038, 43.7819209], [11.0744899, 43.782207], [11.0737481, 43.7824089], [11.0732274, 43.7824729], [11.0727199, 43.7824727], [11.0722246, 43.7824476], [11.0717959, 43.7823304], [11.0715058, 43.7822307], [11.071072, 43.7819621], [11.0708513, 43.7817815], [11.0705087, 43.7813145], [11.07017, 43.7806729], [11.0698428, 43.7798837], [11.0693522, 43.7786598], [11.0691025, 43.7780555], [11.0688739, 43.7776119], [11.0685875, 43.7770562], [11.0680755, 43.7766531], [11.0677614, 43.7763978], [11.0674587, 43.7763253], [11.0667207, 43.7761421], [11.0653796, 43.7760926], [11.0648484, 43.7760196], [11.0640707, 43.7757393], [11.0631587, 43.7752512], [11.0628275, 43.7748588], [11.0624356, 43.7743202], [11.0621727, 43.7736786], [11.0620537, 43.7728884], [11.0619313, 43.772109], [11.0611783, 43.7704466], [11.0602178, 43.7688883], [11.0601289, 43.7687495], [11.0598871, 43.7683547], [11.0597065, 43.7680598], [11.0594941, 43.7677129], [11.0593225, 43.7674189], [11.0591244, 43.7670878], [11.058981, 43.7668454], [11.0585281, 43.7660797], [11.0584925, 43.7660195], [11.0581709, 43.7652711], [11.0580215, 43.7647955], [11.0579509, 43.764571], [11.0576977, 43.7636013], [11.0576452, 43.7631296], [11.0576374, 43.7624793], [11.0576455, 43.7623503], [11.0576572, 43.7621651], [11.0576976, 43.7613347], [11.0576442, 43.7610808], [11.0576023, 43.7608822], [11.0571077, 43.7596083], [11.056529, 43.759067], [11.0563847, 43.758932], [11.0555318, 43.7586956], [11.0547162, 43.7586968], [11.054403, 43.7587225], [11.0539456, 43.75876], [11.0527196, 43.7590039], [11.0516209, 43.7592402], [11.0505094, 43.75974], [11.0496724, 43.7602315], [11.0494207, 43.7603793], [11.048751, 43.7607727], [11.0484591, 43.7610218], [11.048295, 43.7611619], [11.0478176, 43.7618581], [11.047497, 43.7623824], [11.0469603, 43.7630597], [11.0465262, 43.7637949], [11.0463829, 43.7640607], [11.0462427, 43.7643209], [11.0461599, 43.7644744], [11.0460419, 43.7646741], [11.045796, 43.7649842], [11.0454054, 43.7654702], [11.0452373, 43.7656542], [11.0449476, 43.7658528], [11.0443736, 43.7660588], [11.0441405, 43.7661318], [11.0432779, 43.7664019], [11.0429452, 43.7665206], [11.0427847, 43.7665778], [11.0421415, 43.7667936], [11.0407097, 43.7671302], [11.0393458, 43.7674015], [11.0390521, 43.7674599], [11.0382034, 43.7675612], [11.0374417, 43.7675581], [11.0371145, 43.7675266], [11.0369975, 43.7675153], [11.0361164, 43.7673051], [11.0353764, 43.7671809], [11.0349312, 43.7670545], [11.0343312, 43.7667866], [11.0340208, 43.7666589], [11.0331796, 43.7662922], [11.0326888, 43.7660782], [11.0315948, 43.7654048], [11.0313, 43.7652259], [11.0310902, 43.7650942], [11.0310402, 43.7650657], [11.0306133, 43.7648226], [11.0298837, 43.7643971], [11.0292194, 43.7640234], [11.0289445, 43.7638545], [11.02829, 43.7634864], [11.0278079, 43.7630693], [11.0277117, 43.7629861], [11.0273201, 43.7625518], [11.026634, 43.7619003], [11.0261874, 43.761219], [11.0260919, 43.7610837], [11.0259208, 43.7608235], [11.0255609, 43.7598946], [11.0254756, 43.7596032], [11.0258079, 43.7586344], [11.0260125, 43.7577613], [11.026307, 43.7570123], [11.0269202, 43.7560139], [11.0269618, 43.7559462], [11.0274698, 43.7553604], [11.0278716, 43.7548425], [11.0282001, 43.754462], [11.0285765, 43.7540397], [11.0290424, 43.7535319], [11.0291083, 43.753463], [11.0299428, 43.7525899], [11.0303338, 43.7521826], [11.0307526, 43.7517885], [11.0314985, 43.7510866]]}}, {"type": "Feature", "properties": {"nome": "Arno", "reale": "Arno"}, "geometry": {"type": "LineString", "coordinates": [[11.1419275, 43.7845568], [11.1402019, 43.7843215], [11.1385078, 43.7840271], [11.1359112, 43.7835897], [11.1327578, 43.7831164], [11.1292008, 43.7824659], [11.1280693, 43.7822643], [11.1268735, 43.7820366], [11.1246832, 43.7816249], [11.1234338, 43.7813261]]}}, {"type": "Feature", "properties": {"nome": "Arno", "reale": "Arno"}, "geometry": {"type": "LineString", "coordinates": [[11.3029923, 43.7636634], [11.3004602, 43.7642755], [11.2971129, 43.7652595], [11.2943555, 43.7660343], [11.2937331, 43.7661569], [11.2930466, 43.7662358], [11.2913407, 43.7661816], [11.2908514, 43.7661134], [11.2866201, 43.765523], [11.2830282, 43.7650471], [11.2818961, 43.7648971], [11.2816055, 43.7648586], [11.2800111, 43.7646474], [11.2780596, 43.7646184], [11.2758376, 43.7645854], [11.2752508, 43.7645881], [11.2721529, 43.7646024], [11.2705051, 43.7647667], [11.2700869, 43.7648101], [11.2678553, 43.7652131], [11.2671786, 43.7654497], [11.267088, 43.7654874], [11.2668504, 43.7655414]]}}, {"type": "Feature", "properties": {"nome": "Arno", "reale": "Arno"}, "geometry": {"type": "LineString", "coordinates": [[11.7390807, 43.5012233], [11.7387693, 43.5011559], [11.7383908, 43.5009304], [11.7378277, 43.5007513], [11.7374256, 43.5006349], [11.7362455, 43.5007974], [11.7349292, 43.5013293], [11.7334873, 43.5014908], [11.7330057, 43.5013391], [11.7326612, 43.5010081], [11.7323742, 43.5006466], [11.7322587, 43.5000315], [11.7320681, 43.499445], [11.7320466, 43.4992193], [11.7320815, 43.49905], [11.7322095, 43.4989114], [11.7323282, 43.4986298], [11.7323725, 43.4985083], [11.7322351, 43.4982226], [11.7318039, 43.4976566], [11.7313882, 43.4973842], [11.7310646, 43.4971721], [11.7307258, 43.4971427], [11.729918, 43.4976414], [11.7294526, 43.4979768], [11.7290481, 43.498281], [11.7282905, 43.4983885], [11.7276845, 43.4982618], [11.7271223, 43.4980916], [11.7256229, 43.4979843], [11.7244548, 43.4980519], [11.7241828, 43.4980677], [11.720689, 43.4984335], [11.7190683, 43.4987278], [11.717492, 43.4989434], [11.7159773, 43.4989991], [11.7131817, 43.4993013], [11.7120435, 43.4993824], [11.7117593, 43.4994027], [11.7099438, 43.4996075], [11.7097885, 43.499625], [11.7062897, 43.4996508], [11.7056118, 43.4996726], [11.7022277, 43.4997812], [11.7004526, 43.5000817], [11.7002705, 43.5001092], [11.6982764, 43.5004434], [11.6970292, 43.5004912], [11.6966883, 43.5005042], [11.6965929, 43.5005079], [11.6941801, 43.5004897], [11.6931515, 43.500307], [11.6926181, 43.5002122], [11.6911598, 43.4999662], [11.6887768, 43.4996688], [11.6862932, 43.499312], [11.6858869, 43.4992861], [11.6853645, 43.4992529], [11.6839951, 43.4991658], [11.6823534, 43.4993566], [11.6817648, 43.4995503], [11.6813174, 43.499611], [11.6809011, 43.4995775], [11.6805125, 43.4994503], [11.6800503, 43.499241], [11.6796834, 43.4991417], [11.6793808, 43.4991369], [11.6790128, 43.4991923], [11.6786467, 43.4993592], [11.678297, 43.4996168], [11.6778414, 43.5001677], [11.6774443, 43.5008365], [11.6773136, 43.5009984], [11.6769304, 43.5014732], [11.6762644, 43.5019688], [11.6755847, 43.5024807], [11.6750777, 43.5027461], [11.6747718, 43.5028556], [11.674466, 43.5028433], [11.6742042, 43.5027686], [11.6735121, 43.5022715], [11.6732268, 43.5021001], [11.6727527, 43.5019663], [11.6721011, 43.5020225], [11.6713447, 43.5025847], [11.6710805, 43.503061], [11.6708998, 43.5034596], [11.6706086, 43.5038581], [11.6700328, 43.5046219], [11.6698889, 43.5052665], [11.6698704, 43.5058608], [11.6696536, 43.5064948], [11.669402, 43.506626], [11.6690232, 43.5067664], [11.6683663, 43.5068119], [11.6667853, 43.5066376], [11.6656861, 43.5068827], [11.6649689, 43.5067487], [11.6625739, 43.5057578], [11.6613723, 43.5060068], [11.6596986, 43.5074029], [11.6595213, 43.5074697], [11.6582824, 43.5079366]]}}, {"type": "Feature", "properties": {"nome": "Arno", "reale": "Arno"}, "geometry": {"type": "LineString", "coordinates": [[11.2343306, 43.7748439], [11.233169, 43.7751376], [11.2293135, 43.7763042], [11.2252833, 43.7775236], [11.2195756, 43.7794137], [11.2182641, 43.7799702], [11.2182307, 43.7799844], [11.2156069, 43.7811517], [11.2153166, 43.7812809], [11.214842, 43.7815026], [11.2143743, 43.7817042], [11.2136318, 43.7820242], [11.2115707, 43.7829434], [11.2098112, 43.7838883], [11.2081386, 43.7846113]]}}, {"type": "Feature", "properties": {"nome": "Arno", "reale": "Arno"}, "geometry": {"type": "LineString", "coordinates": [[11.4669658, 43.7416093], [11.466421, 43.7421032], [11.4662148, 43.7423578], [11.4661352, 43.7427315], [11.4662791, 43.7431905], [11.466645, 43.7438019], [11.4670033, 43.7446488], [11.467478, 43.7458322], [11.46759, 43.7463693], [11.4675961, 43.7467826], [11.46758, 43.747099], [11.4674247, 43.7474941], [11.4672529, 43.7477288], [11.4669456, 43.7479402], [11.4666128, 43.7482734], [11.4663067, 43.7486264], [11.4659385, 43.748999], [11.4652679, 43.7495018], [11.4648109, 43.7501222], [11.4645625, 43.750693], [11.4642739, 43.7513278], [11.4638133, 43.7524935], [11.4637439, 43.7528618], [11.4636693, 43.7533692], [11.4636575, 43.7539627], [11.4638179, 43.7546324], [11.4640539, 43.7556129], [11.4643876, 43.7561699], [11.4646759, 43.7566399], [11.465, 43.7571597], [11.4652615, 43.7575195], [11.4656638, 43.7579726], [11.4658676, 43.7583903], [11.4658789, 43.758739], [11.4657818, 43.7591241], [11.4655825, 43.7596622], [11.4652778, 43.7603978], [11.4649015, 43.7610134], [11.4644817, 43.7614583], [11.4641714, 43.7617002], [11.4632935, 43.7621796], [11.4618074, 43.7630103], [11.460554, 43.7638744], [11.4598869, 43.7643342], [11.4590833, 43.7653841], [11.4590066, 43.7654843], [11.4589229, 43.7655946], [11.4584326, 43.7662703], [11.4581681, 43.7669349], [11.4576852, 43.7686156], [11.4576287, 43.7688122], [11.4575678, 43.7692494], [11.4575839, 43.7695757], [11.4575236, 43.7696906], [11.457456, 43.7698192], [11.4573042, 43.7700172], [11.4570491, 43.7703499], [11.4563573, 43.7708736], [11.4553099, 43.7713263], [11.4541486, 43.7715626], [11.4532605, 43.7715465], [11.4514103, 43.771396], [11.4496573, 43.7711501], [11.4480506, 43.770933], [11.4462704, 43.7705207], [11.4447157, 43.7704051], [11.4426221, 43.7702028], [11.4411428, 43.7700599], [11.4398262, 43.7696018], [11.4396521, 43.7695444], [11.4396638, 43.7695453], [11.4388752, 43.7692497], [11.4375271, 43.7687478], [11.4368566, 43.7686637], [11.435295, 43.7684678], [11.4345081, 43.7684287], [11.4337876, 43.7684519], [11.4331379, 43.7685436], [11.429679, 43.7692925], [11.427427, 43.7697801], [11.4262045, 43.7701173], [11.4249826, 43.7703975], [11.4245834, 43.770489], [11.4189064, 43.7717994], [11.4169286, 43.7722559], [11.4164037, 43.7723524], [11.4163528, 43.7723593], [11.4152911, 43.7725037], [11.4147645, 43.7727343], [11.4144786, 43.7729502], [11.4144287, 43.7729996], [11.4142847, 43.7731422], [11.4141772, 43.7733893], [11.4141397, 43.7737799], [11.4139068, 43.7744799], [11.4139629, 43.7748828], [11.4135972, 43.7754416], [11.4134417, 43.7756793], [11.4133198, 43.7760448], [11.4127784, 43.7768742], [11.4121829, 43.7774424], [11.411531, 43.7778718], [11.4114306, 43.7779379], [11.4100336, 43.7786818], [11.4093916, 43.7790237], [11.4087985, 43.7792398], [11.4085116, 43.7793444], [11.4072836, 43.779669], [11.4063668, 43.7796992], [11.4056089, 43.7797006], [11.4038719, 43.7795995], [11.4035345, 43.7795799], [11.4029114, 43.7795582], [11.4024661, 43.7797085], [11.4020233, 43.7799886], [11.4015926, 43.7804778], [11.4000623, 43.781877], [11.3995254, 43.7823193], [11.3990278, 43.7826472], [11.3987508, 43.7828297], [11.3962657, 43.7845798], [11.3951888, 43.7852006], [11.3942366, 43.7858363], [11.3936393, 43.7863634], [11.3933122, 43.7867248], [11.3928667, 43.7873102], [11.3924684, 43.788208], [11.3919341, 43.7894125], [11.3914892, 43.7902007], [11.390589, 43.791188], [11.3901859, 43.7914848], [11.3897468, 43.791744], [11.3894323, 43.7918691], [11.388905, 43.7920789], [11.388694, 43.7922076], [11.3878173, 43.7921475], [11.3872185, 43.7921469], [11.3865228, 43.7922486], [11.3859282, 43.7922676], [11.385407, 43.7921404], [11.3849792, 43.791938], [11.3846098, 43.79151], [11.3844526, 43.7902655], [11.3837328, 43.7889397], [11.3828952, 43.7877724], [11.3826277, 43.7873139], [11.382219, 43.7863101], [11.3818764, 43.7856682], [11.3815765, 43.7853133], [11.3810734, 43.7849632], [11.3800852, 43.7845143], [11.3791561, 43.7842328], [11.3786907, 43.784129], [11.3777346, 43.7839098], [11.3764219, 43.7835511], [11.3755255, 43.7833683], [11.3746112, 43.7833411], [11.3739744, 43.7833222], [11.3728456, 43.7834592], [11.3717905, 43.7835873], [11.3713901, 43.7836514], [11.3706652, 43.7837004], [11.3702576, 43.7837279], [11.3684816, 43.7836559], [11.3681734, 43.7836434], [11.3665027, 43.7836992], [11.364783, 43.7839019], [11.3631817, 43.7840779], [11.3621901, 43.7839618], [11.3615336, 43.7836858], [11.3614704, 43.7836592], [11.361312, 43.7835522], [11.360827, 43.7832243], [11.3606248, 43.7829558], [11.360391, 43.7826454], [11.3603576, 43.782099], [11.359625, 43.7812633], [11.3596339, 43.7812354], [11.3600135, 43.7807752], [11.3602648, 43.7803243], [11.3602342, 43.7796464], [11.3601782, 43.7784418], [11.3601827, 43.7772922], [11.3602299, 43.7769677], [11.3603522, 43.7766587], [11.3605368, 43.7762676], [11.3609611, 43.7756302], [11.3616158, 43.7748125], [11.3617809, 43.7742304], [11.361805, 43.7736119], [11.3615788, 43.7729253], [11.3612759, 43.7726004], [11.360853, 43.7724295], [11.3596247, 43.7723626], [11.3587519, 43.7723151], [11.3547223, 43.7723151], [11.354632, 43.7723151], [11.3523517, 43.7724033], [11.3517118, 43.7722836], [11.3515751, 43.7722294], [11.3513311, 43.7721327], [11.3499589, 43.7715889], [11.3471702, 43.7704926], [11.3445508, 43.7689053], [11.3440857, 43.768623], [11.3427791, 43.7674269], [11.3426193, 43.7672818], [11.3419338, 43.7665119], [11.3417006, 43.7663747], [11.3406879, 43.7657789], [11.3401147, 43.7655418], [11.3397471, 43.7653927], [11.3394119, 43.7652568], [11.3383131, 43.765004], [11.3362642, 43.7648773], [11.3350333, 43.7651166], [11.3340435, 43.7656127], [11.3334607, 43.7663454], [11.3332666, 43.7665894], [11.3334822, 43.7673246], [11.333931, 43.7680301], [11.3342813, 43.76868], [11.3342995, 43.7689138], [11.3342471, 43.7691358], [11.3340994, 43.7693122], [11.3338429, 43.7694966], [11.3334814, 43.7696161], [11.3328629, 43.769645], [11.3323195, 43.7696382], [11.3322003, 43.7696093], [11.3320655, 43.769559], [11.3315898, 43.7694361], [11.3312194, 43.7693349], [11.3301546, 43.7690438], [11.3288172, 43.768499], [11.3274919, 43.7678674], [11.3272049, 43.7676962], [11.326397, 43.7672141], [11.3263566, 43.76719], [11.3258459, 43.7668063], [11.3256748, 43.7664565], [11.3256415, 43.7662324], [11.3254961, 43.76607], [11.3250053, 43.7658], [11.3244661, 43.7655033], [11.3227627, 43.7645258], [11.3226045, 43.7644333], [11.3213242, 43.7637963], [11.3193662, 43.7632838], [11.3185669, 43.7631637], [11.3185232, 43.7631595], [11.3180404, 43.7631132], [11.3175565, 43.7630668], [11.3171547, 43.7630355], [11.3166463, 43.762995], [11.315894, 43.7628003], [11.3154293, 43.7626154], [11.3151688, 43.7625118], [11.3142146, 43.7623539], [11.3132164, 43.7623015], [11.3120581, 43.7622997]]}}, {"type": "Feature", "properties": {"nome": "Arno", "reale": "Arno"}, "geometry": {"type": "LineString", "coordinates": [[11.6941948, 43.8694941], [11.6937363, 43.869515], [11.6933234, 43.869477], [11.6929768, 43.8694104], [11.6924619, 43.8693232], [11.6920959, 43.8692866], [11.691761, 43.8692477], [11.6914017, 43.8692741], [11.6911885, 43.8692752], [11.6911066, 43.8692756], [11.6907936, 43.8691892]]}}, {"type": "Feature", "properties": {"nome": "Arno", "reale": "Arno"}, "geometry": {"type": "LineString", "coordinates": [[10.4342182, 43.6983119], [10.4309577, 43.7001883], [10.4280391, 43.7021433], [10.4250772, 43.7038911], [10.4242424, 43.7042897], [10.423266, 43.7045783], [10.4225777, 43.7047078], [10.4218478, 43.7048007], [10.4211745, 43.7048476], [10.4180831, 43.7050607], [10.4153547, 43.7053474], [10.4146493, 43.7054279], [10.4139707, 43.7055277], [10.4131904, 43.7057313], [10.412378, 43.7060202], [10.4117187, 43.7062722], [10.411237, 43.7065433], [10.4107553, 43.7068454], [10.4103058, 43.7071339], [10.4098777, 43.707469], [10.4094438, 43.7078629], [10.4090743, 43.7083383], [10.4089178, 43.7085662], [10.4087719, 43.7088213], [10.4086499, 43.7090719], [10.4085774, 43.7094013], [10.4085626, 43.7096866], [10.4085756, 43.7099818]]}}, {"type": "Feature", "properties": {"nome": "Arno", "reale": "Arno"}, "geometry": {"type": "LineString", "coordinates": [[10.4085756, 43.7099818], [10.4085824, 43.7100821], [10.408583, 43.7100908]]}}, {"type": "Feature", "properties": {"nome": "Arno", "reale": "Arno"}, "geometry": {"type": "LineString", "coordinates": [[10.408583, 43.7100908], [10.408687, 43.7120798], [10.4086687, 43.7127332], [10.4086394, 43.7129002], [10.4086118, 43.7130456], [10.4085738, 43.7131787], [10.4085238, 43.7132813], [10.4084978, 43.7133201], [10.4084641, 43.7133602], [10.4084297, 43.7133978], [10.4083767, 43.7134405], [10.4078754, 43.7136604], [10.4067878, 43.7141027], [10.4051729, 43.714772], [10.4033631, 43.7154606], [10.4027672, 43.7156644], [10.4019903, 43.7158891]]}}, {"type": "Feature", "properties": {"nome": "Arno", "reale": "Arno"}, "geometry": {"type": "LineString", "coordinates": [[10.4019903, 43.7158891], [10.4018345, 43.7159331]]}}, {"type": "Feature", "properties": {"nome": "Arno", "reale": "Arno"}, "geometry": {"type": "LineString", "coordinates": [[10.4018345, 43.7159331], [10.4015391, 43.7160068], [10.4012282, 43.716085], [10.4009667, 43.7161352], [10.4007078, 43.7161796], [10.40046, 43.7162141], [10.4002121, 43.7162408], [10.3999638, 43.7162555], [10.3997084, 43.71626], [10.3994461, 43.7162523], [10.3991802, 43.7162369], [10.3987568, 43.7161804], [10.3983121, 43.7160982], [10.397508, 43.7159283], [10.3968986, 43.7157576], [10.3962751, 43.7155613], [10.3958517, 43.7153986], [10.3954213, 43.7152179]]}}, {"type": "Feature", "properties": {"nome": "Arno", "reale": "Arno"}, "geometry": {"type": "LineString", "coordinates": [[10.3954213, 43.7152179], [10.3952305, 43.7151278]]}}, {"type": "Feature", "properties": {"nome": "Arno", "reale": "Arno"}, "geometry": {"type": "LineString", "coordinates": [[10.4356013, 43.6976359], [10.4342182, 43.6983119]]}}, {"type": "Feature", "properties": {"nome": "Arno", "reale": "Arno"}, "geometry": {"type": "LineString", "coordinates": [[10.4358417, 43.6975185], [10.4356013, 43.6976359]]}}, {"type": "Feature", "properties": {"nome": "Arno", "reale": "Arno"}, "geometry": {"type": "LineString", "coordinates": [[11.1931075, 43.790335], [11.1903609, 43.7903738], [11.1862089, 43.7899943], [11.181177, 43.7895373], [11.1795463, 43.7893979], [11.1784627, 43.7893669], [11.1775829, 43.7893398]]}}, {"type": "Feature", "properties": {"nome": "Arno", "reale": "Arno"}, "geometry": {"type": "LineString", "coordinates": [[11.1961883, 43.7898893], [11.1959254, 43.7899475]]}}, {"type": "Feature", "properties": {"nome": "Arno", "reale": "Arno"}, "geometry": {"type": "LineString", "coordinates": [[11.6551219, 43.8471507], [11.6548935, 43.84645], [11.6547857, 43.8460321], [11.6547447, 43.8458734], [11.6545401, 43.84552], [11.6544973, 43.8454772], [11.6542425, 43.8452224], [11.6541867, 43.8448875], [11.6542053, 43.8445155], [11.6542425, 43.8441063], [11.6537101, 43.8438602], [11.6534593, 43.8436202], [11.6534586, 43.8433257], [11.6536625, 43.8431182], [11.6539841, 43.8428814], [11.6538974, 43.8426765], [11.653401, 43.8424623], [11.6534456, 43.8423821], [11.6534427, 43.8421905], [11.6533051, 43.8418583], [11.6530929, 43.841512], [11.6532476, 43.8411367], [11.6533647, 43.8409848], [11.6536209, 43.8408195], [11.6538429, 43.8406436], [11.6542286, 43.8403119], [11.6545228, 43.8400885], [11.654905, 43.8398814], [11.655211, 43.8397086], [11.6553529, 43.8394722], [11.6554411, 43.8392427], [11.6555003, 43.8390726], [11.6555134, 43.8388095], [11.6555038, 43.8385265], [11.6555155, 43.8382475], [11.6555341, 43.8380414], [11.6556932, 43.837789], [11.6558262, 43.837648], [11.6560969, 43.8374873], [11.6563539, 43.8373465], [11.6566977, 43.8371684], [11.6572557, 43.8369266], [11.65744, 43.8368393], [11.6576091, 43.8367592], [11.6577951, 43.8365918], [11.6579253, 43.8363128], [11.6579625, 43.8360152], [11.6580183, 43.835606], [11.6581857, 43.83542], [11.6584461, 43.8351968], [11.6586693, 43.8349922], [11.6588367, 43.8347504], [11.6588553, 43.8344528], [11.6587437, 43.8340622], [11.6587065, 43.833653], [11.6587251, 43.833374], [11.6587623, 43.8331136], [11.6586879, 43.8328718], [11.6585763, 43.8327044], [11.6585949, 43.8322394], [11.6585949, 43.8318488], [11.658576, 43.8316785], [11.6585577, 43.831514], [11.6581113, 43.8308816], [11.6579253, 43.830584], [11.6578137, 43.8303608], [11.6578509, 43.8300631], [11.6579067, 43.8298957], [11.6582772, 43.829707], [11.658475, 43.8296086], [11.65859, 43.8294226], [11.6585577, 43.8292075], [11.6582973, 43.8289843], [11.6582131, 43.8289184], [11.6581306, 43.8288537], [11.6580927, 43.8284449], [11.6581299, 43.8282589], [11.6580741, 43.8276823], [11.6580555, 43.8274405], [11.6580555, 43.8272359], [11.6579762, 43.826949], [11.6577435, 43.8267256], [11.6573198, 43.8265049], [11.6570601, 43.8263482], [11.6569216, 43.8260961], [11.6569767, 43.8259339], [11.6572653, 43.8255991], [11.6573859, 43.8254503], [11.6576277, 43.8252271], [11.6581485, 43.8249295], [11.6586693, 43.8246505], [11.6590971, 43.8245575], [11.6593389, 43.8244459], [11.6597667, 43.8241111], [11.6600272, 43.8239623], [11.6603248, 43.8237391], [11.6606038, 43.8236089], [11.6610316, 43.8232741], [11.6614222, 43.8231253], [11.6616826, 43.822809], [11.6618872, 43.8226044], [11.6620546, 43.8224184], [11.662148, 43.8222449], [11.6621848, 43.8221766], [11.6623708, 43.8219348], [11.6625047, 43.8216596], [11.662594, 43.8214363], [11.6626535, 43.8211983], [11.6627279, 43.8210197], [11.6628321, 43.8208411], [11.6629511, 43.8206328], [11.6630404, 43.8204543], [11.6631594, 43.8202608], [11.6632785, 43.8200078], [11.663338, 43.8197251], [11.6634124, 43.8194722], [11.6633975, 43.8191894], [11.6633975, 43.8188621], [11.6633975, 43.8185496], [11.6634422, 43.8183561], [11.6635761, 43.8182371], [11.6637398, 43.8181627], [11.6639332, 43.8181181], [11.6641564, 43.8181181], [11.6644243, 43.8181181], [11.6646028, 43.8181181], [11.664826, 43.8180734], [11.6649897, 43.8180139], [11.6650939, 43.81788], [11.6651683, 43.8176865], [11.6651831, 43.8174485], [11.665198, 43.8172401], [11.6652278, 43.8170913], [11.6653468, 43.8169872], [11.6656295, 43.8168384], [11.6658379, 43.8167491], [11.6662992, 43.8166003], [11.6670134, 43.8163473], [11.6672549, 43.81627], [11.6681294, 43.8159902], [11.6709269, 43.8151569], [11.6716368, 43.8149697], [11.6725637, 43.8147254], [11.6732184, 43.8146361], [11.6736053, 43.8146361], [11.6739625, 43.8146063], [11.6743047, 43.8146063], [11.6744386, 43.8145766], [11.6749743, 43.8144278], [11.6751544, 43.8142938], [11.6751844, 43.8140751], [11.6751844, 43.8137646], [11.6752424, 43.8136427], [11.6754207, 43.8134606], [11.6756588, 43.8132522], [11.675882, 43.8131481], [11.6761647, 43.8130588], [11.6764644, 43.8130621], [11.6766972, 43.813047], [11.6769563, 43.8130601], [11.6771387, 43.8130392], [11.6773403, 43.8129844], [11.6775188, 43.8128356], [11.677623, 43.8127166], [11.6779801, 43.8126421], [11.67862, 43.8125529], [11.6792301, 43.8123892], [11.6797657, 43.8122106], [11.6804056, 43.8120172], [11.6810306, 43.8117791], [11.6815365, 43.8116303], [11.6818043, 43.8115113], [11.6826227, 43.8110351], [11.6830691, 43.8107672], [11.6836628, 43.8103482], [11.6837115, 43.8103138], [11.684081, 43.810053], [11.6842888, 43.8099299], [11.6844828, 43.8098149], [11.6849589, 43.8096215], [11.6853756, 43.8094727], [11.6858071, 43.8093685], [11.6862684, 43.8093983], [11.6866106, 43.8093983], [11.6870124, 43.8093239], [11.6873398, 43.8092048], [11.6878457, 43.8089816], [11.6881582, 43.8087733], [11.6885302, 43.8086245], [11.6888278, 43.8084459], [11.6892295, 43.8084311], [11.689676, 43.8084906], [11.6899884, 43.8085501], [11.6903009, 43.8085352], [11.6905241, 43.8085203], [11.6906938, 43.8085164], [11.690792, 43.8084459], [11.6908961, 43.8081632], [11.6909259, 43.8078656], [11.6909259, 43.8075085], [11.6909556, 43.8073002], [11.6910449, 43.8070621], [11.6910811, 43.8069917], [11.6912384, 43.8068984], [11.6916253, 43.806824], [11.6918782, 43.8068389], [11.6923544, 43.8067645], [11.6928901, 43.8066752], [11.6932621, 43.8065413], [11.6938275, 43.8063776], [11.6942739, 43.8062139], [11.6947501, 43.8060205], [11.6949538, 43.8059227], [11.6951221, 43.8058419], [11.6953453, 43.8056485], [11.6955239, 43.8054104], [11.6956669, 43.8052162], [11.6957322, 43.8051276], [11.6959405, 43.804964], [11.6961935, 43.8049044], [11.6963326, 43.8049044], [11.6965506, 43.8049044], [11.6971161, 43.8049044], [11.697741, 43.8049193], [11.6980652, 43.804927], [11.698366, 43.8049342], [11.6991398, 43.8049193], [11.6996754, 43.804964], [11.7000234, 43.8049809], [11.7002855, 43.8049937], [11.7006308, 43.8048667], [11.7008329, 43.8046623], [11.7009563, 43.8043949], [11.7009472, 43.8041505], [11.7012323, 43.8039823], [11.7013956, 43.8039232], [11.7015406, 43.8038473], [11.7015966, 43.8038293], [11.7016686, 43.8038062], [11.701807, 43.8037688], [11.702146, 43.8035528], [11.7023225, 43.803405], [11.7025813, 43.8032018], [11.7027871, 43.8029961], [11.7027245, 43.8028352], [11.7026648, 43.8026293], [11.702686, 43.8024755]]}}, {"type": "Feature", "properties": {"nome": "Arno", "reale": "Arno"}, "geometry": {"type": "LineString", "coordinates": [[11.6907936, 43.8691892], [11.6906725, 43.8691512], [11.690132, 43.8688744], [11.6898959, 43.868783], [11.6898122, 43.868738]]}}, {"type": "Feature", "properties": {"nome": "Arno", "reale": "Arno"}, "geometry": {"type": "LineString", "coordinates": [[11.1234338, 43.7813261], [11.1225551, 43.7811224], [11.120018, 43.7807502], [11.1198871, 43.7807302]]}}, {"type": "Feature", "properties": {"nome": "Arno", "reale": "Arno"}, "geometry": {"type": "LineString", "coordinates": [[11.2391571, 43.7734385], [11.2367846, 43.7742235], [11.2343306, 43.7748439]]}}, {"type": "Feature", "properties": {"nome": "Arno", "reale": "Arno"}, "geometry": {"type": "LineString", "coordinates": [[11.2081386, 43.7846113], [11.2065615, 43.7853471], [11.2029459, 43.7869349]]}}, {"type": "Feature", "properties": {"nome": "Arno", "reale": "Arno"}, "geometry": {"type": "LineString", "coordinates": [[11.1959254, 43.7899475], [11.1950602, 43.7901337], [11.1931075, 43.790335]]}}, {"type": "Feature", "properties": {"nome": "Arno", "reale": "Arno"}, "geometry": {"type": "LineString", "coordinates": [[11.1982466, 43.789274], [11.197372, 43.7895728], [11.1961883, 43.7898893]]}}, {"type": "Feature", "properties": {"nome": "Arno", "reale": "Arno"}, "geometry": {"type": "LineString", "coordinates": [[11.2011971, 43.7878411], [11.1982466, 43.789274]]}}, {"type": "Feature", "properties": {"nome": "Arno", "reale": "Arno"}, "geometry": {"type": "LineString", "coordinates": [[11.2029459, 43.7869349], [11.2011971, 43.7878411]]}}, {"type": "Feature", "properties": {"nome": "Arno", "reale": "Arno"}, "geometry": {"type": "LineString", "coordinates": [[11.2412367, 43.7725841], [11.2407595, 43.7727757], [11.2404349, 43.77291], [11.2391571, 43.7734385]]}}, {"type": "Feature", "properties": {"nome": "Arno", "reale": "Arno"}, "geometry": {"type": "LineString", "coordinates": [[11.3078884, 43.762952], [11.3062721, 43.7631374]]}}, {"type": "Feature", "properties": {"nome": "Arno", "reale": "Arno"}, "geometry": {"type": "LineString", "coordinates": [[11.3120581, 43.7622997], [11.3078884, 43.762952]]}}, {"type": "Feature", "properties": {"nome": "Arno", "reale": "Arno"}, "geometry": {"type": "LineString", "coordinates": [[11.3062721, 43.7631374], [11.3057676, 43.7632212], [11.3043307, 43.7634813], [11.3029923, 43.7636634]]}}, {"type": "Feature", "properties": {"nome": "Secchia", "reale": "Secchia"}, "geometry": {"type": "LineString", "coordinates": [[10.966109, 44.7196061], [10.966455, 44.7197829], [10.9669957, 44.7201915], [10.9677638, 44.720756], [10.968949, 44.7214211], [10.9703002, 44.7220821], [10.971888, 44.7230456], [10.9731497, 44.7237652], [10.974051, 44.7243263], [10.9745488, 44.7247714], [10.9751239, 44.7252593], [10.9760079, 44.7259301], [10.9777589, 44.7275095], [10.9790463, 44.7287169], [10.9801406, 44.7294763], [10.9817755, 44.7300221], [10.9827885, 44.7301803], [10.9838357, 44.7304852], [10.9864793, 44.7308023], [10.9870972, 44.7308389], [10.987741, 44.7308998], [10.988213, 44.7310828], [10.9884877, 44.7313511], [10.9885735, 44.7317047], [10.988213, 44.7322535], [10.9873719, 44.7333022], [10.9864964, 44.7341437], [10.9852519, 44.7352229], [10.9849343, 44.7356192], [10.9849343, 44.7360277], [10.9850545, 44.7363935], [10.9854836, 44.7367776], [10.9861531, 44.737052], [10.9869256, 44.737369], [10.9884705, 44.7377714], [10.9911742, 44.7383811], [10.9931655, 44.7389725], [10.9947362, 44.7393871], [10.9953971, 44.7397529], [10.9956202, 44.7401065], [10.9953799, 44.7405332], [10.9950537, 44.7410453], [10.9945907, 44.7416639], [10.9944787, 44.7418135], [10.9938779, 44.7423622], [10.993217, 44.743362], [10.9929423, 44.7438375], [10.9927191, 44.7442337], [10.9918608, 44.7451481], [10.9905991, 44.7462698], [10.9898524, 44.7466539], [10.9891574, 44.7470457], [10.9881552, 44.7474601], [10.9876602, 44.7476238], [10.9871929, 44.7477218], [10.9867687, 44.7479292], [10.9863076, 44.7481169], [10.9858176, 44.7483214], [10.985363, 44.7485663], [10.9849212, 44.7488321], [10.984464, 44.7490781], [10.9840706, 44.7492746], [10.9837204, 44.7494798], [10.9833827, 44.7497067], [10.9830819, 44.7499511], [10.9829075, 44.7501736], [10.9827223, 44.7504038], [10.9826846, 44.7506666], [10.9826653, 44.7509447], [10.9826971, 44.7511951], [10.9827536, 44.7514301], [10.982877, 44.751684], [10.9830374, 44.751951], [10.9831943, 44.7521108], [10.9833636, 44.75224], [10.983664, 44.752402], [10.9841189, 44.7525727], [10.9847798, 44.7528165], [10.985681, 44.7531213], [10.9865222, 44.753426], [10.9873567, 44.7538577], [10.9886177, 44.7544479], [10.9889855, 44.7546572], [10.9896676, 44.755273], [10.9904614, 44.7560837], [10.9913764, 44.7570199], [10.9932617, 44.7588629], [10.9951841, 44.76074], [10.9961712, 44.7621934], [10.9966095, 44.7629508], [10.9968406, 44.7638542], [10.9968939, 44.7642127], [10.9967249, 44.7647803], [10.9960187, 44.7659274], [10.9955825, 44.7663927], [10.9951438, 44.7667633], [10.9948752, 44.7669161], [10.9939312, 44.7677877], [10.992, 44.7693599], [10.991429, 44.7700942], [10.9911846, 44.7707521], [10.9913257, 44.7716358], [10.9918538, 44.7722728], [10.9927465, 44.772876], [10.9938097, 44.7731348], [10.9944387, 44.773141], [10.9955251, 44.7730627], [10.9966864, 44.7730585], [10.9977152, 44.7730797], [10.9983293, 44.773238], [10.998526, 44.7734913], [10.9985575, 44.7738872], [10.9982571, 44.7750997], [10.9976845, 44.7761232], [10.9971787, 44.7765592], [10.9966876, 44.7768344], [10.995844, 44.7772504], [10.9948103, 44.7775489], [10.9935682, 44.7779676], [10.9932789, 44.7786396], [10.9931832, 44.7793063], [10.9934751, 44.7797971], [10.9942573, 44.7801931], [10.9955105, 44.7809608], [10.995974, 44.7814969], [10.9959053, 44.7821], [10.9954332, 44.7826788], [10.9948067, 44.7836109], [10.9944891, 44.7844576], [10.9943861, 44.7853532], [10.9943055, 44.7858734], [10.9944633, 44.7864436], [10.9949697, 44.7878447], [10.995871, 44.7889777], [10.9970554, 44.7896173], [10.9982227, 44.789934], [11.0003685, 44.7899732], [11.0012857, 44.789954], [11.0024885, 44.7904823], [11.0029177, 44.7911645], [11.0023254, 44.7924193], [11.0016989, 44.7932781], [11.0014389, 44.7939377], [11.0017847, 44.7941247], [11.0021967, 44.7944597], [11.002643, 44.7951541], [11.002849, 44.7958545], [11.0025915, 44.796628], [11.0022825, 44.79703], [11.0018019, 44.797499], [11.0010294, 44.7980228], [11.0001882, 44.7988876], [10.9999565, 44.7994053], [11.0002424, 44.8001826], [11.0011422, 44.8013824], [11.0021538, 44.8022982], [11.0028919, 44.8031629], [11.0033125, 44.803979], [11.0034927, 44.8048803], [11.0032953, 44.8059094], [11.0028919, 44.8066707], [11.0021967, 44.8075232], [11.0013727, 44.8083574], [11.0006346, 44.80935], [11.0005778, 44.8100431], [11.0009345, 44.8104505], [11.0019049, 44.8103974], [11.0040249, 44.8100077], [11.00569, 44.8093987], [11.0066599, 44.8092282], [11.0072864, 44.8090577], [11.0077242, 44.8092891], [11.0080675, 44.8099589], [11.0082048, 44.8103852], [11.0081449, 44.8111525], [11.0081121, 44.8117581]]}}, {"type": "Feature", "properties": {"nome": "Secchia", "reale": "Secchia"}, "geometry": {"type": "LineString", "coordinates": [[10.7312864, 44.502676], [10.7323355, 44.5032239], [10.7326311, 44.5037238], [10.7328071, 44.5039408], [10.7328919, 44.5040899], [10.7329458, 44.5042627], [10.7329561, 44.5043498], [10.7329354, 44.5045387], [10.7328754, 44.5048975], [10.7328754, 44.5050451], [10.7328961, 44.5051366], [10.7329561, 44.5052724], [10.7330824, 44.5054629], [10.7332562, 44.5056267], [10.7335378, 44.5058467], [10.733842, 44.5060696], [10.7341173, 44.5062586], [10.7357523, 44.5071728], [10.736794, 44.5079183], [10.7376096, 44.5082466], [10.7381641, 44.5084699], [10.7390725, 44.5088148], [10.739125, 44.5088347], [10.7392343, 44.5089616], [10.739414, 44.5091702], [10.7398055, 44.5096937], [10.7399279, 44.5098573], [10.7400414, 44.5100091], [10.7405575, 44.5106052], [10.7414472, 44.5110767], [10.7419649, 44.5113937], [10.7423475, 44.5120915], [10.742605, 44.5127036], [10.7431629, 44.5133462], [10.7440212, 44.5144479], [10.744769, 44.5160814], [10.7453945, 44.517508], [10.745817, 44.5186399], [10.746639, 44.519344], [10.7470253, 44.5200783], [10.7474544, 44.5212105], [10.7478836, 44.5222814], [10.7488706, 44.5232299], [10.7501152, 44.5239949], [10.7516256, 44.5242838], [10.7518747, 44.5243314], [10.7531192, 44.5250045], [10.7535646, 44.5254048], [10.7541063, 44.5258918], [10.7555616, 44.5272386], [10.7560015, 44.5276898], [10.7564413, 44.5283782], [10.7566774, 44.5290589], [10.7568812, 44.5297167], [10.7569778, 44.5304357], [10.7572391, 44.5323472], [10.7573679, 44.5332038], [10.7580545, 44.5338156], [10.7590845, 44.5342133], [10.7601574, 44.5348557], [10.7610586, 44.5356205], [10.7622173, 44.5361711], [10.7629039, 44.5369665], [10.7639339, 44.5380371], [10.7640845, 44.5400769], [10.7645405, 44.5407933], [10.7648781, 44.5414018], [10.7655404, 44.542052], [10.7670071, 44.5425032], [10.7679903, 44.5432471], [10.7685097, 44.54378], [10.768865, 44.5441439], [10.7694807, 44.5450079], [10.7700044, 44.5458369], [10.7704314, 44.5472652], [10.770515, 44.5484028], [10.770285, 44.5487006]]}}, {"type": "Feature", "properties": {"nome": "Secchia", "reale": "Secchia"}, "geometry": {"type": "LineString", "coordinates": [[10.9808333, 45.0133144], [10.9809423, 45.0135222], [10.980954, 45.014015], [10.9807985, 45.0144068], [10.9799355, 45.0150428], [10.9788311, 45.015416], [10.9778418, 45.0159862], [10.9772122, 45.0164292], [10.9769732, 45.0166788], [10.9766589, 45.0172424], [10.9765399, 45.0176027], [10.9764153, 45.0183159], [10.9763807, 45.0191006], [10.976615, 45.0197555], [10.9770033, 45.0204706], [10.9771781, 45.0209623], [10.9772199, 45.0213172], [10.9771778, 45.0217486], [10.9768907, 45.02195], [10.9767833, 45.0220866], [10.9765847, 45.0224371], [10.9762353, 45.0227835], [10.9755281, 45.0235749], [10.9748713, 45.0240153], [10.9745419, 45.0241421], [10.9740966, 45.0241949], [10.9735734, 45.024035], [10.9733354, 45.0237262], [10.9736244, 45.022648], [10.9736861, 45.0217793], [10.9736179, 45.0214615], [10.9731248, 45.0210592], [10.972758, 45.0209601], [10.9723683, 45.0209052], [10.9713359, 45.0209724], [10.970288, 45.02124], [10.9697943, 45.0214489], [10.968627, 45.0218252], [10.9681384, 45.0221144], [10.9666217, 45.0228878], [10.9659106, 45.0232191], [10.9647168, 45.0236146], [10.9634573, 45.0241366], [10.9626495, 45.0247996], [10.962501, 45.0255124], [10.9623596, 45.0258752], [10.9622613, 45.0266621], [10.96239, 45.0274203], [10.9625364, 45.027665], [10.9627348, 45.0278515], [10.9631002, 45.0279875], [10.9633871, 45.0281458], [10.9643159, 45.0288836], [10.9652737, 45.0293824], [10.9660772, 45.0295725], [10.9664351, 45.0295945], [10.9667272, 45.0296406], [10.968815, 45.0295151], [10.9696378, 45.0296859], [10.9704406, 45.0304569], [10.9708658, 45.0310763], [10.9709586, 45.0318219], [10.9703047, 45.0331106], [10.9700299, 45.0336794], [10.9700231, 45.0341793], [10.9703312, 45.034935], [10.9708363, 45.0357507], [10.9711116, 45.0360641], [10.9716588, 45.0368456], [10.9719857, 45.037615], [10.9724343, 45.0380763], [10.9737544, 45.0380972], [10.9753497, 45.0382424], [10.9787006, 45.038305], [10.9809661, 45.0384509], [10.9816039, 45.0382129], [10.9819304, 45.037719], [10.9822844, 45.0373523], [10.9825975, 45.0369431], [10.9828111, 45.0362777], [10.9830679, 45.0354928], [10.9833708, 45.0351199], [10.9838615, 45.0349494], [10.9843201, 45.0349622], [10.9850015, 45.0350565], [10.9865255, 45.0357408], [10.9870426, 45.035831], [10.9875259, 45.0358287], [10.9880548, 45.0357511], [10.9884138, 45.0356115], [10.9887028, 45.0354204], [10.9890013, 45.0351083], [10.9890441, 45.0347099], [10.9886293, 45.0341456], [10.9878004, 45.0333037], [10.9874138, 45.0328673], [10.987094, 45.0317881], [10.9872818, 45.0310856], [10.987478, 45.0306737], [10.9877283, 45.0303607], [10.9880866, 45.0300729], [10.9891128, 45.029819], [10.9899396, 45.0298296], [10.9904885, 45.0300039], [10.9910216, 45.0303266], [10.9915861, 45.0311238], [10.9919575, 45.0331726], [10.991834, 45.0339484], [10.9917052, 45.0347047], [10.991348, 45.035684], [10.9913338, 45.0359056], [10.9914959, 45.0363541], [10.9917685, 45.0367324], [10.9922259, 45.0371493], [10.9925041, 45.0373386], [10.9933356, 45.0378428]]}}, {"type": "Feature", "properties": {"nome": "Secchia", "reale": "Secchia"}, "geometry": {"type": "LineString", "coordinates": [[10.9790706, 45.0109255], [10.9792775, 45.0114247], [10.9798517, 45.0120626], [10.9808333, 45.0133144]]}}, {"type": "Feature", "properties": {"nome": "Secchia", "reale": "Secchia"}, "geometry": {"type": "LineString", "coordinates": [[10.9733431, 45.0060234], [10.974117, 45.0066308], [10.9752679, 45.0070763], [10.9764111, 45.0073821], [10.9766696, 45.0075402], [10.976891, 45.0077301], [10.9772859, 45.008125], [10.9780777, 45.0091798], [10.9790706, 45.0109255]]}}, {"type": "Feature", "properties": {"nome": "Secchia", "reale": "Secchia"}, "geometry": {"type": "LineString", "coordinates": [[10.9622568, 45.0009097], [10.9620506, 45.0017984], [10.9618325, 45.0023961], [10.9615455, 45.0031829], [10.9612264, 45.0038858], [10.9609848, 45.0044664], [10.9606656, 45.0050267], [10.9605029, 45.0054707], [10.9605023, 45.0058496], [10.9606711, 45.0066482], [10.9609605, 45.0073986], [10.9613644, 45.0080227], [10.9617865, 45.0084274], [10.9621031, 45.008657], [10.96248, 45.0088449], [10.9628289, 45.0089493], [10.9632484, 45.0089882], [10.9636951, 45.0089547], [10.9641596, 45.008908], [10.9645703, 45.0088112], [10.9653831, 45.0084243], [10.965833, 45.0081743], [10.9660998, 45.0078732], [10.9662081, 45.007633], [10.9663061, 45.0073467], [10.9664509, 45.0072057], [10.9666622, 45.006804], [10.9671077, 45.0057521], [10.9671228, 45.0045893], [10.9672587, 45.003995], [10.9677931, 45.0036617], [10.9684857, 45.0034494], [10.9698958, 45.0032901], [10.9703925, 45.0035151], [10.9709994, 45.0037607], [10.9716947, 45.0043909], [10.9723017, 45.0050233], [10.9725969, 45.005248], [10.9733431, 45.0060234]]}}, {"type": "Feature", "properties": {"nome": "Secchia", "reale": "Secchia"}, "geometry": {"type": "LineString", "coordinates": [[10.2653508, 44.3363805], [10.2654587, 44.3363917], [10.26553, 44.3363977], [10.2655876, 44.3363954], [10.2656337, 44.3363887], [10.2656777, 44.3363812], [10.2657384, 44.3363715], [10.2658139, 44.3363647], [10.2658621, 44.3363647], [10.2659207, 44.3363677], [10.2659605, 44.3363752], [10.2660181, 44.3363909], [10.2660621, 44.3364059], [10.2661208, 44.3364307], [10.2661973, 44.3364726], [10.2662664, 44.3365176], [10.2663387, 44.3365828], [10.2664497, 44.3366884], [10.2665262, 44.3367738], [10.2666163, 44.3368652], [10.2667169, 44.3369634], [10.2668049, 44.3370443], [10.2668866, 44.3371012], [10.26694, 44.3371335], [10.2669829, 44.3371477], [10.2670206, 44.3371522], [10.2670573, 44.3371522], [10.2670929, 44.3371432], [10.2671327, 44.3371252], [10.2671778, 44.33709], [10.2672165, 44.337057], [10.267249, 44.3370211], [10.2672721, 44.3369851], [10.2672867, 44.3369169], [10.2673098, 44.3367191], [10.2673244, 44.336633], [10.267336, 44.336582], [10.2673622, 44.3365168], [10.2674009, 44.3364584], [10.2674145, 44.3364269], [10.2674281, 44.3363894], [10.2674365, 44.3363497], [10.2674344, 44.3363138], [10.2674302, 44.3362816], [10.267424, 44.3362501], [10.2674166, 44.3362126], [10.267402, 44.3361699], [10.2673894, 44.3361332], [10.2673789, 44.336098], [10.2673768, 44.3360373], [10.2673789, 44.3359998], [10.2673842, 44.3359661], [10.2673957, 44.3359346], [10.2674103, 44.3359122], [10.2674428, 44.3358807], [10.2674721, 44.3358567], [10.267512, 44.3358357], [10.2675643, 44.3358223], [10.2676398, 44.3358178], [10.2678398, 44.335835], [10.2679823, 44.335859], [10.2681133, 44.3358919], [10.2682568, 44.3359354], [10.2683793, 44.3359714], [10.2684757, 44.3360051], [10.2685794, 44.3360268], [10.2686611, 44.3360343], [10.2687345, 44.3360328], [10.2688204, 44.3360283], [10.2688979, 44.3360231], [10.2689586, 44.3360223], [10.2690414, 44.3360328], [10.2690948, 44.3360455], [10.269166, 44.3360793], [10.2691996, 44.3362044], [10.269232, 44.3362636], [10.2692959, 44.3363288], [10.2693483, 44.3363782], [10.2694164, 44.3364367], [10.2694803, 44.3364839], [10.2695515, 44.3365266], [10.2696165, 44.3365498], [10.2696867, 44.3365693], [10.269782, 44.336582], [10.2698637, 44.3365858], [10.2699559, 44.3365843], [10.2700554, 44.3365745], [10.2701654, 44.3365603], [10.2702513, 44.3365468], [10.2703425, 44.3365303], [10.2704315, 44.3365161], [10.2705153, 44.3364951], [10.2706075, 44.3364696], [10.2707028, 44.3364352], [10.2707835, 44.3364029], [10.2708369, 44.3363745], [10.2709218, 44.3363243], [10.2710129, 44.3362628], [10.2710988, 44.3362006], [10.2711732, 44.3361347], [10.2712538, 44.3360553], [10.271324, 44.3359774], [10.2713879, 44.3358919], [10.2714319, 44.3358208], [10.2714644, 44.3357638], [10.2715042, 44.3357196], [10.2715524, 44.3356716], [10.2715985, 44.3356274], [10.2716959, 44.33556], [10.2717629, 44.3355218], [10.2718279, 44.3354873], [10.2718887, 44.3354581], [10.2719274, 44.3354431], [10.2719882, 44.3354281], [10.2720395, 44.3354244], [10.2721118, 44.3354266], [10.2721725, 44.3354394], [10.2722584, 44.3354656], [10.2723642, 44.3355053], [10.2724732, 44.3355555], [10.2725476, 44.335596], [10.272623, 44.3356334], [10.272689, 44.3356627], [10.2727717, 44.3356911], [10.2728346, 44.3357046], [10.2729016, 44.3357129], [10.2729781, 44.3357241], [10.2730567, 44.3357421], [10.2731384, 44.3357653], [10.2732746, 44.3358148], [10.2733971, 44.3358717], [10.2735249, 44.3359309], [10.2736349, 44.3359961], [10.2737512, 44.3360688], [10.2738497, 44.336131], [10.2739146, 44.3361767], [10.2739796, 44.3362306], [10.274056, 44.3363085], [10.2741283, 44.336388], [10.2741943, 44.3364614], [10.2742478, 44.3365198], [10.2743316, 44.3365813], [10.2743986, 44.3366247], [10.2744929, 44.3366757], [10.2746113, 44.3367394], [10.2746909, 44.3367746], [10.2747579, 44.3368], [10.2748208, 44.336824], [10.2749014, 44.3368532], [10.2749549, 44.336872], [10.2750167, 44.3368885], [10.2750795, 44.3369012], [10.2751864, 44.3369222], [10.2752723, 44.3369462], [10.2753414, 44.3369641], [10.2754095, 44.3369956], [10.2754786, 44.3370338], [10.275575, 44.3370923], [10.2756305, 44.3371327], [10.2757039, 44.3371912], [10.275752, 44.3372399], [10.2757824, 44.3372841], [10.2758149, 44.3373328], [10.2758243, 44.3373852], [10.2758201, 44.3374496], [10.2758201, 44.3375358], [10.2758191, 44.3376047], [10.2758264, 44.3376654], [10.2758547, 44.3377336], [10.2759113, 44.3378078], [10.2759563, 44.3378557], [10.2760076, 44.3379044], [10.2761103, 44.3380146], [10.2761962, 44.3381112], [10.2762915, 44.3382154], [10.2764036, 44.3383195], [10.2765859, 44.3384799], [10.2772448, 44.3390073], [10.2773171, 44.3390605], [10.2774229, 44.3391212], [10.2774858, 44.3391512], [10.2775779, 44.3391856], [10.2776492, 44.3391976], [10.2777707, 44.3391976], [10.2778629, 44.3391946], [10.2779446, 44.3391886], [10.2780326, 44.3391841], [10.2781227, 44.3391826], [10.2782065, 44.3391864], [10.2782798, 44.3391931], [10.2783762, 44.3392096], [10.2784663, 44.3392283], [10.2785564, 44.3392411], [10.2786423, 44.3392493], [10.2787313, 44.3392568], [10.2788025, 44.3392636], [10.2789031, 44.3392755], [10.2789733, 44.3392868], [10.2790309, 44.3392935], [10.2791011, 44.3393115], [10.2791556, 44.339334], [10.27921, 44.3393685], [10.279276, 44.3394201], [10.2793232, 44.3394629], [10.2793871, 44.3395033], [10.2794279, 44.3395258], [10.2794667, 44.3395513], [10.2794887, 44.3395745], [10.2795013, 44.3396105], [10.2795138, 44.3396547], [10.2795358, 44.3397034], [10.2795557, 44.3397386], [10.2795892, 44.339773], [10.2796479, 44.339812], [10.2797244, 44.339851], [10.2798061, 44.3398869], [10.2798679, 44.3399041], [10.2799402, 44.3399184], [10.280002, 44.3399266], [10.2800544, 44.3399326], [10.2801214, 44.3399394], [10.2801738, 44.3399483], [10.2802586, 44.3399708], [10.2803393, 44.34], [10.2804367, 44.3400442], [10.2805174, 44.3401027], [10.2805928, 44.3401694], [10.2806389, 44.3402181], [10.2806714, 44.3402563], [10.2807018, 44.3402982], [10.2807311, 44.3403357], [10.2807594, 44.3403724], [10.2807918, 44.3404159], [10.2808275, 44.3404533], [10.2808798, 44.3404953], [10.2809616, 44.3405462], [10.2810223, 44.3405874], [10.2811344, 44.3406676], [10.2811931, 44.3407096], [10.2812465, 44.3407515], [10.2813251, 44.3408167], [10.2814057, 44.3408871], [10.2814654, 44.3409321], [10.2815429, 44.3409725], [10.2816173, 44.341007], [10.2816781, 44.3410272], [10.2817326, 44.3410497], [10.2817891, 44.3410812], [10.2818405, 44.3411104], [10.2818824, 44.3411441], [10.2819159, 44.3411816], [10.2819578, 44.3412377], [10.2819997, 44.3413037], [10.2820437, 44.3413531], [10.2820961, 44.3414086], [10.2821264, 44.341452], [10.2821401, 44.3414812], [10.2821537, 44.3415172], [10.2821704, 44.3415599], [10.2821778, 44.3415906], [10.2822123, 44.3416453], [10.2822459, 44.3416865], [10.2822867, 44.3417247], [10.2823412, 44.3417779], [10.2824218, 44.3418536], [10.2824973, 44.3419203], [10.2825706, 44.3419794], [10.2826754, 44.3420416], [10.2827529, 44.3420828], [10.2828199, 44.3421143], [10.2828985, 44.3421383], [10.2829938, 44.342151], [10.2831101, 44.3421585], [10.2832348, 44.3421682], [10.2833584, 44.3421772], [10.2834212, 44.3421787], [10.2834998, 44.342175], [10.2835616, 44.3421667], [10.2836244, 44.342163], [10.2837009, 44.34216], [10.2837847, 44.3421585], [10.2838518, 44.3421637], [10.2839209, 44.342178], [10.28399, 44.3421975], [10.2840917, 44.3422304], [10.2841943, 44.3422716], [10.285091, 44.342662], [10.2853068, 44.3427653], [10.2855038, 44.3428672], [10.2856714, 44.3429646], [10.2858369, 44.34308], [10.2859668, 44.3431744], [10.2861072, 44.3432898], [10.2862329, 44.3434216], [10.2863313, 44.343531], [10.28639, 44.3436434], [10.2864256, 44.3437453], [10.2864361, 44.3438591], [10.2864214, 44.343973], [10.2863963, 44.3440659], [10.2863649, 44.3441768], [10.2863397, 44.3442412], [10.2862685, 44.3443281], [10.2861637, 44.3444195], [10.2860024, 44.3445109], [10.2858935, 44.3445709], [10.2858159, 44.3446143], [10.2857667, 44.3446563], [10.2857206, 44.3447005], [10.2856944, 44.3447417], [10.2856787, 44.3447896], [10.2856787, 44.3448428], [10.2856902, 44.3449117], [10.2857258, 44.3449874], [10.2857803, 44.3450496], [10.2858453, 44.3451155], [10.2858767, 44.3451657], [10.285906, 44.3452316], [10.2859081, 44.345296], [10.2859123, 44.3453769], [10.2859312, 44.3454549], [10.2859542, 44.3455238], [10.285994, 44.3455807], [10.2860464, 44.3456361], [10.2861312, 44.3456998], [10.2862161, 44.3457665], [10.2863062, 44.3458234], [10.2864319, 44.3458744], [10.2865262, 44.3458909], [10.28661, 44.3458939], [10.2866917, 44.3458864], [10.286962, 44.3458519], [10.2870751, 44.3458369], [10.2872228, 44.3458212], [10.2873579, 44.3458062], [10.2874878, 44.3457837], [10.2875371, 44.3457642], [10.2875947, 44.345744], [10.2876471, 44.3457335], [10.2877078, 44.3457328], [10.2877728, 44.345735], [10.2878754, 44.34575], [10.2880556, 44.3457785], [10.2881834, 44.345804], [10.2883468, 44.3458384], [10.2885584, 44.3459058], [10.2887156, 44.3459553], [10.2888895, 44.3460272], [10.289034, 44.3460826], [10.2891639, 44.3461186], [10.2893127, 44.3461456], [10.2894614, 44.3461695], [10.2896542, 44.3461935], [10.289761, 44.346204], [10.2898909, 44.346201], [10.290025, 44.346201], [10.2901444, 44.3461995], [10.2902324, 44.346204], [10.2903288, 44.3462175], [10.2904, 44.3462325], [10.2904524, 44.3462549], [10.2905278, 44.3462954], [10.2906012, 44.3463583], [10.2906515, 44.3464183], [10.2906913, 44.3464872], [10.2907206, 44.3465666], [10.2907269, 44.346634], [10.2907185, 44.3467029], [10.2906766, 44.3468737], [10.2906619, 44.3469591], [10.2906745, 44.3470385], [10.2906996, 44.3471209], [10.2907457, 44.3471869], [10.2908086, 44.3472723], [10.2908882, 44.3473442], [10.2909741, 44.3473921], [10.2910768, 44.3474371], [10.2911878, 44.347467], [10.2912863, 44.3474805], [10.2913994, 44.3474835], [10.2915084, 44.347479], [10.2915901, 44.347479], [10.2916676, 44.3474835], [10.2917325, 44.347488], [10.2917912, 44.347509], [10.2918624, 44.3475345], [10.2919337, 44.3475839], [10.2919923, 44.3476348], [10.2920426, 44.3476783], [10.2921243, 44.3477936], [10.2921788, 44.3478985], [10.2922437, 44.3480603], [10.2922836, 44.3481203], [10.292338, 44.3481757], [10.2924491, 44.3482341], [10.2925287, 44.3482671], [10.2926125, 44.3483075], [10.2926942, 44.34836], [10.2927382, 44.3484124], [10.292799, 44.3485038], [10.2928597, 44.3485892], [10.2929435, 44.3487645], [10.292998, 44.3488454], [10.2930734, 44.3489188], [10.2931551, 44.3489997], [10.2932326, 44.3490611], [10.2932955, 44.3491031], [10.2934757, 44.3492259], [10.2935888, 44.3492844], [10.2936705, 44.3493173], [10.2937459, 44.3493398], [10.2938465, 44.3493548], [10.2939345, 44.3493683], [10.2939953, 44.3493773], [10.2940749, 44.3493952], [10.2941985, 44.3494417], [10.2942718, 44.3494821], [10.2943326, 44.3495301], [10.2943661, 44.3495795], [10.2943766, 44.3496335], [10.2943724, 44.3497174], [10.2943787, 44.3498072], [10.2943954, 44.3498672], [10.2944206, 44.3499181], [10.2944792, 44.3499945], [10.2945379, 44.3500515], [10.2946364, 44.3501488], [10.2947181, 44.3502148], [10.2948207, 44.3502807], [10.2949276, 44.3503226], [10.2950575, 44.3503721], [10.2952607, 44.350435], [10.2953906, 44.3504649], [10.2954723, 44.3504814], [10.2956672, 44.3505144], [10.2958306, 44.3505533], [10.2959584, 44.3505893], [10.2961532, 44.3506357], [10.2963041, 44.3506792], [10.2964549, 44.3507421], [10.2965555, 44.3507915], [10.2966603, 44.3508695], [10.2967524, 44.3509444], [10.2968321, 44.3509968], [10.2969326, 44.3510537], [10.2970877, 44.3511211], [10.2972364, 44.3511676], [10.2973914, 44.351208], [10.297557, 44.351244], [10.2977183, 44.351271], [10.2978524, 44.3512859], [10.2979907, 44.3512919], [10.2980703, 44.3512725], [10.2981352, 44.35125], [10.2981918, 44.351211], [10.29824, 44.3511811], [10.2983049, 44.3511226], [10.2983887, 44.3510522], [10.2984411, 44.3509908], [10.2984872, 44.3509354], [10.2985333, 44.3508859], [10.2985794, 44.3508515], [10.2986318, 44.350811], [10.2987093, 44.3507646], [10.2987784, 44.3507346], [10.2988517, 44.3507076], [10.2989439, 44.3506927], [10.2990361, 44.3506897], [10.2991199, 44.3507017], [10.2992624, 44.3507301], [10.2993902, 44.3507751], [10.299474, 44.3508245], [10.2995557, 44.3508919], [10.2995787, 44.3509384], [10.2996018, 44.3509803], [10.2996374, 44.3510223], [10.2996919, 44.3510537], [10.299782, 44.3510897], [10.2998909, 44.3511226], [10.3000481, 44.3511646], [10.3002136, 44.3512005], [10.3003896, 44.351226], [10.3005614, 44.351241], [10.3007038, 44.3512485], [10.3008128, 44.351247], [10.3009846, 44.3512485], [10.3011459, 44.3512515], [10.3012632, 44.3512605], [10.3014183, 44.3512769], [10.3015649, 44.3513099], [10.3017053, 44.3513668], [10.3018457, 44.3514387], [10.3019756, 44.3515047], [10.3020887, 44.3515721], [10.3021893, 44.3516485], [10.3022521, 44.3517369], [10.3022835, 44.3518148], [10.3023213, 44.3518882], [10.3023841, 44.3519691], [10.3024763, 44.3520605], [10.3025957, 44.3521713], [10.302734, 44.3522957], [10.3028429, 44.3523886], [10.3029791, 44.3524874], [10.3031279, 44.3525893], [10.3032431, 44.3526582], [10.3033981, 44.3527286], [10.3035511, 44.3527856], [10.3037061, 44.3528305], [10.3038591, 44.352865], [10.3039848, 44.3528874], [10.304121, 44.3529189], [10.304232, 44.3529578], [10.3043326, 44.3530013], [10.3044499, 44.3530507], [10.3045861, 44.3530957], [10.3047013, 44.3531331], [10.3048584, 44.3531796], [10.3049758, 44.353223], [10.3050742, 44.3532695], [10.3052062, 44.3533399], [10.3053529, 44.3534283], [10.3054514, 44.3534972], [10.3055226, 44.3535466], [10.3056253, 44.3536035], [10.3057216, 44.353647], [10.3057887, 44.353662], [10.3058725, 44.3536829], [10.3059437, 44.3537039], [10.3060212, 44.3537354], [10.3061113, 44.3537893], [10.3061909, 44.3538492], [10.306369, 44.354017], [10.3065282, 44.3541683], [10.3066372, 44.3542807], [10.3067357, 44.35439], [10.3069787, 44.3546642], [10.3070562, 44.3547511], [10.3071484, 44.3548334], [10.3072301, 44.3548859], [10.3073391, 44.3549383], [10.3074752, 44.3549862], [10.3076387, 44.3550147], [10.3078084, 44.3550402], [10.3079781, 44.3550626], [10.3081289, 44.3550776], [10.3082881, 44.3550971], [10.3084746, 44.3551226], [10.3087952, 44.3551361], [10.3090131, 44.3551316], [10.3092351, 44.3551211], [10.3096506, 44.3550824], [10.3101046, 44.3549892], [10.3102953, 44.3549518], [10.3104754, 44.3549173], [10.3107185, 44.3548709], [10.3108526, 44.3548604], [10.3109573, 44.3548604], [10.3110579, 44.3548709], [10.3111564, 44.3548844], [10.3113114, 44.3549323], [10.311479, 44.3549997], [10.3116655, 44.3550806], [10.3117765, 44.3551331], [10.3118855, 44.355199], [10.3119881, 44.3552709], [10.3120594, 44.3553338], [10.3122081, 44.3554387], [10.3123527, 44.3555211], [10.3125266, 44.3556094], [10.3126607, 44.3556649], [10.3127864, 44.3556978], [10.3129184, 44.3557143], [10.3130336, 44.3557263], [10.3132054, 44.3557323], [10.3133499, 44.3557308], [10.3135113, 44.3557143], [10.313681, 44.3556843], [10.3138423, 44.3556484], [10.3140258, 44.3555893], [10.3142048, 44.3555525], [10.314387, 44.355524], [10.3145484, 44.3554971], [10.3147725, 44.3554716], [10.3150554, 44.3554566], [10.3151853, 44.3554402], [10.3153424, 44.3554192], [10.3154262, 44.3554027], [10.3155561, 44.3553847], [10.3156671, 44.3553787], [10.3157656, 44.3553772], [10.3158955, 44.3553922], [10.316017, 44.3554102], [10.3161658, 44.3554447], [10.3163627, 44.3554971], [10.3165366, 44.355569], [10.3166812, 44.3556289], [10.3168216, 44.3556948], [10.3169452, 44.3557592], [10.3170709, 44.3558371], [10.3171945, 44.355915], [10.3173307, 44.3559914], [10.3175423, 44.3560888], [10.317756, 44.3561847], [10.3179362, 44.3562476], [10.3181226, 44.3562925], [10.3184124, 44.3563478], [10.3185312, 44.3563614], [10.3186527, 44.3563644], [10.3187742, 44.356357], [10.318923, 44.356357], [10.3190319, 44.3563674], [10.3191827, 44.3563914], [10.3193357, 44.3564199], [10.3194677, 44.3564633], [10.3196039, 44.3564888], [10.3197338, 44.3565038], [10.3198448, 44.3565142], [10.3199998, 44.3565217], [10.3201297, 44.3565352], [10.3202722, 44.3565532], [10.3204084, 44.3565847], [10.3204733, 44.3566131], [10.320553, 44.3566566], [10.3206514, 44.356703], [10.3207897, 44.3567659], [10.3208966, 44.3567959], [10.3210055, 44.3568258], [10.3211165, 44.3568483], [10.3212318, 44.3568603], [10.3213114, 44.3568618], [10.3213763, 44.3568603], [10.3214937, 44.3568273], [10.3216131, 44.3567854], [10.3217136, 44.3567539], [10.3217995, 44.3567285], [10.3218821, 44.3567128], [10.3222437, 44.3566176], [10.3223652, 44.3565861], [10.3224763, 44.3565562], [10.3225789, 44.3565232], [10.3226606, 44.3564963], [10.3227382, 44.3564693], [10.322822, 44.3564483], [10.3229016, 44.3564244], [10.322998, 44.3564049], [10.3231404, 44.3563884], [10.3232766, 44.3563839], [10.3234002, 44.3563929], [10.323505, 44.3564259], [10.3236181, 44.3564753], [10.3236956, 44.3565053], [10.3237941, 44.3565232], [10.3239093, 44.3565247], [10.3241796, 44.3565112], [10.3244624, 44.3564933], [10.3247034, 44.3564813], [10.3249087, 44.3564798], [10.3251056, 44.3564828], [10.3253319, 44.3564948], [10.3256168, 44.3565247], [10.3258557, 44.3565547], [10.3261322, 44.3565802], [10.3263355, 44.3565936], [10.3265722, 44.3566176], [10.3267524, 44.3566461], [10.3269682, 44.356688], [10.3271358, 44.3567165], [10.3273097, 44.3567345], [10.3275129, 44.3567374], [10.3276868, 44.3567359], [10.3280032, 44.356727], [10.3282043, 44.3567225], [10.328374, 44.3567075], [10.3285312, 44.3566955], [10.3286988, 44.356685], [10.3288894, 44.356679], [10.3290277, 44.3566835], [10.3291827, 44.3566925], [10.3293545, 44.3567075], [10.3295703, 44.3567285], [10.3297861, 44.3567644], [10.3300145, 44.3568213], [10.3302198, 44.3568858], [10.3303916, 44.3569547], [10.3305865, 44.3570535], [10.3310809, 44.3573516], [10.3312485, 44.35747], [10.331435, 44.3576138], [10.3316152, 44.3577741], [10.33181, 44.3579313], [10.3319567, 44.3580602], [10.3320887, 44.3581545], [10.3322207, 44.3582235], [10.332338, 44.3582819], [10.3325161, 44.3583718], [10.3326564, 44.3584407], [10.3328261, 44.3585156], [10.3329686, 44.3585635], [10.3331111, 44.358595], [10.3332661, 44.3586204], [10.3334945, 44.3586294], [10.333727, 44.3586099], [10.3338527, 44.3585905], [10.3340057, 44.358562], [10.3341146, 44.358535], [10.3342424, 44.3585006], [10.3343221, 44.3584766], [10.3344205, 44.3584437], [10.3345881, 44.3584092], [10.3347578, 44.3583747], [10.3349359, 44.3583373], [10.335091, 44.3583043], [10.3351831, 44.3582819], [10.3353151, 44.3582459], [10.3354408, 44.358225], [10.3355561, 44.35821], [10.3356881, 44.358204], [10.3357698, 44.358204], [10.3358703, 44.358216], [10.3359981, 44.3582429], [10.3360966, 44.3582834], [10.3361972, 44.3583433], [10.3362873, 44.3584107], [10.3363067, 44.358425], [10.3364109, 44.3585021], [10.3365387, 44.3586144], [10.3366434, 44.3586968], [10.3367377, 44.3587987], [10.3368111, 44.358935], [10.3368634, 44.3590398], [10.3369305, 44.3591926], [10.337008, 44.3593874], [10.3370227, 44.3594698], [10.3370206, 44.3595476], [10.3370122, 44.3596255], [10.3369975, 44.3597049], [10.3369598, 44.3598023], [10.3368257, 44.3600989], [10.3367817, 44.3602052], [10.336744, 44.3602966], [10.3367272, 44.3603955], [10.3367147, 44.3604824], [10.3367272, 44.3606142], [10.3367503, 44.3607115], [10.3368069, 44.3608194], [10.336899, 44.3609392], [10.3370017, 44.3610695], [10.3371295, 44.3612073], [10.3372615, 44.3613212], [10.3373516, 44.361414], [10.337427, 44.3615084], [10.3375003, 44.3616208], [10.3375506, 44.3617286], [10.3376135, 44.3618889], [10.3376596, 44.3620491], [10.3377099, 44.3622469], [10.3377308, 44.3624041], [10.3377811, 44.3625494], [10.3378481, 44.3627037], [10.3379131, 44.362846], [10.3381317, 44.3631873], [10.3377896, 44.3637253], [10.3378467, 44.364361], [10.3383027, 44.3648093], [10.3387359, 44.3654613], [10.3388706, 44.3656786], [10.3391806, 44.3661786], [10.3401129, 44.366771], [10.3403093, 44.3668958], [10.3413239, 44.3673033], [10.3424687, 44.3675686], [10.3425552, 44.3675886], [10.3431957, 44.3678967], [10.3436725, 44.3685584], [10.3445846, 44.369243], [10.3454055, 44.3696831], [10.3465798, 44.3700417], [10.3470928, 44.3703596], [10.3476173, 44.3709056], [10.3488144, 44.3714679], [10.3499659, 44.3722096], [10.3509578, 44.37278], [10.3516076, 44.3732282], [10.351847, 44.3735787], [10.351904, 44.3742632], [10.3515164, 44.3751515], [10.3515367, 44.375245], [10.351619, 44.3756241], [10.3522347, 44.3762027], [10.3524513, 44.3768139], [10.3529301, 44.3774739], [10.3535002, 44.3776532], [10.3547857, 44.3776216], [10.3553566, 44.3775139], [10.3561283, 44.3773775], [10.3570945, 44.3773301], [10.3574144, 44.3775274], [10.3579665, 44.3778906], [10.3586127, 44.3782], [10.3593216, 44.3784825], [10.3599929, 44.3786395], [10.3605638, 44.3786664], [10.3618311, 44.3787157], [10.362653, 44.3788188], [10.3632427, 44.3790744], [10.3635062, 44.3793883], [10.363707, 44.3796887], [10.3639391, 44.3800474], [10.3640907, 44.3806495], [10.3641085, 44.38072], [10.3641963, 44.381128], [10.3649555, 44.3821414], [10.3651123, 44.3823342], [10.3658714, 44.382926], [10.3664612, 44.3832309], [10.3669881, 44.383204], [10.3681049, 44.3830381], [10.3684374, 44.3830112], [10.3688389, 44.3829395], [10.36914, 44.3828319], [10.36946, 44.3827915], [10.3698992, 44.3828812], [10.3705077, 44.383204], [10.3709218, 44.3834103], [10.3711665, 44.3838452], [10.371568, 44.3842263], [10.3720448, 44.3844774], [10.3724839, 44.384585], [10.3728943, 44.3844413], [10.3731552, 44.3845402], [10.3733497, 44.3844101], [10.3736509, 44.3842756], [10.3740147, 44.3842891], [10.3744351, 44.3844639], [10.3747321, 44.3848603], [10.3753693, 44.3851055], [10.3756829, 44.3849935], [10.3763593, 44.3847973], [10.3769181, 44.3848043], [10.3774572, 44.3849654], [10.3779278, 44.3852947], [10.3784081, 44.3855399], [10.3791041, 44.3855189], [10.3793099, 44.3852737], [10.3796824, 44.3851125], [10.3804667, 44.3852527], [10.3807607, 44.3852246], [10.3812705, 44.3852246], [10.3818096, 44.3852457], [10.3822508, 44.3852527], [10.3826037, 44.3851966], [10.3830546, 44.3849864], [10.383231, 44.3847903], [10.38378, 44.3847202], [10.3844956, 44.3847413], [10.3857993, 44.3850215], [10.3862503, 44.3851616], [10.3868776, 44.3850775], [10.3875736, 44.3849654], [10.3882696, 44.3850215], [10.3885833, 44.3852386], [10.3888578, 44.3855189], [10.3893283, 44.3858061], [10.3902106, 44.3860793], [10.3908379, 44.3862825], [10.3914793, 44.3865774], [10.3919162, 44.3871932], [10.3920437, 44.3873683], [10.3925142, 44.3875504], [10.3929553, 44.3874664], [10.3940336, 44.3873193], [10.3946708, 44.3874944], [10.3951609, 44.3877396], [10.3955628, 44.3879287], [10.3961608, 44.3879427], [10.396749, 44.3878517], [10.3973077, 44.3878026], [10.3981605, 44.3877676], [10.3988369, 44.3878587], [10.3994839, 44.3880548], [10.4000133, 44.3881319], [10.4004152, 44.3879918], [10.4007779, 44.3875364], [10.4009053, 44.3872772], [10.4015915, 44.3868499], [10.401728, 44.3868179], [10.4027874, 44.3865697], [10.4034834, 44.3864226], [10.4043951, 44.3863595], [10.4051793, 44.3864996], [10.4056777, 44.3867659]]}}, {"type": "Feature", "properties": {"nome": "Secchia", "reale": "Secchia"}, "geometry": {"type": "LineString", "coordinates": [[10.9933356, 45.0378428], [10.9942755, 45.0381628], [10.9955427, 45.0383167], [10.9961, 45.0383564], [10.9965896, 45.038266], [10.9970412, 45.0381035], [10.9974963, 45.0377565], [10.9976997, 45.0375576], [10.9979934, 45.0370741], [10.9981814, 45.036495], [10.998199, 45.0359554], [10.9982489, 45.0355196], [10.9984222, 45.0349904], [10.9987129, 45.034677], [10.9990066, 45.0345587], [10.9993385, 45.0345442], [10.9996909, 45.0347289], [11.0005338, 45.0354013], [11.0016146, 45.0363643], [11.0023077, 45.0371488], [11.0027247, 45.0379623], [11.0032064, 45.0387779], [11.0034854, 45.0394171], [11.0034824, 45.0398052], [11.0033561, 45.040436], [11.0031858, 45.0409735], [11.0027805, 45.0416417], [11.0023047, 45.0422643], [11.0019024, 45.0426212], [11.0013972, 45.0428079], [11.000895, 45.0428598], [11.0003312, 45.0427291], [10.9992328, 45.0422456], [10.9985925, 45.042036], [10.9979053, 45.0420111], [10.9974266, 45.042063], [10.9970565, 45.0422456], [10.9969361, 45.042534], [10.9972122, 45.0429387], [10.9973358, 45.0432788]]}}, {"type": "Feature", "properties": {"nome": "Secchia", "reale": "Secchia"}, "geometry": {"type": "LineString", "coordinates": [[10.4470305, 44.3919312], [10.4474148, 44.3922951], [10.4483485, 44.392415], [10.4490525, 44.3934778], [10.4503625, 44.3941126], [10.4518871, 44.3946842], [10.4524623, 44.3948055], [10.453156, 44.3949568], [10.4541473, 44.395324], [10.4545268, 44.3954277], [10.4550651, 44.3955541], [10.4556853, 44.3958914], [10.4564166, 44.3961652], [10.4570208, 44.3965117], [10.4576772, 44.3967731], [10.4582447, 44.3967884], [10.4589543, 44.3969052], [10.4597649, 44.3970545], [10.4602498, 44.3972813], [10.4607779, 44.397633], [10.4612542, 44.3980678], [10.4615837, 44.3984209], [10.4617765, 44.3987551], [10.4620667, 44.3991464], [10.4623461, 44.399465], [10.4629839, 44.3997492], [10.4633131, 44.4001072], [10.4639723, 44.4010186], [10.4652783, 44.4025907], [10.4660384, 44.4032937], [10.4665962, 44.4038096], [10.4671139, 44.4041458], [10.4679696, 44.4047048], [10.4693587, 44.4054104], [10.4698465, 44.4056283], [10.4701497, 44.4058018], [10.4705538, 44.4058814], [10.4708321, 44.4059363], [10.4714322, 44.4064323], [10.471764, 44.4064138], [10.4730501, 44.4066039], [10.4743268, 44.407525], [10.4749621, 44.4076595], [10.4755742, 44.4079283], [10.4759505, 44.4080966], [10.4764234, 44.4080007], [10.4769017, 44.4079399], [10.4776843, 44.4079622], [10.4786064, 44.4079198], [10.4791353, 44.408057], [10.4805496, 44.4075044], [10.4809756, 44.4074186], [10.4814901, 44.4073923], [10.4817698, 44.4073187], [10.4827986, 44.4074746], [10.4835399, 44.4073569], [10.4845047, 44.4071636], [10.485046, 44.4069871], [10.4855167, 44.4067853], [10.4861285, 44.4065079], [10.4864697, 44.4060624], [10.4867757, 44.4058018], [10.4871169, 44.4055076], [10.4875875, 44.4053311], [10.4878935, 44.4052639], [10.4885406, 44.4052554], [10.4891525, 44.4053227], [10.4897996, 44.4053815], [10.4903291, 44.4051462], [10.4910301, 44.4049319], [10.4920823, 44.4043476], [10.4924824, 44.4039693], [10.4930119, 44.4039609], [10.4934825, 44.4043644], [10.4943923, 44.4044677], [10.4954499, 44.4046387], [10.4961376, 44.4047956], [10.4967783, 44.4049717], [10.4976152, 44.404823], [10.498648, 44.404583], [10.499354, 44.4048351], [10.5000512, 44.405216], [10.5003806, 44.4054178], [10.5019338, 44.4061575], [10.5023063, 44.4063275], [10.5023574, 44.4063508], [10.5037223, 44.4067123], [10.5049931, 44.4070149], [10.5058991, 44.4069561], [10.5067816, 44.4067207], [10.5073699, 44.4063845], [10.5083701, 44.4062836], [10.509429, 44.4064433], [10.5103351, 44.4065526], [10.5114058, 44.4063929], [10.5128531, 44.4067291], [10.514265, 44.4075024], [10.5153123, 44.4077042], [10.517289, 44.4077126], [10.5180538, 44.4074016], [10.5185127, 44.4071998], [10.519254, 44.4070065], [10.5198423, 44.4069813], [10.5203248, 44.4073764], [10.5211837, 44.4077126], [10.5223034, 44.4084977], [10.5232076, 44.4094778], [10.5233488, 44.4100409], [10.5242783, 44.4117304], [10.5245019, 44.412159], [10.5253138, 44.4130079], [10.525655, 44.4133441], [10.5260896, 44.4137041], [10.5266597, 44.4143962], [10.5276637, 44.4149449], [10.5284305, 44.4153581], [10.5292797, 44.4155724], [10.5295144, 44.4155546], [10.5304675, 44.4157059], [10.5313617, 44.4158908], [10.532303, 44.4159076], [10.5333738, 44.4161765], [10.5345622, 44.4165043], [10.5360565, 44.4164539], [10.537666, 44.4163375], [10.5380492, 44.4163481], [10.5384365, 44.4163859], [10.5387244, 44.4164176], [10.5389636, 44.4164585], [10.5391816, 44.4165174], [10.5394505, 44.4166142], [10.5398484, 44.4167276], [10.5400686, 44.416779], [10.5403945, 44.4168228], [10.5409555, 44.4168531], [10.5411312, 44.4168531], [10.5412793, 44.4168425], [10.5414635, 44.4168228], [10.5416159, 44.4167926], [10.5417768, 44.4167714], [10.5420943, 44.4167503], [10.5424986, 44.4167291], [10.5427526, 44.4167276], [10.5429304, 44.4167412], [10.5430976, 44.4167866], [10.5432585, 44.4168667], [10.543413, 44.4169695], [10.5436374, 44.4171267], [10.5440226, 44.4173702], [10.5445413, 44.4177149], [10.5447995, 44.4178993], [10.5450239, 44.4180702], [10.5452207, 44.4181941], [10.5454747, 44.4183348], [10.5456695, 44.4184224], [10.545896, 44.4184965], [10.5462909, 44.4186054], [10.546663, 44.4187309], [10.5469834, 44.4188254], [10.547339, 44.4189022], [10.5477503, 44.4189598], [10.5479467, 44.4189745], [10.5481183, 44.4189805], [10.5483105, 44.4189672], [10.5484573, 44.4189332], [10.5486164, 44.4188904], [10.5488149, 44.4188594], [10.5489761, 44.4188476], [10.549249, 44.4188284], [10.5495157, 44.4188151], [10.5498071, 44.4187826], [10.5499642, 44.418756], [10.5501172, 44.4187309], [10.5502392, 44.4187117], [10.5503756, 44.4186999], [10.5505699, 44.4186896], [10.5506919, 44.4186911], [10.5508159, 44.4187162], [10.5509213, 44.4187427], [10.5510557, 44.4187974], [10.5512417, 44.4188845], [10.5514319, 44.4189435], [10.5516531, 44.4190011], [10.5519301, 44.4190602], [10.5521575, 44.4191074], [10.5524241, 44.4191783], [10.5526515, 44.4192403], [10.5528355, 44.4193097], [10.5530029, 44.4193747], [10.5531145, 44.4194322], [10.5532365, 44.4195075], [10.5533399, 44.4195769], [10.5534515, 44.4196257], [10.5535838, 44.419664], [10.5537243, 44.4196847], [10.5539786, 44.4197009], [10.5542721, 44.4197083], [10.5546029, 44.4197113], [10.5548406, 44.4196995], [10.5550866, 44.419695], [10.555376, 44.4196759], [10.5556282, 44.4196626], [10.5560065, 44.4196301], [10.5564116, 44.419571], [10.5566824, 44.4195194], [10.5568953, 44.4194573], [10.5570607, 44.4193835], [10.5572674, 44.4192757], [10.5581005, 44.4188313], [10.5583568, 44.4186719], [10.5585676, 44.4185405], [10.5586979, 44.4184312], [10.5589294, 44.4181906], [10.5590534, 44.4180606], [10.559132, 44.4179957], [10.559225, 44.4179366], [10.5593469, 44.4178805], [10.5595144, 44.4178126], [10.5599319, 44.4176605], [10.5603009, 44.4175243], [10.5605931, 44.4174319], [10.5609277, 44.4173619], [10.5612273, 44.417317], [10.561451, 44.4172919], [10.5617599, 44.4172773], [10.5621352, 44.4172787], [10.5623349, 44.4172839], [10.5625587, 44.4172892], [10.5627898, 44.417313], [10.5629581, 44.4173341], [10.5631559, 44.4173777], [10.5636127, 44.417523], [10.5640861, 44.4176709], [10.5644207, 44.4177911], [10.5645835, 44.4178743], [10.5647185, 44.4179443], [10.5648534, 44.4180249], [10.5650587, 44.4181702], [10.5651918, 44.4182904], [10.5653453, 44.4184198], [10.5655117, 44.4184779], [10.5657133, 44.4185321], [10.5658446, 44.4185532], [10.5659444, 44.4185624], [10.5660461, 44.4185822], [10.5661146, 44.4186034], [10.5662218, 44.4186615], [10.5662662, 44.4186905], [10.566366, 44.4187605], [10.5664511, 44.4188187], [10.5666767, 44.4189719], [10.5669873, 44.4191885], [10.5673609, 44.4194024], [10.5674885, 44.4194883], [10.5675902, 44.4195675], [10.5677288, 44.4196705], [10.5678971, 44.4197762], [10.5681236, 44.4198818], [10.5682827, 44.4199842], [10.5683825, 44.4200628], [10.5684519, 44.4201314], [10.5685452, 44.4202034], [10.568646, 44.4202516], [10.5688143, 44.4203216], [10.5690214, 44.4203982], [10.5692044, 44.4204405], [10.5693616, 44.4204616], [10.569565, 44.4204814], [10.5697407, 44.420488], [10.5699589, 44.4204801], [10.5702178, 44.4204497], [10.5705525, 44.4204009], [10.5709093, 44.4203269], [10.5711997, 44.420249], [10.5715159, 44.4201552], [10.5717507, 44.4200601], [10.5718284, 44.420002], [10.571906, 44.4199281], [10.5719689, 44.4198581], [10.5720244, 44.4197881], [10.5720761, 44.4197352], [10.5721723, 44.4196745], [10.5722592, 44.4196309], [10.5724478, 44.4195688], [10.5726679, 44.4195147], [10.5728565, 44.4194698], [10.5730617, 44.4194407], [10.5732078, 44.4194169], [10.5733964, 44.4194024], [10.573561, 44.419372], [10.573683, 44.419343], [10.5739807, 44.4192479], [10.5744819, 44.4190868], [10.5749367, 44.4189613], [10.5752419, 44.4188688], [10.5754582, 44.4188187], [10.5757356, 44.4187619], [10.5760037, 44.4187077], [10.5764013, 44.4186245], [10.5768321, 44.4185426], [10.5777419, 44.4184092], [10.5780026, 44.4183683], [10.5781191, 44.4183313], [10.5782282, 44.4182732], [10.578304, 44.4182098], [10.5784353, 44.418083], [10.5785814, 44.4179192], [10.5786646, 44.4178255], [10.5787145, 44.4177264], [10.5787644, 44.4176075], [10.5788384, 44.4175177], [10.5789568, 44.4174094], [10.5790899, 44.417317], [10.5791934, 44.4172404], [10.5793118, 44.4171453], [10.57953, 44.4169762], [10.5796964, 44.4168415], [10.5798332, 44.416757], [10.5800145, 44.4166487], [10.5802253, 44.4165562], [10.5804545, 44.4164743], [10.5807023, 44.4163819], [10.5809594, 44.4162987], [10.5812219, 44.4162102], [10.5813532, 44.41616], [10.5815252, 44.416119], [10.5816472, 44.4160992], [10.5818969, 44.4160715], [10.5822371, 44.4160437], [10.5825293, 44.4160239], [10.5827512, 44.4159949], [10.5829768, 44.4159552], [10.5831968, 44.4158918], [10.5834298, 44.4157994], [10.5837331, 44.4156211], [10.5839013, 44.4155154], [10.5840252, 44.4154124], [10.584114, 44.4153107], [10.5841658, 44.4152064], [10.5841861, 44.4150954], [10.5841713, 44.4149858], [10.5841473, 44.4148775], [10.5841066, 44.4147731], [10.5840973, 44.4146899], [10.5841066, 44.4145169], [10.5841417, 44.4142263], [10.5841731, 44.4140176], [10.5842693, 44.4137746], [10.5843655, 44.4135791], [10.5844653, 44.4133757], [10.5845541, 44.4132317], [10.5846484, 44.4131102], [10.584763, 44.4129966], [10.584898, 44.4128843], [10.5850311, 44.4127773], [10.5852272, 44.41264], [10.5853991, 44.4125449], [10.5856247, 44.4124445], [10.585817, 44.4123692], [10.5860051, 44.4122993], [10.5860748, 44.4122818], [10.5861742, 44.4122656], [10.5862632, 44.4122519], [10.5863556, 44.412232], [10.5864777, 44.4121859], [10.5865579, 44.4121435], [10.5866381, 44.4120788], [10.5867044, 44.4120264], [10.5867602, 44.4119654], [10.58683, 44.4118794], [10.5868736, 44.4117947], [10.5868945, 44.4117088], [10.5868841, 44.4116079], [10.5868736, 44.4115555], [10.5868684, 44.411497], [10.5868614, 44.411426], [10.5868614, 44.4113487], [10.586891, 44.4112702], [10.5869242, 44.4112055], [10.586987, 44.4111469], [10.5870654, 44.4110996], [10.5871718, 44.4110547], [10.5874282, 44.4109899], [10.5875991, 44.410955], [10.5877909, 44.4109102], [10.5880491, 44.4108678], [10.5882409, 44.4108354], [10.5884781, 44.4108224], [10.5886194, 44.4108267], [10.5887606, 44.4108429], [10.5889246, 44.4108716], [10.5891356, 44.4109152], [10.5893641, 44.4109625], [10.5894809, 44.4109986], [10.5896132, 44.4110517], [10.589735, 44.4111239], [10.5898527, 44.411203], [10.5899856, 44.411297], [10.5901088, 44.4114038], [10.5901988, 44.411476], [10.5903054, 44.4115284], [10.5903761, 44.4115532], [10.5904494, 44.411571], [10.5905228, 44.4115927], [10.5905865, 44.4116115], [10.5907028, 44.4116303], [10.590797, 44.4116432], [10.5908606, 44.4116481], [10.5909326, 44.4116442], [10.5909866, 44.4116333], [10.5910365, 44.4116095], [10.5910877, 44.4115809], [10.59115, 44.4115453], [10.5912345, 44.4115077], [10.5913411, 44.4114711], [10.5914297, 44.4114285], [10.5915252, 44.4113781], [10.5915945, 44.4113257], [10.5917038, 44.4112446], [10.5918395, 44.4111249], [10.5918894, 44.4110913], [10.5919628, 44.4110567], [10.5920417, 44.4110408], [10.5921261, 44.411028], [10.5922494, 44.4110052], [10.5923878, 44.4109627], [10.5924875, 44.4109142], [10.5925706, 44.4108668], [10.5927436, 44.4107748], [10.5929513, 44.4106591], [10.5931244, 44.410571], [10.5932144, 44.4105048], [10.5933653, 44.4104187], [10.5934872, 44.4103604], [10.5935841, 44.4102951], [10.593609, 44.4102674], [10.5936671, 44.4101863], [10.5937198, 44.4101131], [10.5938042, 44.41003], [10.5939039, 44.4099104], [10.5939814, 44.4098006], [10.5940756, 44.4096522], [10.5942057, 44.4094069], [10.5942417, 44.4093436], [10.5943027, 44.4092922], [10.5944023, 44.4092467], [10.5944577, 44.4092249], [10.5945962, 44.4091893], [10.5946848, 44.4091636], [10.5948233, 44.4091181], [10.59497, 44.4090706], [10.5951389, 44.4090014], [10.5953245, 44.4088985], [10.5954989, 44.4087897], [10.5956997, 44.4086631], [10.5957869, 44.4086335], [10.5959157, 44.4086038], [10.5960167, 44.4085899], [10.5960887, 44.4085919], [10.5962092, 44.4086097], [10.596331, 44.4086305], [10.5964598, 44.4086513], [10.5965775, 44.4086641], [10.596637, 44.408679], [10.5966869, 44.4087057], [10.5967187, 44.4087492], [10.5967395, 44.4088006], [10.5967603, 44.4088352], [10.5967962, 44.4088728], [10.596817, 44.4088985], [10.5968502, 44.4089391], [10.5968862, 44.4089846], [10.5969222, 44.4090271], [10.5969555, 44.4090766], [10.5970358, 44.4091062], [10.5971189, 44.4091339], [10.5972352, 44.4091478], [10.5973736, 44.4091399], [10.5975287, 44.409128], [10.5977364, 44.4091043], [10.5979939, 44.4090647], [10.5982542, 44.4090271], [10.5984148, 44.4089915], [10.5985726, 44.4089381], [10.5987499, 44.4088689], [10.5989243, 44.4088016], [10.5991597, 44.4087106], [10.5992981, 44.4086711], [10.5993978, 44.4086394], [10.5996609, 44.4085998], [10.5999101, 44.4085761], [10.600176, 44.4085603], [10.6004861, 44.4085504], [10.6008572, 44.408495], [10.6012947, 44.4084218], [10.6017488, 44.4083031], [10.6020783, 44.4081923], [10.6023691, 44.4080994], [10.6025906, 44.4080202], [10.6029091, 44.4078936], [10.6031334, 44.4077927], [10.6034773, 44.407617], [10.6040228, 44.407309], [10.6044649, 44.4071622], [10.6045336, 44.4071431], [10.6045783, 44.4071257], [10.6046572, 44.4070963], [10.604685, 44.4070717], [10.6047095, 44.4070367], [10.6047362, 44.407001], [10.6047773, 44.4069541], [10.6048374, 44.4069144], [10.6049018, 44.4068874], [10.6051209, 44.4068389], [10.6052365, 44.4068198], [10.605321, 44.4068151], [10.6054167, 44.406823], [10.6054834, 44.4068183], [10.6055523, 44.406796], [10.6060714, 44.4066038], [10.6062722, 44.4065356], [10.6064092, 44.4064841], [10.606502, 44.4064396], [10.6065989, 44.4063862], [10.6066792, 44.4063407], [10.6067554, 44.4062903], [10.6068315, 44.4062557], [10.6068994, 44.406227], [10.6070268, 44.4061795], [10.6072081, 44.4061261], [10.6073507, 44.4060944], [10.6075072, 44.4060747], [10.6076512, 44.4060588], [10.6078187, 44.4060489], [10.6079683, 44.406046], [10.6080776, 44.4060479], [10.6082119, 44.4060618], [10.6082596, 44.4060707], [10.6091479, 44.4062359], [10.6093694, 44.4062794], [10.6095522, 44.406313], [10.6097488, 44.4063803], [10.6098429, 44.4064317], [10.6099288, 44.4064812], [10.6100451, 44.4065366], [10.6101448, 44.4065682], [10.6102777, 44.4066019], [10.6103718, 44.4066197], [10.6105574, 44.4066335], [10.6106737, 44.4066533], [10.6108537, 44.4066988], [10.6111583, 44.4068096], [10.6114269, 44.4069105], [10.6116152, 44.4069935], [10.6117675, 44.4070727], [10.6118921, 44.407136], [10.6119821, 44.4071765], [10.6120458, 44.4071953], [10.6121303, 44.4072176], [10.6123475, 44.4072568], [10.6124792, 44.4072789], [10.6126836, 44.4072972], [10.6128785, 44.4073096], [10.6130385, 44.4073183], [10.6131554, 44.407302], [10.6132657, 44.407277], [10.6133705, 44.4072357], [10.6135601, 44.4071425], [10.6137792, 44.4070331], [10.6138747, 44.4069716], [10.6140037, 44.406888], [10.6142242, 44.4067507], [10.6143909, 44.4066441], [10.6145294, 44.4065577], [10.6145966, 44.4065087], [10.6147014, 44.4064194], [10.6147982, 44.4062993], [10.6148641, 44.4061965], [10.6148937, 44.406138], [10.6149139, 44.4060986], [10.6149394, 44.4060506], [10.6149703, 44.4060074], [10.6150268, 44.4059363], [10.6151074, 44.4058662], [10.6151558, 44.4058393], [10.6152163, 44.4058124], [10.6153024, 44.4058009], [10.6153924, 44.405797], [10.6154744, 44.4058009], [10.6156183, 44.4058124], [10.6158092, 44.4058326], [10.6159194, 44.4058383], [10.6160189, 44.4058393], [10.6161654, 44.4058249], [10.6163832, 44.4057874], [10.6165338, 44.4057528], [10.6166413, 44.4057317], [10.6167892, 44.4057183], [10.6169667, 44.4057125], [10.6171522, 44.4057029], [10.617378, 44.4056837], [10.6176012, 44.4056549], [10.6178163, 44.4056145], [10.6179561, 44.4055877], [10.6181228, 44.4055416], [10.618346, 44.4054762], [10.6185073, 44.4054186], [10.6186283, 44.4053744], [10.6188138, 44.4053149], [10.6190262, 44.4052918], [10.619166, 44.4052746], [10.6193542, 44.4052688], [10.6195263, 44.4052842], [10.6196957, 44.405313], [10.619857, 44.4053524], [10.6200358, 44.4054071], [10.6201958, 44.4054772], [10.6203665, 44.4055704], [10.6204687, 44.4056472], [10.6205978, 44.4057586], [10.6207308, 44.4058892], [10.6208992, 44.4060736], [10.6211773, 44.4064021], [10.6213369, 44.4065988], [10.6215187, 44.4067974], [10.6216426, 44.4069233], [10.6217444, 44.4069981], [10.6218491, 44.407059], [10.6220363, 44.4071181], [10.6222813, 44.407183], [10.6224245, 44.4072144], [10.6226227, 44.4072144], [10.6227494, 44.4071948], [10.6228898, 44.4071535], [10.6229999, 44.4071358], [10.6231403, 44.4071495], [10.6232477, 44.4071751], [10.62387, 44.4073403], [10.6241756, 44.4074308], [10.6243573, 44.4074859], [10.6245583, 44.4075449], [10.6247152, 44.407598], [10.624908, 44.4076648], [10.6250704, 44.4077494], [10.6252383, 44.4078379], [10.6254358, 44.407953], [10.6256906, 44.4081112], [10.6258972, 44.4082354], [10.626025, 44.4083299], [10.6261304, 44.4084116], [10.626191, 44.408482], [10.6262044, 44.4085685], [10.6261963, 44.4086561], [10.6261708, 44.4088088], [10.6261651, 44.408883], [10.6262044, 44.4089658], [10.6262515, 44.409017], [10.6263264, 44.4090548], [10.6268891, 44.4093315], [10.6281419, 44.4100263], [10.6285016, 44.4102178], [10.6289278, 44.4104015], [10.6292696, 44.4105606], [10.6295691, 44.4107197], [10.6298148, 44.4108678], [10.6300567, 44.4110818], [10.6301911, 44.411282], [10.6303178, 44.4115508], [10.6304791, 44.4120089], [10.630531, 44.4122242], [10.6305636, 44.4123929], [10.6305655, 44.412552], [10.6305444, 44.4127124], [10.6305002, 44.4128797], [10.6304388, 44.4130525], [10.6303236, 44.4132267], [10.6300913, 44.4135819], [10.62974, 44.4139768], [10.6294462, 44.4143883], [10.6292523, 44.4146735], [10.6290814, 44.4149656], [10.6289202, 44.4152412], [10.6287378, 44.4155594], [10.6285707, 44.4158529], [10.6284364, 44.4161573], [10.6283807, 44.4163507], [10.6283692, 44.4165139], [10.6283922, 44.4166716], [10.6284575, 44.4168402], [10.6285458, 44.417002], [10.6286917, 44.4172379], [10.6288741, 44.4175972], [10.6289624, 44.4178166], [10.6289912, 44.4179661], [10.6290661, 44.418121], [10.6291698, 44.4183281], [10.6293886, 44.4185859], [10.6297611, 44.4190782], [10.6299607, 44.4193853], [10.6301739, 44.4196856], [10.6303582, 44.4199503], [10.6305252, 44.4201464], [10.6306673, 44.4202904], [10.6308746, 44.420518], [10.6311876, 44.4207771], [10.6315139, 44.4210212], [10.6318192, 44.4212036], [10.6323145, 44.4215039], [10.6329327, 44.4219317], [10.6333167, 44.4222169], [10.6335837, 44.4224593], [10.633763, 44.4226562], [10.6339424, 44.4228564], [10.6340814, 44.4229941], [10.6342272, 44.4230918], [10.6344133, 44.4231975], [10.634633, 44.4233016], [10.6348326, 44.4234025], [10.6350837, 44.4234922], [10.6352811, 44.4235386], [10.6355367, 44.4235594], [10.6359339, 44.4236098], [10.6361241, 44.4237172], [10.6362385, 44.4237916], [10.6363562, 44.4238557], [10.636465, 44.4238933], [10.6366275, 44.423951], [10.6367632, 44.4240022], [10.6368932, 44.4240655], [10.6370053, 44.4241279], [10.637187, 44.4242176], [10.6373305, 44.4242816], [10.6374403, 44.4243345], [10.6375502, 44.4243937], [10.6376309, 44.4244626], [10.6377049, 44.4245475], [10.637817, 44.42469], [10.6379336, 44.4248661], [10.6380009, 44.4250103], [10.6380592, 44.425156], [10.638104, 44.4252921], [10.6381579, 44.4254346], [10.6382229, 44.4255691], [10.6382969, 44.4257261], [10.6383843, 44.4258926], [10.6384942, 44.4260655], [10.6386736, 44.4263121], [10.6388373, 44.4265731], [10.638983, 44.4268133], [10.6390862, 44.4270183], [10.6391983, 44.4272073], [10.6393575, 44.427385], [10.6395055, 44.4275307], [10.6396827, 44.4276601], [10.6398956, 44.4277901], [10.6400526, 44.427939], [10.6401938, 44.4280864], [10.6403172, 44.4282625], [10.6404607, 44.428445], [10.6405795, 44.4285763], [10.6407656, 44.4287589], [10.6409674, 44.428943], [10.6412589, 44.4291848], [10.6415033, 44.4294186], [10.6416984, 44.4295707], [10.6418598, 44.4296972], [10.6420213, 44.4297725], [10.6421997, 44.4297997], [10.6423451, 44.4298238], [10.6425278, 44.4298649], [10.6427155, 44.4299337], [10.6428761, 44.4300062], [10.6431213, 44.4301064], [10.6433056, 44.4301994], [10.643451, 44.430296], [10.6435711, 44.4304071], [10.6436962, 44.430529], [10.6438383, 44.4306232], [10.6440073, 44.4307005], [10.6442018, 44.4308152], [10.6443438, 44.4309106], [10.6446229, 44.4310929], [10.6447852, 44.4311738], [10.6450304, 44.4312608], [10.6452823, 44.4313465], [10.6456154, 44.4314612], [10.6458928, 44.4315602], [10.6461836, 44.4316327], [10.6464812, 44.4316762], [10.6468498, 44.4317293], [10.6471779, 44.4317655], [10.6477038, 44.431786], [10.6484563, 44.4318645], [10.6488317, 44.4319189], [10.6491276, 44.4320143], [10.649437, 44.4321326], [10.649618, 44.432228], [10.6498801, 44.4323692], [10.6500999, 44.4325178], [10.6502385, 44.4326397], [10.650367, 44.4327629], [10.6504862, 44.4328644], [10.6505985, 44.4329081], [10.6507995, 44.4329543], [10.6511163, 44.4329786], [10.6529818, 44.4330535], [10.6543188, 44.4330032], [10.6550647, 44.4332143], [10.6561766, 44.4335258], [10.656838, 44.4339479], [10.6570492, 44.4344403], [10.6572462, 44.4357367], [10.6569366, 44.436631], [10.6562469, 44.4378871], [10.655881, 44.4390829], [10.6560921, 44.4398768], [10.6565988, 44.4406907], [10.6565988, 44.4419367], [10.6564581, 44.4423687], [10.6563455, 44.4429616], [10.6557121, 44.4434539], [10.6547129, 44.4442577], [10.6541922, 44.4447903], [10.6540092, 44.4457146], [10.6543892, 44.4470911], [10.6550935, 44.4487192], [10.6552759, 44.4491407], [10.655684, 44.4505774], [10.6554025, 44.4514816], [10.6554588, 44.4523155], [10.6558107, 44.4532196], [10.6567255, 44.4547265], [10.6570773, 44.4550078], [10.6573306, 44.4553393], [10.6576121, 44.4558617], [10.6577388, 44.4561229], [10.6577247, 44.4565649], [10.6582032, 44.4569366], [10.6590195, 44.4572882], [10.6597795, 44.4575795], [10.6605817, 44.4578206], [10.6612854, 44.4583229], [10.6615387, 44.4588151], [10.6613557, 44.4595283], [10.6611305, 44.4601712], [10.6618765, 44.4610852], [10.6635231, 44.4629335], [10.6648179, 44.4642493], [10.6657045, 44.464872], [10.6663238, 44.4652437], [10.6668586, 44.4657559], [10.6671823, 44.4663284], [10.6675763, 44.467393], [10.6686037, 44.468528], [10.6716577, 44.4699441], [10.6749088, 44.4709886], [10.6771077, 44.4714654], [10.6771324, 44.4714707], [10.6786946, 44.4716615], [10.6806931, 44.471782], [10.6811857, 44.4721134], [10.681622, 44.4728566], [10.6818242, 44.4729648], [10.6821849, 44.4731579], [10.6830293, 44.473429], [10.6836345, 44.4738006], [10.6849293, 44.4744333], [10.6865618, 44.4746843], [10.6880677, 44.4748551], [10.6893344, 44.4746442], [10.6901225, 44.4746241], [10.6910655, 44.4750157], [10.6919099, 44.475779], [10.6924869, 44.4766526], [10.6925573, 44.4777573], [10.6925854, 44.4785004], [10.6924025, 44.4790025], [10.6926136, 44.4795347], [10.6930185, 44.4799125], [10.6931545, 44.4800393], [10.6939022, 44.4801334], [10.6951556, 44.480306], [10.6964186, 44.4813471], [10.6968723, 44.4820557], [10.6971788, 44.4825719], [10.6974731, 44.4831842], [10.6976191, 44.4832649], [10.6978532, 44.4833942], [10.698687, 44.4834904], [10.6994105, 44.4836916], [10.7000726, 44.4841116], [10.7009187, 44.4847327], [10.7028315, 44.4856862], [10.7046217, 44.4867447], [10.7054188, 44.4873133], [10.705897, 44.4876019], [10.7066695, 44.4878119], [10.7070864, 44.4881093], [10.707258, 44.4884155], [10.7073439, 44.4887041], [10.7073316, 44.4889928], [10.7072825, 44.4891677], [10.7072825, 44.4893602], [10.7076504, 44.4896926], [10.7083003, 44.4901212], [10.7090482, 44.4905498], [10.7093548, 44.4911271], [10.7096, 44.4914507], [10.710066, 44.4917919], [10.7107649, 44.4919931], [10.7115496, 44.4918531], [10.7133895, 44.4919631], [10.7151423, 44.4917394], [10.7160374, 44.4919493], [10.716859, 44.4922817], [10.7172268, 44.4926578], [10.7172268, 44.4929202], [10.7171165, 44.4932351], [10.7166751, 44.4935325], [10.7161969, 44.4940223], [10.7161846, 44.4942235], [10.7171902, 44.4954689], [10.7180524, 44.4963743], [10.7207385, 44.4979307], [10.7219428, 44.4985352], [10.7222405, 44.4986557], [10.722498, 44.4986749], [10.7227153, 44.4986251], [10.7230157, 44.4986691], [10.7233188, 44.4987552], [10.723595, 44.4988796], [10.7237747, 44.4989618], [10.7240161, 44.4991015], [10.7241538, 44.499316], [10.7242475, 44.499686], [10.7248181, 44.5000867], [10.725258, 44.500278], [10.7263309, 44.500588], [10.7280746, 44.5014392], [10.7295647, 44.5020804], [10.7307946, 44.5025053], [10.7312864, 44.502676]]}}, {"type": "Feature", "properties": {"nome": "Secchia", "reale": "Secchia"}, "geometry": {"type": "LineString", "coordinates": [[10.9973358, 45.0432788], [10.9978681, 45.0435155], [10.9988917, 45.0441984], [11.0003612, 45.0451327], [11.0009107, 45.0454684], [11.0013808, 45.0458424], [11.0016571, 45.0462635], [11.001615, 45.0466102], [11.0001974, 45.0489922], [10.9999307, 45.0496089], [10.9998825, 45.0498941], [10.9998528, 45.0500699], [10.9995693, 45.0517476], [10.9995794, 45.0532315], [10.9995931, 45.0543132], [10.9994681, 45.0547219], [10.9992534, 45.0551774], [10.9987726, 45.0555226], [10.9982156, 45.0555411], [10.9977085, 45.0554137], [10.9970713, 45.0552194], [10.996741, 45.0551771], [10.9962538, 45.0551633], [10.995631, 45.0552219], [10.9944067, 45.0553713], [10.9935282, 45.0554321], [10.9928061, 45.0554308], [10.9923015, 45.0554932], [10.991669, 45.0556733], [10.9914519, 45.055886], [10.9912275, 45.0561613], [10.9913527, 45.0565341], [10.9916611, 45.0570389], [10.9920275, 45.0574372], [10.9926989, 45.0578973], [10.9935033, 45.0583647], [10.9940897, 45.0586912], [10.9948766, 45.0589121], [10.9955861, 45.0589361], [10.9960814, 45.0589127], [10.9966808, 45.0587985], [10.9971926, 45.0586605], [10.9977921, 45.0585654], [10.9982972, 45.0583893], [10.9988293, 45.0581039], [10.9996173, 45.057571], [11.0001359, 45.0571999], [11.0008834, 45.0568241], [11.001402, 45.0566671], [11.0018802, 45.056629], [11.0022843, 45.0567194], [11.0025605, 45.0569478], [11.0028029, 45.0572903], [11.0028501, 45.0577423], [11.002877, 45.0581705], [11.0030117, 45.0585987], [11.0034495, 45.059141], [11.0048908, 45.0611344], [11.0053891, 45.062044], [11.0057591, 45.0624086], [11.0076424, 45.0630315]]}}, {"type": "Feature", "properties": {"nome": "Secchia", "reale": "Secchia"}, "geometry": {"type": "LineString", "coordinates": [[10.8448007, 44.658546], [10.8449439, 44.6585242], [10.8453624, 44.6584609], [10.8457528, 44.6583966], [10.8459505, 44.658376], [10.8461619, 44.6583699], [10.8463681, 44.6583833], [10.8465693, 44.6584209], [10.8467722, 44.6584682], [10.8470176, 44.6585094], [10.8472324, 44.6584997], [10.8474609, 44.6585239], [10.8476739, 44.6585397], [10.8479518, 44.658553], [10.8481325, 44.6585846], [10.8486182, 44.6587401], [10.8490518, 44.6590096], [10.8495902, 44.6592897], [10.8500613, 44.6593752], [10.8505548, 44.65961], [10.8508614, 44.6597514], [10.8510745, 44.6600823], [10.8510745, 44.6603731], [10.8510879, 44.6606522], [10.8509698, 44.6607947], [10.850682, 44.6610215], [10.8506782, 44.6613658], [10.85048, 44.6616566], [10.8503018, 44.6618845], [10.8501892, 44.6620791], [10.8500859, 44.6624969], [10.8500403, 44.6626419], [10.850035, 44.6627945], [10.8500497, 44.6629471], [10.8499804, 44.6630943], [10.8499961, 44.6633797], [10.8500336, 44.6635223], [10.8500846, 44.6635728], [10.8501181, 44.6636253], [10.8501261, 44.6637188], [10.8501422, 44.6637474], [10.8501798, 44.6637646], [10.8501959, 44.6637922], [10.8501959, 44.6638213], [10.8501436, 44.663932], [10.8501007, 44.664035], [10.8501127, 44.664159], [10.850165, 44.6642601], [10.850222, 44.6643862], [10.8501986, 44.6644559], [10.8501972, 44.664536], [10.850267, 44.6646009], [10.8503568, 44.6646695], [10.8504641, 44.6647296], [10.8505996, 44.6648126], [10.850672, 44.6648603], [10.8507182, 44.6649261], [10.8507947, 44.6649843], [10.8508819, 44.6650072], [10.8509717, 44.6650215], [10.8511155, 44.6650303], [10.8514663, 44.6651485], [10.852382, 44.6654572], [10.8529066, 44.665501], [10.8532665, 44.6654436], [10.8537143, 44.6653069], [10.8540143, 44.665383], [10.8544995, 44.6657332], [10.854714, 44.6660694], [10.8546106, 44.6663072], [10.8542468, 44.6668946], [10.8540107, 44.667158], [10.8537572, 44.6676762], [10.853632, 44.6682468], [10.8537196, 44.6684697], [10.8535874, 44.6687396], [10.8534984, 44.6691529], [10.8534963, 44.669548], [10.8534947, 44.6698416], [10.8536035, 44.670242], [10.8537797, 44.6705754], [10.8536982, 44.6709495], [10.8532167, 44.6710672], [10.852516, 44.6711247], [10.8511715, 44.6714263], [10.8503984, 44.6714061], [10.8493101, 44.6709991], [10.8489185, 44.6710563], [10.848543, 44.6715484], [10.8485527, 44.6719908], [10.849131, 44.6725181], [10.8499772, 44.6729881], [10.8505861, 44.6735905], [10.8508234, 44.6739335], [10.8510091, 44.6746417], [10.8514983, 44.6750328], [10.8520168, 44.675228], [10.8525689, 44.6756014], [10.8537836, 44.6760194], [10.854991, 44.676252], [10.8561765, 44.6763131], [10.8570531, 44.6762352], [10.858431, 44.675944], [10.8599714, 44.6757368], [10.8608407, 44.6758079], [10.8613615, 44.675745], [10.8616793, 44.6756139], [10.8622077, 44.675592], [10.8623188, 44.6758515], [10.8624851, 44.676046], [10.8627706, 44.6761358], [10.8633067, 44.676133], [10.864624, 44.6757697], [10.8655053, 44.6754776], [10.8660363, 44.6754967], [10.8665674, 44.6757676], [10.8671488, 44.6762641], [10.8677668, 44.6767524], [10.8682217, 44.6771796], [10.8684947, 44.6775201]]}}, {"type": "Feature", "properties": {"nome": "Secchia", "reale": "Secchia"}, "geometry": {"type": "LineString", "coordinates": [[10.4660384, 44.4032937], [10.4670641, 44.4033407], [10.4674654, 44.4034085], [10.467874, 44.4035909], [10.4686182, 44.4041278], [10.4689021, 44.4043719], [10.4693407, 44.404652], [10.4697895, 44.4050464], [10.4705538, 44.4058814]]}}, {"type": "Feature", "properties": {"nome": "Secchia", "reale": "Secchia"}, "geometry": {"type": "LineString", "coordinates": [[10.9474904, 44.704682], [10.94791, 44.7054089], [10.9483447, 44.7061628], [10.9486523, 44.7069155], [10.949424, 44.7081725], [10.9502709, 44.7094702], [10.9511342, 44.710268], [10.951675, 44.710789], [10.9525222, 44.7112687], [10.9538035, 44.7119014], [10.9546275, 44.7122992], [10.9557518, 44.7128896], [10.9576569, 44.7138969], [10.9587044, 44.714556], [10.9593053, 44.7149647], [10.9597602, 44.7154221], [10.9607449, 44.716145], [10.962108, 44.7170658], [10.9641978, 44.7182955], [10.9657833, 44.7193825], [10.966109, 44.7196061]]}}, {"type": "Feature", "properties": {"nome": "Secchia", "reale": "Secchia"}, "geometry": {"type": "LineString", "coordinates": [[10.9117788, 44.6745507], [10.9121262, 44.6745225], [10.9125178, 44.6744768], [10.9130179, 44.6743962], [10.9145092, 44.6740357], [10.9162268, 44.67378], [10.9187331, 44.6736579], [10.920278, 44.6737495], [10.9211106, 44.6738715], [10.9215398, 44.6739936], [10.9221663, 44.6741462], [10.9230246, 44.6743903], [10.9240288, 44.6745246], [10.9250846, 44.6748786], [10.9259, 44.6752937], [10.9265608, 44.6758735], [10.9274449, 44.6767524], [10.9278807, 44.6771267], [10.9281058, 44.67732], [10.9285865, 44.6777045], [10.929419, 44.6785223], [10.9299082, 44.6789495], [10.9316764, 44.6802494], [10.9324305, 44.6807093], [10.9354872, 44.6834473], [10.9365859, 44.6848608], [10.9367243, 44.6851461], [10.9369098, 44.6856225]]}}, {"type": "Feature", "properties": {"nome": "Secchia", "reale": "Secchia"}, "geometry": {"type": "LineString", "coordinates": [[10.9369098, 44.6856225], [10.9370461, 44.6861911], [10.9372316, 44.687087], [10.9373282, 44.6874951], [10.9375155, 44.6880729], [10.9375589, 44.6883399], [10.9376532, 44.6885917], [10.9377587, 44.6887656], [10.9378928, 44.6889725], [10.9380014, 44.6891365], [10.9380524, 44.6892299], [10.9381427, 44.6893719], [10.9389574, 44.6905206], [10.9390824, 44.6907106], [10.9391467, 44.690865], [10.9392808, 44.6910996], [10.9394552, 44.6912998], [10.9398716, 44.6917397], [10.9400319, 44.6920492], [10.9401043, 44.6923047], [10.9401231, 44.6924992], [10.9403108, 44.6928119], [10.9405169, 44.6930432], [10.9407453, 44.6932981], [10.9408285, 44.6934335], [10.9409009, 44.6936146], [10.9410099, 44.6938306], [10.9422089, 44.6959562], [10.9424847, 44.6964029], [10.9429192, 44.6969597], [10.9443337, 44.6993089], [10.9455809, 44.7013739], [10.9474904, 44.704682]]}}, {"type": "Feature", "properties": {"nome": "Secchia", "reale": "Secchia"}, "geometry": {"type": "LineString", "coordinates": [[10.8684947, 44.6775201], [10.868785, 44.6778624], [10.8692946, 44.6782782], [10.8698783, 44.678504], [10.870522, 44.6784796], [10.8709683, 44.6782171], [10.871552, 44.6776556], [10.8721699, 44.6766059], [10.8724703, 44.6757026], [10.8728995, 44.6748969], [10.8733287, 44.6742988], [10.8738179, 44.6737617], [10.8744015, 44.673371], [10.8750024, 44.6733527], [10.8759036, 44.6737495], [10.8764786, 44.6742072], [10.876822, 44.6747138], [10.8771052, 44.6752448], [10.8772168, 44.6759467], [10.8774056, 44.676435], [10.8778348, 44.676966], [10.8783498, 44.6776984], [10.8785643, 44.6783697], [10.8786931, 44.678919], [10.8786931, 44.6794683], [10.8789248, 44.6798528], [10.8791823, 44.6802494], [10.8797488, 44.6803715], [10.8805556, 44.6801396], [10.8813109, 44.6796269], [10.8821263, 44.6790899], [10.8825812, 44.6786749], [10.8829589, 44.6782232], [10.8837571, 44.6774725], [10.884418, 44.677088], [10.8856454, 44.6768317], [10.8869929, 44.6768012], [10.8885894, 44.6769753], [10.8899893, 44.6772022], [10.8910505, 44.6772642], [10.8921942, 44.67732], [10.893456, 44.677442], [10.8941168, 44.6773932], [10.8948035, 44.6771674], [10.8953185, 44.6768805], [10.8958592, 44.6764777], [10.8965287, 44.676142], [10.8972843, 44.6756854], [10.8978032, 44.6753219]]}}, {"type": "Feature", "properties": {"nome": "Secchia", "reale": "Secchia"}, "geometry": {"type": "LineString", "coordinates": [[10.770285, 44.5487006], [10.7703071, 44.5490829], [10.7709132, 44.5502054], [10.7710149, 44.5503939], [10.7714441, 44.5510056], [10.7723024, 44.5518007], [10.7733659, 44.5531276], [10.7739332, 44.5539414], [10.7740742, 44.5547839], [10.7740902, 44.5553306], [10.7740634, 44.5559957], [10.7740312, 44.5563397], [10.7731361, 44.5584123], [10.7727946, 44.5590206], [10.7727946, 44.5597738], [10.7728603, 44.5601796], [10.7730385, 44.5606544], [10.7734532, 44.5616392], [10.7736757, 44.5630539], [10.7738044, 44.56391], [10.7739761, 44.5643992], [10.7745339, 44.5651673], [10.7754727, 44.566245], [10.7765563, 44.567747], [10.7772, 44.5685649], [10.7776989, 44.5690808], [10.7779135, 44.5694744], [10.7781924, 44.570426], [10.7783983, 44.5714983], [10.7784393, 44.5722566], [10.7783964, 44.5733266], [10.7784216, 44.5737121], [10.7784822, 44.5746411], [10.7784822, 44.5751914], [10.7784891, 44.5761969], [10.7787144, 44.57737], [10.778811, 44.5781991], [10.7789236, 44.5791888], [10.7790846, 44.5800714], [10.7792187, 44.5806675], [10.7793957, 44.5810878], [10.7796746, 44.5814087], [10.780077, 44.5816571], [10.7805812, 44.5819245], [10.7810318, 44.5821576], [10.7814395, 44.5824938], [10.7816809, 44.5827651], [10.7817775, 44.5831013], [10.7817292, 44.583491], [10.7817078, 44.5839571], [10.7816917, 44.5843163], [10.781638, 44.5845837], [10.781638, 44.5847633], [10.7817078, 44.5850155], [10.7817453, 44.5851836], [10.7817668, 44.5854166], [10.7817721, 44.5855962], [10.7817346, 44.5858445], [10.7815254, 44.5861005], [10.7813644, 44.5863374], [10.7810587, 44.5868799], [10.7808495, 44.5872084], [10.7808548, 44.5874338], [10.7809353, 44.5877662], [10.7811552, 44.5880566], [10.7813001, 44.5883393], [10.781402, 44.5886105], [10.7815522, 44.5891454], [10.7816273, 44.5895923], [10.7816595, 44.5899629], [10.7816273, 44.5903984], [10.7815897, 44.5906888], [10.7816487, 44.5909142], [10.781799, 44.5910746], [10.7820779, 44.5912159], [10.7824373, 44.5913497], [10.7826787, 44.5914528], [10.7829738, 44.5915827], [10.7831991, 44.5917126], [10.7832688, 44.5918463], [10.7832742, 44.5920258], [10.7831669, 44.5922894], [10.7829738, 44.5925415], [10.7829469, 44.5927287], [10.7830703, 44.5929656], [10.7833761, 44.5932482], [10.7835853, 44.5934927], [10.7839715, 44.5938442], [10.78417, 44.5942338], [10.784288, 44.5945967], [10.7843578, 44.5949558], [10.7843578, 44.5952423], [10.7842934, 44.5959451], [10.7842827, 44.5962927], [10.7842505, 44.5965754], [10.7841808, 44.5969154], [10.7840949, 44.5972133], [10.7839876, 44.5974272], [10.7837838, 44.597645], [10.7837677, 44.5978971], [10.7838964, 44.5981033], [10.784052, 44.5983401], [10.784331, 44.5988214], [10.7844704, 44.5991805], [10.7845885, 44.5996006], [10.7847655, 44.600418], [10.7849157, 44.6012431], [10.7850927, 44.6019726], [10.7852751, 44.6025799], [10.7853877, 44.6029504], [10.7855165, 44.6032674], [10.7856774, 44.6035195], [10.7858223, 44.603741], [10.7858276, 44.6039892], [10.7858169, 44.6042222], [10.785774, 44.6044934], [10.7855701, 44.6051007], [10.7855326, 44.6055055], [10.7854897, 44.6059065], [10.7851624, 44.6064336], [10.7850015, 44.6067009], [10.7848835, 44.6069835], [10.7848942, 44.6072661], [10.7849747, 44.6080109], [10.785141, 44.6088778], [10.7852751, 44.6095881], [10.7854575, 44.6100922], [10.7856935, 44.6106345], [10.7858813, 44.6110049], [10.7860583, 44.6114899], [10.7861763, 44.6118909], [10.7863319, 44.6123644], [10.7863641, 44.6127196], [10.7863533, 44.6130098], [10.7861763, 44.613281], [10.7860261, 44.6134184], [10.7857633, 44.6135635], [10.7853234, 44.6140791], [10.7850659, 44.6144418], [10.7848781, 44.6148848], [10.784862, 44.6151216], [10.784921, 44.6154118], [10.7850766, 44.6156905], [10.7853395, 44.6159158], [10.785774, 44.6160877], [10.7861602, 44.6162824], [10.7864928, 44.6166413], [10.7866216, 44.6168781], [10.7866377, 44.6172027], [10.7866162, 44.6174165], [10.7864445, 44.6176571], [10.7862407, 44.6179167], [10.7858115, 44.6182527], [10.7855701, 44.6184169], [10.7853717, 44.6186346], [10.785318, 44.6188408], [10.7853877, 44.6190164], [10.785597, 44.6196159], [10.7857633, 44.6201428], [10.7859081, 44.6204941], [10.7860798, 44.6208034], [10.7861656, 44.6210363], [10.7862192, 44.6212501], [10.786171, 44.6214448], [10.786069, 44.6216586], [10.7859135, 44.621819], [10.7857472, 44.6219584], [10.785715, 44.6221226], [10.7858571, 44.6223975], [10.7858545, 44.6226647], [10.785723, 44.6230866], [10.7856292, 44.6234207], [10.7855031, 44.6236135], [10.7854226, 44.6237281], [10.785377, 44.6238445], [10.7853395, 44.6240392], [10.7853126, 44.6241996], [10.7852375, 44.6244077], [10.7850337, 44.6246826], [10.7848835, 44.6248276], [10.7846689, 44.6249613], [10.7842666, 44.6252247], [10.783993, 44.6254652], [10.7837516, 44.6256752], [10.7835209, 44.6258738], [10.78336, 44.6259425], [10.7832527, 44.6260532], [10.7832125, 44.6261315], [10.7832205, 44.626246], [10.7832473, 44.6263796], [10.783183, 44.6265266], [10.7831293, 44.6266049], [10.7830864, 44.6267003], [10.7830703, 44.626853], [10.7830811, 44.6269237], [10.7831213, 44.6270649], [10.7832608, 44.6274486], [10.7834405, 44.627798], [10.7835746, 44.6280308], [10.7836014, 44.6282637], [10.7836068, 44.6284584], [10.7836389, 44.6286493], [10.7837355, 44.6288478], [10.783816, 44.6289891], [10.7840735, 44.6292143], [10.7842076, 44.6293136], [10.7844222, 44.6294587], [10.7847923, 44.6296725], [10.7854414, 44.6299168], [10.786069, 44.6301687], [10.7866591, 44.6304665], [10.7870507, 44.6306994], [10.7873458, 44.6309055], [10.7875228, 44.6311155], [10.7876784, 44.6314171], [10.7877105, 44.6316461], [10.7876944, 44.6318485], [10.7876515, 44.6320394], [10.7874691, 44.6323257], [10.7872492, 44.6326349], [10.7871473, 44.6328639], [10.7871205, 44.6330204], [10.7871553, 44.6331636], [10.7872251, 44.6333125], [10.7877159, 44.6338335], [10.7880324, 44.6341275], [10.7883275, 44.6344863], [10.7884911, 44.6347459], [10.7885554, 44.6349826], [10.7885689, 44.635265], [10.7885152, 44.6355494], [10.7885393, 44.6357479], [10.7886252, 44.6359922], [10.78877, 44.6362041], [10.7891053, 44.6365667], [10.7894191, 44.6369332], [10.7896712, 44.6371374], [10.7900146, 44.637458], [10.7903498, 44.6377271], [10.7905644, 44.6377691], [10.7908165, 44.6377691], [10.7909936, 44.637752], [10.7912832, 44.6376813], [10.7915595, 44.6376031], [10.791868, 44.6376298], [10.7920825, 44.6377176], [10.7922086, 44.6377901], [10.7923749, 44.6379218], [10.7925358, 44.6382196], [10.7927343, 44.6386318], [10.792914, 44.6389257], [10.7929864, 44.6391051], [10.7929864, 44.639315], [10.7929596, 44.6394983], [10.792965, 44.6397426], [10.7929945, 44.6399048], [10.7931232, 44.6402388], [10.7933459, 44.6405155], [10.7934478, 44.6406166], [10.7936785, 44.6407941], [10.7938769, 44.6409277], [10.794062, 44.6411586], [10.7941103, 44.64138], [10.7941103, 44.6416243], [10.7940004, 44.6421131], [10.7937, 44.6429559], [10.7935283, 44.6437009], [10.793597, 44.6445314], [10.7928846, 44.6456611], [10.7925413, 44.6461069], [10.7924984, 44.646913], [10.79267, 44.6473404], [10.7929381, 44.647888], [10.7935715, 44.6483664], [10.7940848, 44.6486458], [10.7943337, 44.6492202], [10.7945429, 44.6495949], [10.7949188, 44.6502531], [10.7954472, 44.6508796], [10.7956913, 44.651169], [10.7965392, 44.6523716], [10.7966684, 44.6530224], [10.7970523, 44.6534668], [10.7974776, 44.6537304], [10.797905, 44.653878], [10.7986251, 44.6538113], [10.7988521, 44.6537799], [10.7991608, 44.6538257], [10.7999347, 44.6541386], [10.8007411, 44.6550643], [10.8014914, 44.6552255], [10.8035448, 44.6559315], [10.8047676, 44.6563102], [10.8062739, 44.6568805], [10.806646, 44.6569735], [10.8077306, 44.6570664], [10.8089871, 44.65744], [10.8102825, 44.6577325], [10.8118914, 44.6582098], [10.8133591, 44.658466], [10.8139607, 44.6584306], [10.8145394, 44.6582997], [10.8153421, 44.6579918], [10.8154158, 44.6580103], [10.8157717, 44.6579408], [10.8166425, 44.6580961], [10.8173549, 44.6582374], [10.8183331, 44.6586964], [10.8186206, 44.6588122], [10.8189489, 44.6589256], [10.8192874, 44.6590425], [10.8202124, 44.6593706], [10.8211702, 44.6598059], [10.8214985, 44.6599571], [10.8220963, 44.6601532], [10.8228276, 44.6605624], [10.8246082, 44.6610274], [10.8255835, 44.6612231], [10.8259686, 44.6612939], [10.8266277, 44.6613566], [10.8271585, 44.661343], [10.8275685, 44.6613989], [10.8281817, 44.6615161], [10.8291972, 44.6618377], [10.8295152, 44.6619386], [10.8297758, 44.6619849], [10.8299866, 44.6619631], [10.8302127, 44.6618813], [10.8310615, 44.6615449], [10.8321895, 44.6613304], [10.8330059, 44.6613648], [10.8337054, 44.6612949], [10.8339051, 44.6613716], [10.8344781, 44.6613421], [10.8350267, 44.6612185], [10.8355466, 44.6612701], [10.8360471, 44.6613834], [10.83649, 44.6613971], [10.8369713, 44.6612701], [10.8373601, 44.6610747], [10.8375859, 44.6609892], [10.837852, 44.6609334], [10.8382389, 44.6607452], [10.838589, 44.6605058], [10.8388132, 44.6602017], [10.8391296, 44.6599784], [10.840036, 44.6597779], [10.8407445, 44.6596306], [10.841421, 44.6595242], [10.8421265, 44.6595138], [10.8423541, 44.6595171], [10.842611, 44.659517], [10.8428548, 44.6594818], [10.8430525, 44.6594236], [10.8432997, 44.6593448], [10.8435997, 44.6591993], [10.8438384, 44.6590672], [10.8440054, 44.6589532], [10.8440907, 44.6588744], [10.8441435, 44.6587931], [10.8442032, 44.658701], [10.8443549, 44.6586294], [10.8445883, 44.6585784], [10.8448007, 44.658546]]}}, {"type": "Feature", "properties": {"nome": "Secchia", "reale": "Secchia"}, "geometry": {"type": "LineString", "coordinates": [[10.8994002, 44.6696457], [10.8995671, 44.6695195], [10.8999963, 44.6693059], [10.9006829, 44.6690434], [10.9011699, 44.6688779], [10.9016528, 44.6687138], [10.9025211, 44.668606], [10.9034462, 44.6682851], [10.9047298, 44.6683081], [10.9056439, 44.6685306], [10.9064851, 44.6689579], [10.9069314, 44.6697637], [10.9070859, 44.6705572], [10.907103, 44.6711798], [10.9070172, 44.6717291], [10.9068112, 44.6722175]]}}, {"type": "Feature", "properties": {"nome": "Secchia", "reale": "Secchia"}, "geometry": {"type": "LineString", "coordinates": [[10.8978032, 44.6753219], [10.8979953, 44.6751442], [10.8980991, 44.6749392], [10.8982106, 44.6747042], [10.8983311, 44.6743537], [10.8984513, 44.6735603], [10.8983655, 44.6719916], [10.8983655, 44.6710455], [10.8983919, 44.6707941], [10.8984885, 44.6704936], [10.898577, 44.6703134], [10.8987088, 44.6700384], [10.8991496, 44.6697707], [10.8994002, 44.6696457]]}}, {"type": "Feature", "properties": {"nome": "Secchia", "reale": "Secchia"}, "geometry": {"type": "LineString", "coordinates": [[10.9068112, 44.6722175], [10.9066567, 44.6725837], [10.9064164, 44.6731086], [10.9062276, 44.6739143], [10.9063735, 44.6744025], [10.9066997, 44.6747521], [10.9067386, 44.674797], [10.9067909, 44.6748265], [10.9068727, 44.6748561], [10.9072789, 44.6749202], [10.908305, 44.6749393], [10.9092059, 44.6748664], [10.9101157, 44.6748359], [10.9111082, 44.6746651], [10.9117788, 44.6745507]]}}, {"type": "Feature", "properties": {"nome": "Secchia", "reale": "Secchia"}, "geometry": {"type": "LineString", "coordinates": [[10.4056777, 44.3867659], [10.4058263, 44.3868639], [10.4061429, 44.3868158], [10.4076692, 44.3865837], [10.4082181, 44.3867028], [10.4086298, 44.3868009], [10.4093748, 44.3868009], [10.4103943, 44.3865487], [10.4109727, 44.3861213], [10.4113942, 44.3860443], [10.4121, 44.3861844], [10.4128583, 44.3861024], [10.4139072, 44.386107], [10.4144397, 44.3861211], [10.4148186, 44.386147], [10.4149697, 44.3860559], [10.4152565, 44.3858832], [10.4163054, 44.3858691], [10.417815, 44.3860233], [10.4182561, 44.3862264], [10.4187364, 44.3866187], [10.4192854, 44.3869059], [10.4202264, 44.386976], [10.4213538, 44.3869129], [10.4217361, 44.3869129], [10.4225497, 44.3867658], [10.4233633, 44.3868429], [10.4238927, 44.386941], [10.4248239, 44.386997], [10.4254709, 44.386976], [10.4263629, 44.387046], [10.4270393, 44.3872702], [10.4277647, 44.3877536], [10.4280882, 44.3880338], [10.4287646, 44.3887973], [10.4295525, 44.3890285], [10.4305422, 44.3891789], [10.4308167, 44.3892559], [10.4310029, 44.3892909], [10.4315912, 44.3894521], [10.4321958, 44.3896974], [10.4324375, 44.3898072], [10.4326956, 44.3898584], [10.4329145, 44.3898653], [10.433483, 44.3899564], [10.434022, 44.3900623], [10.4348894, 44.3902803], [10.4354962, 44.3905373], [10.4357612, 44.3907522], [10.4362975, 44.3908856], [10.4370479, 44.3913096], [10.4373729, 44.3914446], [10.4378978, 44.391594], [10.4384979, 44.3916613], [10.4390038, 44.391821], [10.4397334, 44.3920985], [10.4402511, 44.3919387], [10.4410041, 44.3915856], [10.4420984, 44.3911147], [10.4427691, 44.3908709], [10.443734, 44.3906607], [10.4443105, 44.3906439], [10.4448165, 44.3907364], [10.4454989, 44.3909802], [10.4458872, 44.3911316], [10.4465461, 44.3914763], [10.4469227, 44.3917874], [10.4470318, 44.3918705], [10.4470305, 44.3919312]]}}, {"type": "Feature", "properties": {"nome": "il Grande Fiume", "reale": "Po"}, "geometry": {"type": "LineString", "coordinates": [[10.1339769, 45.0324936], [10.1381364, 45.0328674], [10.1494027, 45.031896], [10.1510063, 45.0319641], [10.1535297, 45.0320713], [10.1556864, 45.0324618], [10.1577384, 45.0328839], [10.1603871, 45.034033], [10.1632306, 45.0361936], [10.1653698, 45.0389752], [10.1666971, 45.0409138], [10.1684267, 45.0421428], [10.171951, 45.0433812], [10.1750391, 45.0436581], [10.1788662, 45.0429565], [10.1832433, 45.0408119], [10.1875597, 45.038159], [10.1889803, 45.0372784], [10.1968767, 45.0326687], [10.2034505, 45.0287866], [10.209408, 45.0252681], [10.2157595, 45.0229628], [10.2219667, 45.0225568], [10.2243246, 45.0228413], [10.2348547, 45.0273799], [10.2363589, 45.0280586], [10.2394836, 45.0287055], [10.2428965, 45.0287833], [10.2453382, 45.0281653], [10.2469287, 45.0272768], [10.2486279, 45.0261635], [10.2504665, 45.0239646], [10.2513543, 45.0213739], [10.2506068, 45.0171384], [10.2500918, 45.0133766], [10.2501161, 45.0132651], [10.2507784, 45.0102213], [10.2533533, 45.0070658], [10.2598765, 45.0042743], [10.2686312, 45.0052452], [10.2754977, 45.0056094], [10.2791743, 45.0055681], [10.2863123, 45.005488], [10.2907755, 45.0030605], [10.2980954, 44.9904621], [10.3016795, 44.9871112], [10.3058831, 44.9854277], [10.3087869, 44.9849181], [10.3109897, 44.9845315], [10.3244357, 44.9845741], [10.3295052, 44.983729], [10.3340437, 44.9822275], [10.338543, 44.979771], [10.3426886, 44.9754961], [10.347272, 44.9691359], [10.3499648, 44.9664712], [10.353791, 44.9641652], [10.3568922, 44.9629758], [10.3594056, 44.9625191], [10.3618632, 44.9626987], [10.3667679, 44.9639454], [10.3689916, 44.9648013], [10.3711812, 44.9662652], [10.3728546, 44.9679411], [10.3783297, 44.9734242], [10.3810235, 44.97721], [10.385323, 44.9832521], [10.3890287, 44.9864078], [10.3930912, 44.9885067], [10.3954766, 44.9892787], [10.3989066, 44.989453], [10.4010754, 44.9892118]]}}, {"type": "Feature", "properties": {"nome": "il Grande Fiume", "reale": "Po"}, "geometry": {"type": "LineString", "coordinates": [[9.4555355, 45.0935985], [9.4593769, 45.0943082], [9.465137, 45.0947796], [9.4701749, 45.0942937], [9.4792711, 45.0953891], [9.4835347, 45.0967027], [9.4989642, 45.1011122], [9.5033899, 45.1012857], [9.5052808, 45.1012963], [9.5066557, 45.1009741], [9.5120335, 45.0965279], [9.5138428, 45.0952327], [9.5172152, 45.0932127], [9.5199538, 45.0876859], [9.5226521, 45.0845626], [9.5262931, 45.0817385], [9.5298748, 45.0804702], [9.5332134, 45.0800693], [9.5342354, 45.0796879], [9.5370808, 45.0795299], [9.5406113, 45.080654], [9.5449498, 45.083113], [9.5476021, 45.0849222], [9.5498686, 45.0867268], [9.5520131, 45.0888374], [9.552999, 45.0904977], [9.5535635, 45.0924359], [9.5526465, 45.0945239], [9.5506935, 45.0978849], [9.5482344, 45.1012398], [9.5470576, 45.1040501], [9.5425364, 45.1072232], [9.5394771, 45.1093321], [9.5372389, 45.1108749], [9.5336909, 45.1162717], [9.5332236, 45.1207589], [9.5334941, 45.1228898], [9.5330937, 45.1259708], [9.5337084, 45.1303444], [9.5342627, 45.1325949], [9.5368281, 45.1351108], [9.5397318, 45.1371847], [9.5413095, 45.1374397], [9.5431652, 45.1374338], [9.5445634, 45.1368407], [9.5456966, 45.1361586], [9.5499909, 45.1333128], [9.5527773, 45.1310757], [9.5539078, 45.1293608], [9.5554886, 45.1274814], [9.556964, 45.1259181], [9.5594772, 45.1203479], [9.5613751, 45.1163229], [9.5631995, 45.1135526], [9.5651316, 45.1111287], [9.5686445, 45.107967], [9.5741423, 45.1041028], [9.5754596, 45.1029787], [9.5797278, 45.1005899], [9.585085, 45.0997643], [9.5905652, 45.0996238], [9.5953077, 45.1010817], [9.6019822, 45.10333], [9.613381, 45.1083173], [9.6151936, 45.1098696], [9.6162959, 45.1115644], [9.6168099, 45.1170648], [9.6170351, 45.1210878], [9.617808, 45.1245481], [9.6192771, 45.1268738], [9.6229346, 45.1311341], [9.6251911, 45.1321736], [9.6280073, 45.1322083], [9.6308916, 45.1313605], [9.6349862, 45.1286406], [9.6378141, 45.1264626], [9.6391666, 45.1245832], [9.6407299, 45.1209824], [9.6420121, 45.1178208], [9.6432767, 45.1154144], [9.6432503, 45.1133933], [9.6408995, 45.1090076], [9.6398474, 45.102395], [9.6371467, 45.0982713], [9.6353902, 45.0957069], [9.6324727, 45.0918224], [9.6315723, 45.0871544], [9.6322702, 45.0852273], [9.6348291, 45.0831607], [9.6410472, 45.0799679], [9.6432631, 45.0795537], [9.6486042, 45.0795346], [9.6550275, 45.0803905], [9.6637575, 45.0816303], [9.6708005, 45.0800744], [9.6757889, 45.0788624], [9.6801098, 45.0765614], [9.683008, 45.0743132], [9.6866245, 45.07064], [9.6879963, 45.0689911], [9.691158, 45.0663739], [9.6929713, 45.0651634], [9.6953555, 45.0635717], [9.7021774, 45.0608674], [9.7062268, 45.0595197]]}}, {"type": "Feature", "properties": {"nome": "il Grande Fiume", "reale": "Po"}, "geometry": {"type": "LineString", "coordinates": [[9.9052316, 45.0932148], [9.9065367, 45.0936927], [9.907946, 45.0942088], [9.9092871, 45.0946178], [9.9117923, 45.0952237], [9.9152635, 45.095822]]}}, {"type": "Feature", "properties": {"nome": "il Grande Fiume", "reale": "Po"}, "geometry": {"type": "LineString", "coordinates": [[11.1352878, 45.0558564], [11.135392, 45.0557276], [11.1357046, 45.0553314], [11.1372034, 45.0536907], [11.1386311, 45.0522106], [11.140335, 45.0506239], [11.1421981, 45.0492539], [11.1441183, 45.0481197], [11.1466531, 45.0470705], [11.1487369, 45.046398], [11.1511293, 45.045881], [11.1535121, 45.0456362], [11.1558315, 45.04549], [11.1589219, 45.0450915], [11.1608718, 45.0447582], [11.162891, 45.0448004], [11.1643613, 45.0452303], [11.1665159, 45.04609], [11.1692076, 45.0471858], [11.1696127, 45.0474302], [11.1706942, 45.0479018], [11.1726123, 45.0485973], [11.1748091, 45.0493882], [11.1766216, 45.0500538], [11.178717, 45.0509493], [11.180962, 45.0520182], [11.1853688, 45.0535839], [11.1873483, 45.0541756], [11.1897929, 45.0548304], [11.1922659, 45.0549785], [11.2002247, 45.0585175], [11.2069469, 45.0584502], [11.2109004, 45.0580884], [11.215672, 45.0565471], [11.2201352, 45.0539095], [11.2278867, 45.047705], [11.2297617, 45.0464031], [11.2337522, 45.0436267], [11.2361963, 45.0429514], [11.2481231, 45.0438873], [11.2507582, 45.0455088], [11.25159, 45.0480458], [11.2538387, 45.0516309], [11.256692, 45.0535439], [11.2580509, 45.0545969], [11.2605773, 45.0559091], [11.2625035, 45.0563951], [11.2648287, 45.0561654], [11.2685501, 45.0549269], [11.2705099, 45.0542223], [11.2707323, 45.0527208], [11.2710238, 45.0495957], [11.2712977, 45.0469597], [11.2702987, 45.0441459], [11.2697313, 45.0425478], [11.2651454, 45.0365], [11.2638305, 45.0342539], [11.2625858, 45.0309639], [11.2614184, 45.0288458], [11.2605837, 45.0247919], [11.261661, 45.0225972], [11.2637228, 45.0204137], [11.2660188, 45.019142], [11.26648, 45.0190314], [11.275705, 45.0170889], [11.2930558, 45.014128], [11.3022571, 45.0114349]]}}, {"type": "Feature", "properties": {"nome": "il Grande Fiume", "reale": "Po"}, "geometry": {"type": "LineString", "coordinates": [[10.9743496, 45.0683725], [10.9841894, 45.0698432], [10.9860374, 45.070001], [10.9948399, 45.0683638], [11.0011436, 45.0666064], [11.0064651, 45.0636662], [11.0076424, 45.0630315], [11.0138251, 45.0575731], [11.0173871, 45.0549053], [11.0209061, 45.0539958], [11.031986, 45.0507597], [11.0517767, 45.0484099], [11.0612396, 45.0452026], [11.0694082, 45.0427169], [11.0732199, 45.0424438], [11.0807982, 45.0429972], [11.086389, 45.0437954], [11.0935357, 45.0456449], [11.096772, 45.0473276], [11.1003063, 45.0498219], [11.1057941, 45.0514909], [11.1112178, 45.0529834], [11.114011, 45.0547689], [11.1151317, 45.0567802]]}}, {"type": "Feature", "properties": {"nome": "il Grande Fiume", "reale": "Po"}, "geometry": {"type": "LineString", "coordinates": [[10.7045624, 45.0520346], [10.7106135, 45.0524742], [10.7141601, 45.0525655], [10.7158612, 45.0521432], [10.7183441, 45.0512173], [10.7207844, 45.0492452], [10.7210488, 45.0490821], [10.7261488, 45.0457129], [10.7292256, 45.0429801], [10.7333846, 45.0405009], [10.7371003, 45.0393428], [10.7394733, 45.0392319], [10.7412868, 45.039589], [10.743036, 45.0401183], [10.7527563, 45.0448184], [10.7537213, 45.0452144], [10.7543228, 45.0453642], [10.7567689, 45.0458039], [10.7620231, 45.0462658], [10.7650915, 45.0465539], [10.7676772, 45.0464326], [10.7846824, 45.0407168], [10.7896434, 45.0397752], [10.7975398, 45.0401391], [10.8014301, 45.0414218], [10.8047496, 45.0413521], [10.8117834, 45.0430517], [10.8192078, 45.0430668], [10.8287817, 45.0407622], [10.8344383, 45.0408746], [10.8377579, 45.0421951], [10.8392364, 45.0429167], [10.8406268, 45.0438992], [10.8496991, 45.052542], [10.8517161, 45.0541488], [10.862445, 45.0609697], [10.8661572, 45.0621519], [10.8701063, 45.0628907], [10.8743078, 45.0621497], [10.8783268, 45.0600877], [10.8828174, 45.05652], [10.8860161, 45.052058], [10.8887926, 45.0499991], [10.8919096, 45.0486177], [10.8956587, 45.0481231], [10.8998935, 45.0484758], [10.9028837, 45.0500105], [10.9053084, 45.0518448], [10.9070005, 45.054096], [10.9073071, 45.0555928], [10.9077385, 45.057364], [10.9067246, 45.0642285], [10.9066405, 45.0691391], [10.9066478, 45.0701445], [10.909606, 45.0777151], [10.9110045, 45.0787169], [10.914619, 45.0789039], [10.9181843, 45.0787642], [10.922662, 45.0786137], [10.9344827, 45.0734652], [10.9386884, 45.0712527], [10.9524213, 45.0650393], [10.9743496, 45.0683725]]}}, {"type": "Feature", "properties": {"nome": "il Grande Fiume", "reale": "Po"}, "geometry": {"type": "LineString", "coordinates": [[9.9872541, 45.1318534], [9.9914995, 45.1299883], [9.9942398, 45.1285291], [10.0012268, 45.1240342], [10.0027364, 45.1213995], [10.0023188, 45.1166389], [10.0035483, 45.1126951], [10.0071162, 45.1091391], [10.0247755, 45.103023], [10.0279242, 45.1010824], [10.0294946, 45.0996062], [10.030558, 45.0977726], [10.0311186, 45.0936075], [10.0302525, 45.0887299], [10.03043, 45.0855468], [10.0312788, 45.0832669], [10.0328237, 45.0803579], [10.0432092, 45.0710844], [10.0466425, 45.0676292], [10.0481927, 45.0644031], [10.0484089, 45.0596529], [10.0480157, 45.0550188], [10.0473257, 45.0450088], [10.0478441, 45.0419206], [10.0496504, 45.0390431], [10.0503824, 45.0381836], [10.0513135, 45.0373952], [10.0523073, 45.0365834], [10.0544854, 45.0353763], [10.0578004, 45.0335507], [10.0665552, 45.031731], [10.0798661, 45.0311075], [10.0832393, 45.0306301], [10.0883562, 45.0288193], [10.0903307, 45.0280207], [10.0924689, 45.0267594], [10.0973842, 45.0221366], [10.1004454, 45.0190093], [10.103119, 45.018506], [10.1082689, 45.0180207], [10.112804, 45.0187893], [10.1165033, 45.0212249], [10.1175016, 45.0222034], [10.122467, 45.0267126], [10.1255846, 45.0289801], [10.1288683, 45.0308818], [10.1314778, 45.0318438], [10.1339769, 45.0324936]]}}, {"type": "Feature", "properties": {"nome": "il Grande Fiume", "reale": "Po"}, "geometry": {"type": "LineString", "coordinates": [[11.2625858, 45.0309639], [11.264588, 45.0295191], [11.2654187, 45.0290309], [11.266483, 45.0287107], [11.2674867, 45.0284317], [11.2683482, 45.0285048], [11.2691849, 45.0284135], [11.2699583, 45.0283715], [11.2702859, 45.0283103], [11.2705331, 45.0281728], [11.2707318, 45.0278683], [11.270884, 45.0272772], [11.273618, 45.0223864], [11.2737425, 45.0221638], [11.2738847, 45.0218159], [11.2752281, 45.0185281], [11.2753015, 45.0183243], [11.2755067, 45.0177546], [11.2755734, 45.0175695], [11.2756829, 45.0172653], [11.275705, 45.0170889]]}}, {"type": "Feature", "properties": {"nome": "il Grande Fiume", "reale": "Po"}, "geometry": {"type": "LineString", "coordinates": [[10.4010754, 44.9892118], [10.4075575, 44.987177], [10.4102717, 44.9863789], [10.4191981, 44.9784866], [10.4212728, 44.9764298], [10.4230237, 44.9746214], [10.4253719, 44.9713745], [10.4270787, 44.968862], [10.4286506, 44.9642822], [10.4288384, 44.9573877], [10.4278234, 44.9443235], [10.4280724, 44.9430666], [10.4301473, 44.9393511], [10.4310293, 44.9386025], [10.4328498, 44.9377499], [10.4360209, 44.9364882], [10.4419776, 44.9357547], [10.4789276, 44.9360512], [10.4854843, 44.9350497], [10.4891308, 44.9337833], [10.4942237, 44.9313886], [10.4991594, 44.9261942], [10.5049998, 44.9187309], [10.5116689, 44.9126067], [10.5152523, 44.9109959], [10.5205738, 44.9098561], [10.5235779, 44.9100537], [10.5302518, 44.9118902], [10.5370325, 44.9127867], [10.5428475, 44.9120269], [10.5480832, 44.9109024], [10.5687314, 44.9045145], [10.5769736, 44.9036302], [10.5815184, 44.9037392], [10.5855818, 44.9044192], [10.5906878, 44.9060696], [10.5942927, 44.9083796], [10.5997302, 44.9119128], [10.6047774, 44.9184385], [10.6083915, 44.9212706], [10.6117158, 44.9227136], [10.625129, 44.925208], [10.62811, 44.9257624], [10.6317576, 44.9281598], [10.6335333, 44.9305903], [10.6351869, 44.93595], [10.6372727, 44.9419047], [10.6414715, 44.9477949], [10.644262, 44.9498766], [10.6635803, 44.9581354], [10.6665567, 44.9611679], [10.6684504, 44.9650065], [10.671197, 44.9788509], [10.6737878, 44.9829614], [10.6768835, 44.9855284], [10.6975613, 44.996237], [10.6986628, 44.9968194], [10.7004297, 44.9993657], [10.7007175, 45.0025021], [10.700173, 45.0041511], [10.6998843, 45.0055565], [10.6985832, 45.0074783], [10.6951893, 45.0095671], [10.6871831, 45.0106446], [10.6824148, 45.011959], [10.6791519, 45.0143265], [10.6765752, 45.0172468], [10.6750567, 45.0197995], [10.6753169, 45.0240042], [10.6757492, 45.0311037], [10.6758726, 45.0326549], [10.673903, 45.0344989], [10.6700926, 45.0359952], [10.6675254, 45.0377436], [10.6637506, 45.0406332], [10.6622477, 45.0428134], [10.6624091, 45.0446961], [10.6628115, 45.0465187], [10.6639553, 45.047961], [10.6664385, 45.0486755], [10.6683737, 45.0491981], [10.6715457, 45.049069], [10.6900798, 45.0474165], [10.7045624, 45.0520346]]}}, {"type": "Feature", "properties": {"nome": "il Grande Fiume", "reale": "Po"}, "geometry": {"type": "LineString", "coordinates": [[11.3022571, 45.0114349], [11.3147427, 45.0077873], [11.3191584, 45.0029398], [11.3259135, 44.9946343], [11.3325909, 44.9909981], [11.3372901, 44.9892833], [11.3425687, 44.9879326], [11.3493279, 44.9860659], [11.3560012, 44.9843206], [11.3808492, 44.9758512], [11.3898398, 44.9719449], [11.3971999, 44.9687469], [11.4080575, 44.9680789], [11.4151263, 44.9674491], [11.4218471, 44.9661709], [11.4269335, 44.9648501], [11.4298014, 44.9619603], [11.4305501, 44.9574179], [11.4300243, 44.952848], [11.4270261, 44.9475197], [11.4261696, 44.9447635], [11.4225504, 44.9371664], [11.421114, 44.9328503], [11.4208872, 44.9307784], [11.4222798, 44.9282749], [11.4252526, 44.9262623], [11.4279853, 44.9256226], [11.432686, 44.9264661], [11.4388525, 44.9294128], [11.4413533, 44.9306078], [11.4419566, 44.9308669], [11.4670192, 44.9362139], [11.5079792, 44.9362123], [11.5206157, 44.9382666], [11.5254323, 44.9379635], [11.5301431, 44.9375433], [11.5371291, 44.9362943], [11.5432878, 44.930864], [11.5501598, 44.9281161], [11.5576564, 44.9217515], [11.5809389, 44.9156147], [11.5871821, 44.9115405], [11.5898805, 44.9087114], [11.5880404, 44.8981662], [11.5925275, 44.8904314], [11.5969777, 44.8881536], [11.6046181, 44.8885873], [11.6057676, 44.888639], [11.6203625, 44.8878142], [11.6242053, 44.8883301], [11.6256343, 44.8888024], [11.6427965, 44.8965699], [11.6454681, 44.8982601], [11.6699229, 44.9137287], [11.6936122, 44.9179833], [11.7167865, 44.925884], [11.7392741, 44.9288008], [11.7433909, 44.9311258], [11.7450465, 44.933748], [11.7453058, 44.936009], [11.7449547, 44.9376299], [11.743866, 44.9400343], [11.7407948, 44.9450222], [11.7401324, 44.9493364], [11.7409704, 44.9542121], [11.7443192, 44.9578323], [11.7494085, 44.9588475], [11.7627525, 44.9595143], [11.7829888, 44.9629227], [11.7864847, 44.9643425], [11.7996989, 44.9753294], [11.8048847, 44.9771549], [11.8108533, 44.9782663], [11.8172731, 44.9779159], [11.8343745, 44.9730221], [11.8426504, 44.9720759], [11.8491446, 44.9723089], [11.8547149, 44.9729988], [11.8657683, 44.9747396], [11.8740482, 44.9746054], [11.8752179, 44.9745811], [11.8926231, 44.9768776], [11.8972577, 44.9771473], [11.9270541, 44.9749128], [11.9364491, 44.9764021], [11.9502983, 44.982499], [11.9614039, 44.9863789], [11.9657329, 44.9869411], [11.9725677, 44.9865808], [11.9847499, 44.9845577], [11.9987196, 44.9806507], [12.01252, 44.9767907], [12.0163082, 44.9758401], [12.0492008, 44.9759834]]}}, {"type": "Feature", "properties": {"nome": "il Grande Fiume", "reale": "Po"}, "geometry": {"type": "LineString", "coordinates": [[9.89289, 45.1375136], [9.9002115, 45.1394198], [9.9068549, 45.1402509], [9.9102663, 45.1403998], [9.9137207, 45.1403064], [9.9172891, 45.139897], [9.9192454, 45.1393946], [9.92103, 45.1388014], [9.9228398, 45.1376232], [9.9239886, 45.1362015], [9.9252539, 45.1341972], [9.925794, 45.1319795], [9.9250698, 45.1297918], [9.9234879, 45.1273993], [9.9218401, 45.1247987], [9.9216448, 45.1230558], [9.9220932, 45.1214947], [9.9233423, 45.1205446], [9.9247201, 45.1197459], [9.9267305, 45.1189715], [9.9287837, 45.1186211], [9.9311362, 45.118754], [9.9334242, 45.1193261], [9.9407236, 45.1221696], [9.9431646, 45.1224334], [9.9464691, 45.121737], [9.9531639, 45.1196778], [9.9561567, 45.1190394], [9.9603386, 45.11845]]}}, {"type": "Feature", "properties": {"nome": "il Grande Fiume", "reale": "Po"}, "geometry": {"type": "LineString", "coordinates": [[9.7062268, 45.0595197], [9.7092782, 45.0584662], [9.710935, 45.0577722], [9.7151864, 45.0573984], [9.7175737, 45.0577928], [9.7212837, 45.0585531], [9.7228499, 45.0591613], [9.7238008, 45.0595372], [9.726119, 45.0604537], [9.7310606, 45.0631906], [9.7333791, 45.0650092], [9.7351508, 45.0663989], [9.7393474, 45.0699265], [9.7445172, 45.0770425], [9.7494285, 45.0828813], [9.752287, 45.0863481], [9.7576696, 45.0906968], [9.7595399, 45.0934337], [9.7595855, 45.0959577], [9.7577153, 45.0988011], [9.7554497, 45.1022679], [9.7544803, 45.1064758], [9.7553175, 45.1088173], [9.7567163, 45.1108014], [9.7583471, 45.1119759], [9.7590932, 45.1122342], [9.7596829, 45.1122772], [9.7639321, 45.1103291], [9.7671369, 45.1082793], [9.768294, 45.106604], [9.7698186, 45.1043966], [9.7718561, 45.101979], [9.7729508, 45.1003216], [9.775339, 45.0967661], [9.7769954, 45.0936466], [9.7792458, 45.0906055], [9.7808276, 45.0889147], [9.7819876, 45.088046], [9.784081, 45.086196], [9.791216, 45.081011], [9.7952279, 45.0780244], [9.8010577, 45.0765241], [9.8061227, 45.0772599], [9.8119064, 45.0783502], [9.8140968, 45.0783568], [9.8156925, 45.0776355], [9.8172282, 45.0762062], [9.8210599, 45.0732412], [9.8236671, 45.0705179], [9.8248156, 45.0693183], [9.8256975, 45.0657047], [9.8268429, 45.0635033], [9.8278632, 45.0622885], [9.8298342, 45.0615047], [9.8325267, 45.0607699], [9.8329515, 45.0607031], [9.8340713, 45.0608034], [9.8356727, 45.0619586], [9.8360639, 45.0627771], [9.8364263, 45.0669813], [9.8359189, 45.0743748], [9.832802, 45.081116], [9.8314295, 45.0852115], [9.8315493, 45.0896693], [9.8323121, 45.0923634], [9.8365378, 45.0960131], [9.840226, 45.0983464], [9.8463792, 45.0990561], [9.8541258, 45.0973467], [9.858529, 45.0961541], [9.8615064, 45.0948158], [9.8674665, 45.0904775], [9.8715094, 45.0864799], [9.8750375, 45.0795233], [9.8772643, 45.0772934], [9.8799606, 45.076106], [9.8817955, 45.0756494], [9.8843377, 45.0756035], [9.8896307, 45.0761086], [9.8943766, 45.0780288], [9.8985756, 45.0815094], [9.8987457, 45.0817736], [9.9020088, 45.0868424]]}}, {"type": "Feature", "properties": {"nome": "il Grande Fiume", "reale": "Po"}, "geometry": {"type": "LineString", "coordinates": [[11.640332, 44.8910375], [11.6406688, 44.8913564], [11.6416409, 44.8921548], [11.6425314, 44.8928997], [11.6432877, 44.8933595], [11.6437813, 44.8936598], [11.6445098, 44.8939254], [11.6451277, 44.8942184], [11.6457339, 44.8945414], [11.6459646, 44.8947466], [11.6462811, 44.8953356], [11.6463909, 44.8959441], [11.6454681, 44.8982601]]}}, {"type": "Feature", "properties": {"nome": "il Grande Fiume", "reale": "Po"}, "geometry": {"type": "LineString", "coordinates": [[11.6242053, 44.8883301], [11.6248232, 44.8863443], [11.6250369, 44.8861384], [11.6253051, 44.8859331], [11.6256056, 44.8857507], [11.6258963, 44.8856179], [11.6262386, 44.8855683], [11.626599, 44.8855647], [11.627644, 44.8857545], [11.6296664, 44.886032], [11.6305526, 44.8862488], [11.6315976, 44.8865793], [11.6331962, 44.8871988], [11.6343549, 44.8877005], [11.6350094, 44.8880463], [11.6363086, 44.8885938], [11.6367635, 44.888643], [11.6374191, 44.8888142], [11.6377452, 44.8889965], [11.638963, 44.8898744], [11.6398652, 44.8906985], [11.640332, 44.8910375]]}}, {"type": "Feature", "properties": {"nome": "il Grande Fiume", "reale": "Po"}, "geometry": {"type": "LineString", "coordinates": [[9.89289, 45.1375136], [9.8971217, 45.1371313], [9.9055803, 45.137534], [9.9074204, 45.1373874], [9.9093243, 45.1374729], [9.9106703, 45.1368006], [9.9132476, 45.1351437], [9.9142208, 45.1346576], [9.9156746, 45.1340653], [9.9203311, 45.1305763], [9.9228539, 45.1280523], [9.9234879, 45.1273993]]}}, {"type": "Feature", "properties": {"nome": "il Grande Fiume", "reale": "Po"}, "geometry": {"type": "LineString", "coordinates": [[9.7062268, 45.0595197], [9.7110145, 45.0605699], [9.7116066, 45.0606047], [9.7131352, 45.0606947], [9.7185959, 45.0602453], [9.7238008, 45.0595372]]}}, {"type": "Feature", "properties": {"nome": "il Grande Fiume", "reale": "Po"}, "geometry": {"type": "LineString", "coordinates": [[9.9152635, 45.095822], [9.9181932, 45.0964561], [9.9200234, 45.0972533], [9.921491, 45.0981713], [9.9229664, 45.0989387], [9.9278173, 45.1009928], [9.930171, 45.1026163], [9.9320996, 45.1041136], [9.9345043, 45.1065274], [9.9391092, 45.1101547], [9.9408897, 45.1110645], [9.9488799, 45.1142211], [9.9581134, 45.1171063], [9.9603386, 45.11845]]}}, {"type": "Feature", "properties": {"nome": "il Grande Fiume", "reale": "Po"}, "geometry": {"type": "LineString", "coordinates": [[8.9813018, 45.0854754], [8.9829131, 45.086685], [8.9843035, 45.0874485], [8.9851085, 45.0876264], [8.9863607, 45.0874083], [8.9893772, 45.0867883], [8.9910554, 45.0863747], [8.9921255, 45.0861109], [8.9938615, 45.0852871], [8.9949983, 45.0848595], [8.9972341, 45.0840059]]}}, {"type": "Feature", "properties": {"nome": "il Grande Fiume", "reale": "Po"}, "geometry": {"type": "LineString", "coordinates": [[9.9020088, 45.0868424], [9.9025354, 45.0883198], [9.9020373, 45.0901219], [9.9012523, 45.0919898], [9.9005731, 45.0934201], [9.9004482, 45.0939629], [9.899563, 45.0978102], [9.898852, 45.0989117], [9.897696, 45.1000572], [9.8957942, 45.1015935], [9.8918808, 45.1052616], [9.8817769, 45.1139971], [9.8791547, 45.115808], [9.877645, 45.1172834], [9.8771435, 45.1180558], [9.8767913, 45.1191445], [9.8765882, 45.1217799], [9.8765843, 45.1241007], [9.8766318, 45.1249162], [9.876849, 45.1258218], [9.8776736, 45.1272432], [9.878573, 45.1286382], [9.8803753, 45.1307529], [9.8833485, 45.1345346], [9.8844595, 45.1351613], [9.8857306, 45.135797], [9.89289, 45.1375136]]}}, {"type": "Feature", "properties": {"nome": "il Grande Fiume", "reale": "Po"}, "geometry": {"type": "LineString", "coordinates": [[9.9603386, 45.11845], [9.9636353, 45.1201623], [9.9667252, 45.1246439], [9.967717, 45.1261707], [9.9705017, 45.1304573], [9.9741595, 45.1328585], [9.9793898, 45.1334145], [9.9872541, 45.1318534]]}}, {"type": "Feature", "properties": {"nome": "il Grande Fiume", "reale": "Po"}, "geometry": {"type": "LineString", "coordinates": [[11.1151317, 45.0567802], [11.1174332, 45.0631974], [11.1176883, 45.0639085], [11.1194772, 45.0664898], [11.1205912, 45.0672679], [11.1216235, 45.0677537], [11.1226093, 45.0681443], [11.1241572, 45.0684376], [11.125937, 45.0683325], [11.1269311, 45.0679], [11.1284825, 45.066737], [11.1294544, 45.0657848], [11.1299291, 45.0650504], [11.1302967, 45.0642181], [11.1305731, 45.0631368], [11.1309094, 45.062085], [11.1313594, 45.0609864], [11.1325144, 45.0591977], [11.1338976, 45.0575045], [11.1347519, 45.0565289], [11.1351348, 45.056048], [11.1352878, 45.0558564]]}}, {"type": "Feature", "properties": {"nome": "il Grande Fiume", "reale": "Po"}, "geometry": {"type": "LineString", "coordinates": [[9.9012523, 45.0919898], [9.9030091, 45.0925306], [9.9052316, 45.0932148]]}}, {"type": "Feature", "properties": {"nome": "Mincio", "reale": "Mincio"}, "geometry": {"type": "LineString", "coordinates": [[10.6946447, 45.1668209], [10.6948164, 45.1661855], [10.6937971, 45.1654064], [10.6935182, 45.1651265], [10.6934002, 45.1648693], [10.6934967, 45.1643549], [10.693604, 45.164075], [10.6936983, 45.1639748], [10.6937509, 45.1639189], [10.694032, 45.1636201], [10.6943336, 45.1634471], [10.6943713, 45.1634479], [10.6946984, 45.1634547], [10.6953099, 45.163553], [10.6956318, 45.1636287], [10.6958785, 45.1635152], [10.6972206, 45.1621533], [10.6978956, 45.1616467], [10.698432, 45.1613214], [10.6986895, 45.1612306], [10.6990328, 45.1612382], [10.6992903, 45.1613138], [10.6997409, 45.1613062], [10.7004454, 45.161108], [10.700728, 45.1609583], [10.7008138, 45.1607843], [10.7008031, 45.160353], [10.7008996, 45.1600807], [10.7011678, 45.1596117], [10.7015434, 45.1592107], [10.7016077, 45.1589459], [10.7014897, 45.1587568], [10.7013073, 45.1585525], [10.7010713, 45.1583331], [10.7009962, 45.1581213], [10.7010391, 45.1578565], [10.7012751, 45.1576976], [10.701715, 45.1577506], [10.7033029, 45.1580834], [10.7061675, 45.1584163], [10.7076373, 45.1585449], [10.7083884, 45.1585903], [10.7092037, 45.1585525], [10.7094183, 45.1586887], [10.7094183, 45.15884], [10.7094076, 45.159135], [10.7093218, 45.159309], [10.7089999, 45.1596192], [10.7088819, 45.1598462], [10.7086351, 45.1603379], [10.7084205, 45.160807], [10.7083562, 45.1613365], [10.708161, 45.1615974], [10.7076266, 45.1622216], [10.7074442, 45.1627209], [10.707176, 45.1632958]]}}, {"type": "Feature", "properties": {"nome": "Mincio", "reale": "Mincio"}, "geometry": {"type": "LineString", "coordinates": [[10.7226172, 45.2888604], [10.7223383, 45.2885962], [10.7221773, 45.2883848], [10.72207, 45.2881659], [10.7219735, 45.2879244], [10.7219198, 45.2876149], [10.7220057, 45.287313], [10.7222524, 45.2867846], [10.7224659, 45.2864577], [10.7224144, 45.2859888]]}}, {"type": "Feature", "properties": {"nome": "Mincio", "reale": "Mincio"}, "geometry": {"type": "LineString", "coordinates": [[10.6956719, 45.2590945], [10.6948896, 45.2589622], [10.6940786, 45.2588794], [10.6936901, 45.2587737], [10.6931881, 45.2587292], [10.6928233, 45.2587444], [10.6925444, 45.2587519], [10.6923298, 45.2588425], [10.6920985, 45.2589948], [10.691577, 45.2590459], [10.6911693, 45.2591441], [10.6907831, 45.2591743], [10.6904934, 45.2591365], [10.6901501, 45.2590308], [10.6896244, 45.2587589], [10.6893454, 45.2586456], [10.6890707, 45.2583665], [10.6886069, 45.2581968], [10.6883387, 45.2581212], [10.6879095, 45.2580004]]}}, {"type": "Feature", "properties": {"nome": "Mincio", "reale": "Mincio"}, "geometry": {"type": "LineString", "coordinates": [[10.6770245, 45.2556944], [10.6766382, 45.2548863], [10.6764039, 45.2546305], [10.6758674, 45.2542679], [10.675581, 45.2539817], [10.675095, 45.2537317], [10.6745156, 45.2534976], [10.6740315, 45.2532012], [10.6735285, 45.2528933], [10.673142, 45.2524387], [10.6729063, 45.252138], [10.6729385, 45.251851], [10.6731209, 45.2516395], [10.6737968, 45.2510428], [10.6743547, 45.2505519], [10.6747837, 45.2501214], [10.6749125, 45.249502], [10.6747622, 45.2490942], [10.6741081, 45.2481664], [10.6740496, 45.2480291], [10.6740051, 45.247881], [10.6739684, 45.2470018], [10.6741508, 45.2461709], [10.6741584, 45.2456723], [10.6741937, 45.2449245], [10.6742213, 45.2447359], [10.6742812, 45.2443269], [10.674301, 45.2441917], [10.6741079, 45.2434741], [10.6738853, 45.2428006], [10.6737539, 45.2423636], [10.6736297, 45.2420698], [10.6729776, 45.2416142], [10.6718122, 45.2412468], [10.6702566, 45.2408917], [10.6690975, 45.2407462], [10.6687218, 45.2406898], [10.6683251, 45.2406026], [10.6678423, 45.2407084], [10.6670912, 45.2407008], [10.6667479, 45.2406479], [10.666705, 45.2405044], [10.6667239, 45.2402367], [10.6664986, 45.2400034], [10.666445, 45.2394821], [10.6664772, 45.238991], [10.6665966, 45.2385335], [10.6669956, 45.2379636], [10.667165, 45.2375864], [10.6668089, 45.2372524], [10.6668964, 45.2369814], [10.6670161, 45.2366448], [10.6676921, 45.2363803], [10.6690032, 45.2352807], [10.6697972, 45.2353109], [10.6706233, 45.2353638], [10.6708784, 45.2351237], [10.671051, 45.2347571], [10.6711488, 45.2344624], [10.6711468, 45.2344158], [10.671143, 45.2343265], [10.6710143, 45.2340998], [10.6705959, 45.2337221], [10.6695766, 45.2330421], [10.6688209, 45.2324758], [10.6686609, 45.2321942], [10.6687486, 45.2319282], [10.6689404, 45.2317853], [10.6693456, 45.2316966], [10.6702073, 45.2316589], [10.6707042, 45.2315392], [10.672761, 45.2306686], [10.6736515, 45.2289383], [10.6743596, 45.2275253], [10.674703, 45.2270128]]}}, {"type": "Feature", "properties": {"nome": "Mincio", "reale": "Mincio"}, "geometry": {"type": "LineString", "coordinates": [[10.7089971, 45.2747414], [10.7108639, 45.2722347], [10.7110355, 45.2717666], [10.7108639, 45.2712532], [10.7103918, 45.2704528], [10.709512, 45.2697431], [10.7083319, 45.2693504], [10.7059715, 45.2691843], [10.7046197, 45.2695014], [10.7032464, 45.2691843], [10.7008854, 45.2684643], [10.7003382, 45.2683208], [10.6997159, 45.2682981], [10.6989327, 45.2683359], [10.6981824, 45.2683537], [10.6975916, 45.2682755], [10.6970123, 45.268132], [10.6966368, 45.2679508], [10.6962512, 45.2675684], [10.6960541, 45.2672682], [10.6959609, 45.2669465], [10.6959287, 45.2662367], [10.6961969, 45.2643036], [10.6964505, 45.2633784], [10.6966904, 45.2629821], [10.6969164, 45.2624789], [10.6968728, 45.2619928], [10.6966153, 45.2613359], [10.6964891, 45.2604864], [10.6964097, 45.2601167], [10.6961415, 45.2596711], [10.6957694, 45.2592265], [10.6956719, 45.2590945], [10.6953402, 45.258645], [10.6949442, 45.2583299], [10.6943863, 45.2579448], [10.6938284, 45.2576125], [10.6933241, 45.2574765], [10.6926696, 45.2573406], [10.6919275, 45.2572356], [10.6911651, 45.257207], [10.6905535, 45.2572448], [10.6901029, 45.2573127], [10.6895772, 45.2575015], [10.6887618, 45.2578393], [10.6879095, 45.2580004], [10.6869225, 45.2581288], [10.6867539, 45.2581592], [10.6864061, 45.2581921], [10.6860856, 45.2582798], [10.6850188, 45.2584861], [10.6843321, 45.2584936], [10.6837957, 45.2583361], [10.682979, 45.2581726], [10.681552, 45.2578101], [10.6806186, 45.2578166], [10.6793848, 45.2578393], [10.6785046, 45.2576167], [10.6779686, 45.2573937], [10.6776682, 45.2566687], [10.6773238, 45.2561783], [10.6770245, 45.2556944]]}}, {"type": "Feature", "properties": {"nome": "Mincio", "reale": "Mincio"}, "geometry": {"type": "LineString", "coordinates": [[10.674703, 45.2270128], [10.6747542, 45.2269642], [10.675293, 45.2264523], [10.676044, 45.2258024], [10.6773637, 45.2245858], [10.6771896, 45.223966]]}}, {"type": "Feature", "properties": {"nome": "Mincio", "reale": "Mincio"}, "geometry": {"type": "LineString", "coordinates": [[10.6769727, 45.2234919], [10.6766246, 45.2228758], [10.6765574, 45.2221072], [10.6765883, 45.2219045], [10.6767199, 45.2215253], [10.6772856, 45.2213451], [10.6780259, 45.2213376], [10.6783692, 45.2211638], [10.6785945, 45.2207859], [10.6786696, 45.2203778], [10.6783692, 45.2195617], [10.6783799, 45.2193878], [10.6785301, 45.2192291], [10.678765, 45.2191743], [10.6789832, 45.2191883], [10.6797961, 45.2197052], [10.6813411, 45.2206801], [10.6816307, 45.2207935], [10.6819419, 45.2207255], [10.6821886, 45.2206272], [10.6823818, 45.2204761], [10.6824783, 45.2199622], [10.6825212, 45.2196599], [10.6826822, 45.2193727], [10.6829289, 45.2191762], [10.683327, 45.2191125], [10.683917, 45.219241], [10.6846144, 45.2192636], [10.6853762, 45.2192032], [10.6858375, 45.2191049], [10.6862345, 45.2189009], [10.686492, 45.2186893], [10.6867797, 45.2180886], [10.6867905, 45.2180074], [10.6867717, 45.2179053], [10.686675, 45.217757], [10.6864276, 45.2174952], [10.6861165, 45.2173063], [10.6858383, 45.2170475], [10.6857176, 45.2169625], [10.6855593, 45.2168851], [10.6853662, 45.2168151], [10.685106, 45.216749], [10.6845615, 45.216647], [10.6838159, 45.2165185], [10.6835396, 45.2164278], [10.6832714, 45.2163201], [10.6830702, 45.2162275], [10.6829576, 45.2161633], [10.6829066, 45.2160915], [10.6828908, 45.2160268], [10.6828798, 45.2159819], [10.682897, 45.2158436], [10.6830754, 45.2153535], [10.683208, 45.2150712], [10.6832938, 45.2149767], [10.6834467, 45.2148426], [10.6836827, 45.2146574], [10.6837686, 45.2145686], [10.6838222, 45.2145138], [10.6839349, 45.2144628], [10.6840851, 45.2144231], [10.6844686, 45.2143721], [10.6851453, 45.2143467], [10.6858105, 45.2141804], [10.6865905, 45.2139829], [10.6867395, 45.2139564], [10.6871418, 45.2139337], [10.687481, 45.2138922], [10.6876997, 45.2138544], [10.6878955, 45.2137825], [10.6880404, 45.2137089], [10.6881691, 45.2135955], [10.6882442, 45.2134897], [10.6883139, 45.2133517], [10.6883381, 45.2132081], [10.688432, 45.2127698], [10.6884427, 45.2125619], [10.6883917, 45.2123408], [10.6883461, 45.2121519], [10.6883354, 45.2120045], [10.6884358, 45.2114433], [10.6886719, 45.2111939], [10.6889186, 45.2109974], [10.6899955, 45.2102113], [10.6900921, 45.2096141], [10.6900921, 45.2086995], [10.6903817, 45.2082536], [10.690528, 45.2080948], [10.6913004, 45.2076942], [10.6918369, 45.2075355], [10.6926523, 45.2075657], [10.6932507, 45.2074393], [10.6934926, 45.2073122], [10.6936508, 45.2070914], [10.6936464, 45.2069238], [10.6934154, 45.2067111], [10.6930022, 45.2065952], [10.6923197, 45.2065138], [10.6917987, 45.206517], [10.6915407, 45.206409], [10.6913196, 45.2061056], [10.6910445, 45.2053547], [10.6910146, 45.2050453], [10.6911276, 45.2046177], [10.6913421, 45.204128], [10.6915905, 45.203571], [10.6915641, 45.2033033], [10.6914516, 45.2030669], [10.6911423, 45.2027902], [10.6907236, 45.2027321], [10.6903378, 45.2026137], [10.689895, 45.2023952], [10.6897766, 45.2022024], [10.6897877, 45.2019114], [10.690013, 45.2015712], [10.6903992, 45.2011327], [10.690485, 45.2008077], [10.6904636, 45.1994922], [10.6904421, 45.1989933], [10.6904236, 45.1988955], [10.6903563, 45.1985397], [10.6901632, 45.1978441], [10.6899938, 45.1971899], [10.6899487, 45.1968195], [10.6898253, 45.1962364], [10.6893418, 45.1951499], [10.6889294, 45.1940186], [10.6884251, 45.1924761], [10.6883607, 45.191962], [10.6884154, 45.1913548], [10.6885968, 45.1907069], [10.6889004, 45.1899991], [10.6890152, 45.1897315], [10.6893585, 45.1887258], [10.6896987, 45.1878749], [10.6897316, 45.1870867], [10.689753, 45.1851016], [10.6897467, 45.1851009], [10.6894693, 45.1847818], [10.6888814, 45.184581], [10.6877259, 45.1841727], [10.6865763, 45.1836933], [10.6854267, 45.1833359]]}}, {"type": "Feature", "properties": {"nome": "Mincio", "reale": "Mincio"}, "geometry": {"type": "LineString", "coordinates": [[10.711975, 45.3027461], [10.7131384, 45.3019449], [10.7134642, 45.3017485], [10.7149408, 45.3008582], [10.7161532, 45.2999376], [10.7173119, 45.2985188], [10.7179664, 45.2976207], [10.7181336, 45.2972231], [10.7181917, 45.2970849], [10.7186316, 45.2966396], [10.718792, 45.2964461], [10.7192324, 45.2959151], [10.7206164, 45.2949037], [10.7211314, 45.2944509], [10.7214103, 45.2940811], [10.7217644, 45.2932584], [10.721979, 45.2927603], [10.7221935, 45.292081], [10.7223652, 45.2908356], [10.7222095, 45.2898492], [10.7224885, 45.2893963], [10.7226172, 45.2888604], [10.722864, 45.2886415], [10.7232824, 45.2883244], [10.7234326, 45.2880829], [10.7234433, 45.287864], [10.7231751, 45.2872601], [10.722525, 45.2861233], [10.7224144, 45.2859888], [10.7221977, 45.2857255], [10.7220568, 45.2854236], [10.721118, 45.2843806], [10.7207532, 45.2839277], [10.720573, 45.2827396], [10.7202512, 45.2819093], [10.7197736, 45.2815341], [10.7191299, 45.2811944], [10.7186258, 45.2809623], [10.7180988, 45.2807937], [10.7172525, 45.2806173], [10.716598, 45.2804696], [10.7162534, 45.2803995], [10.7159327, 45.2807415], [10.7154821, 45.2807717], [10.7151066, 45.2806735], [10.7144491, 45.28023], [10.7140843, 45.2800614], [10.7131406, 45.279834], [10.7120034, 45.2794414], [10.7119065, 45.2795468], [10.7116708, 45.2796679], [10.7111451, 45.2796075], [10.7105121, 45.2794565], [10.7099434, 45.2792376], [10.7095465, 45.2790111], [10.709289, 45.2788299], [10.7089969, 45.2786637], [10.7085531, 45.2782904], [10.7083533, 45.277867], [10.7083665, 45.2772299], [10.7086708, 45.2768433], [10.7085831, 45.2760073], [10.7089971, 45.2747414]]}}, {"type": "Feature", "properties": {"nome": "Mincio", "reale": "Mincio"}, "geometry": {"type": "LineString", "coordinates": [[10.6854267, 45.1833359], [10.6851046, 45.1831767], [10.6849676, 45.1830982], [10.6843668, 45.1826146], [10.6840155, 45.1822528], [10.6836259, 45.1817494], [10.6830234, 45.1811526], [10.6829817, 45.1811112], [10.6826883, 45.1807656], [10.6824533, 45.1804767], [10.682428, 45.1804334], [10.6823385, 45.1802805], [10.6823514, 45.1799765], [10.682499, 45.17955]]}}, {"type": "Feature", "properties": {"nome": "Mincio", "reale": "Mincio"}, "geometry": {"type": "LineString", "coordinates": [[10.7293995, 45.1618778], [10.7309048, 45.1610545], [10.7320849, 45.1608124], [10.7374064, 45.1597079], [10.7380809, 45.1596298], [10.739323, 45.1597679], [10.7453615, 45.1596644], [10.7466514, 45.1600447]]}}, {"type": "Feature", "properties": {"nome": "Mincio", "reale": "Mincio"}, "geometry": {"type": "LineString", "coordinates": [[10.6946447, 45.1668209], [10.6996865, 45.1658186], [10.699934, 45.1657694], [10.7006636, 45.1656409], [10.7011249, 45.1655274], [10.7014575, 45.1653761], [10.7017043, 45.1651945], [10.701994, 45.1648768], [10.7021549, 45.16437], [10.7023587, 45.164022], [10.7026035, 45.163886], [10.7038393, 45.1638556], [10.7048451, 45.1638815], [10.7060947, 45.1634999], [10.707176, 45.1632958]]}}, {"type": "Feature", "properties": {"nome": "Mincio", "reale": "Mincio"}, "geometry": {"type": "LineString", "coordinates": [[10.707176, 45.1632958], [10.7081309, 45.1633715], [10.7097187, 45.1632656], [10.7107165, 45.1628949], [10.7135597, 45.162093], [10.7148132, 45.1619203], [10.7175171, 45.1622664], [10.7203787, 45.161831], [10.7293995, 45.1618778], [10.7304519, 45.1625187], [10.7321047, 45.1635113], [10.7353582, 45.1623471], [10.7395271, 45.1618054], [10.7427477, 45.1619437], [10.7448652, 45.1612348], [10.7460195, 45.1603239], [10.7466514, 45.1600447]]}}, {"type": "Feature", "properties": {"nome": "Mincio", "reale": "Mincio"}, "geometry": {"type": "LineString", "coordinates": [[10.682499, 45.17955], [10.6825317, 45.1794554], [10.6826422, 45.1791205], [10.6827066, 45.1789254], [10.6831787, 45.1785321], [10.6835435, 45.1782599], [10.6842492, 45.1779738], [10.6848039, 45.1779821], [10.6848696, 45.1780077], [10.6852314, 45.1781485], [10.6855297, 45.1782729], [10.6858875, 45.1783152], [10.6861783, 45.1782816], [10.6865076, 45.1781337], [10.6871814, 45.1777609], [10.6881267, 45.1774385], [10.6885327, 45.1772515], [10.6890992, 45.1772107], [10.6896228, 45.1772451], [10.6902691, 45.1773081], [10.6904795, 45.1773245], [10.6909344, 45.1771955], [10.6911824, 45.1771254], [10.6916897, 45.1766506], [10.6919633, 45.175731], [10.6920979, 45.1752231], [10.6921564, 45.1744861], [10.6922535, 45.1736579], [10.6923146, 45.1732298], [10.6924686, 45.1726103], [10.6925973, 45.1721425], [10.6925592, 45.1716713], [10.692384, 45.1709991], [10.6925021, 45.1704243], [10.6927059, 45.1699251], [10.6929205, 45.1691384], [10.6939136, 45.1681441], [10.6941292, 45.1679282], [10.6942626, 45.1676416], [10.6946447, 45.1668209]]}}, {"type": "Feature", "properties": {"nome": "Mincio", "reale": "Mincio"}, "geometry": {"type": "LineString", "coordinates": [[10.6771598, 45.2238596], [10.6771557, 45.2238452], [10.6769727, 45.2234919]]}}, {"type": "Feature", "properties": {"nome": "Mincio", "reale": "Mincio"}, "geometry": {"type": "LineString", "coordinates": [[10.6771896, 45.223966], [10.6771598, 45.2238596]]}}, {"type": "Feature", "properties": {"nome": "Mincio", "reale": "Mincio"}, "geometry": {"type": "LineString", "coordinates": [[10.7380809, 45.1596298], [10.7383337, 45.1590191], [10.7439832, 45.1570222], [10.7457138, 45.1564437], [10.7473765, 45.156638], [10.7485615, 45.1583805], [10.7488544, 45.1600857]]}}, {"type": "Feature", "properties": {"nome": "Adda", "reale": "Adda"}, "geometry": {"type": "LineString", "coordinates": [[9.7324341, 45.2262672], [9.7343241, 45.2268252], [9.7368322, 45.228002], [9.7374055, 45.2281491], [9.7381285, 45.2282319], [9.7386985, 45.2282182], [9.7394117, 45.2280807], [9.7401226, 45.2278746], [9.7422601, 45.2269763], [9.7429184, 45.2266832], [9.7435963, 45.2263166], [9.744145, 45.2258641], [9.7448673, 45.2252064], [9.7453197, 45.2247399], [9.7456826, 45.2242635], [9.7458967, 45.2238051], [9.7460167, 45.2233098], [9.7460411, 45.2228366], [9.7459751, 45.2224257], [9.7458049, 45.2220744], [9.7455293, 45.2217284], [9.743512, 45.2198545], [9.7429947, 45.2193062], [9.742559, 45.2187357], [9.7421579, 45.2180759], [9.7418892, 45.2174834], [9.7417195, 45.2169145], [9.7418592, 45.2160273], [9.7424081, 45.2148799], [9.7434944, 45.2145643], [9.7449813, 45.2145319], [9.7482446, 45.2159682], [9.749805, 45.2170785], [9.7504308, 45.2176401], [9.751416, 45.2188615], [9.7519196, 45.2194879], [9.7523537, 45.2199042], [9.7529016, 45.2203061], [9.7536875, 45.2207263], [9.7543467, 45.2209529], [9.7551386, 45.2211583], [9.7558931, 45.2213669], [9.7579795, 45.2219899], [9.7587038, 45.2223115], [9.7594598, 45.2225256], [9.7602157, 45.2227203], [9.7609406, 45.2228882], [9.7618117, 45.2229927], [9.7625231, 45.2230227], [9.7629014, 45.2229747], [9.7633396, 45.2228254], [9.7637248, 45.2226672], [9.7640863, 45.2224727], [9.7645914, 45.222134], [9.7649943, 45.2217697], [9.7652231, 45.2215074], [9.7653883, 45.2212002], [9.7654883, 45.2208882], [9.765546, 45.2205356], [9.7655324, 45.2202355], [9.7654786, 45.219977], [9.7652465, 45.2192434], [9.7651639, 45.2187516], [9.7651382, 45.2183352], [9.7651452, 45.2174159], [9.7655089, 45.2162572], [9.766857, 45.2150937], [9.771104, 45.2133526], [9.7746456, 45.2130943], [9.7759572, 45.2128846], [9.7780715, 45.2121636], [9.7793153, 45.211131], [9.7793747, 45.2099947], [9.778824, 45.2086642], [9.7752836, 45.2064003], [9.7729686, 45.2048828], [9.7715754, 45.2015483], [9.7696226, 45.1997473], [9.7661381, 45.1978514], [9.7654107, 45.196738], [9.765949, 45.1953099], [9.7670379, 45.1937223], [9.7690982, 45.1928016], [9.7716631, 45.1920764], [9.7751975, 45.1924811], [9.7766679, 45.1923925], [9.7776471, 45.1921289], [9.7783524, 45.1916364], [9.778585, 45.1911796], [9.7786969, 45.1886187], [9.77907, 45.1876246], [9.7798303, 45.1854871], [9.7811375, 45.1823227], [9.7812594, 45.1820275], [9.7817924, 45.1807372], [9.7818609, 45.1805716], [9.7820063, 45.1802195], [9.7821233, 45.1799098], [9.7837809, 45.1755223], [9.7840396, 45.167394], [9.7845285, 45.1656979], [9.78692, 45.1639553], [9.7881585, 45.1635819], [9.7895439, 45.1633152], [9.7928293, 45.163614], [9.7959946, 45.1641459], [9.7985822, 45.1637088], [9.8006013, 45.1627366], [9.8035196, 45.1605578], [9.8058898, 45.1586576], [9.8077125, 45.1580463], [9.8099005, 45.1584565], [9.8116721, 45.1591492], [9.8150173, 45.1603777], [9.81903, 45.1610983], [9.8221441, 45.1627535], [9.8245578, 45.1636507], [9.8254412, 45.1637785], [9.8264115, 45.1636256], [9.8277238, 45.1627366], [9.8284512, 45.1614812], [9.8284105, 45.1600737], [9.8278097, 45.1559454], [9.82765, 45.1542616], [9.8287136, 45.1516152], [9.830284, 45.1500056], [9.8330453, 45.1482102], [9.8359444, 45.1479813], [9.8387379, 45.1491288], [9.8423498, 45.1513691], [9.8481117, 45.1566019], [9.8492239, 45.1576644], [9.849914, 45.1586635], [9.850607, 45.158888], [9.8514008, 45.1587021], [9.8518183, 45.1582207], [9.8524613, 45.1564314], [9.8552537, 45.153414], [9.8588709, 45.1520088], [9.8615564, 45.152314], [9.8629906, 45.1530834], [9.8671457, 45.1568557], [9.8685002, 45.1574969], [9.8699795, 45.1574856], [9.8710465, 45.1568378], [9.8716814, 45.1561444], [9.8714534, 45.1491565], [9.8709884, 45.1427877], [9.8725981, 45.1403492], [9.8729604, 45.1397115], [9.8739449, 45.138445], [9.8743716, 45.1378962], [9.8764316, 45.1354744], [9.8776439, 45.1347781], [9.8790065, 45.1342634], [9.8799719, 45.1340856], [9.8807944, 45.1340851], [9.8816169, 45.1342057], [9.8833485, 45.1345346]]}}, {"type": "Feature", "properties": {"nome": "Adda", "reale": "Adda"}, "geometry": {"type": "LineString", "coordinates": [[9.3930523, 45.847295], [9.3935057, 45.8473884], [9.3937926, 45.8474723], [9.3940619, 45.8475259], [9.3942556, 45.8475268], [9.3944434, 45.8474822], [9.3948197, 45.8473599], [9.3950624, 45.8470599], [9.3952285, 45.8468243], [9.3953072, 45.8466052], [9.3951901, 45.8463458], [9.3952936, 45.8460126]]}}, {"type": "Feature", "properties": {"nome": "Adda", "reale": "Adda"}, "geometry": {"type": "LineString", "coordinates": [[9.4620395, 45.4236232], [9.4613494, 45.4229502], [9.4612932, 45.4228971], [9.4612489, 45.4228616], [9.4612109, 45.4228127], [9.4611824, 45.422766], [9.4611666, 45.4227127], [9.4611508, 45.4226482], [9.4611413, 45.4225949], [9.4611413, 45.42252], [9.4611729, 45.4221883], [9.4612109, 45.4220216], [9.4612426, 45.4218061], [9.4612438, 45.4217647], [9.4612457, 45.4216972], [9.4612952, 45.4206629], [9.461248, 45.4201869], [9.4612132, 45.4198895], [9.4612202, 45.4196652], [9.4613296, 45.4191558], [9.4612619, 45.4188657], [9.4594241, 45.4162352], [9.4569969, 45.4143936], [9.455624, 45.4137416], [9.4550691, 45.4135092], [9.4548745, 45.4130158], [9.4547944, 45.4127416], [9.4547991, 45.4122907], [9.4548801, 45.4115455], [9.4551181, 45.4109316], [9.4556347, 45.410603], [9.4561556, 45.4104366], [9.4575275, 45.4101441], [9.4608698, 45.4098122], [9.4618452, 45.4095063], [9.4626231, 45.408922], [9.4627357, 45.4088374], [9.4631443, 45.4081516], [9.4633855, 45.4073007], [9.463257, 45.4061713], [9.4608404, 45.40284], [9.4605954, 45.4024158], [9.4606544, 45.401928], [9.4599252, 45.3996198], [9.4596838, 45.3978703], [9.4596894, 45.397263], [9.4597678, 45.3963224], [9.4598255, 45.3960681], [9.4599147, 45.3959097], [9.4600459, 45.3956997], [9.4601928, 45.3955413], [9.462243, 45.3939613], [9.4627691, 45.3935051], [9.4632093, 45.3930076], [9.4633015, 45.3928554], [9.4634401, 45.3926268], [9.4644746, 45.3904654], [9.4646658, 45.3855852], [9.4645385, 45.3842314], [9.4641784, 45.3835673], [9.4639388, 45.3832537], [9.4637708, 45.3830616], [9.4635204, 45.3828384], [9.4633074, 45.382669], [9.4631485, 45.3824892], [9.463015, 45.3823005], [9.4628746, 45.3819497], [9.4628473, 45.3816131], [9.4628837, 45.3812399], [9.4630292, 45.3808085], [9.4636838, 45.3792119], [9.4645566, 45.3780495], [9.4659932, 45.3766444], [9.4669206, 45.3754437], [9.4675753, 45.3742813], [9.4670843, 45.3730933], [9.466266, 45.3713048], [9.4661205, 45.3704617], [9.4657502, 45.3685207], [9.4656945, 45.3677289], [9.4658114, 45.3670635], [9.4665206, 45.3655431], [9.4673934, 45.3639717], [9.4680145, 45.3634386], [9.4687754, 45.3631284], [9.469595, 45.3628914], [9.4704183, 45.3627823], [9.4733405, 45.3628], [9.4746006, 45.3626645], [9.4753312, 45.362301], [9.4758608, 45.3619237], [9.4762336, 45.3611196], [9.476187, 45.360692], [9.4759893, 45.3602794], [9.4753332, 45.3594545], [9.4746003, 45.3582258], [9.4746221, 45.3573872], [9.4748288, 45.3568466], [9.4751918, 45.3564006], [9.4755261, 45.3559579], [9.4754927, 45.3555959], [9.4752818, 45.3553254], [9.4747353, 45.3546583], [9.4740951, 45.3528017], [9.4743443, 45.351063], [9.4744627, 45.3503998], [9.4756901, 45.3495989], [9.4777775, 45.3490122], [9.4803717, 45.348951], [9.4841377, 45.3491246], [9.4851589, 45.3482883], [9.4858413, 45.3469389], [9.4856739, 45.3455135], [9.4848316, 45.339831], [9.4847561, 45.3394825], [9.4847272, 45.3390562], [9.4853342, 45.338184], [9.4861995, 45.3376466], [9.4869864, 45.3372945], [9.4877733, 45.3369423], [9.4897668, 45.3367657], [9.4923924, 45.3370559], [9.4946392, 45.3376995], [9.4954461, 45.337461], [9.4960637, 45.3372982], [9.4965848, 45.3369583], [9.4968163, 45.3361581], [9.4965811, 45.3352185], [9.4946763, 45.3338508], [9.4920925, 45.333152], [9.4907858, 45.3325514], [9.4898868, 45.3318679], [9.489387, 45.3310995], [9.4890772, 45.3299658], [9.4891429, 45.3289529], [9.4895586, 45.3281924], [9.4906115, 45.3267243], [9.4927871, 45.3252626], [9.4957825, 45.3246226], [9.4971584, 45.3249335], [9.4985342, 45.3252444], [9.5021476, 45.3252922], [9.5034549, 45.3248039], [9.5036671, 45.3236169], [9.5039481, 45.321594], [9.5039946, 45.3212592], [9.5044, 45.3205261], [9.5049509, 45.3200182], [9.5092128, 45.3188698], [9.5102475, 45.3186725], [9.5106602, 45.3180895], [9.5108375, 45.3180129], [9.5116573, 45.3176587], [9.5131422, 45.3175474], [9.5137314, 45.3175754], [9.5171342, 45.3170053], [9.519127, 45.316566], [9.5202247, 45.3162494], [9.5208923, 45.3160268], [9.5211996, 45.3159112], [9.5218563, 45.3156165], [9.5224419, 45.3153188], [9.5230122, 45.3149654], [9.5234801, 45.3146307], [9.5241497, 45.3140579], [9.5246021, 45.3135767], [9.5261492, 45.3117135], [9.527058, 45.3104457], [9.5294163, 45.3092523], [9.533387, 45.3086058], [9.5352942, 45.30849], [9.5373127, 45.3087251], [9.5413895, 45.3099021], [9.5452091, 45.3111839], [9.5465749, 45.3116493], [9.5481611, 45.3113577], [9.5489174, 45.3109448], [9.5490927, 45.3097755], [9.548814, 45.3078036], [9.550058, 45.3055447], [9.5503007, 45.3050655], [9.5502709, 45.3037146], [9.5497273, 45.3031794], [9.5488851, 45.3009649], [9.5488907, 45.3000533], [9.5491426, 45.299516], [9.550042, 45.2992465], [9.551024, 45.2992017], [9.5511607, 45.2992382], [9.553956, 45.2999839], [9.5554416, 45.3006431], [9.5597856, 45.3014479], [9.5616634, 45.3004801], [9.5621117, 45.3002601], [9.5625001, 45.3001009], [9.5628049, 45.300047], [9.5630897, 45.3000454], [9.5634251, 45.3000848], [9.5644093, 45.30021], [9.5648713, 45.3002186], [9.5651929, 45.3001801], [9.5657254, 45.3000848], [9.5662149, 45.2999566], [9.5683348, 45.2993429], [9.5712001, 45.2987098], [9.5719457, 45.2986401], [9.5737327, 45.2986698], [9.5750226, 45.2987605], [9.5760022, 45.2988956], [9.578687, 45.2991886], [9.5791007, 45.2992337]]}}, {"type": "Feature", "properties": {"nome": "Adda", "reale": "Adda"}, "geometry": {"type": "LineString", "coordinates": [[10.217137, 46.2340573], [10.2161737, 46.2340058], [10.2142662, 46.2340122], [10.2132871, 46.2340349], [10.2128906, 46.2339259], [10.2125486, 46.2336517], [10.2121244, 46.2330023], [10.211308, 46.2328552]]}}, {"type": "Feature", "properties": {"nome": "Adda", "reale": "Adda"}, "geometry": {"type": "LineString", "coordinates": [[10.2255057, 46.2361901], [10.2241793, 46.235886], [10.2232023, 46.2357757], [10.2223978, 46.2356575], [10.2218004, 46.2355776], [10.2208039, 46.2353612], [10.2198324, 46.235132], [10.219477, 46.2350302], [10.2191303, 46.2348612], [10.2187719, 46.2346862], [10.217137, 46.2340573]]}}, {"type": "Feature", "properties": {"nome": "Adda", "reale": "Adda"}, "geometry": {"type": "LineString", "coordinates": [[10.3519041, 46.3480953], [10.3515428, 46.3478113], [10.3511941, 46.3474703], [10.3510258, 46.347284], [10.3509161, 46.3470559], [10.3508218, 46.3468159], [10.3507582, 46.3465003], [10.3508549, 46.3461967], [10.3508394, 46.3460261], [10.3507329, 46.3458146], [10.350512, 46.3456017], [10.350245, 46.3453566], [10.3498977, 46.3450626], [10.3497457, 46.3448091], [10.3495379, 46.3443199], [10.3494429, 46.3439421], [10.3493733, 46.3434732], [10.3496772, 46.3431313], [10.3497817, 46.3428343], [10.3499214, 46.3420765], [10.3499435, 46.3419198], [10.3500409, 46.3412279], [10.3499068, 46.3407797], [10.3496983, 46.3402866], [10.3494079, 46.3396471], [10.3492765, 46.3393876], [10.3492103, 46.3391409], [10.3491747, 46.3388804], [10.3493452, 46.3379496], [10.3493356, 46.3375671], [10.3490839, 46.3372474], [10.3487178, 46.3367579], [10.3486734, 46.3366827], [10.3487358, 46.3359606], [10.3486565, 46.3354178], [10.3485279, 46.3348667], [10.3484177, 46.3343831], [10.3483396, 46.3340986], [10.348282, 46.3335089], [10.3481236, 46.3330159], [10.3476915, 46.3324183], [10.3469362, 46.3315811], [10.3464429, 46.3311973], [10.3459369, 46.3308147], [10.3455705, 46.3306116], [10.3451147, 46.330455], [10.344353, 46.3302186], [10.3437931, 46.3300317], [10.3432486, 46.3298176], [10.3428328, 46.3296898], [10.3426376, 46.3295436], [10.3423178, 46.3291834], [10.3418447, 46.3288644], [10.3415455, 46.3287149], [10.3409892, 46.3284784], [10.3406878, 46.328374], [10.3404297, 46.3283095], [10.3399498, 46.3282071], [10.3392883, 46.3280097], [10.3389539, 46.3279099], [10.338494, 46.3278009], [10.3380749, 46.3276396], [10.3378656, 46.327516], [10.3373328, 46.3271916], [10.3368401, 46.327138], [10.336377, 46.3270774], [10.3361333, 46.3270239], [10.3354067, 46.3270195], [10.3349205, 46.3269355], [10.334502, 46.3269444], [10.333698, 46.3270202], [10.3323324, 46.327079], [10.3320804, 46.3270796], [10.3314799, 46.3270911], [10.3313242, 46.3271019], [10.3308229, 46.3271174], [10.3304308, 46.3271045], [10.3303712, 46.3271054], [10.3296455, 46.3271169], [10.3278678, 46.327182], [10.3274373, 46.3271966], [10.326976, 46.3271766], [10.3265059, 46.3271625], [10.326177, 46.3271766], [10.3255728, 46.3272682], [10.3253201, 46.3272492], [10.3247948, 46.3273363], [10.3244642, 46.3274853], [10.3242609, 46.32755], [10.3240398, 46.3275923], [10.3238568, 46.3276116], [10.3236089, 46.3275649], [10.3235393, 46.3275382], [10.3233696, 46.3274732], [10.323207, 46.3272928], [10.3229447, 46.3270507], [10.3226287, 46.3268618], [10.3219851, 46.3264944], [10.3217343, 46.326364], [10.3211179, 46.3262065], [10.3202431, 46.3260204], [10.3195632, 46.3258623], [10.3186595, 46.3256827], [10.3183639, 46.3256141], [10.3180495, 46.3255727], [10.3174297, 46.3255934], [10.3172195, 46.3255643], [10.3170182, 46.3254991], [10.3168206, 46.3253844], [10.3166483, 46.3252424], [10.3160647, 46.3245381], [10.3159363, 46.3244001], [10.3157707, 46.3242625], [10.3155371, 46.3241392], [10.3150304, 46.323962], [10.3147491, 46.3237463], [10.3141978, 46.3232935], [10.313618, 46.3227213], [10.3134862, 46.3225743], [10.3131522, 46.3222955], [10.3124865, 46.3221573], [10.3116628, 46.3222397], [10.3109965, 46.3222159], [10.3107508, 46.3221962], [10.3105682, 46.3221623], [10.310412, 46.3220831], [10.3099979, 46.3220268], [10.3093807, 46.3218636], [10.3087571, 46.3217285], [10.3080683, 46.3217912], [10.3076669, 46.3216865], [10.3069289, 46.3212802], [10.3067353, 46.3208284], [10.306468, 46.3204608], [10.3060724, 46.3202608], [10.3055336, 46.3198668], [10.3052939, 46.3197597], [10.3045586, 46.3193686], [10.304462, 46.3191902], [10.3043091, 46.3190389], [10.3041065, 46.3189197], [10.303265, 46.3185558], [10.3026302, 46.3182166], [10.3023582, 46.3180442], [10.3019469, 46.3177474], [10.3016736, 46.317521], [10.3013397, 46.3171206], [10.3010954, 46.3168343], [10.3007486, 46.3164985], [10.3005019, 46.31612], [10.3001664, 46.3158802], [10.3000061, 46.3155982], [10.2999109, 46.3151415], [10.2997834, 46.3148728], [10.2995029, 46.3145042], [10.2994149, 46.3141518], [10.2991809, 46.3137426], [10.2987772, 46.3132189], [10.2982226, 46.3128173], [10.2979304, 46.3126812], [10.2970099, 46.3119441], [10.2965888, 46.3116362], [10.2960719, 46.3112351], [10.2957442, 46.3107248], [10.2954567, 46.3105422], [10.2949695, 46.3102393], [10.2946529, 46.3099718], [10.2944797, 46.3096336], [10.2942786, 46.309466], [10.2941275, 46.3093092], [10.2937672, 46.3090951], [10.2933478, 46.3088415], [10.2927009, 46.3081385], [10.2921633, 46.3074761], [10.2918858, 46.3070259], [10.291549, 46.3066481], [10.2909674, 46.3058659], [10.2901769, 46.305487], [10.2894191, 46.3050286], [10.2891282, 46.3046674], [10.2889336, 46.3044716], [10.2887325, 46.3043389], [10.2886002, 46.3043044], [10.2882346, 46.304151], [10.2879086, 46.3039522], [10.2870794, 46.3034922], [10.2868741, 46.3033432], [10.2867201, 46.3032136], [10.2865654, 46.3029503], [10.2864011, 46.3025877], [10.2862874, 46.302445], [10.2861317, 46.3023117], [10.2860215, 46.30225], [10.285848, 46.3021889], [10.2851145, 46.3018078], [10.2848227, 46.3016559], [10.2846806, 46.3015495], [10.2843519, 46.3013612], [10.2837616, 46.3008784], [10.2830732, 46.300297], [10.2825819, 46.2998811], [10.2824803, 46.2997698], [10.2823697, 46.29969], [10.2819301, 46.2994925], [10.281791, 46.2994445], [10.2816278, 46.2994059], [10.2814641, 46.2994167], [10.2811755, 46.2992894], [10.2810399, 46.2992504], [10.2806788, 46.299079], [10.2805054, 46.2989504], [10.2801803, 46.2986526], [10.2800884, 46.2985411], [10.2800351, 46.2984112], [10.2799961, 46.2982002], [10.2799271, 46.2980929], [10.2797223, 46.2978747], [10.2792917, 46.2975016], [10.2790666, 46.2971081], [10.2789195, 46.2969207], [10.2784801, 46.2965927], [10.2776544, 46.2961218], [10.277419, 46.2959649], [10.2771004, 46.2957318], [10.276917, 46.2955217], [10.2766656, 46.29528], [10.2762397, 46.2948852], [10.27614, 46.2947153], [10.275894, 46.2944661], [10.275624, 46.2942306], [10.275082, 46.2938857], [10.2745187, 46.2934599], [10.27431, 46.2932778], [10.2741608, 46.2931399], [10.2737095, 46.2927951], [10.2733075, 46.2924208], [10.273027, 46.2920546], [10.2727959, 46.2918097], [10.2724725, 46.2915141], [10.2723114, 46.2913353], [10.2721413, 46.2911134], [10.2719229, 46.2907492], [10.2716731, 46.2904137], [10.2716579, 46.2902474], [10.2715744, 46.2900053], [10.2715308, 46.2899473], [10.2702844, 46.2889577], [10.2699617, 46.2887587], [10.269803, 46.28863], [10.2695784, 46.288394], [10.2691711, 46.2877595], [10.2687989, 46.2872417], [10.2687057, 46.2870717], [10.2685125, 46.2866464], [10.2683584, 46.2860136], [10.268256, 46.2857987], [10.2681051, 46.2855844], [10.2678413, 46.2852633], [10.267722, 46.2850172], [10.2676298, 46.2848877], [10.2674501, 46.2846962], [10.2673101, 46.2844363], [10.2671002, 46.2840264], [10.2669079, 46.283671], [10.2667758, 46.2833227], [10.2665507, 46.2829201], [10.2664223, 46.2823386], [10.2661312, 46.2821339], [10.2659803, 46.2819931], [10.2657023, 46.2818159], [10.2654225, 46.2816947], [10.2651748, 46.2816129], [10.2650088, 46.2815149], [10.2648713, 46.2813469], [10.2642685, 46.2809041], [10.2640816, 46.2805481], [10.2637744, 46.2803128], [10.2633638, 46.280084], [10.2629501, 46.2798341], [10.2626569, 46.2796937], [10.2621905, 46.2795515], [10.262023, 46.2794859], [10.2617232, 46.2793921], [10.2612156, 46.279108], [10.2608517, 46.2785619], [10.2605124, 46.278273], [10.2599271, 46.2778157], [10.2597722, 46.2777157], [10.2595873, 46.2775048], [10.2594054, 46.2771967], [10.2592572, 46.2768762], [10.2591946, 46.2766335], [10.2591173, 46.2763957], [10.2592489, 46.2758479], [10.2593423, 46.2755638], [10.2593849, 46.2753062], [10.259269, 46.2748989], [10.2591575, 46.2745543], [10.2591564, 46.2735799], [10.2591351, 46.2733134], [10.2591274, 46.2732933], [10.2588701, 46.2726983], [10.2587752, 46.2724382], [10.258625, 46.2721913], [10.2582569, 46.2717781], [10.2581367, 46.2716199], [10.2579473, 46.2713731], [10.2577426, 46.2710647], [10.2574791, 46.2705952], [10.2572452, 46.2699323], [10.2573762, 46.2693051], [10.257163, 46.2688598], [10.2568953, 46.2685991], [10.2563849, 46.2683635], [10.2557314, 46.2676478], [10.2553356, 46.267051], [10.2552005, 46.2665952], [10.2552234, 46.2661604], [10.2551179, 46.2657335], [10.2548181, 46.2654258], [10.2544556, 46.2651386], [10.2541567, 46.2649335], [10.2538551, 46.2647679], [10.2535523, 46.2644929], [10.2533972, 46.2642111], [10.253336, 46.2639973], [10.2533063, 46.2637507], [10.2533468, 46.263401], [10.2534109, 46.2631615], [10.2534035, 46.2630478], [10.2534202, 46.262736], [10.2532106, 46.262314], [10.2526213, 46.2617907], [10.2523868, 46.2617133], [10.252058, 46.2613186], [10.2519323, 46.2610885], [10.2518744, 46.2609689], [10.2517488, 46.2607266], [10.2514968, 46.2601664], [10.2513474, 46.2600475], [10.2512041, 46.2599526], [10.2506722, 46.2596755], [10.250388, 46.2592975], [10.248348, 46.2574645], [10.2459516, 46.2553061], [10.2444799, 46.2540115], [10.2437262, 46.2533132], [10.2416343, 46.2513572], [10.2408094, 46.2505255], [10.2406459, 46.2503819], [10.2405309, 46.2502682], [10.2399477, 46.2495743], [10.2393158, 46.2490223], [10.2390065, 46.2487386], [10.2385437, 46.2482791], [10.2382775, 46.2480448], [10.2378488, 46.2476837], [10.2376498, 46.2473147], [10.237102, 46.2467541], [10.2362821, 46.2462045], [10.2358784, 46.2457192], [10.2354866, 46.2452223], [10.2346954, 46.2445912], [10.2344344, 46.2440578], [10.23445, 46.2436244], [10.2342857, 46.2432062], [10.2338973, 46.2428223], [10.2334187, 46.2424719], [10.2331763, 46.2422092], [10.2329479, 46.2419326], [10.2324635, 46.2413191], [10.2321294, 46.2409984], [10.2318198, 46.2407883], [10.2310684, 46.2402783], [10.2304807, 46.2397911], [10.2301736, 46.2393468], [10.2299066, 46.2389957], [10.2297242, 46.2386358], [10.2294986, 46.2383669], [10.2292033, 46.2381174], [10.2288897, 46.2378138], [10.2281896, 46.2372855], [10.2272231, 46.2369675], [10.2260317, 46.2364248], [10.2255057, 46.2361901]]}}, {"type": "Feature", "properties": {"nome": "Adda", "reale": "Adda"}, "geometry": {"type": "LineString", "coordinates": [[9.447564, 45.729216], [9.4471289, 45.7288347], [9.4468797, 45.7284443], [9.4466074, 45.7280021], [9.4464928, 45.7271908], [9.4465541, 45.7263014], [9.4471834, 45.725578], [9.4479744, 45.7249108], [9.449006, 45.7241048], [9.4493068, 45.7237542]]}}, {"type": "Feature", "properties": {"nome": "Adda", "reale": "Adda"}, "geometry": {"type": "LineString", "coordinates": [[9.4466074, 45.7280021], [9.4460908, 45.7274945], [9.445894, 45.7272303], [9.4458284, 45.7269238], [9.4459798, 45.7266808], [9.4465541, 45.7263014]]}}, {"type": "Feature", "properties": {"nome": "Adda", "reale": "Adda"}, "geometry": {"type": "LineString", "coordinates": [[10.211308, 46.2328552], [10.2107302, 46.2327212], [10.2103443, 46.2325378], [10.2099428, 46.2324069], [10.2093344, 46.2319025], [10.2091911, 46.231877], [10.209102, 46.2318779], [10.2088193, 46.2317729], [10.2081137, 46.2314609], [10.2071584, 46.230994], [10.2063522, 46.230674], [10.2060263, 46.2305964], [10.2055364, 46.2305071], [10.2044271, 46.2303343], [10.2041317, 46.2303194], [10.2038964, 46.2302319], [10.2033023, 46.2300491], [10.2027745, 46.2299373], [10.2026346, 46.2299076], [10.2024198, 46.2298694], [10.2020967, 46.2298272], [10.2019621, 46.2298186], [10.2018169, 46.2298199], [10.2016966, 46.2298294], [10.201515, 46.2298594], [10.2011065, 46.2299443], [10.2000833, 46.2301509], [10.1995636, 46.2301384], [10.1990649, 46.2300123], [10.1985835, 46.2297114], [10.1983027, 46.2294293], [10.1978248, 46.2291479], [10.1974482, 46.2290582], [10.1972569, 46.2290034], [10.1961816, 46.2287039], [10.1952282, 46.2283894], [10.19426, 46.2280816], [10.1936606, 46.2278539], [10.1933546, 46.2276563], [10.1928428, 46.2272472], [10.1926798, 46.2270784], [10.1923338, 46.2267261], [10.1922602, 46.2266188], [10.1921101, 46.2264611], [10.1918489, 46.2261866], [10.1914776, 46.2259466], [10.1911369, 46.2257441], [10.190757, 46.2255466], [10.1888265, 46.2246762], [10.1884743, 46.2245433], [10.187753, 46.2243266], [10.1871215, 46.2240494], [10.1861486, 46.2235263], [10.1848951, 46.2230144], [10.1840222, 46.2226487], [10.1834127, 46.2223823], [10.1829813, 46.2222063], [10.1824016, 46.2218791], [10.1819014, 46.2215064], [10.1816056, 46.2211675], [10.1813566, 46.2209676], [10.181005, 46.2207462], [10.1808573, 46.2206622], [10.1805832, 46.2205588], [10.1795501, 46.2200201], [10.1790088, 46.2197361], [10.1785308, 46.2194828], [10.1766586, 46.2185161], [10.1759887, 46.2181639], [10.1752746, 46.2177847], [10.1742927, 46.2172109], [10.1738655, 46.2169408], [10.1733844, 46.216657], [10.1730042, 46.2164387], [10.1724043, 46.2160528], [10.1717761, 46.215662], [10.1697166, 46.2145041], [10.153605, 46.2052851], [10.1528087, 46.2048209], [10.152123, 46.204431], [10.1504294, 46.2034679], [10.1496155, 46.2030168], [10.1489024, 46.2026189], [10.1484375, 46.2023131], [10.1473789, 46.2017388], [10.1468158, 46.2014241], [10.1464363, 46.2011564], [10.1461203, 46.2009012]]}}, {"type": "Feature", "properties": {"nome": "Adda", "reale": "Adda"}, "geometry": {"type": "LineString", "coordinates": [[9.4910576, 45.6494426], [9.4916104, 45.649584], [9.4923209, 45.6494672], [9.4929308, 45.649306], [9.4932719, 45.6490849], [9.4935296, 45.6488961], [9.4938595, 45.6483489], [9.493936, 45.6480831]]}}, {"type": "Feature", "properties": {"nome": "Adda", "reale": "Adda"}, "geometry": {"type": "LineString", "coordinates": [[9.5302043, 45.5659647], [9.5296339, 45.5655549], [9.5294627, 45.5651511], [9.5294301, 45.5650742], [9.5293335, 45.5648038], [9.529308, 45.5647085], [9.5292691, 45.5645634], [9.5291296, 45.5644057], [9.5285717, 45.5641127], [9.5270483, 45.5633841], [9.5259432, 45.5628283], [9.5253102, 45.5623625], [9.5248634, 45.5615521], [9.5251055, 45.5585934], [9.5269081, 45.5557826], [9.527778, 45.5547168], [9.528344, 45.5532774], [9.5278246, 45.5517804], [9.5267208, 45.5503554], [9.5266331, 45.5502422], [9.5265175, 45.550093], [9.5259512, 45.5490627], [9.525961, 45.5472587], [9.5260526, 45.5457006], [9.5272752, 45.5426016], [9.5279093, 45.5414229], [9.5279348, 45.5413755], [9.5286613, 45.540025], [9.528823, 45.5396595], [9.529328, 45.5385826], [9.5299035, 45.5368227], [9.5312204, 45.5347443], [9.5318539, 45.533764], [9.5334325, 45.5327167], [9.534054, 45.5314857], [9.5342345, 45.52974], [9.5340334, 45.5294186], [9.5339393, 45.5292768]]}}, {"type": "Feature", "properties": {"nome": "Adda", "reale": "Adda"}, "geometry": {"type": "LineString", "coordinates": [[9.3938339, 45.8469855], [9.3952936, 45.8460126], [9.3961135, 45.8454213], [9.3970326, 45.8444955], [9.3976722, 45.8436743], [9.3981117, 45.8430022], [9.3984228, 45.8423801], [9.3986481, 45.8416908], [9.3987506, 45.8409389], [9.3994498, 45.8386394]]}}, {"type": "Feature", "properties": {"nome": "Adda", "reale": "Adda"}, "geometry": {"type": "LineString", "coordinates": [[9.4282025, 45.7925135], [9.429728, 45.7907975], [9.431402, 45.7889056], [9.4319528, 45.788179], [9.4321539, 45.7879712], [9.433455, 45.786504], [9.4335947, 45.7862962], [9.4339896, 45.7857907], [9.4342646, 45.7853846], [9.4344703, 45.7849563], [9.4346471, 45.7845281], [9.4349298, 45.7832399], [9.434963, 45.7825468], [9.435192, 45.7813893], [9.4351914, 45.7809033], [9.4351087, 45.7803996], [9.4348116, 45.7798247], [9.4346611, 45.7788712], [9.4345446, 45.7773281], [9.4345536, 45.7760094], [9.4345995, 45.7759148], [9.4348947, 45.7756256], [9.4349613, 45.7755084], [9.4349909, 45.7753867], [9.4346495, 45.7730299], [9.4345312, 45.7729088], [9.434352, 45.7728105], [9.4342183, 45.7727795], [9.4340592, 45.7727846], [9.4328715, 45.7732617], [9.432538, 45.7733754], [9.4321224, 45.7734805], [9.4319584, 45.7734811], [9.4317264, 45.773419], [9.4315021, 45.7733073], [9.4313292, 45.773191], [9.4311657, 45.7730521], [9.4268201, 45.7690334], [9.4261801, 45.7683399], [9.4259744, 45.7674822], [9.4260218, 45.7665006], [9.4262491, 45.7657629], [9.4268979, 45.7644906], [9.4273746, 45.7635617], [9.4277885, 45.7632407], [9.4282142, 45.7629916], [9.4288407, 45.7627327], [9.4301015, 45.7623905], [9.431463, 45.7621783], [9.4321139, 45.7621624], [9.4332547, 45.7620395], [9.4334775, 45.7620222], [9.4345353, 45.7618427], [9.4350142, 45.7616158], [9.4352637, 45.7614484], [9.4356801, 45.7611773], [9.4362416, 45.7605068], [9.4364564, 45.7602242], [9.4368368, 45.7599438], [9.4372942, 45.759654], [9.4387211, 45.7588567], [9.438852, 45.7588605], [9.4396525, 45.7584614], [9.4405801, 45.7580708], [9.4407598, 45.7580386], [9.4415197, 45.7577926], [9.4419024, 45.7576347], [9.4423463, 45.7574429], [9.4435358, 45.7568443], [9.4440588, 45.7565182], [9.4447458, 45.756098], [9.4459661, 45.7548412], [9.4463746, 45.7544751], [9.4465611, 45.7542809], [9.4466533, 45.7541545], [9.4467843, 45.754046], [9.4475447, 45.7532779], [9.4482441, 45.7527037], [9.4488841, 45.7521476], [9.4499076, 45.75132], [9.450099, 45.7511348], [9.4512722, 45.7501446], [9.4522718, 45.7493441], [9.4528139, 45.7488109], [9.4534474, 45.7482169], [9.4536678, 45.7477809], [9.4539093, 45.747252], [9.4540691, 45.7466329], [9.4540629, 45.7460761], [9.4540264, 45.7458221], [9.4539368, 45.7455843], [9.4538571, 45.745274], [9.4535345, 45.7447263], [9.4532424, 45.7443764], [9.453108, 45.744242], [9.452527, 45.7437402], [9.4522621, 45.7435658], [9.4516009, 45.7430733], [9.4506491, 45.742204], [9.4501488, 45.7417335], [9.44993, 45.7414958], [9.4491607, 45.7405448], [9.4489354, 45.7400911], [9.4487681, 45.7396643], [9.4486452, 45.739192], [9.4486529, 45.738987], [9.4487623, 45.7384105], [9.4488179, 45.7376897], [9.4487715, 45.7374049], [9.4486603, 45.7370455], [9.4486192, 45.7369287], [9.4485849, 45.7367325], [9.4484248, 45.7365457], [9.4481421, 45.736367]]}}, {"type": "Feature", "properties": {"nome": "Adda", "reale": "Adda"}, "geometry": {"type": "LineString", "coordinates": [[9.5285773, 45.5257861], [9.5284683, 45.5254621], [9.5282723, 45.5253067], [9.5276203, 45.5248424], [9.5270221, 45.5244358], [9.5265071, 45.5242253], [9.5262926, 45.5238795], [9.5258849, 45.5232181], [9.5255416, 45.5226017], [9.5254235, 45.5224964], [9.5247691, 45.5223085], [9.5246081, 45.5221507], [9.524061, 45.5214967], [9.5230632, 45.5209554], [9.5217865, 45.5202563], [9.5207565, 45.5197376], [9.5199304, 45.519234], [9.519351, 45.5186251], [9.518321, 45.5174674], [9.5178919, 45.5168584], [9.5173662, 45.5154301], [9.5173555, 45.5146557], [9.5174198, 45.5142272], [9.5174842, 45.5133025], [9.5170443, 45.5128664], [9.5164913, 45.5126977]]}}, {"type": "Feature", "properties": {"nome": "Adda", "reale": "Adda"}, "geometry": {"type": "LineString", "coordinates": [[9.6733544, 46.1601713], [9.6716594, 46.1602105], [9.6639956, 46.1602506], [9.6637623, 46.1602412], [9.663221, 46.1602468], [9.6628374, 46.1602458], [9.660203, 46.1600855], [9.6513081, 46.1574908], [9.6448732, 46.1558623], [9.6447154, 46.1558224], [9.6438168, 46.155545], [9.6434679, 46.1554534], [9.6432987, 46.1553314], [9.6429469, 46.1550829], [9.642359, 46.1549547], [9.6419033, 46.1549754], [9.6415114, 46.1549788], [9.6409753, 46.1549617], [9.6400127, 46.1547648], [9.6392202, 46.1545348], [9.6381795, 46.1542751], [9.6365925, 46.153926], [9.6362589, 46.1538261], [9.6357152, 46.1537561], [9.6349601, 46.1536853], [9.6342961, 46.1536323], [9.6333157, 46.1535273], [9.6328846, 46.1534758], [9.6325283, 46.1534208], [9.6322343, 46.1532454], [9.6318266, 46.1527946], [9.6315094, 46.1524325], [9.6307856, 46.1515506], [9.6304682, 46.1512204], [9.6299538, 46.1504524], [9.6297078, 46.1500052], [9.629477, 46.1497378], [9.6291196, 46.1488396], [9.6288446, 46.1481048], [9.6285757, 46.1475558], [9.6282459, 46.147007], [9.6276772, 46.1465022], [9.6273447, 46.1464106], [9.6272015, 46.1463484], [9.6270682, 46.1462951], [9.6266621, 46.1461636], [9.626044, 46.1461101], [9.6258606, 46.1461071], [9.6253327, 46.1460985], [9.6247884, 46.146159], [9.6238896, 46.1462954], [9.6231579, 46.1463239], [9.6227419, 46.1463161], [9.6220718, 46.1461805], [9.6217114, 46.1460588], [9.6213834, 46.1459661], [9.6211571, 46.1458503], [9.6209157, 46.1457174], [9.619552, 46.145264], [9.6177172, 46.1448185], [9.6156596, 46.1443666], [9.6145966, 46.144094], [9.6141638, 46.1438919], [9.6125559, 46.143327], [9.6119942, 46.1432271], [9.6114113, 46.1431169], [9.610662, 46.1430516], [9.6096696, 46.1429982], [9.608934, 46.1430597], [9.6081807, 46.1432995], [9.6067991, 46.1436504], [9.6059388, 46.1437703], [9.6055945, 46.1438998], [9.6049984, 46.1440391], [9.6036926, 46.1440271], [9.6033762, 46.1439634], [9.6029284, 46.1437159], [9.6023868, 46.1436198], [9.6019129, 46.1435007], [9.6015887, 46.143453], [9.6002254, 46.1434726], [9.5991591, 46.1434185], [9.5985897, 46.1433022], [9.5981852, 46.1433178], [9.5977778, 46.143454], [9.5974715, 46.1436215], [9.5966056, 46.1435542], [9.595996, 46.1434568], [9.595677, 46.1433579], [9.5951128, 46.1432193], [9.5943655, 46.1429589], [9.5932437, 46.1427502], [9.5927982, 46.1426439], [9.5924751, 46.1425319], [9.5921392, 46.1423188], [9.5917142, 46.1420735], [9.591403, 46.1418977], [9.5909783, 46.1417215], [9.5903826, 46.1415415], [9.5897904, 46.1414157], [9.589021, 46.1411469], [9.588761, 46.1410492], [9.5884005, 46.1410223], [9.5876953, 46.1411154], [9.5868563, 46.1409993], [9.5858622, 46.1408071], [9.5849363, 46.140621], [9.5840886, 46.1404604], [9.5833953, 46.1403227], [9.5825838, 46.140204], [9.5823247, 46.1400662], [9.5820361, 46.140019], [9.5817558, 46.140036], [9.5813822, 46.1401408], [9.5803313, 46.1406494], [9.5794431, 46.1412166], [9.5790482, 46.1415598], [9.5788331, 46.1419189], [9.5781857, 46.1425453], [9.5774525, 46.1433258], [9.5768961, 46.1438537], [9.5765252, 46.1443188], [9.5763985, 46.1445885], [9.5761752, 46.1457951], [9.5761436, 46.145834], [9.5756684, 46.1463673], [9.5753256, 46.1464328], [9.5747473, 46.1463495], [9.5741494, 46.1462177], [9.5732377, 46.1461361], [9.5720697, 46.1460624], [9.571503, 46.1459439], [9.5712925, 46.1459048], [9.5692237, 46.1457896], [9.5673699, 46.145695], [9.5658745, 46.1455747], [9.564835, 46.1455076], [9.5643085, 46.1454664], [9.562594, 46.1452849], [9.5610258, 46.145144], [9.5584727, 46.1448265], [9.5574718, 46.1447004], [9.5563513, 46.1445968], [9.5556497, 46.1445609], [9.5540476, 46.1443688], [9.553755, 46.1443066], [9.5531293, 46.1442632], [9.5522874, 46.1441602], [9.5514922, 46.143962], [9.5512666, 46.1438898], [9.5508012, 46.1437212], [9.549752, 46.1431185], [9.5492472, 46.1428444], [9.5485904, 46.1425183], [9.5481805, 46.1422569], [9.5476369, 46.1418842], [9.547216, 46.141423], [9.5461145, 46.1405782], [9.5458245, 46.1405186], [9.5447678, 46.1402159], [9.5433771, 46.1398094], [9.5425292, 46.1396849], [9.54244, 46.1396673], [9.5413651, 46.139372], [9.5403037, 46.1391782], [9.5394194, 46.1390786], [9.5390606, 46.1390396], [9.5380701, 46.1389375], [9.5368429, 46.1389107], [9.5364138, 46.1388902], [9.5357637, 46.1389383], [9.535456, 46.1389172], [9.5351064, 46.1389143], [9.5339749, 46.1387793], [9.5332862, 46.1388922], [9.5325529, 46.1389423], [9.5315703, 46.1389128], [9.5311575, 46.1388922], [9.5281637, 46.1389773], [9.5276685, 46.1389461], [9.5269204, 46.1388909], [9.5258043, 46.1388429], [9.5245784, 46.1386661], [9.523997, 46.138666], [9.5230215, 46.1387507], [9.5221992, 46.1389708], [9.5213796, 46.1391902], [9.5204893, 46.1394692], [9.5199286, 46.1395656], [9.5192451, 46.1397181], [9.5186756, 46.139882], [9.5177351, 46.1401457], [9.5161364, 46.14066], [9.5151805, 46.1412827], [9.5150244, 46.1418394], [9.5146957, 46.142027], [9.5140946, 46.1422218], [9.513428, 46.1423435], [9.5124896, 46.1425006], [9.5107355, 46.1432324], [9.5096699, 46.1441121], [9.5089471, 46.144506], [9.5082669, 46.1451387], [9.507961, 46.1455756], [9.5075284, 46.146003], [9.5063286, 46.1466126], [9.5060592, 46.1467312], [9.505796, 46.1468609], [9.5044321, 46.1472176], [9.5034853, 46.1474772], [9.5018652, 46.1483319], [9.5009035, 46.1489917], [9.5001387, 46.1494405], [9.4999714, 46.1495538], [9.4994943, 46.1497808], [9.4991403, 46.1500119], [9.4989438, 46.1501207], [9.4980009, 46.1505613], [9.4974161, 46.1508699], [9.4968196, 46.1511425], [9.4965345, 46.1513012], [9.4957296, 46.1517952], [9.4954488, 46.1518909], [9.49509, 46.1519555], [9.4943228, 46.1520437], [9.4935196, 46.1519218], [9.4928813, 46.1518615], [9.4921098, 46.1517523], [9.4913118, 46.1515803], [9.4903767, 46.1512693], [9.4896336, 46.1510749], [9.4889617, 46.1508793], [9.4883291, 46.150729], [9.488005, 46.1506854], [9.4872553, 46.1506526], [9.4869059, 46.1506856], [9.4867589, 46.1507222], [9.4865017, 46.1507368], [9.4861861, 46.1507472], [9.4856211, 46.1507316], [9.4846954, 46.150749], [9.4837574, 46.1506675], [9.483027, 46.1506211], [9.4827889, 46.1506041], [9.4822879, 46.1505072], [9.4815671, 46.1504517], [9.4806608, 46.1502991], [9.4805709, 46.1502807], [9.4802967, 46.1502009], [9.4798204, 46.1500874], [9.4785062, 46.1497535], [9.4777721, 46.1496126], [9.4772564, 46.1494978], [9.4764986, 46.1492759], [9.4760996, 46.1491831], [9.4754694, 46.1491182], [9.4744756, 46.148907], [9.474138, 46.1488927], [9.4733384, 46.1488776], [9.472695, 46.1487888], [9.4722867, 46.1487768], [9.4719106, 46.1487038], [9.4711537, 46.1484808], [9.4703912, 46.148388], [9.4699074, 46.1482573], [9.4693577, 46.1481392], [9.4687837, 46.1479846], [9.4685175, 46.1479018], [9.4680831, 46.1477375], [9.4674262, 46.1474591], [9.4670367, 46.1473361], [9.4662392, 46.1471597], [9.4654463, 46.1470814], [9.4651247, 46.1471254], [9.4647127, 46.1472017], [9.4643331, 46.1473157], [9.4637644, 46.1475771], [9.463533, 46.147729], [9.4632118, 46.1479101], [9.4626539, 46.1483056], [9.4623808, 46.1485877], [9.4617521, 46.14913], [9.4615782, 46.149381], [9.4614053, 46.1495826], [9.4613092, 46.1496622], [9.4609847, 46.1497625], [9.46045, 46.1498952], [9.4599859, 46.149951], [9.4594988, 46.1499665], [9.4593125, 46.1499447], [9.4590676, 46.1498872], [9.4583481, 46.1495886], [9.4577669, 46.1493794], [9.4574386, 46.1492188], [9.4572174, 46.1490891], [9.4569829, 46.1489236], [9.4565609, 46.1485923], [9.4564223, 46.1484623], [9.4559228, 46.1479513], [9.4554847, 46.1474311], [9.4552883, 46.1471618], [9.4551044, 46.1468521], [9.4548196, 46.1464662], [9.4545019, 46.145815], [9.4541931, 46.1452717], [9.4541025, 46.1450786], [9.4539437, 46.1448542], [9.4537673, 46.1446569], [9.4535749, 46.1444912], [9.4534447, 46.1444017], [9.4533324, 46.1443301], [9.4528277, 46.1441566], [9.451415, 46.1435952], [9.4511213, 46.1435019], [9.4507809, 46.1434447], [9.4503989, 46.1434327], [9.4498925, 46.1434572], [9.448622, 46.1436602], [9.4484218, 46.143715], [9.4480572, 46.1438559], [9.4478158, 46.1440324], [9.4476551, 46.144177], [9.4475287, 46.144353], [9.4471904, 46.1447503], [9.4468226, 46.1450982], [9.4466558, 46.1452924], [9.4462535, 46.14578], [9.4459316, 46.1462042], [9.4458567, 46.146344], [9.4457141, 46.1465291], [9.4455151, 46.1467458], [9.4453071, 46.1470436], [9.4451652, 46.1473097], [9.4450306, 46.1476747], [9.4448734, 46.1482603], [9.4447605, 46.1485128], [9.4446755, 46.1488011], [9.4446309, 46.1490983], [9.4445999, 46.1496654], [9.4445071, 46.1506107], [9.444371, 46.1512007], [9.4442949, 46.15139], [9.4439699, 46.1518413]]}}, {"type": "Feature", "properties": {"nome": "Adda", "reale": "Adda"}, "geometry": {"type": "LineString", "coordinates": [[10.1461203, 46.2009012], [10.1454501, 46.2004803], [10.1445551, 46.1999047], [10.143865, 46.1994708], [10.1431411, 46.1990362], [10.1425301, 46.1986412], [10.1416735, 46.1981059], [10.1401719, 46.1971491], [10.1398804, 46.1969496], [10.1391033, 46.1964033], [10.1380165, 46.1956772], [10.1372424, 46.1950517], [10.1364519, 46.1944792], [10.1357529, 46.1940553], [10.1349233, 46.1935768], [10.1335816, 46.1924199], [10.133086, 46.1917908], [10.1326243, 46.1914423], [10.132258, 46.1911215], [10.1312615, 46.1901394], [10.1304728, 46.1893413], [10.1299555, 46.1887866], [10.1297034, 46.1884958], [10.1291631, 46.1879747], [10.1287382, 46.1876644], [10.1283856, 46.1873077], [10.1280175, 46.1868175], [10.1275105, 46.1862678], [10.1265996, 46.1857547], [10.1261486, 46.1854441], [10.1255071, 46.1843208], [10.1251737, 46.1834619], [10.1249164, 46.1828298], [10.124782, 46.1825338], [10.1245626, 46.1820612], [10.1244471, 46.1815007], [10.1242669, 46.1805648], [10.1241959, 46.180235], [10.1237655, 46.1797203], [10.1231418, 46.1795072], [10.1223635, 46.1794361], [10.1217976, 46.1792618], [10.1214559, 46.1786641], [10.1202699, 46.1768021], [10.1197639, 46.1761941], [10.119403, 46.1758075], [10.1189476, 46.1755042], [10.1186604, 46.1753363], [10.1183032, 46.1751648], [10.1178882, 46.1749725], [10.1170329, 46.1747964], [10.1163846, 46.1746742], [10.1156495, 46.174569], [10.1149266, 46.1745065], [10.1145797, 46.1744063], [10.1132538, 46.1740644], [10.111791, 46.1735287], [10.1107759, 46.17304], [10.1097587, 46.172484], [10.1082801, 46.1718213], [10.1073396, 46.1713493], [10.1070565, 46.1706541], [10.1068726, 46.1703494], [10.1055735, 46.1697367], [10.1044547, 46.169278], [10.1036916, 46.1690758], [10.103039, 46.1687506], [10.1027119, 46.1686912], [10.101952, 46.1684179], [10.1015857, 46.168191], [10.1012075, 46.1678165], [10.1008514, 46.1675162], [10.1007189, 46.1673193], [10.1006005, 46.1668203], [10.1003597, 46.1661953], [10.100107, 46.1658165], [10.09918, 46.1654944], [10.0989276, 46.1653719], [10.0986663, 46.1651531], [10.0983739, 46.1648761], [10.0980017, 46.1645141], [10.0975444, 46.1642386], [10.0964422, 46.1635659]]}}, {"type": "Feature", "properties": {"nome": "Adda", "reale": "Adda"}, "geometry": {"type": "LineString", "coordinates": [[9.4481421, 45.736367], [9.4478435, 45.7361081], [9.4474279, 45.7358812], [9.4465441, 45.7352042], [9.4461294, 45.7347693], [9.4459117, 45.7344686], [9.4457895, 45.7342576], [9.4456452, 45.7338936], [9.4455934, 45.7336373], [9.4455851, 45.7334078], [9.4456019, 45.7332997], [9.4456595, 45.7330565], [9.4458371, 45.7325698], [9.4464119, 45.7315144], [9.4465689, 45.7312618], [9.4467158, 45.7311174], [9.4468831, 45.7307656], [9.4470772, 45.7303238], [9.4471948, 45.7299633], [9.447564, 45.729216], [9.447717, 45.7289667], [9.4479059, 45.7286869], [9.4481095, 45.7282271], [9.448355, 45.7277941], [9.4486047, 45.7272846], [9.4489075, 45.7265768], [9.4489383, 45.7264102], [9.4490518, 45.7261397], [9.4496313, 45.7248182], [9.4493068, 45.7237542], [9.4493181, 45.723614], [9.4493769, 45.7230063], [9.4493887, 45.7224842], [9.4493741, 45.7222592], [9.4494061, 45.7218451], [9.4494177, 45.721287], [9.4494703, 45.7191812], [9.4494356, 45.7186598], [9.4494774, 45.7182401], [9.4493649, 45.7177499], [9.4492768, 45.7172618], [9.4493111, 45.7162602], [9.4492594, 45.7157657], [9.4493303, 45.7151894], [9.4492961, 45.7149285], [9.4492982, 45.7147935], [9.4493586, 45.7145142], [9.4493953, 45.7140731], [9.4494292, 45.7138974], [9.4495361, 45.7136135], [9.4496783, 45.7132414], [9.4500467, 45.7128487], [9.4502634, 45.7126784], [9.451269, 45.7122205], [9.4520916, 45.7118618], [9.4525036, 45.7115721], [9.4528925, 45.7112016], [9.4533932, 45.710763], [9.4538688, 45.7101896], [9.4540651, 45.7100403], [9.4545652, 45.7097323], [9.4553971, 45.7091395], [9.4558002, 45.7087418], [9.455947, 45.7086332], [9.4564145, 45.7081936], [9.4568073, 45.7077882], [9.4570457, 45.7074813], [9.4571843, 45.7073412], [9.4572604, 45.7072284], [9.4578134, 45.7061191], [9.4578836, 45.7058668], [9.4578781, 45.7057738], [9.457956, 45.705484], [9.4579775, 45.7051734], [9.4580263, 45.7048537], [9.4580278, 45.7046466], [9.4580557, 45.704516], [9.4581834, 45.7040295], [9.4583735, 45.7035202], [9.4585395, 45.7029163], [9.4586091, 45.7023535], [9.4586552, 45.7020478], [9.458645, 45.7019168], [9.4585776, 45.7014141], [9.4582633, 45.7009901], [9.4573848, 45.7004189], [9.4565316, 45.6996457], [9.4562335, 45.6993831], [9.4560491, 45.6990927], [9.4559227, 45.6988586], [9.4559019, 45.698601], [9.4559245, 45.6983879], [9.4559511, 45.6982645], [9.4559992, 45.6980572], [9.4560942, 45.6976969], [9.4561009, 45.6975348], [9.4560214, 45.6966351], [9.4558358, 45.6961228], [9.4556333, 45.6957096], [9.4556083, 45.6955926], [9.455425, 45.6951658], [9.4553401, 45.6947882], [9.4553024, 45.6946938], [9.4551311, 45.6943615], [9.4544425, 45.6934015], [9.454071, 45.692936], [9.4536982, 45.692468], [9.4535529, 45.6921626], [9.4533512, 45.6918483], [9.4529583, 45.6913009], [9.4526922, 45.6906055]]}}, {"type": "Feature", "properties": {"nome": "Adda", "reale": "Adda"}, "geometry": {"type": "LineString", "coordinates": [[10.0964422, 46.1635659], [10.0962526, 46.1635028], [10.0957611, 46.1634173], [10.0952388, 46.1635829], [10.0941794, 46.1639523], [10.0933156, 46.1641185], [10.0926714, 46.1640362], [10.0923072, 46.1637773], [10.0920862, 46.1635769], [10.0915336, 46.1631565], [10.0906863, 46.1628299], [10.0900118, 46.1623733], [10.089673, 46.1621855], [10.0893322, 46.1621411], [10.0887639, 46.1622261], [10.0879394, 46.1625085], [10.0872792, 46.1626586], [10.086797, 46.1626904], [10.0864909, 46.1626212], [10.0862694, 46.1625513], [10.0857111, 46.1623182], [10.0848555, 46.1619693], [10.0844993, 46.1617706], [10.0841478, 46.1615214], [10.0838264, 46.1612224], [10.0836153, 46.1608443], [10.0832068, 46.1602764], [10.0828847, 46.1598655], [10.0826613, 46.1595391], [10.0824324, 46.1592577], [10.0818191, 46.1585743], [10.0813564, 46.1581673], [10.080659, 46.15765], [10.0803335, 46.1574117], [10.0800689, 46.1572637], [10.0793561, 46.1569243], [10.0791052, 46.156777], [10.0786068, 46.1565918], [10.0771593, 46.1560873], [10.0756555, 46.1556158], [10.074877, 46.1552828], [10.0742985, 46.1549972], [10.0739861, 46.1547474], [10.0735624, 46.1544941], [10.073282, 46.1543114], [10.0730681, 46.154172], [10.0727893, 46.1539502], [10.0723377, 46.1536424], [10.0710102, 46.1526616], [10.0701916, 46.1524196], [10.0695324, 46.1523959], [10.0683001, 46.1523058], [10.0671292, 46.1519107], [10.0666434, 46.151465], [10.0663442, 46.1509115], [10.0654882, 46.150748], [10.0649408, 46.1506745], [10.0641039, 46.1506192], [10.0630774, 46.1505699], [10.0621061, 46.1506509], [10.061895, 46.1506978], [10.0614665, 46.150758], [10.0604295, 46.1509846], [10.0596847, 46.1511415], [10.0589193, 46.1513695], [10.0584465, 46.1515454], [10.0578417, 46.151634], [10.0573918, 46.1516408], [10.0564599, 46.1516293], [10.0561005, 46.1515227], [10.0557273, 46.151349], [10.0553473, 46.1511043], [10.0549522, 46.1510221], [10.0540502, 46.1511501], [10.053368, 46.1513077], [10.053139, 46.1513503], [10.0525226, 46.151372], [10.0516898, 46.1514792], [10.0508512, 46.1517597], [10.0505017, 46.152032], [10.0504228, 46.1522294], [10.0503545, 46.1524424], [10.050184, 46.1529759], [10.0496429, 46.1537386], [10.0490944, 46.1546185], [10.0489633, 46.1547907], [10.0487852, 46.1549588], [10.0482878, 46.1553639], [10.0481391, 46.1554643], [10.0478858, 46.1555926], [10.0470513, 46.1559912], [10.0459326, 46.1563995], [10.0452086, 46.1566227], [10.0445378, 46.1567029], [10.0440881, 46.1567233], [10.0433761, 46.1566773], [10.0429252, 46.1567781], [10.04236, 46.1569162], [10.0418538, 46.1570661], [10.0414469, 46.1572224], [10.0410675, 46.1573068], [10.0400557, 46.1575393], [10.0395842, 46.1577342], [10.0386759, 46.1580885], [10.0382592, 46.1583109], [10.0380511, 46.1584027], [10.0377513, 46.1584999], [10.0373689, 46.158565], [10.0367599, 46.1586462], [10.0363903, 46.1586827], [10.035751, 46.1587529], [10.0355373, 46.1587831], [10.0350615, 46.1588254], [10.0346846, 46.1588537], [10.0339758, 46.1589231], [10.0336454, 46.1589396], [10.0329099, 46.1590271], [10.0322735, 46.1590305], [10.0318748, 46.159], [10.0309984, 46.1589829], [10.0306181, 46.1589127], [10.0302307, 46.1588665], [10.0299793, 46.1588196], [10.0292538, 46.1586092], [10.0288132, 46.1584669], [10.028494, 46.1583877], [10.0280662, 46.1582328], [10.0272736, 46.1579666], [10.026413, 46.1575857], [10.0253637, 46.1573594], [10.0245387, 46.1571292], [10.0239818, 46.1569993], [10.0234522, 46.1569015], [10.0232287, 46.1569589], [10.0231404, 46.1569957], [10.0228535, 46.1570658], [10.0225437, 46.1571457], [10.0219942, 46.1572579], [10.0217124, 46.157337], [10.0214154, 46.1573846], [10.0208432, 46.157469], [10.0202408, 46.1574873], [10.0198453, 46.1575723], [10.0190414, 46.1576927], [10.0184796, 46.1576988], [10.0181856, 46.1576429], [10.017573, 46.1574263], [10.0173808, 46.1573666], [10.0164273, 46.1570001], [10.0156636, 46.1568036], [10.0148806, 46.156556], [10.0141082, 46.1564359], [10.0136869, 46.1563778], [10.0131877, 46.156395], [10.0121402, 46.1565239], [10.0113565, 46.156889], [10.0107738, 46.1571474], [10.0105499, 46.1572382], [10.0103715, 46.1573072], [10.0099673, 46.1575024], [10.0090546, 46.1576323], [10.008453, 46.1577219], [10.0079615, 46.1577785], [10.0076594, 46.1578127], [10.0073584, 46.1578198], [10.0069613, 46.1578818], [10.006453, 46.1578863], [10.0061575, 46.1578394], [10.0055516, 46.1578132], [10.0054556, 46.1577871], [10.0049884, 46.1576286], [10.0044571, 46.1576113], [10.0041106, 46.157551], [10.0037046, 46.1576033], [10.0032007, 46.157805], [10.0024608, 46.1582409], [10.0014546, 46.1588212], [10.001319, 46.1589304], [10.0010785, 46.1590585], [10.0008087, 46.1592678], [10.0007268, 46.159309], [10.0003329, 46.1596365], [10.0001022, 46.159769], [9.9993985, 46.1601001], [9.9984482, 46.1606895], [9.9980362, 46.160936], [9.9977457, 46.1610598], [9.9973201, 46.1610364], [9.9969317, 46.1609111], [9.9963951, 46.1607066], [9.9958016, 46.1603344], [9.9951754, 46.159975], [9.994761, 46.1597321], [9.9944501, 46.1596355], [9.9938135, 46.1596306], [9.9933092, 46.1596653], [9.9922023, 46.1598063], [9.9918051, 46.1598638], [9.9909422, 46.1601876], [9.9903844, 46.1604476], [9.9902025, 46.1605077], [9.989642, 46.16076], [9.9895684, 46.1608057], [9.9892131, 46.1609437], [9.9891345, 46.1609894], [9.9889206, 46.1610483], [9.9883609, 46.1612751], [9.9880655, 46.1613227], [9.9874067, 46.1615128], [9.9871146, 46.1615649], [9.9869869, 46.1615773], [9.9868108, 46.1615945], [9.9866117, 46.1615962], [9.9864121, 46.1615709], [9.9862202, 46.1615231], [9.9860584, 46.161439], [9.9858564, 46.1612787], [9.9851881, 46.1606635], [9.9847842, 46.1603475], [9.9845405, 46.1601201], [9.9841911, 46.1598621], [9.9838703, 46.1596421], [9.9835345, 46.1595229], [9.9832626, 46.1595463], [9.9830932, 46.159595], [9.9828823, 46.1597391], [9.9826812, 46.1599876], [9.9825404, 46.1601733], [9.9824844, 46.1606642], [9.9824285, 46.1607952], [9.9822794, 46.160972], [9.9821393, 46.1611135], [9.9818376, 46.1614393], [9.9814268, 46.1616408], [9.9812516, 46.1617143], [9.9811581, 46.1617376], [9.9809559, 46.1617484], [9.9804551, 46.1618112], [9.9803531, 46.1618075], [9.9799866, 46.1616847], [9.9795983, 46.161607], [9.9793277, 46.1615058], [9.9786332, 46.1614128], [9.9783411, 46.1613325], [9.9776555, 46.1611911], [9.9765691, 46.1606924], [9.9760456, 46.1604764], [9.9756468, 46.1602593], [9.9754596, 46.1602024], [9.9749542, 46.1601887], [9.9745568, 46.1602371], [9.9742543, 46.1602487], [9.9731951, 46.1603891], [9.9720472, 46.1605915], [9.9709978, 46.1608524], [9.9704156, 46.1609788], [9.9703288, 46.1610155], [9.9701386, 46.1610622], [9.9694562, 46.1612029], [9.9691726, 46.1612773], [9.9685733, 46.1613544], [9.9678641, 46.1613514], [9.9675685, 46.1612999], [9.9670675, 46.1612547], [9.9665785, 46.1611598], [9.9660757, 46.1611101], [9.9656722, 46.1610865], [9.9650243, 46.1608849], [9.9641354, 46.1604154], [9.9640072, 46.1603085], [9.9637367, 46.1602073], [9.9633625, 46.1601025], [9.9625858, 46.159938], [9.9623169, 46.1598368], [9.9618204, 46.1597734], [9.9616167, 46.1597931], [9.9608498, 46.1596965], [9.9605116, 46.1596104], [9.9602867, 46.1594668], [9.9602082, 46.159418], [9.9600288, 46.1592485], [9.9599791, 46.1591859], [9.9599202, 46.1590559], [9.9597407, 46.1588819], [9.959664, 46.1587521], [9.9595811, 46.1585503], [9.9594898, 46.1584205], [9.9593621, 46.1581516], [9.9593432, 46.1580843], [9.9592829, 46.1577993], [9.9592118, 46.1576349], [9.9591344, 46.1575004], [9.9588773, 46.1572195], [9.9583896, 46.1569642], [9.9582215, 46.1568877], [9.9576336, 46.1567756], [9.9563757, 46.1564936], [9.9556872, 46.1563734], [9.9554877, 46.1563525], [9.9552911, 46.1563092], [9.955194, 46.1563145], [9.9550023, 46.1563656], [9.9545999, 46.156405], [9.9545048, 46.1564327], [9.9543471, 46.1565781], [9.9542031, 46.1566783], [9.954113, 46.1567105], [9.9535279, 46.1569638], [9.9529886, 46.1571096], [9.9527947, 46.157149], [9.9523902, 46.1571614], [9.9519852, 46.1571467], [9.9513426, 46.1571911], [9.9508859, 46.1572391], [9.9504064, 46.1573466], [9.949994, 46.1575345], [9.9496793, 46.1577689], [9.9496225, 46.1578549], [9.9494949, 46.157964], [9.9492774, 46.1581465], [9.9492284, 46.1583713], [9.948647, 46.158835], [9.9485487, 46.1589573], [9.9484907, 46.1590703], [9.9484023, 46.159197], [9.9482369, 46.1593739], [9.9481238, 46.1595728], [9.9478292, 46.1598588], [9.9476128, 46.1601756], [9.9472691, 46.1605249], [9.9471332, 46.160625], [9.9469956, 46.1608042], [9.9468324, 46.1609945], [9.9465664, 46.1612091], [9.9461482, 46.1614724], [9.9456777, 46.1617013], [9.9453779, 46.1617737], [9.9447217, 46.1619672], [9.9442328, 46.1620613], [9.9437171, 46.1620622], [9.9434219, 46.1620624], [9.9428112, 46.1620728], [9.942453, 46.1621018], [9.9416117, 46.1621782], [9.9409722, 46.1622626], [9.9399079, 46.1624118], [9.9395566, 46.1625469], [9.9382817, 46.162975], [9.9372869, 46.1633162], [9.9369359, 46.1634647], [9.9366873, 46.1635686], [9.9364235, 46.1636697], [9.9352079, 46.163858], [9.9349532, 46.1642215], [9.9337749, 46.1644445], [9.9324517, 46.1646086], [9.9320591, 46.1645152], [9.9304945, 46.1645955], [9.930077, 46.164644], [9.9299541, 46.164654], [9.9292384, 46.1646241], [9.9283088, 46.1644948], [9.9270572, 46.1645089], [9.9265426, 46.1645316], [9.925357, 46.1647844], [9.9240621, 46.1651524], [9.9234636, 46.1653603], [9.9226057, 46.1655685], [9.9216479, 46.1657818], [9.9209498, 46.166077], [9.9204344, 46.1661724], [9.9199456, 46.1661635], [9.9187328, 46.1660508], [9.9175305, 46.1659407], [9.916911, 46.1659428], [9.9166655, 46.1659808], [9.9155651, 46.1660784], [9.9144946, 46.1663006], [9.9137409, 46.1663462], [9.9135589, 46.1664062], [9.9134042, 46.1664524], [9.9126577, 46.1667419], [9.9120036, 46.1669406], [9.9110681, 46.167108], [9.9105053, 46.1672504], [9.9098909, 46.1677133], [9.9094818, 46.1678488], [9.9092068, 46.1678661], [9.9089262, 46.1678606], [9.9085214, 46.1678593], [9.9079958, 46.1677411], [9.9074317, 46.1676231], [9.9069729, 46.1675012], [9.9063855, 46.1673706], [9.9059901, 46.1673349], [9.9056286, 46.1673108], [9.9047722, 46.167322], [9.9043834, 46.1673914], [9.9040342, 46.1674669], [9.9035048, 46.1675595], [9.9030059, 46.1675293], [9.9026509, 46.1674517], [9.9023826, 46.1673409], [9.9021935, 46.1672614], [9.9018797, 46.167171], [9.9015452, 46.167005], [9.9013506, 46.1668063], [9.9011287, 46.1665993], [9.9004155, 46.1658637], [9.9001425, 46.1653008], [9.8999203, 46.1648958], [9.8997795, 46.1643914], [9.8991228, 46.1639331], [9.8988335, 46.1637689], [9.8986231, 46.1636715], [9.8983482, 46.1634982], [9.8978549, 46.1632276], [9.8975172, 46.1629737], [9.8966876, 46.162396], [9.8964079, 46.1622521], [9.8960173, 46.162036], [9.8957011, 46.1619035], [9.8953102, 46.1617593], [9.8948145, 46.1614938], [9.8945447, 46.161302], [9.893705, 46.1606865], [9.8933946, 46.1604015], [9.8931583, 46.1601414], [9.8929827, 46.1598997], [9.8926983, 46.1596275], [9.8925166, 46.1595074], [9.8922786, 46.1594057], [9.8918643, 46.1592089], [9.8915465, 46.1591465], [9.8909313, 46.1591081], [9.8902503, 46.159219], [9.8892986, 46.1593487], [9.8887641, 46.1594792], [9.8873247, 46.1601148], [9.8863485, 46.1605184], [9.8862423, 46.1606632], [9.8861179, 46.1606776], [9.8855039, 46.1607544], [9.8850229, 46.1608481], [9.8848984, 46.1608581], [9.8847722, 46.1608591], [9.8846536, 46.1608375], [9.8845413, 46.1607978], [9.8840226, 46.1605647], [9.8837047, 46.1604218], [9.8830324, 46.160193], [9.882444, 46.1600446], [9.8822022, 46.1600059], [9.88153, 46.159975], [9.8812309, 46.1599582], [9.8808322, 46.1599913], [9.8802163, 46.1601011], [9.8795883, 46.1601993], [9.8788687, 46.1602066], [9.877306, 46.1600796], [9.877064, 46.1600319], [9.8764753, 46.1597976], [9.8754278, 46.1595573], [9.8749593, 46.1594379], [9.8745072, 46.1594278], [9.8742271, 46.1593877], [9.8736371, 46.1592392], [9.8725619, 46.1590224], [9.8721983, 46.1589622], [9.8714573, 46.1588868], [9.8712154, 46.1588437], [9.870599, 46.1587719], [9.8702716, 46.1588855], [9.8698424, 46.1588644], [9.8694496, 46.1588302], [9.869007, 46.1586265], [9.8675592, 46.158498], [9.8666694, 46.1584327], [9.8656835, 46.1583322], [9.8648911, 46.1582367], [9.8633026, 46.1580423], [9.8620241, 46.1579777], [9.8616357, 46.1579847], [9.8612742, 46.1580595], [9.861052, 46.1581376], [9.86042, 46.1584079], [9.8597363, 46.158791], [9.8588698, 46.1592836], [9.8578754, 46.1597815], [9.8571423, 46.160111], [9.8564905, 46.1603634], [9.8558997, 46.1606828], [9.8555812, 46.1608202], [9.8552479, 46.1609397], [9.8547803, 46.1610602], [9.8540637, 46.161205], [9.8538179, 46.1612204], [9.8532062, 46.1611349], [9.8523403, 46.1610514], [9.8503667, 46.1609817], [9.8497101, 46.1610982]]}}, {"type": "Feature", "properties": {"nome": "Adda", "reale": "Adda"}, "geometry": {"type": "LineString", "coordinates": [[9.4439699, 46.1518413], [9.4439518, 46.1518363], [9.443851, 46.1520127], [9.4434754, 46.1528241], [9.4433658, 46.1530217], [9.4432346, 46.153209], [9.4431566, 46.1532692], [9.4430404, 46.1533129], [9.4429295, 46.153335], [9.4427683, 46.1533444], [9.4425926, 46.1533102], [9.4420534, 46.1530842], [9.4414179, 46.1527366], [9.4406889, 46.1522294], [9.4406708, 46.1522213], [9.4405649, 46.1521246], [9.4404657, 46.1520531], [9.4404578, 46.1520459], [9.4401179, 46.1517359], [9.4398722, 46.1514767], [9.4394341, 46.1509297], [9.4390678, 46.1505075], [9.4387142, 46.1501523], [9.4382164, 46.1497664], [9.4376859, 46.1493905], [9.4376102, 46.1493285], [9.4375107, 46.14923], [9.4371918, 46.1489781], [9.4369219, 46.1488026], [9.4366829, 46.1486812], [9.4360766, 46.1484306], [9.4358003, 46.1483546], [9.4350129, 46.1481904], [9.4345123, 46.1481606], [9.4339696, 46.1481808], [9.4335303, 46.1482277], [9.4328936, 46.1483749], [9.4320082, 46.1487303], [9.4317791, 46.1488482], [9.4315416, 46.1489476], [9.4311757, 46.1490832], [9.4306756, 46.1491926], [9.4301228, 46.1492799], [9.4294964, 46.1493362], [9.4282599, 46.1494172], [9.4271895, 46.1494347], [9.4261033, 46.1494253], [9.4243263, 46.1494589], [9.4230133, 46.1494412], [9.4224892, 46.1494568], [9.4220571, 46.1494944], [9.4211085, 46.1495338], [9.420731, 46.1495351], [9.420092, 46.1495015], [9.4195527, 46.1495396], [9.4191362, 46.149586], [9.4173707, 46.1496104], [9.4165024, 46.1496901], [9.4158558, 46.149688], [9.4148076, 46.1497144], [9.4140069, 46.1497761], [9.4139512, 46.1497985], [9.4133631, 46.149805], [9.4114013, 46.1499401], [9.4104688, 46.1500045], [9.4088444, 46.1502109], [9.4010885, 46.1504392], [9.3952821, 46.1505252], [9.3885015, 46.1510151], [9.3756227, 46.1515399], [9.3749453, 46.1515762]]}}, {"type": "Feature", "properties": {"nome": "Adda", "reale": "Adda"}, "geometry": {"type": "LineString", "coordinates": [[9.5234384, 45.6132017], [9.5234454, 45.6130883], [9.5234585, 45.6128774], [9.5235386, 45.611584], [9.5237378, 45.6109272], [9.5243846, 45.6097976], [9.5252989, 45.6087815], [9.5262016, 45.6079239], [9.5269486, 45.6072286], [9.5277388, 45.6060356], [9.5281904, 45.6050815], [9.5284771, 45.6045446]]}}, {"type": "Feature", "properties": {"nome": "Adda", "reale": "Adda"}, "geometry": {"type": "LineString", "coordinates": [[9.4861727, 45.6542796], [9.4857003, 45.6540161], [9.4854442, 45.6538956], [9.4853554, 45.6538285], [9.4850817, 45.6535281], [9.4849499, 45.6533172], [9.4849103, 45.6532377], [9.4848793, 45.6531754], [9.4848477, 45.653112], [9.4848291, 45.6530747], [9.4847915, 45.6529619], [9.4847797, 45.6529264], [9.4847775, 45.6528949], [9.4847724, 45.6528229], [9.4848057, 45.6525932], [9.4848416, 45.6524806], [9.4848569, 45.6523995], [9.4850972, 45.65198], [9.4854434, 45.651578], [9.485828, 45.6512006], [9.4861367, 45.6510441], [9.4866054, 45.6508315], [9.4869889, 45.650689], [9.4878782, 45.65042], [9.4882301, 45.6503015], [9.4883372, 45.6502515], [9.4888315, 45.6500919], [9.4892119, 45.6499328], [9.4902456, 45.6496028], [9.4910576, 45.6494426], [9.4913358, 45.6489551], [9.4917641, 45.6487673], [9.492397, 45.648551], [9.492942, 45.6483904], [9.4932973, 45.6482898], [9.4935675, 45.6481978], [9.4937413, 45.6481386], [9.493936, 45.6480831], [9.4941858, 45.6478412], [9.4943335, 45.6476695], [9.4944665, 45.6474709], [9.4944858, 45.6472953], [9.4946472, 45.6468626], [9.494664, 45.646768], [9.4947011, 45.6460613], [9.4947727, 45.6456245], [9.4948214, 45.6438736], [9.4948217, 45.6433561], [9.4947751, 45.6422582], [9.4947863, 45.6420691], [9.4945847, 45.6397568], [9.4946916, 45.6392693], [9.4947625, 45.638954], [9.4949076, 45.6383984], [9.4951717, 45.6371501], [9.4952054, 45.636702], [9.4951524, 45.6362906], [9.4949819, 45.6358623], [9.4949405, 45.6357139], [9.4945671, 45.6342847], [9.4943832, 45.6338259], [9.494348, 45.6336425], [9.4943367, 45.6334303], [9.4944702, 45.6329302], [9.4945376, 45.6327499], [9.4947347, 45.6323755], [9.4949655, 45.631992], [9.4950385, 45.6319107], [9.495451, 45.6315849], [9.49585, 45.6313671], [9.4962589, 45.6311718], [9.4966248, 45.6310217], [9.498287, 45.6302089], [9.4995842, 45.6296698], [9.5005083, 45.6293344], [9.5025439, 45.6286872], [9.5033192, 45.6284227], [9.5042129, 45.628162], [9.5050544, 45.6278142], [9.505916, 45.6274122], [9.5073419, 45.6267398], [9.5077843, 45.6265443], [9.5079729, 45.626476], [9.5086764, 45.6262523], [9.5093884, 45.6260736], [9.5116054, 45.6256894], [9.5125155, 45.6254646], [9.5145246, 45.6252181], [9.5154925, 45.625014], [9.5168771, 45.6240103], [9.5175982, 45.6232645], [9.5184627, 45.6219015], [9.5189156, 45.6209363], [9.5189398, 45.6199056], [9.5187821, 45.6189793], [9.5178757, 45.6175208], [9.517488, 45.6168672], [9.5166974, 45.6152624], [9.5166749, 45.6145559], [9.5169883, 45.6137332], [9.5178352, 45.6129529], [9.5181971, 45.6127264], [9.5188563, 45.6125839], [9.5198475, 45.6126379], [9.5206951, 45.6131111]]}}, {"type": "Feature", "properties": {"nome": "Adda", "reale": "Adda"}, "geometry": {"type": "LineString", "coordinates": [[9.4557143, 45.6807546], [9.4563047, 45.6806632], [9.4567676, 45.6806109], [9.4572312, 45.6805028], [9.4576028, 45.6804162], [9.4577947, 45.6803044], [9.457985, 45.6801898], [9.4581025, 45.6799323], [9.458175, 45.6798236], [9.4584036, 45.6796713], [9.4586263, 45.6795349], [9.458807, 45.6794312], [9.4590793, 45.6793217], [9.4594824, 45.6791104], [9.4596455, 45.6790332], [9.4598068, 45.6789336], [9.4602763, 45.6786448], [9.4605241, 45.678505], [9.4606822, 45.6784576], [9.461021, 45.6783874], [9.4615137, 45.6783568], [9.4618655, 45.6783378], [9.4620979, 45.6783738], [9.4624212, 45.6784462], [9.4627254, 45.6784235], [9.463163, 45.6782342], [9.4633361, 45.678105], [9.4636481, 45.6778953], [9.4639003, 45.6778971], [9.4641045, 45.6777267], [9.4641985, 45.6776242], [9.4645533, 45.6774428], [9.4650508, 45.6771893], [9.4652385, 45.6771176], [9.4657, 45.6769431], [9.4661552, 45.6768692], [9.4663184, 45.6768146], [9.467009, 45.6764832], [9.467322, 45.6762954], [9.4673829, 45.6762102], [9.467434, 45.6760988], [9.467532, 45.6758588], [9.467564, 45.6754865], [9.4674906, 45.6749202], [9.4674738, 45.6746474], [9.4674984, 45.6743859], [9.4675632, 45.6741782], [9.4677303, 45.6740095], [9.4679455, 45.6736937], [9.4680419, 45.6735088], [9.4680698, 45.6733871], [9.4680813, 45.6732341], [9.4680746, 45.6731981], [9.4680422, 45.6731667], [9.4678842, 45.6730774], [9.4673461, 45.6728161], [9.467234, 45.6726991], [9.4672268, 45.6725886], [9.4672644, 45.6724653], [9.4673198, 45.6723637], [9.4674345, 45.6720711], [9.4677421, 45.6716198], [9.4678296, 45.6715295], [9.4680853, 45.6714024], [9.4684278, 45.671284], [9.4686787, 45.6711615], [9.4687729, 45.6710981], [9.469135, 45.6706511], [9.4692417, 45.6705561], [9.4697122, 45.6701986], [9.4698914, 45.6701349], [9.4701183, 45.6700215], [9.4702718, 45.6697808], [9.4704545, 45.669543], [9.4705264, 45.6695022], [9.4707854, 45.6693842], [9.4712163, 45.6691811], [9.4714845, 45.6690946], [9.4722238, 45.6690677], [9.4727941, 45.6691542], [9.4732925, 45.6692103], [9.4738732, 45.6692274], [9.474037, 45.6692402], [9.4744346, 45.6692026], [9.4750193, 45.66908], [9.4753702, 45.6690142], [9.4764656, 45.6687441], [9.4775454, 45.6685326], [9.4779296, 45.6684275], [9.4784593, 45.6682542], [9.4802593, 45.6678191], [9.4809916, 45.6677036], [9.4813749, 45.6676749], [9.4823865, 45.6675042], [9.4837376, 45.6672737], [9.4842871, 45.6671635], [9.4849708, 45.6670255], [9.4852218, 45.6669121], [9.4854706, 45.6667616], [9.4856922, 45.6664875], [9.4859741, 45.6661622], [9.4861405, 45.6659581], [9.4864096, 45.6651968], [9.4865111, 45.6646515], [9.486637, 45.6641829], [9.4867548, 45.6635208], [9.4868914, 45.6629892], [9.4870123, 45.6623136], [9.4870669, 45.6621289], [9.4870115, 45.6614847], [9.4873949, 45.6602753], [9.4876853, 45.658877], [9.4877238, 45.6584667], [9.4877736, 45.65803], [9.4879906, 45.6574128], [9.488075, 45.6571922], [9.4880577, 45.6566566], [9.4879763, 45.6561348], [9.4878634, 45.6558787], [9.4876476, 45.6554569], [9.4874969, 45.655282], [9.4870293, 45.654825], [9.4868872, 45.6547176], [9.4861727, 45.6542796]]}}, {"type": "Feature", "properties": {"nome": "Adda", "reale": "Adda"}, "geometry": {"type": "LineString", "coordinates": [[9.5206951, 45.6131111], [9.520949, 45.6136905], [9.5210047, 45.6143383], [9.5208067, 45.6145561], [9.5207479, 45.6146208], [9.520571, 45.6148153], [9.5205429, 45.61494], [9.5205851, 45.6152589], [9.5206286, 45.6153825], [9.5207034, 45.6155017], [9.5208212, 45.6156434], [9.5210127, 45.6158524], [9.5211862, 45.6159812], [9.5213105, 45.6160588], [9.5214563, 45.616127], [9.5216578, 45.6161819], [9.5218577, 45.6161944], [9.5220677, 45.6161781], [9.5221941, 45.6161437], [9.5223098, 45.616083], [9.5224157, 45.6160081], [9.5225109, 45.6159408], [9.5226597, 45.6157965], [9.5227743, 45.6156606], [9.5228514, 45.6155359], [9.5232084, 45.6147827], [9.5233859, 45.614494], [9.5234394, 45.6139412], [9.5234384, 45.6132017]]}}, {"type": "Feature", "properties": {"nome": "Adda", "reale": "Adda"}, "geometry": {"type": "LineString", "coordinates": [[9.5284771, 45.6045446], [9.5290109, 45.6040935], [9.529043, 45.6040616], [9.5292926, 45.6035352], [9.5294871, 45.6032092], [9.5296129, 45.6029982], [9.5296784, 45.6027146], [9.5298766, 45.6024241], [9.5299513, 45.6022013], [9.5300286, 45.6018042], [9.5300553, 45.6016672], [9.5301787, 45.6012944], [9.5302196, 45.6011907], [9.530743, 45.5999417], [9.5312126, 45.5990979], [9.5315236, 45.5984259], [9.5317475, 45.598005], [9.531904, 45.5968096], [9.532082, 45.5957909], [9.5322278, 45.5954348], [9.5324519, 45.5945513], [9.5325989, 45.5938305], [9.5328846, 45.5929874], [9.5330378, 45.5922848], [9.5336807, 45.5903233], [9.5338516, 45.5899214], [9.535294, 45.5865286], [9.5358338, 45.5860027], [9.5364592, 45.5856931], [9.537942, 45.5844245], [9.5381034, 45.5842064], [9.5386774, 45.5832316], [9.538948, 45.5826999], [9.53903, 45.5824188]]}}, {"type": "Feature", "properties": {"nome": "Adda", "reale": "Adda"}, "geometry": {"type": "LineString", "coordinates": [[9.4606544, 45.401928], [9.4612459, 45.4016075], [9.4613461, 45.4014235], [9.4613681, 45.4011008], [9.4613314, 45.4006489], [9.4613352, 45.4005556], [9.461377, 45.400369], [9.4613846, 45.4002598], [9.461396, 45.4001452], [9.461396, 45.4000146], [9.4613656, 45.3999159], [9.4613542, 45.3998413], [9.4613011, 45.3997427], [9.4612821, 45.3996468], [9.4612821, 45.3995535], [9.4612821, 45.3994495], [9.4612745, 45.3993616], [9.4612517, 45.3992736], [9.4612176, 45.399207], [9.4611796, 45.3991617], [9.4611303, 45.3991004], [9.4610885, 45.3990578], [9.4609405, 45.3989458], [9.4608722, 45.3988952], [9.460819, 45.3988339], [9.4608038, 45.3987539], [9.4608038, 45.3986553], [9.4608038, 45.3985087], [9.4608076, 45.3983382], [9.4608418, 45.3981542], [9.4608836, 45.3979917], [9.4609063, 45.3978797], [9.4609822, 45.3976878], [9.4610582, 45.3974986], [9.4611341, 45.397368], [9.4612214, 45.3972374], [9.4614605, 45.3969122], [9.4617793, 45.3964431], [9.4619881, 45.3960273], [9.4621172, 45.3958008], [9.4627852, 45.3947453], [9.4629462, 45.3943985], [9.4630697, 45.3941346], [9.4631771, 45.3938859], [9.4632254, 45.3936748], [9.4632468, 45.3934787], [9.4632468, 45.3932978], [9.4633015, 45.3928554]]}}, {"type": "Feature", "properties": {"nome": "Adda", "reale": "Adda"}, "geometry": {"type": "LineString", "coordinates": [[9.6635622, 45.276031], [9.6633551, 45.2756014], [9.662908, 45.2750171], [9.6625567, 45.2747609], [9.6624226, 45.2745856], [9.662397, 45.2742889], [9.6625631, 45.2738754], [9.6629144, 45.2735787], [9.663304, 45.2731652], [9.6635786, 45.272918], [9.6639517, 45.2725663]]}}, {"type": "Feature", "properties": {"nome": "Adda", "reale": "Adda"}, "geometry": {"type": "LineString", "coordinates": [[9.5805665, 45.2994996], [9.5817973, 45.2999106], [9.5849923, 45.300552], [9.5899015, 45.3001855], [9.590842, 45.3002645], [9.5918863, 45.3007838], [9.5952801, 45.304181], [9.5955695, 45.3044065], [9.595859, 45.3045916], [9.5964663, 45.3048244], [9.5972736, 45.3049781], [9.5979572, 45.3049577], [9.5994162, 45.3046358], [9.6005552, 45.303742], [9.6029281, 45.3015729], [9.6060483, 45.3000594], [9.6070658, 45.2997537], [9.6081217, 45.2995346], [9.6090306, 45.2994404], [9.6100682, 45.2994576], [9.6128598, 45.3001199], [9.6159912, 45.3013858], [9.6175752, 45.3029183], [9.618446, 45.3034512], [9.6192469, 45.3037889], [9.6198696, 45.3034218], [9.6202962, 45.303032], [9.6203168, 45.3029958], [9.6206108, 45.3024794], [9.6207071, 45.301858], [9.6204679, 45.2997575], [9.618923, 45.2981878], [9.616348, 45.296618], [9.6151935, 45.2959012], [9.6143937, 45.2949025], [9.6142461, 45.2942131], [9.6143739, 45.2933576], [9.6150594, 45.2923992], [9.6160047, 45.2917877], [9.6167487, 45.2914717], [9.6184066, 45.2915252], [9.6199333, 45.291792], [9.6235571, 45.2931145], [9.6247849, 45.2936115], [9.6259907, 45.2939664], [9.6275039, 45.2939101], [9.6286356, 45.2936339], [9.6291369, 45.2934251], [9.6299154, 45.2931009], [9.6307903, 45.2923118], [9.6313579, 45.2916403], [9.6318316, 45.2903702], [9.6320621, 45.289367], [9.6321457, 45.287535], [9.6311967, 45.2849038], [9.6312211, 45.2841485], [9.631513, 45.2831047], [9.6324225, 45.2823499], [9.6335865, 45.2819477], [9.6344097, 45.2820576], [9.6351955, 45.2822927], [9.6368074, 45.2829808], [9.639179, 45.2841187], [9.640814, 45.2843456], [9.6417534, 45.2843074], [9.6428652, 45.284001], [9.6441471, 45.2831825], [9.6449612, 45.282291], [9.6459266, 45.2807292], [9.6456163, 45.2788645], [9.6455305, 45.2757843], [9.6466127, 45.2743079], [9.6478112, 45.2731023], [9.6495251, 45.2717371], [9.650413, 45.2710224], [9.6515941, 45.2704786], [9.6527121, 45.2699254], [9.6534916, 45.2698088], [9.6541994, 45.2698045], [9.6554175, 45.2703772], [9.6565174, 45.2710564], [9.6570089, 45.2723779], [9.6571923, 45.2736041], [9.6565023, 45.2760803], [9.6568161, 45.2770326], [9.6576159, 45.2778777], [9.658348, 45.278219], [9.6590775, 45.2784864], [9.6604726, 45.278625], [9.6614432, 45.278431], [9.6620523, 45.2781506], [9.6626951, 45.2778107], [9.6632755, 45.2773022], [9.6635622, 45.276031], [9.6637766, 45.27508], [9.6640257, 45.2738889], [9.6639638, 45.2727817], [9.6639517, 45.2725663], [9.6638314, 45.2704095], [9.663977, 45.2691892], [9.6643274, 45.2678111], [9.664969, 45.2674006], [9.6656914, 45.2671456], [9.6672227, 45.2669778], [9.669074, 45.2671304], [9.6709419, 45.2674782], [9.6723315, 45.2680654], [9.6736638, 45.2684797], [9.6742687, 45.2683266], [9.6746108, 45.2680497], [9.6750863, 45.2674455], [9.6753886, 45.2667378], [9.6752031, 45.2656472], [9.6728442, 45.2641913], [9.6698983, 45.26313], [9.666449, 45.2626725], [9.6655395, 45.262285], [9.6650008, 45.2616322], [9.6651503, 45.2609343], [9.6654517, 45.2606552], [9.6665172, 45.2596683], [9.667752, 45.259066], [9.6715317, 45.2584885], [9.6744621, 45.2584752], [9.6760187, 45.2586227], [9.676115, 45.2585966], [9.6768214, 45.2584054], [9.6780185, 45.2573133], [9.6791704, 45.2562559], [9.6804938, 45.255336], [9.6817673, 45.2552236], [9.6829724, 45.2553397], [9.6847067, 45.2562041], [9.686177, 45.2574173], [9.6879245, 45.2583978], [9.689157, 45.2586259], [9.6903891, 45.2585472], [9.6924865, 45.2581476], [9.6942284, 45.25716], [9.6943658, 45.2567341], [9.695031, 45.2557141], [9.6952772, 45.2552274], [9.6957594, 45.2548566], [9.6958961, 45.2547515], [9.6994321, 45.2543573], [9.7012123, 45.2545064], [9.7028654, 45.2550638], [9.7040904, 45.2563533], [9.7049172, 45.2578696], [9.7052736, 45.259106], [9.7055261, 45.2603806], [9.7058689, 45.2614225], [9.706874, 45.2621179], [9.7081826, 45.2625688], [9.71124, 45.2630559], [9.7139375, 45.2634012], [9.719282, 45.2636969], [9.7222064, 45.2630838], [9.723539, 45.2621164], [9.7239834, 45.2617937], [9.7244312, 45.2607798], [9.7242745, 45.259409], [9.7236165, 45.2581749], [9.7226859, 45.2569767], [9.7209305, 45.2556201], [9.7194083, 45.2550375], [9.7174419, 45.2552503], [9.7162815, 45.2562149], [9.7155091, 45.2570554], [9.7145155, 45.2579935], [9.713325, 45.258863], [9.7124929, 45.2591762], [9.7108764, 45.2590923], [9.7097071, 45.2586377], [9.7088607, 45.258043], [9.7076351, 45.2566328], [9.7071025, 45.2555075], [9.7068601, 45.2545204], [9.7068842, 45.2530111], [9.707715, 45.2508591], [9.7097238, 45.2485143], [9.7119081, 45.2471935], [9.7159268, 45.2456826], [9.7178361, 45.2452767], [9.7203294, 45.2448037], [9.7244317, 45.2443559], [9.7263543, 45.2436341], [9.7280776, 45.2416526], [9.7279628, 45.239388], [9.7264588, 45.2376363], [9.723932, 45.2360952], [9.7198176, 45.2350415], [9.7173733, 45.2343547], [9.7154497, 45.233464], [9.7151297, 45.2321872], [9.7162614, 45.2309178], [9.7187819, 45.2294907], [9.7261132, 45.2286212], [9.7286682, 45.22779], [9.7302741, 45.2269653], [9.7324341, 45.2262672]]}}, {"type": "Feature", "properties": {"nome": "Adda", "reale": "Adda"}, "geometry": {"type": "LineString", "coordinates": [[9.3874519, 45.8489949], [9.3885743, 45.8487113], [9.390603, 45.8481673], [9.3930523, 45.847295], [9.3938339, 45.8469855]]}}, {"type": "Feature", "properties": {"nome": "Adda", "reale": "Adda"}, "geometry": {"type": "LineString", "coordinates": [[9.4526922, 45.6906055], [9.4525027, 45.6903586], [9.4521885, 45.6899988], [9.4519901, 45.6896801], [9.4518067, 45.6892398], [9.4517696, 45.6890611], [9.4517397, 45.688889], [9.4517949, 45.6885606], [9.4519001, 45.6880741], [9.4518858, 45.6877501], [9.4519786, 45.6872348], [9.4518972, 45.6867243], [9.4517812, 45.6864631], [9.4517187, 45.6862789], [9.4514888, 45.6858388], [9.4511982, 45.6854259], [9.4511051, 45.6852622], [9.45105, 45.6851654], [9.4509285, 45.6848284], [9.4508713, 45.6845001], [9.4508702, 45.6843606], [9.4508949, 45.6842435], [9.4509309, 45.6840225], [9.4509833, 45.6838603], [9.4512198, 45.6834266], [9.4516797, 45.6829661], [9.4519094, 45.6827681], [9.4522697, 45.6825369], [9.4525965, 45.6822566], [9.4536358, 45.6815639], [9.4540814, 45.6812921], [9.4543102, 45.6812012], [9.4546284, 45.6810425], [9.4550157, 45.6809104], [9.4557143, 45.6807546]]}}, {"type": "Feature", "properties": {"nome": "Adda", "reale": "Adda"}, "geometry": {"type": "LineString", "coordinates": [[9.4621182, 45.4236972], [9.4620732, 45.4236549], [9.4620395, 45.4236232]]}}, {"type": "Feature", "properties": {"nome": "Adda", "reale": "Adda"}, "geometry": {"type": "LineString", "coordinates": [[9.5164913, 45.5126977], [9.5160647, 45.5122489], [9.5145763, 45.510907], [9.5141848, 45.5105801], [9.5134202, 45.5098467], [9.5130188, 45.5093396], [9.5128747, 45.5090335], [9.512594, 45.5084373], [9.512378, 45.5074716], [9.5122487, 45.5064471], [9.5126303, 45.5047371], [9.5132231, 45.5038926], [9.5135722, 45.5034762], [9.513921, 45.50306], [9.5143023, 45.5028993], [9.5146421, 45.5027371], [9.5151794, 45.5023222], [9.515909, 45.5019481], [9.5167941, 45.5015589], [9.5175958, 45.5012502], [9.5181743, 45.5009427], [9.5189399, 45.5005005], [9.519428, 45.5004121], [9.5198569, 45.5003441], [9.5202219, 45.5000644], [9.5207461, 45.4996464], [9.5209351, 45.4993866], [9.5210239, 45.4992503], [9.5211103, 45.4990907], [9.5211768, 45.4989119], [9.5212282, 45.4987352], [9.5212564, 45.4981954], [9.5212519, 45.4977632], [9.5212474, 45.4973382], [9.5211205, 45.4968796], [9.5209515, 45.4964377], [9.5206726, 45.4960448], [9.5203403, 45.4956664], [9.5198867, 45.4951405], [9.5195568, 45.494802], [9.5191783, 45.4945008], [9.518331, 45.4940274], [9.5177436, 45.4938074], [9.5171272, 45.4936317], [9.5165259, 45.493484], [9.5158821, 45.4933712], [9.5152464, 45.4932565], [9.5145998, 45.4932035], [9.5130068, 45.493076], [9.511309, 45.4931061], [9.5105365, 45.4932001], [9.509704, 45.4932879], [9.5087421, 45.4933035], [9.5077209, 45.4931997], [9.5063569, 45.4931327], [9.5049709, 45.493108], [9.5035516, 45.4928114], [9.5030612, 45.4926643], [9.5025013, 45.4924682], [9.5020097, 45.4921491], [9.5016393, 45.4918196], [9.5012426, 45.4911638], [9.501013, 45.4903791], [9.5010177, 45.4878494], [9.5009156, 45.4873041], [9.5007265, 45.4868442], [9.5002438, 45.4861684], [9.5001836, 45.4859029], [9.5001235, 45.4842698], [9.5002373, 45.4819793], [9.5002251, 45.4814466], [9.5000911, 45.4810481], [9.4998405, 45.4803488], [9.4993219, 45.479243], [9.4967901, 45.4747578], [9.4960603, 45.4734653], [9.4942878, 45.4711399], [9.4936994, 45.469716], [9.4927988, 45.4682889], [9.4906059, 45.4667551], [9.4883708, 45.4655896], [9.4868228, 45.464459], [9.4867143, 45.4640959], [9.4868752, 45.463652], [9.4876489, 45.463112], [9.4886266, 45.462675], [9.4896673, 45.4623063], [9.4906758, 45.4620316], [9.4916615, 45.461686], [9.4921939, 45.4613732], [9.4925962, 45.4610872], [9.4929127, 45.4609179], [9.493156, 45.4605202], [9.4931595, 45.4600412], [9.4930039, 45.4595257], [9.4926365, 45.4590742], [9.4921468, 45.4585746], [9.4904156, 45.4577535], [9.4885979, 45.4571899], [9.4878594, 45.4569784], [9.486841, 45.4569323], [9.4861133, 45.4566595], [9.4856553, 45.4562623], [9.485074, 45.4552856], [9.4845311, 45.4543054], [9.4844873, 45.4531262], [9.4848258, 45.4528218], [9.4854908, 45.4522237], [9.4857849, 45.4505247], [9.4859205, 45.4485423], [9.4851857, 45.4478561], [9.4842479, 45.4473128], [9.4840487, 45.4471423], [9.4824032, 45.4457342], [9.4808934, 45.4437367], [9.4810604, 45.4428043], [9.4816038, 45.4416658], [9.4835557, 45.4412067], [9.4852949, 45.4409002], [9.4870622, 45.4402255], [9.487345, 45.4399393], [9.4875887, 45.4395325], [9.4875837, 45.438632], [9.486446, 45.4372687], [9.4851465, 45.4361489], [9.4824991, 45.4356849], [9.4797245, 45.435948], [9.4765382, 45.4364079], [9.47328, 45.4365209], [9.4718351, 45.436626], [9.4706588, 45.436626], [9.4699364, 45.4363658], [9.469572, 45.4362346], [9.468928, 45.4358066], [9.4686003, 45.4352347], [9.4683961, 45.4341619], [9.4688925, 45.4319617], [9.4690094, 45.4304087], [9.4689215, 45.4273664], [9.4672689, 45.4255125], [9.4663484, 45.4252134], [9.4641514, 45.4244996], [9.462185, 45.424112], [9.4621326, 45.423711], [9.4621182, 45.4236972]]}}, {"type": "Feature", "properties": {"nome": "Adda", "reale": "Adda"}, "geometry": {"type": "LineString", "coordinates": [[9.5302366, 45.5659837], [9.5302213, 45.5659747], [9.5302043, 45.5659647]]}}, {"type": "Feature", "properties": {"nome": "Adda", "reale": "Adda"}, "geometry": {"type": "LineString", "coordinates": [[9.53903, 45.5824188], [9.5384346, 45.5806964], [9.5374314, 45.5789916], [9.5365618, 45.5782866], [9.5361085, 45.5781593], [9.5356864, 45.5780408], [9.5353308, 45.5778208], [9.535048, 45.5774896], [9.5345088, 45.5752114], [9.5347153, 45.5737978], [9.5349431, 45.5715167], [9.534546, 45.5696225], [9.5341834, 45.5691755], [9.5337073, 45.5685886], [9.533467, 45.5682923], [9.5324783, 45.5672666], [9.5312169, 45.5664758], [9.5311449, 45.5664307], [9.5309855, 45.5663308], [9.5307657, 45.5662289], [9.5302366, 45.5659837]]}}, {"type": "Feature", "properties": {"nome": "Adda", "reale": "Adda"}, "geometry": {"type": "LineString", "coordinates": [[9.5339289, 45.5292564], [9.5336929, 45.5288767], [9.532697, 45.5279065], [9.5307873, 45.5265648], [9.5285773, 45.5257861], [9.5276088, 45.5256508], [9.5262092, 45.5254553], [9.5252508, 45.5250721]]}}, {"type": "Feature", "properties": {"nome": "Adda", "reale": "Adda"}, "geometry": {"type": "LineString", "coordinates": [[9.5339393, 45.5292768], [9.5339289, 45.5292564]]}}, {"type": "Feature", "properties": {"nome": "Adda", "reale": "Adda"}, "geometry": {"type": "LineString", "coordinates": [[9.8497101, 46.1610982], [9.8489252, 46.1610048], [9.8487072, 46.1610424], [9.8464689, 46.1614691], [9.8456559, 46.1618527], [9.8452921, 46.1620108], [9.8448447, 46.1621512], [9.8442809, 46.1623022], [9.8433979, 46.1625147], [9.843012, 46.162556], [9.8420961, 46.1625383], [9.8420047, 46.1625365], [9.8416029, 46.1625169], [9.8412931, 46.1624832], [9.8405373, 46.1622591], [9.8394441, 46.1619753], [9.8387623, 46.1617601], [9.837866, 46.1614922], [9.8365648, 46.1612182], [9.8360729, 46.1612285], [9.8351255, 46.1614006], [9.8343195, 46.1613398], [9.8333784, 46.1612281], [9.8324508, 46.161027], [9.8315927, 46.1608213], [9.830835, 46.1606242], [9.8305743, 46.1604916], [9.8300242, 46.1605181], [9.8292298, 46.1604428], [9.8285916, 46.1604249], [9.8276599, 46.1603625], [9.8266007, 46.160474], [9.8260658, 46.1605726], [9.8257561, 46.1607611], [9.8252569, 46.160877], [9.8228969, 46.1608484], [9.8218685, 46.1606313], [9.8212426, 46.1604787], [9.8206715, 46.1602821], [9.8201181, 46.1601127], [9.8190815, 46.159994], [9.8181764, 46.1601198], [9.8177581, 46.160255], [9.8171586, 46.1604352], [9.816591, 46.1604863], [9.8150627, 46.1604877], [9.8140276, 46.1605251], [9.8128602, 46.1605003], [9.8122479, 46.1604734], [9.8113729, 46.1605471], [9.8107699, 46.160583], [9.8096991, 46.1605051], [9.8088997, 46.1604637], [9.8079832, 46.1606129], [9.8070363, 46.1607321], [9.8052718, 46.1609695], [9.8037234, 46.1610389], [9.8026805, 46.1610606], [9.8016655, 46.1610889], [9.8002558, 46.1609463], [9.7985823, 46.160535], [9.7972703, 46.1600446], [9.7962253, 46.1596514], [9.7953772, 46.1592876], [9.7946436, 46.1590356], [9.793763, 46.1586587], [9.7924764, 46.1581587], [9.7901453, 46.1574436], [9.7878897, 46.1569727], [9.7871161, 46.1567579], [9.7859299, 46.1564323], [9.7854802, 46.1561751], [9.785069, 46.1557941], [9.7846068, 46.1556234], [9.7840954, 46.15557], [9.7834792, 46.1558576], [9.7828434, 46.1560878], [9.7815013, 46.1563583], [9.7808545, 46.1566597], [9.7803705, 46.1566485], [9.7798599, 46.1567077], [9.7793056, 46.1566404], [9.7786053, 46.1565382], [9.7775395, 46.1562016], [9.7766825, 46.1557576], [9.7761841, 46.1554427], [9.7756733, 46.1551505], [9.7753687, 46.1550652], [9.7743684, 46.1549595], [9.774009, 46.1549529], [9.7727248, 46.1551551], [9.7709209, 46.1554643], [9.7700734, 46.155632], [9.7690205, 46.1558191], [9.7685076, 46.155953], [9.7683352, 46.1560172], [9.7681248, 46.1561356], [9.7674312, 46.1564283], [9.7671153, 46.1565339], [9.7664547, 46.1567543], [9.7647349, 46.1572495], [9.7634303, 46.1575592], [9.7620744, 46.1578411], [9.7617174, 46.1578975], [9.7607671, 46.1580118], [9.7593169, 46.1582689], [9.7579339, 46.1584784], [9.7571881, 46.1585835], [9.7560132, 46.1587437], [9.7551271, 46.1588368], [9.7538483, 46.1589757], [9.7528741, 46.1590412], [9.7518708, 46.1590495], [9.7503352, 46.1589801], [9.7485208, 46.1589186], [9.7465656, 46.1589316], [9.7441721, 46.1590742], [9.7431518, 46.1592115], [9.7425103, 46.1593163], [9.7419098, 46.1593628], [9.7415121, 46.1593894], [9.7408366, 46.1594245], [9.739245, 46.1595524], [9.7383301, 46.1595358], [9.737932, 46.1595474], [9.7374964, 46.1595412], [9.7366959, 46.1594879], [9.7360695, 46.1592601], [9.7350091, 46.1591963], [9.7339752, 46.1592139], [9.732871, 46.1595395], [9.7319858, 46.1595676], [9.731703, 46.1596009], [9.731254, 46.1596848], [9.7302567, 46.1599297], [9.729091, 46.1601711], [9.7286047, 46.1602462], [9.7283619, 46.1602523], [9.7271358, 46.1602061], [9.7267569, 46.160204], [9.7249312, 46.1601166], [9.7233574, 46.1599003], [9.7230875, 46.1598942], [9.7211562, 46.1598562], [9.7204501, 46.1598479], [9.7197068, 46.1598321], [9.7190896, 46.1598429], [9.7161799, 46.1601175], [9.7138112, 46.1600849], [9.712921, 46.1599664], [9.7118496, 46.1597082], [9.7105332, 46.1595724], [9.7101132, 46.1595165], [9.708801, 46.159511], [9.7081376, 46.1595862], [9.7069439, 46.1596937], [9.705287, 46.1600144], [9.7040599, 46.1602228], [9.7035642, 46.1602545], [9.7025802, 46.1602969], [9.7012638, 46.1602596], [9.6994859, 46.160239], [9.6980081, 46.160266], [9.6964828, 46.1602483], [9.6939461, 46.1602638], [9.6902771, 46.160232], [9.6885337, 46.160247], [9.6882859, 46.1602395], [9.6878964, 46.1602467], [9.6861354, 46.1601984], [9.6855236, 46.1602111], [9.6849131, 46.1602012], [9.6820937, 46.1602281]]}}, {"type": "Feature", "properties": {"nome": "Adda", "reale": "Adda"}, "geometry": {"type": "LineString", "coordinates": [[9.6820937, 46.1602281], [9.6817969, 46.1602288], [9.6796716, 46.160029], [9.6774621, 46.1601314], [9.6764764, 46.1602104], [9.6733544, 46.1601713]]}}, {"type": "Feature", "properties": {"nome": "Adda", "reale": "Adda"}, "geometry": {"type": "LineString", "coordinates": [[9.5791007, 45.2992337], [9.5805665, 45.2994996]]}}, {"type": "Feature", "properties": {"nome": "Adda", "reale": "Adda"}, "geometry": {"type": "LineString", "coordinates": [[10.2331763, 46.2422092], [10.2330788, 46.2417493], [10.2330638, 46.2412761], [10.2329442, 46.2409916], [10.2328021, 46.2408261], [10.2323385, 46.2406813], [10.2320842, 46.2405753], [10.2318898, 46.2403633], [10.231572, 46.2399676], [10.2310934, 46.2396263], [10.2306635, 46.2393987], [10.2302859, 46.2393341], [10.2301736, 46.2393468]]}}, {"type": "Feature", "properties": {"nome": "Oglio", "reale": "Oglio"}, "geometry": {"type": "LineString", "coordinates": [[9.9368939, 45.6544438], [9.936486, 45.6543139], [9.9362705, 45.6540979], [9.9360351, 45.6535508], [9.9357989, 45.6528552], [9.9352855, 45.6518891], [9.9349291, 45.6511201], [9.9350724, 45.6506696]]}}, {"type": "Feature", "properties": {"nome": "Oglio", "reale": "Oglio"}, "geometry": {"type": "LineString", "coordinates": [[9.9178479, 45.6442201], [9.9177547, 45.6439827], [9.9175671, 45.6434923], [9.9174974, 45.6431854], [9.9172079, 45.6426432], [9.9171287, 45.642189], [9.9170431, 45.6420355]]}}, {"type": "Feature", "properties": {"nome": "Oglio", "reale": "Oglio"}, "geometry": {"type": "LineString", "coordinates": [[9.8672835, 45.5897052], [9.8655144, 45.5889193], [9.86469, 45.5883554], [9.864097, 45.5879642], [9.8632457, 45.587136], [9.8628101, 45.5867534], [9.8625592, 45.5864969], [9.8621048, 45.5860817], [9.861099, 45.5854009], [9.8598467, 45.5848163], [9.8578585, 45.5840662], [9.8565576, 45.5836354], [9.8560121, 45.5834918], [9.8556713, 45.5834047], [9.854551, 45.5831882], [9.8539097, 45.5830918], [9.8533491, 45.5830153], [9.8527923, 45.582961], [9.8518889, 45.5831007], [9.8513215, 45.5833226], [9.8511663, 45.5834462], [9.8500986, 45.5837956], [9.8491154, 45.5840505], [9.847809, 45.5840107], [9.846191, 45.5838201], [9.8452451, 45.5834671], [9.8445538, 45.582969], [9.8437109, 45.5822503], [9.8435827, 45.5820515], [9.8434009, 45.5813481], [9.8424352, 45.5800765], [9.8420064, 45.5793641], [9.8419238, 45.5790902], [9.8419763, 45.5785526], [9.8420602, 45.5780035], [9.8423119, 45.5774233], [9.8430916, 45.5758796], [9.8429331, 45.5755567], [9.8429164, 45.5749334], [9.8430156, 45.574536], [9.8425671, 45.5731141], [9.8424678, 45.5721825], [9.8425124, 45.5716286], [9.8426396, 45.5710246], [9.8430481, 45.5703871], [9.8433569, 45.5700383], [9.8439071, 45.5696607], [9.8442121, 45.5694874], [9.8447992, 45.56933], [9.8461362, 45.5691415], [9.8469336, 45.5691394], [9.8487822, 45.5693725], [9.8495156, 45.5693536], [9.8501051, 45.5692457], [9.8508213, 45.5688353], [9.8512401, 45.5684587], [9.8518274, 45.5677792], [9.8519589, 45.5675921], [9.8519709, 45.5668305], [9.8521669, 45.5659091], [9.8522329, 45.565679], [9.852558, 45.564718], [9.8533053, 45.5636701], [9.8536921, 45.5633887], [9.8545718, 45.5629478], [9.8549233, 45.5625716], [9.8554334, 45.5620952], [9.8556925, 45.5617558], [9.8558173, 45.5613798], [9.8556336, 45.5610361], [9.8553777, 45.560849], [9.8544609, 45.5605994], [9.8540833, 45.5605454], [9.8533739, 45.5606434], [9.8516022, 45.5608118], [9.8498954, 45.5610789], [9.848904, 45.5613833], [9.8481417, 45.5617123], [9.8474434, 45.5619254], [9.846841, 45.5620377], [9.8465515, 45.5620624], [9.8457576, 45.5620688], [9.8454941, 45.5620399], [9.8450872, 45.5619506], [9.8442387, 45.5616489], [9.8438079, 45.5614287], [9.8432762, 45.5610554], [9.8428766, 45.5606314], [9.8422896, 45.5600716], [9.8418267, 45.5593999], [9.8415446, 45.5591055], [9.8413903, 45.5589142], [9.8410921, 45.5587859], [9.8401951, 45.5586136], [9.8395541, 45.5585406], [9.8393322, 45.5584793], [9.8373245, 45.5575798], [9.8365987, 45.5566945], [9.8365435, 45.5559844], [9.8368493, 45.5549803], [9.8369783, 45.5545569], [9.8377477, 45.5536086], [9.8382911, 45.5529389], [9.8387184, 45.5520111], [9.8382559, 45.5506203], [9.836256, 45.5484291], [9.8361015, 45.5480698], [9.8360842, 45.5479516], [9.8360886, 45.5477102], [9.8362063, 45.5475515], [9.8363681, 45.5473458], [9.8368286, 45.5470932], [9.8375333, 45.5468251], [9.8391672, 45.546529], [9.840189, 45.5465769], [9.8423344, 45.5469443], [9.8435732, 45.5468331], [9.8444335, 45.5465343], [9.8451691, 45.5462374], [9.8458752, 45.5458419], [9.8462689, 45.5453841], [9.8465654, 45.5446322], [9.8471723, 45.5423522], [9.8479639, 45.5414709], [9.8534964, 45.5399818], [9.8536463, 45.5398336], [9.8537135, 45.5394378], [9.8536293, 45.5387876], [9.8534205, 45.5384011], [9.8531255, 45.5381436], [9.851898, 45.537215], [9.8511751, 45.5365719], [9.8508542, 45.5358575], [9.8507258, 45.5355456], [9.8508615, 45.5350007], [9.8512543, 45.5342633], [9.8521419, 45.5330323], [9.8523214, 45.5329807], [9.8526481, 45.5328867], [9.8535908, 45.5324605], [9.85396, 45.5321532], [9.8539581, 45.5317915], [9.853442, 45.5304832], [9.8516769, 45.5287079], [9.8514498, 45.5281001], [9.851225, 45.5272567], [9.8519995, 45.5259607], [9.8534217, 45.5250178], [9.8556638, 45.5245973], [9.8558041, 45.5235462], [9.8552969, 45.5228061], [9.853895, 45.5207602], [9.8529335, 45.519701], [9.8527889, 45.5191334], [9.852816, 45.5188703], [9.8533798, 45.51867], [9.8564939, 45.5171414], [9.8576792, 45.5161422], [9.8591632, 45.5155507], [9.8609191, 45.5152662], [9.8624135, 45.5146013], [9.8632314, 45.5137364], [9.864142, 45.5122117], [9.8640539, 45.5109126], [9.8631387, 45.5097107], [9.8616512, 45.5083776], [9.8606885, 45.5069387], [9.8611062, 45.5054926], [9.862275, 45.5045178], [9.8632777, 45.504004], [9.864195, 45.5039494], [9.86538, 45.5041754], [9.8663848, 45.5043683], [9.8679522, 45.5043598], [9.8686644, 45.5039197], [9.8689825, 45.5033522], [9.8687733, 45.5027324], [9.8681227, 45.5019433], [9.8665827, 45.5011988], [9.8643145, 45.499423], [9.8633386, 45.4988156], [9.8626305, 45.4977503], [9.8626297, 45.497288], [9.8629311, 45.496867], [9.8637575, 45.4964211], [9.8644581, 45.496213], [9.8655404, 45.4957459], [9.8666744, 45.4955698], [9.8676084, 45.4955193], [9.8690391, 45.495403], [9.8705996, 45.4947662], [9.8717221, 45.4942142], [9.8735857, 45.4930385], [9.8739615, 45.4924481], [9.87419, 45.4919327], [9.8741052, 45.491432], [9.8737938, 45.4907267], [9.8733162, 45.4900867], [9.8724508, 45.4892525], [9.8715794, 45.4885972], [9.8713898, 45.4881849], [9.8714544, 45.4876283], [9.8716947, 45.4868172], [9.8723272, 45.4857313], [9.8731414, 45.4847993], [9.8740186, 45.4840926], [9.876472, 45.4832225], [9.8772949, 45.4825765], [9.8774424, 45.4819247], [9.8762918, 45.4795435], [9.8763981, 45.4789603], [9.8765742, 45.4779947], [9.877718, 45.4759778], [9.8789286, 45.4742923], [9.8799028, 45.473301], [9.8805637, 45.4728541], [9.8817141, 45.4729083], [9.8830076, 45.4730229], [9.8840858, 45.4731714], [9.8844665, 45.4734005], [9.8848795, 45.4735292], [9.8858212, 45.4735577], [9.8866647, 45.4731868], [9.8874935, 45.4727772], [9.887844, 45.4722146], [9.8880134, 45.4718355], [9.8881163, 45.4716052], [9.8887298, 45.4698729], [9.8888243, 45.4688047], [9.8884189, 45.467896], [9.8882476, 45.4675673], [9.8882369, 45.4672281], [9.8883, 45.4669485], [9.8884062, 45.4666955], [9.888533, 45.4664775], [9.890599, 45.4647563], [9.8906909, 45.4642177], [9.8907711, 45.4627412], [9.8908427, 45.4616609], [9.8914704, 45.4612094], [9.8922526, 45.4608917], [9.8930671, 45.4608322], [9.8937712, 45.4606701], [9.8942596, 45.4603557], [9.8945166, 45.45998], [9.894725, 45.4595411], [9.8947116, 45.458985], [9.8945158, 45.4584347], [9.8940501, 45.4580174], [9.8934472, 45.4576629], [9.8920549, 45.4570314], [9.8902511, 45.4562196], [9.8898785, 45.4558618], [9.8897843, 45.4553798], [9.8903162, 45.4545111], [9.8905236, 45.4543734], [9.8910884, 45.4539985], [9.8915723, 45.4536752], [9.8919745, 45.4528004], [9.8922348, 45.4521234], [9.8921691, 45.4516667], [9.8919614, 45.4513142], [9.8918713, 45.4511613], [9.8914226, 45.4504665], [9.8906837, 45.4496911], [9.8897959, 45.4489871], [9.8889016, 45.4481637], [9.8887402, 45.447401], [9.8889899, 45.4466145], [9.8894951, 45.4450856], [9.8895743, 45.4444959], [9.8894697, 45.4439363], [9.8891387, 45.4433814], [9.8880444, 45.4426698], [9.886609, 45.4418469], [9.8857895, 45.440818], [9.8851811, 45.4395048], [9.8848321, 45.4383377], [9.8850292, 45.436909], [9.8845187, 45.4357922], [9.8843246, 45.4353461], [9.884856, 45.4347637], [9.8854871, 45.4339969], [9.8867518, 45.4332696], [9.8872966, 45.4329094], [9.8876284, 45.4325465], [9.8877003, 45.4321068], [9.8875611, 45.431793], [9.8873439, 45.4314753], [9.8862565, 45.4301551], [9.8857254, 45.4293524], [9.8854027, 45.4288963], [9.8853756, 45.4285884], [9.8856871, 45.4281434], [9.8858211, 45.4277728], [9.8859716, 45.4269464], [9.8856391, 45.4246854], [9.8857564, 45.4234837], [9.8861714, 45.4229259], [9.8865676, 45.4225219], [9.8871548, 45.42226], [9.88853, 45.4219822], [9.8902197, 45.4217166], [9.8914513, 45.4216319], [9.8925438, 45.421228], [9.8934016, 45.4205273], [9.8936285, 45.4196417], [9.8933447, 45.4187901], [9.8923705, 45.4180189], [9.8907204, 45.4173447], [9.8902704, 45.4171059], [9.8899051, 45.4164935], [9.8895059, 45.4155704], [9.8891684, 45.4145942], [9.8891566, 45.4140832], [9.8893387, 45.4135512], [9.8898473, 45.4126994], [9.8916921, 45.410883], [9.8933836, 45.4091761], [9.8937006, 45.4085691], [9.8937191, 45.4082644], [9.8933415, 45.4079514], [9.8926747, 45.4077729], [9.8920554, 45.4076769], [9.8912494, 45.4074163], [9.8905379, 45.4069443], [9.8903107, 45.4064569], [9.8903173, 45.4056958], [9.890457, 45.4050397], [9.8908529, 45.404275], [9.8909932, 45.4036825], [9.8909149, 45.4031082], [9.8902994, 45.4020738], [9.8898146, 45.4014675], [9.8896043, 45.4007402], [9.8897082, 45.3999365], [9.890523, 45.398509], [9.8914875, 45.3949973], [9.8914325, 45.3943024], [9.8915732, 45.3932947], [9.8916508, 45.3921719], [9.8914265, 45.3909255], [9.8913137, 45.3902772], [9.8910871, 45.3898006], [9.890814, 45.3893012], [9.8901373, 45.3886309], [9.8889249, 45.3882074], [9.8876382, 45.3876611], [9.8862701, 45.3872527], [9.885343, 45.3868589], [9.8843318, 45.3863653], [9.8837647, 45.3856569], [9.8837805, 45.3852148], [9.8839616, 45.3846345], [9.8840585, 45.3845249], [9.8843723, 45.3841425], [9.8844539, 45.3836987], [9.8845356, 45.3832544], [9.8846147, 45.3822855], [9.8847204, 45.3813435], [9.8853168, 45.3805063], [9.8866392, 45.3794239], [9.8874427, 45.3791049], [9.8881289, 45.3787469], [9.8886563, 45.3783674], [9.8889652, 45.3782257], [9.89174, 45.3773396], [9.8921669, 45.377179], [9.8929122, 45.3763289], [9.8931714, 45.3757486], [9.89319, 45.3749889], [9.8924773, 45.3738645], [9.891537, 45.3730232], [9.8903943, 45.3726718], [9.8894191, 45.3726835], [9.8886276, 45.3726683], [9.8880433, 45.3725309], [9.8875696, 45.3721298], [9.8871893, 45.3715235], [9.8871306, 45.3704567], [9.8872026, 45.3694828], [9.887463, 45.368424], [9.88782, 45.3674099], [9.8879769, 45.3662706], [9.8878219, 45.3650633], [9.8875442, 45.3640883], [9.887083, 45.3629225], [9.8870545, 45.3628503], [9.8872512, 45.3611939], [9.8876061, 45.3603082], [9.8877057, 45.3599916], [9.8878175, 45.359846], [9.8876832, 45.3596915], [9.8873271, 45.3593612], [9.8866271, 45.3589723], [9.8856839, 45.3582352], [9.8854923, 45.3579857], [9.8853907, 45.3576312], [9.8857892, 45.3570946], [9.8865464, 45.3568077], [9.8871357, 45.3566971], [9.8878501, 45.3567477], [9.8884167, 45.3569168], [9.8895028, 45.3574543], [9.8901662, 45.3577201], [9.8910768, 45.3578686], [9.8916475, 45.3578725], [9.8922113, 45.3578092], [9.8930483, 45.3575239], [9.8938682, 45.3569503], [9.8943073, 45.3561997], [9.894134, 45.3554434], [9.8935553, 45.354522], [9.8919323, 45.3533213], [9.8915763, 45.3527471], [9.8916439, 45.3519859], [9.89232, 45.3513896], [9.8931597, 45.3508947], [9.8950018, 45.3504663], [9.8958896, 45.3497993], [9.8962234, 45.3490483], [9.8955559, 45.3482974], [9.8938392, 45.347467], [9.8934155, 45.3471017], [9.8930524, 45.3464615], [9.8930004, 45.3455955], [9.8933029, 45.3451262], [9.8937478, 45.34454], [9.8938993, 45.3443405], [9.8946355, 45.3438402], [9.8954896, 45.3432098], [9.8960757, 45.3423569], [9.8966164, 45.3412062], [9.8972075, 45.3396628], [9.8975556, 45.3394757], [9.8976763, 45.3394084], [9.9017943, 45.3388156], [9.9046374, 45.3383681], [9.9072893, 45.3376291], [9.9085745, 45.3371375], [9.9089092, 45.3369929], [9.9093748, 45.3359946], [9.909936, 45.3351973], [9.9101946, 45.3349029], [9.9105249, 45.3346572], [9.9108311, 45.3343937], [9.9111439, 45.3342201], [9.9113853, 45.334197], [9.9115829, 45.3342664], [9.9126902, 45.3346638], [9.9133334, 45.3350186], [9.9138802, 45.3355205], [9.9145532, 45.3362325], [9.9148869, 45.3363961], [9.915267, 45.3364966], [9.9156086, 45.3364616], [9.9158181, 45.3363198], [9.9161053, 45.3357277], [9.9163212, 45.3342763], [9.9163281, 45.3331376], [9.9164444, 45.3327304], [9.9169328, 45.3324372], [9.9174651, 45.3323292], [9.9179818, 45.3322888], [9.91898, 45.3323686], [9.9193751, 45.332438], [9.9197592, 45.332492], [9.9206531, 45.3323232], [9.9212529, 45.3320904], [9.921638, 45.3318543], [9.9224437, 45.3313304], [9.9231325, 45.3304779], [9.923499, 45.3297639], [9.9240535, 45.3292964], [9.9247485, 45.3289892], [9.9256281, 45.3288229], [9.9265646, 45.328882], [9.9274207, 45.3291273], [9.9284992, 45.3295707], [9.9297032, 45.3298637], [9.931032, 45.3300468], [9.931812, 45.3299707], [9.9323385, 45.3296873], [9.933404, 45.328618], [9.9342166, 45.3283045], [9.9351886, 45.3282583], [9.9359009, 45.3284602], [9.9364439, 45.3286522], [9.9365158, 45.3286662], [9.9375361, 45.3288652], [9.9382904, 45.3288225], [9.9393278, 45.3286767], [9.9397686, 45.3283036], [9.9401304, 45.3277918], [9.9401022, 45.3271017], [9.9395146, 45.3258194], [9.9387157, 45.325081], [9.9380396, 45.3246762], [9.9369782, 45.3241846], [9.9357808, 45.3239523], [9.9350954, 45.3236079], [9.9344783, 45.3231448], [9.934126, 45.3226092], [9.9338628, 45.3218917], [9.9338271, 45.3211379], [9.9342273, 45.3205286], [9.934428, 45.3203368], [9.9352686, 45.319958], [9.9362971, 45.3198693], [9.9371156, 45.319956], [9.9375872, 45.3202178], [9.9378077, 45.3203402], [9.9388702, 45.3211353], [9.9395464, 45.321677], [9.9401314, 45.3218083], [9.9408853, 45.321677], [9.9418384, 45.3213283], [9.9426503, 45.3208381], [9.9435828, 45.3202974], [9.944138, 45.3202978], [9.9472926, 45.319972], [9.9483097, 45.3200597], [9.948561, 45.3200417], [9.9487864, 45.3198851], [9.949036, 45.3195777], [9.9490907, 45.3195103], [9.9497582, 45.3185595], [9.9507713, 45.3177377], [9.9516998, 45.3174583], [9.9528036, 45.3172936], [9.9539101, 45.3172297], [9.9551229, 45.3170956], [9.9554439, 45.3170003], [9.9558264, 45.3163048], [9.9559964, 45.3156808], [9.9562163, 45.3153074], [9.9566777, 45.3150622], [9.9585645, 45.314708], [9.9592042, 45.3145357], [9.959632, 45.3141927], [9.959869, 45.314016], [9.9612379, 45.3129954], [9.9621208, 45.3125371], [9.9631887, 45.3123498], [9.9653141, 45.3121923], [9.9668366, 45.3122592], [9.9682607, 45.3125224], [9.9690855, 45.3126634], [9.9696508, 45.3127443], [9.970366, 45.3126166], [9.9708495, 45.3120614], [9.970876, 45.3115973], [9.9705639, 45.3111344], [9.9700202, 45.3106152], [9.9692964, 45.3097335], [9.9693695, 45.3093731], [9.9699495, 45.3090993], [9.9709441, 45.3088767], [9.9721485, 45.3088074], [9.9735961, 45.3086144], [9.9749531, 45.3082893], [9.9756956, 45.3081134], [9.976188, 45.3078268], [9.9765042, 45.3074747], [9.9765877, 45.3070965], [9.9762783, 45.3062725], [9.9757187, 45.3054757], [9.9754578, 45.3051153], [9.9753855, 45.3045896], [9.9756767, 45.3042194], [9.9761379, 45.3038998], [9.977548, 45.3035967], [9.9793037, 45.3034086], [9.9801188, 45.3027815], [9.9799307, 45.301653], [9.9799307, 45.3000852], [9.9808491, 45.2989552], [9.9817916, 45.2983914], [9.9830055, 45.298088], [9.9839006, 45.2978364], [9.9844005, 45.2975058], [9.9849522, 45.2967314], [9.9852624, 45.2958363], [9.9855799, 45.2955653], [9.9862052, 45.2954646], [9.9878839, 45.2957827], [9.9899061, 45.2965917], [9.9919368, 45.2976739], [9.9928666, 45.2979432], [9.9934759, 45.2980447], [9.9938519, 45.2980659], [9.9945717, 45.297984], [9.9951555, 45.29784], [9.9955417, 45.2976118], [9.9957476, 45.2972815], [9.9957906, 45.2956453], [9.9948121, 45.2940089], [9.9933788, 45.2922157], [9.9931992, 45.2916813], [9.9933399, 45.2906526], [9.9939173, 45.2900423], [9.9945553, 45.2898153], [9.9956025, 45.2899786], [9.996989, 45.2903922], [9.9977828, 45.2905989], [9.9986729, 45.2905843], [9.9995154, 45.2900794], [9.9999966, 45.2895933], [10.0004724, 45.2892054], [10.0007502, 45.2883785], [10.0009821, 45.2879826], [10.0013252, 45.2878258], [10.0017613, 45.2876811], [10.0021761, 45.2875889], [10.0029317, 45.2875771], [10.0034575, 45.287642], [10.0043829, 45.2873243], [10.0049414, 45.2867863], [10.0056728, 45.2854838], [10.0058966, 45.2852099], [10.0064647, 45.2849872], [10.0078344, 45.2850974], [10.0098433, 45.2856321], [10.0119228, 45.2864239], [10.0126989, 45.2864731], [10.0134374, 45.2863508], [10.014421, 45.2860807], [10.0154678, 45.2854786], [10.0165971, 45.2848807], [10.017889, 45.2845802], [10.0189413, 45.2844848], [10.0197604, 45.2841205], [10.0223518, 45.2829679], [10.0233799, 45.282411], [10.0238958, 45.2818929], [10.0245547, 45.2811352], [10.0251497, 45.2800855], [10.0261457, 45.2794587], [10.0277066, 45.2790548], [10.0279531, 45.2789792], [10.0289394, 45.2781074], [10.0290641, 45.2766771], [10.0299031, 45.2760224], [10.0303516, 45.276003], [10.0307439, 45.2761162], [10.0310087, 45.2763188], [10.0311272, 45.2771222], [10.0317258, 45.277619], [10.0325205, 45.2778856], [10.0331563, 45.2780873], [10.0340789, 45.2782848], [10.0350975, 45.2784478], [10.036258, 45.2783669], [10.0374505, 45.2782739], [10.039154, 45.2791294], [10.0406264, 45.2791686], [10.0423689, 45.2788506], [10.0450849, 45.2788399], [10.0469993, 45.2781918], [10.0485922, 45.2772041], [10.0494786, 45.2772494], [10.0499815, 45.2778714], [10.0499082, 45.2785139], [10.0491813, 45.2794101], [10.0489949, 45.2798738], [10.0492344, 45.280614], [10.0494078, 45.2808931], [10.0514195, 45.2817552], [10.0515762, 45.2817245], [10.0530228, 45.2815139], [10.0536577, 45.2811714], [10.0540389, 45.2807096], [10.0544669, 45.2799838], [10.0544943, 45.2791983], [10.0541142, 45.2779545], [10.0538483, 45.2774665], [10.0538521, 45.2767271], [10.0542541, 45.2761794], [10.0547839, 45.2760636], [10.056429, 45.2769526], [10.0581443, 45.2778733], [10.0601633, 45.2777794], [10.061504, 45.2770935], [10.0622292, 45.2758309], [10.0630065, 45.2734021], [10.0644593, 45.2726147], [10.0681267, 45.272918], [10.0689873, 45.2727654], [10.0703162, 45.2720925], [10.0718192, 45.2710891], [10.0727828, 45.2705714], [10.0731036, 45.2702656], [10.073331, 45.269975], [10.0740608, 45.2687388], [10.074278, 45.2684939], [10.0745519, 45.2682987], [10.0750923, 45.2680306], [10.0757061, 45.2679063], [10.0760618, 45.2679057], [10.0764175, 45.267965], [10.0770054, 45.2682544], [10.077299, 45.2685644], [10.0775998, 45.2690287], [10.0781779, 45.2704588], [10.0782329, 45.2713569], [10.0783846, 45.2717969], [10.0785657, 45.2721011], [10.078937, 45.2722948], [10.0793387, 45.2723527], [10.0797913, 45.2723438], [10.0808588, 45.2722008], [10.0817776, 45.2721635], [10.0823779, 45.2720744], [10.0828995, 45.2719094], [10.0830696, 45.271814], [10.0832468, 45.2717145], [10.0834811, 45.2714942], [10.0837203, 45.2709966], [10.0837248, 45.270695], [10.083648, 45.2704392], [10.0833029, 45.2695015], [10.0829127, 45.268224], [10.0828728, 45.2679151], [10.0829262, 45.2676063], [10.0831804, 45.267121], [10.0835748, 45.2665569], [10.0839841, 45.2661544], [10.0852527, 45.2652663], [10.0859191, 45.2648645], [10.0863265, 45.2644073], [10.0865621, 45.2638973], [10.0866168, 45.2634076], [10.0864876, 45.2629577], [10.0862625, 45.2623883], [10.0858138, 45.2619029], [10.0849325, 45.2607677], [10.0849689, 45.2603259], [10.085207, 45.2600104], [10.0874102, 45.2586568], [10.0892142, 45.2573432], [10.0899988, 45.2559542], [10.0901165, 45.2551939], [10.0900824, 45.2546162], [10.0902454, 45.2541078], [10.0912658, 45.2535087], [10.0926462, 45.2532773], [10.0936818, 45.2532403], [10.0960976, 45.2537236], [10.0975551, 45.253829], [10.0986659, 45.253646], [10.099507, 45.253407], [10.1001234, 45.2530025], [10.1005473, 45.2523926], [10.1005, 45.2517907], [10.1004074, 45.250811], [10.1001779, 45.2502874], [10.0996345, 45.2487934], [10.0995549, 45.2481005], [10.1003601, 45.2476316], [10.1019434, 45.2467172], [10.1022294, 45.246552], [10.1041508, 45.2459923], [10.1061372, 45.2460998], [10.1083385, 45.2467442], [10.1102174, 45.2479253], [10.1116133, 45.2483009], [10.1121652, 45.2481695], [10.1129556, 45.2477103], [10.1145125, 45.2468515], [10.1166063, 45.246422], [10.119237, 45.2468515], [10.1206875, 45.2470212], [10.1216416, 45.2471073], [10.1227877, 45.247013], [10.127636, 45.2462102], [10.1300784, 45.2449888], [10.1328539, 45.2433234], [10.1333564, 45.2432596], [10.1380252, 45.2426664], [10.1416856, 45.2415292], [10.1431051, 45.241681], [10.1447331, 45.2429905], [10.1458579, 45.2435977], [10.1478064, 45.243047], [10.150279, 45.2409016], [10.1522345, 45.2400811], [10.1542955, 45.239458], [10.155515, 45.2386044], [10.1569375, 45.238239], [10.1573226, 45.2381929], [10.1584134, 45.2382742], [10.1596407, 45.2385612], [10.1610848, 45.239705], [10.1633864, 45.2415279], [10.1635895, 45.241652], [10.1642822, 45.2420752], [10.1654524, 45.2422512], [10.1666987, 45.2421483], [10.1672703, 45.2418804], [10.1678641, 45.2412838], [10.1682005, 45.2404939], [10.1690158, 45.2393456], [10.1695889, 45.239053], [10.1701681, 45.2389545], [10.170873, 45.238977], [10.1716414, 45.2391096], [10.1734874, 45.2396599], [10.1741484, 45.2401129], [10.1744145, 45.2402687], [10.1750756, 45.2401999], [10.1760625, 45.2399378], [10.1774529, 45.2392912], [10.1783711, 45.2390307], [10.1795134, 45.2388514], [10.1813475, 45.2385912], [10.1817425, 45.2385033], [10.1821616, 45.2383174], [10.1824756, 45.2377367], [10.1826268, 45.237048], [10.1824076, 45.2362228], [10.1816426, 45.2350726], [10.1807124, 45.2340032], [10.1804202, 45.233648], [10.1804154, 45.2332005], [10.18066, 45.2328324], [10.1811327, 45.2325429], [10.1823801, 45.2321954], [10.1836932, 45.2319792], [10.1848472, 45.2319347], [10.1860815, 45.2320395], [10.1874095, 45.2324552], [10.1884215, 45.2330192], [10.1891034, 45.2338308], [10.1895229, 45.2346684], [10.189638, 45.2356317], [10.1892256, 45.2360842], [10.189015, 45.2366708], [10.1892935, 45.2370465], [10.1897207, 45.2372976], [10.1906503, 45.2375038], [10.1917378, 45.2374687], [10.1919387, 45.2374622], [10.1930248, 45.237067], [10.1938989, 45.2365472], [10.194527, 45.2358658], [10.1947763, 45.2348051], [10.1947444, 45.2336318], [10.1943407, 45.232527], [10.1940249, 45.2309443], [10.1939041, 45.2298207], [10.1943191, 45.2293511], [10.1950307, 45.2290356], [10.1961799, 45.2289074], [10.1964404, 45.2289098], [10.1970882, 45.2289157], [10.1978565, 45.2287982], [10.1983336, 45.2286637], [10.1997491, 45.2282645], [10.2006728, 45.2282087], [10.2016422, 45.2283448], [10.2027678, 45.2285592], [10.2042807, 45.2291733], [10.2050722, 45.2293276], [10.2058774, 45.2293389], [10.2074993, 45.2291329], [10.2096719, 45.2284491], [10.2119653, 45.2278053], [10.2135277, 45.2274329], [10.2149423, 45.2267688], [10.2182208, 45.2252018], [10.2195169, 45.2247162], [10.2207103, 45.224395], [10.221575, 45.2242427], [10.2219281, 45.2241805], [10.2247066, 45.2245201], [10.2261924, 45.22455], [10.2274865, 45.2251102], [10.2283605, 45.2255766], [10.2293153, 45.2257374], [10.2306378, 45.2253713], [10.2318202, 45.2247924], [10.2324597, 45.2243319], [10.2329454, 45.2235501], [10.2328331, 45.2227072], [10.2324476, 45.22114], [10.232724, 45.2201645], [10.2333588, 45.2196548], [10.2345034, 45.2194245], [10.2357392, 45.2195564], [10.2367796, 45.2199047], [10.2377477, 45.2203279], [10.2393923, 45.2216231], [10.2402967, 45.2223248], [10.2414777, 45.2228207], [10.2421268, 45.2229175], [10.2423882, 45.2228197], [10.2426123, 45.2224758], [10.2428248, 45.2220866], [10.2429193, 45.2218357], [10.2428602, 45.2212259], [10.2424514, 45.2189489], [10.2424271, 45.2182149], [10.2427134, 45.2172838], [10.2427024, 45.215932], [10.2426033, 45.2141956], [10.2428917, 45.2132712], [10.243627, 45.2119994], [10.2437929, 45.2117125], [10.2445247, 45.2111078], [10.245907, 45.2104331], [10.2481171, 45.2099117], [10.2511857, 45.2097302], [10.2546508, 45.2096622], [10.2568613, 45.209428], [10.2588245, 45.2071301], [10.2602948, 45.2065933], [10.2617459, 45.2066283], [10.2630414, 45.2068655], [10.2642075, 45.2067652], [10.2650153, 45.2063971], [10.2653302, 45.2060958], [10.2651322, 45.2049603], [10.2652007, 45.204179], [10.2653532, 45.203779], [10.2656031, 45.2036429], [10.2660212, 45.2036655], [10.2690311, 45.2043452], [10.2703168, 45.2044488], [10.2711534, 45.2043943], [10.2715615, 45.2042548], [10.2719129, 45.2040495], [10.2722657, 45.2035447], [10.27235, 45.2029906], [10.2724683, 45.2025786], [10.2724791, 45.2020461], [10.272328, 45.2015669], [10.2720905, 45.2009887], [10.2716866, 45.2002957], [10.2710449, 45.1996708], [10.2702183, 45.1991803], [10.2682344, 45.1981593], [10.267474, 45.197757], [10.26709, 45.1973377], [10.2673167, 45.1968964], [10.2682026, 45.195995], [10.2690883, 45.1953807], [10.2704223, 45.1950192], [10.2714958, 45.1947644], [10.2727079, 45.1946499], [10.2741301, 45.1948025], [10.2762053, 45.1954654], [10.2776035, 45.1960185], [10.2787371, 45.196475], [10.279716, 45.1964618], [10.2803025, 45.1961859], [10.2806783, 45.1958214], [10.2809256, 45.1954494], [10.2811317, 45.1942922], [10.2808732, 45.1931967], [10.2803076, 45.1921637], [10.2795015, 45.1912364], [10.2781447, 45.1901655], [10.276948, 45.1892265], [10.2767982, 45.1889195], [10.2768174, 45.1886907], [10.2771869, 45.1884021], [10.278083, 45.1882575], [10.2789847, 45.1881842], [10.2800075, 45.1883556], [10.2808336, 45.1888361], [10.2818574, 45.1896437], [10.2823863, 45.1905965], [10.2832002, 45.191853], [10.2847028, 45.1929624], [10.2860388, 45.1936503], [10.2876215, 45.1941732], [10.289256, 45.1942361], [10.2897598, 45.194359], [10.2910975, 45.1947203], [10.2924157, 45.1950383], [10.2935445, 45.1950965], [10.2946143, 45.1947478], [10.2952403, 45.1943605], [10.2956547, 45.1938929], [10.2958663, 45.1933276], [10.2957425, 45.192713], [10.2939831, 45.1901349], [10.2936516, 45.1892172], [10.2936948, 45.1886161], [10.2938866, 45.1883355], [10.2943749, 45.1881368], [10.2959351, 45.188102], [10.2973547, 45.1881982], [10.2996264, 45.1885848], [10.3011891, 45.1889304], [10.3015825, 45.1889938], [10.3030066, 45.1892235], [10.3043191, 45.189264], [10.3056146, 45.188972], [10.3081451, 45.1880932], [10.3090338, 45.1875567], [10.3094076, 45.1869729], [10.3094542, 45.1862864], [10.3093297, 45.1858915], [10.3090904, 45.1855082], [10.3082782, 45.1847771], [10.3071908, 45.1842727], [10.3060746, 45.1839722], [10.3024408, 45.1828447], [10.3015503, 45.1821132], [10.301308, 45.1813601], [10.301376, 45.180759], [10.3018917, 45.1801567], [10.3029336, 45.179535], [10.3047887, 45.1792017], [10.3063965, 45.1790642], [10.308754, 45.1792405], [10.3109562, 45.1797448], [10.3130388, 45.1796908], [10.3144, 45.1794498], [10.3164314, 45.1786504], [10.3177422, 45.1778429], [10.3187996, 45.1768413], [10.3192953, 45.1757154], [10.3192558, 45.1746636], [10.3182521, 45.1723977], [10.3181736, 45.1716192], [10.318646, 45.1711442], [10.3193412, 45.1709669], [10.3200541, 45.170934], [10.3217424, 45.1712775], [10.3231976, 45.1718717], [10.3257834, 45.1732406], [10.3275599, 45.1747308], [10.3282853, 45.1759365], [10.3292092, 45.1785663], [10.3296665, 45.1788728], [10.3306975, 45.179089], [10.3315729, 45.1790325], [10.3327243, 45.1787396], [10.3336902, 45.1781034], [10.3342223, 45.1774429], [10.3354229, 45.1750747], [10.336954, 45.1729393], [10.3382868, 45.1720929], [10.3400602, 45.1712231], [10.3439196, 45.1701828], [10.3459101, 45.1692963], [10.3470065, 45.1683332], [10.3481256, 45.1659952], [10.3490178, 45.1651176], [10.349715, 45.1646418], [10.3503947, 45.1645662], [10.3527008, 45.1649187], [10.3557059, 45.1657221], [10.3570575, 45.1656713], [10.3579308, 45.1653707], [10.3580779, 45.1651483], [10.3580769, 45.1647995], [10.3590325, 45.1634527], [10.3609117, 45.162679], [10.3623751, 45.1623738], [10.3639446, 45.1622248], [10.3650723, 45.1618551], [10.3654203, 45.1613625], [10.3655954, 45.1607613], [10.3657301, 45.160276], [10.3656058, 45.1598133], [10.3653264, 45.1592025], [10.3648282, 45.1586684], [10.3641071, 45.1582158], [10.3637113, 45.1578751], [10.3635168, 45.1574463], [10.3636624, 45.1569725], [10.3641246, 45.1564565], [10.3643319, 45.155774], [10.3648259, 45.1532551], [10.3656587, 45.1505163], [10.3666738, 45.1482117], [10.3680764, 45.1464378], [10.3689524, 45.1458169], [10.3698791, 45.1454836], [10.3705364, 45.1453439], [10.3713678, 45.1454636], [10.3729906, 45.1459074], [10.3740869, 45.1457706], [10.3751088, 45.1453851], [10.3755491, 45.1450304], [10.375996, 45.1446703], [10.3765962, 45.1435468], [10.3768225, 45.1422238], [10.3767524, 45.1405207], [10.3770361, 45.1397443], [10.3784, 45.1388201], [10.3798377, 45.138283], [10.3806849, 45.1381005], [10.3813619, 45.1380395], [10.3823006, 45.1381998], [10.3830297, 45.1384649], [10.3836212, 45.1391675], [10.3840426, 45.1404307], [10.3845456, 45.1425704], [10.3853224, 45.143336], [10.3863161, 45.1438341], [10.3873492, 45.1439993], [10.3887512, 45.1437157], [10.3892544, 45.1433565], [10.3893303, 45.142918], [10.3889976, 45.1397964], [10.3892675, 45.1388197], [10.3901114, 45.1379999], [10.3912252, 45.1373845], [10.3923676, 45.1368778], [10.3937254, 45.1365274], [10.3953221, 45.1364945], [10.3978184, 45.1368214], [10.4007135, 45.13756], [10.4017365, 45.1375414], [10.4027092, 45.137265], [10.4046234, 45.1359782], [10.4051455, 45.1353293], [10.4061855, 45.1350779], [10.4067394, 45.1351604], [10.4098865, 45.1366217], [10.4108764, 45.1370569], [10.4120238, 45.1370111], [10.4129642, 45.1366662], [10.4136519, 45.1361605], [10.4141247, 45.1351992], [10.414318, 45.1328755], [10.4149982, 45.1312922], [10.4162166, 45.1303175], [10.4177506, 45.1299467], [10.4187731, 45.1299833], [10.4194368, 45.1303447], [10.4214604, 45.1315907], [10.4220917, 45.1322538], [10.4223132, 45.1330285], [10.422484, 45.1342642], [10.4223738, 45.1350179], [10.4220553, 45.1357124], [10.4211944, 45.1368114], [10.4195315, 45.1382647], [10.4187551, 45.1390874], [10.4189513, 45.1400878], [10.4202125, 45.1407672], [10.4215145, 45.1411137], [10.4226641, 45.141078], [10.4241654, 45.1409163], [10.4261908, 45.1400205], [10.4272978, 45.1396203], [10.4281256, 45.1395015], [10.4299248, 45.139632], [10.4316634, 45.1400453], [10.4335005, 45.1406334], [10.435464, 45.1423056], [10.4364721, 45.145006], [10.4368827, 45.1457768], [10.4376985, 45.1459978], [10.4391402, 45.1458728], [10.4410187, 45.1454608], [10.442021, 45.1450685], [10.4430069, 45.144851], [10.4465482, 45.1449131], [10.4484978, 45.145119], [10.449032, 45.1451035], [10.4496819, 45.144882], [10.4509927, 45.1439226], [10.4528487, 45.1428077], [10.4540713, 45.1423648], [10.4548171, 45.1423421], [10.4553931, 45.1426834], [10.4557527, 45.1436144], [10.456128, 45.1465654], [10.4568216, 45.1472538], [10.4578052, 45.1477015], [10.4583692, 45.147782], [10.4589585, 45.1477315], [10.4606033, 45.1471794], [10.4616902, 45.1464924], [10.4638436, 45.145063], [10.4647578, 45.1447639], [10.4658373, 45.1446667], [10.4675391, 45.144791], [10.4712841, 45.1458437], [10.4729033, 45.146003], [10.4750843, 45.1459836], [10.4769458, 45.1457855], [10.4780253, 45.1454203], [10.478912, 45.1450513], [10.4799639, 45.1442123], [10.4825249, 45.1413609], [10.483373, 45.1401217], [10.4843864, 45.1391932], [10.485576, 45.1382958], [10.4872888, 45.1366485], [10.4890677, 45.1354947], [10.4896956, 45.1349508], [10.489993, 45.1344379], [10.4902188, 45.1337658], [10.4906483, 45.1331869], [10.4911605, 45.1327789], [10.4919536, 45.1322272], [10.4925209, 45.1320251], [10.4929962, 45.1319228], [10.4941841, 45.131893], [10.4946599, 45.1319017], [10.4959844, 45.1319259], [10.4973069, 45.1323748], [10.4984956, 45.1326871], [10.4994382, 45.1326895], [10.5003005, 45.1324927], [10.5013769, 45.1321223], [10.5022676, 45.1316729], [10.5030341, 45.1310441], [10.5033991, 45.130266], [10.5037049, 45.1282281], [10.5038695, 45.1278956], [10.5039654, 45.1277017], [10.5047265, 45.1269962], [10.5063449, 45.1261098], [10.5066211, 45.125944], [10.5097762, 45.1240508], [10.5125087, 45.1223299], [10.5142351, 45.1209998], [10.5168768, 45.119315], [10.5197381, 45.1182368], [10.5228025, 45.1179256], [10.5261636, 45.1180004], [10.5291205, 45.1162051], [10.5310411, 45.1147299], [10.5334744, 45.1139662], [10.5364668, 45.1125545], [10.5374419, 45.1124363], [10.5413297, 45.1137225], [10.5424726, 45.1138352], [10.543915, 45.1134995], [10.5454842, 45.1126896], [10.5472612, 45.1114914], [10.5479155, 45.1111781], [10.5487021, 45.1111176], [10.5494654, 45.1112276], [10.5504312, 45.1117717], [10.550992, 45.1123434], [10.5514983, 45.113844], [10.552194, 45.1151777], [10.5526199, 45.1157512], [10.5532978, 45.1162839], [10.5540686, 45.1166031], [10.5553771, 45.1166581], [10.5566082, 45.1163693], [10.5578322, 45.1155975], [10.5584195, 45.1149244], [10.5587388, 45.1138966], [10.5591594, 45.1116705], [10.5599538, 45.1104557], [10.5611677, 45.1095868], [10.561605, 45.1092738], [10.5629759, 45.1083998], [10.5641364, 45.108059], [10.5655383, 45.1078611], [10.5683579, 45.1079436], [10.5705621, 45.1078611], [10.5717537, 45.1075588], [10.5726664, 45.1068257], [10.573662, 45.1053984], [10.5742383, 45.1038591], [10.5743863, 45.1023308], [10.5755685, 45.1004055], [10.5767634, 45.0994944], [10.5796914, 45.0989343], [10.5818149, 45.09855], [10.5837937, 45.0974205], [10.5851155, 45.0962541], [10.5856862, 45.095208], [10.5861839, 45.0934782], [10.5858569, 45.0913666], [10.5853358, 45.09001], [10.5850501, 45.0885692], [10.5855561, 45.0862849], [10.585479, 45.0844884], [10.5849189, 45.0829324], [10.5832645, 45.0810125], [10.5827913, 45.080203], [10.5830557, 45.0790596], [10.5844216, 45.0776829], [10.5847427, 45.076703], [10.584664, 45.0765356], [10.5842453, 45.075645], [10.5836143, 45.0743648], [10.583298, 45.0731014], [10.5834853, 45.0718957], [10.5844872, 45.0709659], [10.5860326, 45.0700575], [10.5875143, 45.0694377], [10.5883759, 45.0689007], [10.589224, 45.0680294], [10.5894063, 45.0669647], [10.5888275, 45.0653377], [10.5882437, 45.0641396], [10.5881556, 45.0632682], [10.5887063, 45.0623813], [10.5896977, 45.0616811], [10.5912544, 45.0610727], [10.5934317, 45.0600705], [10.5942028, 45.0592924], [10.5946544, 45.0580709], [10.5948747, 45.0565536], [10.5951721, 45.0552075], [10.5957597, 45.0541516], [10.5967362, 45.05355], [10.598406, 45.0531239], [10.5996318, 45.0526756], [10.5999856, 45.0525462], [10.6005253, 45.0520015], [10.6004842, 45.0515217], [10.5995829, 45.0506262], [10.5974825, 45.0494031], [10.5970014, 45.0488284], [10.5968692, 45.0480112], [10.5970674, 45.0464237], [10.5980663, 45.0443724], [10.5994026, 45.0427113], [10.5998656, 45.0414123], [10.6005158, 45.0394146], [10.6010404, 45.0370867], [10.6011269, 45.0368603], [10.6015299, 45.0358047], [10.602232, 45.0351603], [10.6031137, 45.0347845], [10.6042478, 45.0345788], [10.6059383, 45.0344037], [10.6074368, 45.0343828], [10.6095217, 45.0347767], [10.6101011, 45.0354725], [10.6101884, 45.0360603], [10.6096866, 45.0378586], [10.6099216, 45.040175], [10.6115685, 45.042016], [10.6128956, 45.0423468], [10.6140997, 45.042403], [10.6165542, 45.0418758], [10.6183243, 45.0411443], [10.6194562, 45.0399108], [10.6226487, 45.0354873], [10.6234259, 45.0349966], [10.6246605, 45.0348539], [10.6265024, 45.0350479], [10.6309202, 45.0365273], [10.6342343, 45.0373499], [10.6349808, 45.0377636], [10.6353749, 45.0383612], [10.635643, 45.0394701], [10.6356262, 45.0407238], [10.6350367, 45.0416323], [10.6349497, 45.0421572], [10.6356644, 45.0428723], [10.6366002, 45.0432389], [10.6378093, 45.0433238], [10.6390175, 45.0432758], [10.6401578, 45.0429716], [10.6408481, 45.042682], [10.6416125, 45.0420334], [10.6436947, 45.0398912], [10.6463824, 45.0380884], [10.6479828, 45.0382081], [10.6500732, 45.0391798], [10.651865, 45.0426371], [10.6564741, 45.0440301], [10.6615449, 45.0447575], [10.6628115, 45.0465187]]}}, {"type": "Feature", "properties": {"nome": "Oglio", "reale": "Oglio"}, "geometry": {"type": "LineString", "coordinates": [[9.9597146, 45.6646943], [9.9568066, 45.6656945], [9.9552558, 45.6663626], [9.9545541, 45.6665162], [9.9527303, 45.6667519], [9.9518466, 45.6666828], [9.9504818, 45.6663521], [9.9492581, 45.6659122], [9.9485068, 45.665707], [9.9453898, 45.6652782], [9.943711, 45.6650652], [9.9417257, 45.6645791], [9.9414087, 45.6644346]]}}, {"type": "Feature", "properties": {"nome": "Oglio", "reale": "Oglio"}, "geometry": {"type": "LineString", "coordinates": [[9.9414087, 45.6644346], [9.9395695, 45.6633461], [9.9388843, 45.6627766], [9.938456, 45.662221], [9.9382455, 45.6616722], [9.9382764, 45.661147], [9.9384695, 45.6604835], [9.9388026, 45.6593813], [9.9388194, 45.658782], [9.9386789, 45.6575618], [9.9383977, 45.6566584], [9.938243, 45.6564422], [9.9378432, 45.6562348], [9.9374519, 45.6553662]]}}, {"type": "Feature", "properties": {"nome": "Oglio", "reale": "Oglio"}, "geometry": {"type": "LineString", "coordinates": [[9.8673319, 45.5897291], [9.8672835, 45.5897052]]}}, {"type": "Feature", "properties": {"nome": "Oglio", "reale": "Oglio"}, "geometry": {"type": "LineString", "coordinates": [[9.9374519, 45.6553662], [9.9375544, 45.6547806], [9.9368939, 45.6544438], [9.9370813, 45.6539427], [9.9369101, 45.6532431], [9.9363341, 45.6522387], [9.9361337, 45.6515698], [9.9358448, 45.6507891], [9.9357982, 45.6505849], [9.9350724, 45.6506696], [9.9340482, 45.6492557], [9.9336091, 45.6488371], [9.9326846, 45.6478136], [9.9321068, 45.6473449], [9.9311268, 45.6469189], [9.9303913, 45.646548], [9.9300273, 45.6461203], [9.9288372, 45.64594], [9.9273886, 45.6460361], [9.9258288, 45.6468115], [9.9246433, 45.6478624], [9.9241515, 45.6484451], [9.9236449, 45.6489532], [9.9232075, 45.6491818], [9.9224869, 45.6494531], [9.9222018, 45.6494779], [9.9214777, 45.6495378], [9.9213871, 45.6495658], [9.9203157, 45.6498981], [9.9193317, 45.6503516], [9.9184135, 45.6506065], [9.9177051, 45.6504502], [9.9172794, 45.6502196], [9.9168718, 45.6497303], [9.9164827, 45.6489142], [9.9162068, 45.6473684], [9.9161819, 45.6471227], [9.9161542, 45.6464661], [9.9159174, 45.6461431], [9.9159774, 45.6456908], [9.9161863, 45.6454344], [9.9168785, 45.6449214], [9.9174269, 45.6446406], [9.9178479, 45.6442201], [9.9183176, 45.6440286], [9.9185951, 45.6437676], [9.9187183, 45.6435897], [9.9187613, 45.6434368], [9.9187925, 45.6432723], [9.9186559, 45.6430619], [9.9182932, 45.6426553], [9.9179037, 45.6422759], [9.9176435, 45.6421565], [9.9170431, 45.6420355], [9.9165675, 45.6418471], [9.9159303, 45.6412003], [9.9140484, 45.6390595], [9.9134644, 45.6384591], [9.9125654, 45.6377193], [9.9117405, 45.6371903], [9.9111738, 45.6367835], [9.9101038, 45.6359962], [9.908979, 45.6350761], [9.9085261, 45.6347778], [9.9080712, 45.634212], [9.9075307, 45.6338305], [9.906866, 45.6332868], [9.9064555, 45.6329885], [9.9049494, 45.6318648], [9.9045427, 45.6314361], [9.9041154, 45.6307793], [9.9040731, 45.6304376], [9.9038701, 45.6297822], [9.9025272, 45.6269395], [9.9024421, 45.6265352], [9.9023079, 45.6256677], [9.902241, 45.6234945], [9.9021604, 45.6231138], [9.9019062, 45.621913], [9.9018289, 45.6213961], [9.9012479, 45.620055], [9.9010836, 45.6196063], [9.9005886, 45.6189306], [9.9003512, 45.618783], [9.900168, 45.6184666], [9.8987205, 45.6157377], [9.8983104, 45.6149425], [9.8978729, 45.613628], [9.8974627, 45.6123775], [9.8972452, 45.6116536], [9.8970496, 45.6113127], [9.8968906, 45.6109831], [9.896709, 45.6104613], [9.8963987, 45.6094452], [9.8957229, 45.6087703], [9.8955225, 45.6084858], [9.8948507, 45.6074861], [9.8947401, 45.6072794], [9.8944284, 45.6069977], [9.8943287, 45.6068869], [9.894246, 45.6068018], [9.8940992, 45.6066593], [9.8939503, 45.6065176], [9.8927302, 45.6053561], [9.8923009, 45.6050685], [9.8920392, 45.6048604], [9.891735, 45.6046789], [9.8913348, 45.6044669], [9.8909497, 45.6042629], [9.8904543, 45.6040377], [9.8900365, 45.6038481], [9.8893621, 45.6036092], [9.8885854, 45.6032462], [9.8882734, 45.6030776], [9.8880918, 45.602916], [9.8871268, 45.6020012], [9.8867467, 45.6017593], [9.8866072, 45.6014415], [9.8862302, 45.6012976], [9.8859848, 45.6012637], [9.8855744, 45.6010434], [9.8851824, 45.6007799], [9.884141, 45.5999015], [9.8828622, 45.5988326], [9.8817219, 45.5979811], [9.880054, 45.5968462], [9.8789663, 45.5962737], [9.8784564, 45.5958471], [9.8781363, 45.5953297], [9.8778401, 45.5948191], [9.8776155, 45.5944321], [9.8770868, 45.5940576], [9.8764197, 45.5936354], [9.874995, 45.5928993], [9.8719378, 45.5918489], [9.869925, 45.5910136], [9.8680485, 45.5901863], [9.8673319, 45.5897291]]}}, {"type": "Feature", "properties": {"nome": "Reno", "reale": "Reno"}, "geometry": {"type": "LineString", "coordinates": [[11.2434585, 44.38598], [11.2434702, 44.3859903], [11.2442882, 44.3867048], [11.2445153, 44.3870484], [11.2446645, 44.3873531], [11.244428, 44.3877894], [11.2445763, 44.3880465], [11.2450765, 44.3885847], [11.24543, 44.3889641], [11.2463427, 44.3894232], [11.246913, 44.38971], [11.2482264, 44.3901843], [11.2492371, 44.3903834], [11.2505099, 44.3906182], [11.2514166, 44.3906124], [11.2538693, 44.3907437], [11.2554272, 44.3910952], [11.2564059, 44.3914196], [11.2568708, 44.3916667], [11.2570354, 44.3917985], [11.2572379, 44.3921301], [11.2573904, 44.3923208], [11.2576721, 44.3925808], [11.2585908, 44.3931197], [11.2590081, 44.393457], [11.2591722, 44.3936823], [11.2593818, 44.3941436], [11.2595823, 44.3943381], [11.2597581, 44.3944787], [11.2608207, 44.3951668], [11.2620051, 44.3958879], [11.2626343, 44.3961976], [11.263301, 44.396484], [11.264227, 44.3967871], [11.2652622, 44.3970292], [11.2661439, 44.3970812], [11.266707, 44.3970899], [11.2671562, 44.3970399], [11.267828, 44.3969163], [11.2684997, 44.3967377], [11.2712995, 44.3956435], [11.2719426, 44.3955825], [11.2725206, 44.3957307], [11.2729171, 44.3960342], [11.2729069, 44.396326], [11.272126, 44.397155], [11.2721809, 44.3981161], [11.2718943, 44.399019], [11.2717585, 44.400594], [11.2713503, 44.4011395], [11.2709502, 44.4013949], [11.270661, 44.401692], [11.2706911, 44.4023217], [11.2706724, 44.4030095], [11.2706468, 44.4034541], [11.2704837, 44.4040306], [11.2707304, 44.4045907], [11.2708586, 44.4048887], [11.270904, 44.4052565], [11.2710706, 44.4059179], [11.2711303, 44.4063806], [11.2712943, 44.4069298], [11.2717135, 44.4073704], [11.2719379, 44.4077835], [11.2725289, 44.4082686], [11.2731833, 44.4089548], [11.2736391, 44.4093442], [11.27371, 44.4093993], [11.2738325, 44.4095577], [11.2737427, 44.4096278], [11.2729494, 44.410252], [11.272774, 44.4103018], [11.2724766, 44.4103898], [11.2723242, 44.410473], [11.2717988, 44.41091], [11.2709451, 44.4118055], [11.2703953, 44.412642], [11.2698599, 44.4130896], [11.2691218, 44.4136175], [11.2689694, 44.4138531], [11.2690359, 44.4142691], [11.2692084, 44.4148147], [11.2693573, 44.4149639], [11.269797, 44.4154619], [11.2704763, 44.4159863], [11.2706922, 44.4161414], [11.271136, 44.416268], [11.2717559, 44.416359], [11.2729343, 44.4164727], [11.275136, 44.4163783], [11.2759292, 44.4167603], [11.2766597, 44.4170046], [11.2782906, 44.4176399], [11.280369, 44.4186467], [11.2808935, 44.4191776], [11.2822827, 44.4201665], [11.2828106, 44.4214108], [11.2830851, 44.421902], [11.2834999, 44.4229935], [11.2839053, 44.4242516], [11.2843794, 44.425065], [11.2847389, 44.4260081], [11.2847139, 44.4265394], [11.2846502, 44.4280682], [11.2842278, 44.4290879], [11.2838837, 44.4296178], [11.2843511, 44.4315346], [11.2845394, 44.4323051], [11.2845489, 44.4328883], [11.2841845, 44.4335875], [11.2841154, 44.4339352], [11.2838734, 44.4347007], [11.2842728, 44.4361945], [11.2847093, 44.4371082], [11.2850567, 44.4377525], [11.2849989, 44.4382319], [11.2849703, 44.4390043], [11.2847954, 44.4397101], [11.2844204, 44.4405536], [11.2840106, 44.4412907], [11.2840629, 44.4416477], [11.28441, 44.4425815], [11.2844126, 44.4430623], [11.2844556, 44.4433833], [11.2850371, 44.4442303], [11.2855769, 44.4446027], [11.2852318, 44.444927], [11.2850747, 44.4450747], [11.2850427, 44.4460207], [11.2850221, 44.4462772], [11.2850007, 44.4465433], [11.2851916, 44.4470384], [11.2850297, 44.4472103], [11.2851635, 44.4481989], [11.2851039, 44.4486553], [11.2850648, 44.4494934], [11.2848143, 44.4498879], [11.2844696, 44.4503545], [11.2844279, 44.450579], [11.2842542, 44.4512442], [11.2842497, 44.4514649], [11.2842426, 44.452021], [11.2844859, 44.4528711], [11.2845024, 44.4545741], [11.2846932, 44.4552801], [11.2859498, 44.4575358], [11.2865964, 44.4589975], [11.2870161, 44.4596408], [11.2875432, 44.4604533], [11.2875518, 44.4608104], [11.2872411, 44.4612656], [11.2867349, 44.4617745], [11.28637, 44.4625964], [11.2862408, 44.4628155], [11.2840587, 44.4657229], [11.283329, 44.4669014], [11.2832169, 44.4671957], [11.2824877, 44.4682482], [11.2822681, 44.4685498], [11.2819055, 44.4696141], [11.2817043, 44.4721814], [11.2817008, 44.4722081], [11.2816283, 44.4727578], [11.2813161, 44.4732129], [11.2808383, 44.4736366], [11.280372, 44.4739216], [11.2797907, 44.4741012], [11.2793047, 44.4739113], [11.2785294, 44.4750432], [11.2784524, 44.4752301], [11.278283, 44.4756499], [11.2783034, 44.4759809], [11.2784059, 44.4764174], [11.278722, 44.477442], [11.2790282, 44.4782458], [11.2794371, 44.4786746], [11.2798378, 44.4789481], [11.2802595, 44.4791614], [11.2826906, 44.4801987], [11.283821, 44.4806329], [11.2842402, 44.4809085], [11.2846259, 44.4812158], [11.2849368, 44.4815025], [11.2851301, 44.4819635], [11.2851256, 44.482764], [11.2850372, 44.4834864], [11.284987, 44.4838218], [11.2846365, 44.4851917], [11.2843789, 44.4862666], [11.2842077, 44.4869274], [11.284043, 44.4872778], [11.283868, 44.4875075], [11.2835268, 44.4878954], [11.2824752, 44.4888668], [11.282013, 44.4892464], [11.2813183, 44.4897343], [11.2805747, 44.4902467], [11.2798929, 44.490647], [11.2789481, 44.4914068], [11.2784164, 44.4918525], [11.2779901, 44.4924275], [11.2763715, 44.4932889], [11.2755967, 44.4941377], [11.2754506, 44.4944784], [11.2753308, 44.4947318], [11.2753261, 44.4949263], [11.2753754, 44.4952122], [11.2754271, 44.4954843], [11.2754716, 44.4957506], [11.2756138, 44.4959543], [11.2762563, 44.4965432], [11.2765436, 44.4967311], [11.2768389, 44.4968601], [11.2770678, 44.4969471], [11.2773215, 44.4971008], [11.2775504, 44.4973077], [11.2776859, 44.4976838], [11.2778416, 44.4980926], [11.2780898, 44.4983242], [11.2784723, 44.4985328], [11.2791134, 44.4988043], [11.2807992, 44.4993866], [11.2814156, 44.499603], [11.28274, 44.5002075], [11.2842126, 44.501225], [11.2847113, 44.5015344], [11.2848603, 44.5016531], [11.2852735, 44.502012], [11.2855634, 44.5022401], [11.2857793, 44.5024219], [11.2858988, 44.5024988], [11.2866591, 44.5029288], [11.2875709, 44.5032644], [11.2885344, 44.5037533], [11.289537, 44.5042176], [11.2900193, 44.5044326], [11.290183, 44.5045276], [11.2903157, 44.5046111], [11.2904812, 44.5047416], [11.2907039, 44.5049471], [11.290821, 44.5051039], [11.2909348, 44.5052909], [11.2911263, 44.5056545], [11.2912327, 44.5059382], [11.291327, 44.5063055], [11.2914121, 44.5066087], [11.291731, 44.5078397], [11.2919945, 44.5086961], [11.2922628, 44.5093984], [11.2923353, 44.5096453], [11.2923911, 44.5098636], [11.2924653, 44.5100675], [11.2925173, 44.5101629], [11.2926155, 44.5102964], [11.29285, 44.5105981], [11.2930846, 44.5108347], [11.2932309, 44.5110811], [11.2933253, 44.5114462], [11.2933875, 44.5117933], [11.293474, 44.5120507], [11.2942937, 44.5136318], [11.2944745, 44.5139689], [11.2946877, 44.5142582], [11.2951536, 44.5148069], [11.2953067, 44.5149444], [11.2955171, 44.5150709], [11.2963272, 44.5154621], [11.2965398, 44.5155413], [11.2967319, 44.515618], [11.2970991, 44.5157288], [11.2974802, 44.5158043], [11.2977187, 44.515838], [11.2978962, 44.5158623], [11.2981965, 44.5159276], [11.2984487, 44.5159804], [11.2986616, 44.5161049], [11.2988426, 44.5162957], [11.2990373, 44.516494], [11.2991432, 44.51663], [11.2991872, 44.5167257], [11.299243, 44.5169063], [11.2992545, 44.5169964], [11.2992519, 44.5171113], [11.2992628, 44.5174244], [11.299297, 44.5179616], [11.2993526, 44.5182251], [11.2993956, 44.5183729], [11.2995083, 44.5185727], [11.2997604, 44.5189516], [11.3000416, 44.5193692], [11.3004157, 44.5199446], [11.3005168, 44.5201825], [11.3006093, 44.5206149], [11.3006653, 44.5209142], [11.3007707, 44.5213267], [11.3008446, 44.521635], [11.3008915, 44.5217865], [11.3009278, 44.5218849], [11.3010196, 44.5221108], [11.301093, 44.5222248], [11.3012061, 44.5223479], [11.3013119, 44.5224441], [11.3014445, 44.5225568], [11.3019796, 44.5230262], [11.3020716, 44.5231182], [11.3021412, 44.5231896], [11.3022481, 44.5232657], [11.3024104, 44.523326], [11.3026329, 44.523395], [11.3028748, 44.5234762], [11.3029902, 44.5240926], [11.3034156, 44.5242198], [11.3034998, 44.5242251], [11.3036217, 44.5242083], [11.3037992, 44.5241505], [11.3039144, 44.5241397], [11.3040686, 44.5241582], [11.3043345, 44.5242189], [11.3046956, 44.5243214], [11.304925, 44.5244178], [11.305033, 44.5244683], [11.3057803, 44.5250467], [11.3058575, 44.5251061], [11.3061783, 44.5253518], [11.3062538, 44.525429], [11.3062789, 44.5254675], [11.3062982, 44.52551], [11.3063265, 44.5255906], [11.3063521, 44.5257175], [11.3063903, 44.525881], [11.3064272, 44.5259593], [11.3064691, 44.5260228], [11.306626, 44.5262047], [11.3068494, 44.5264603], [11.3070439, 44.5267089], [11.3074788, 44.5274243], [11.3077265, 44.5279977], [11.3079036, 44.5285139], [11.3079975, 44.528981], [11.3080162, 44.5294547], [11.308165, 44.5297989], [11.3083581, 44.5301087], [11.3085047, 44.5313708], [11.3086224, 44.5321947], [11.3087162, 44.5328449], [11.3086183, 44.533298], [11.3086636, 44.533942], [11.308094, 44.5344203], [11.3075682, 44.5345503], [11.3071672, 44.5348601], [11.3070331, 44.5350704], [11.307119, 44.5352463], [11.308153, 44.5356172], [11.3083107, 44.5358835], [11.3086666, 44.5364298], [11.3088785, 44.5368618], [11.3093613, 44.5372538], [11.3099135, 44.5378817], [11.3108472, 44.5388674], [11.3112871, 44.5394524], [11.3126086, 44.5408305], [11.3135785, 44.5415768], [11.3147801, 44.542678], [11.3149671, 44.54284], [11.3150248, 44.54297], [11.3151406, 44.5449597], [11.3148536, 44.5455897], [11.3140271, 44.5464384], [11.3137096, 44.5468336], [11.3134906, 44.5472214], [11.3132237, 44.5480701], [11.3128966, 44.5488145], [11.3121003, 44.5497697], [11.3115695, 44.5502649], [11.3115606, 44.5505994], [11.3118101, 44.5509134], [11.3122519, 44.5511195], [11.3127189, 44.551216], [11.314416, 44.5522583], [11.3151787, 44.5532566], [11.3154887, 44.5549573], [11.3159989, 44.556153], [11.3156556, 44.5569359], [11.3090104, 44.5623686], [11.3082171, 44.5636027], [11.3081884, 44.564091], [11.3084027, 44.5647262], [11.3092445, 44.5653566], [11.3104189, 44.5660847], [11.3135864, 44.5673153], [11.3144201, 44.5676918], [11.3148767, 44.5681245], [11.3151402, 44.5684808], [11.3152434, 44.5689106], [11.3155945, 44.5691931], [11.315557, 44.5695927], [11.3155504, 44.5696531], [11.3154936, 44.5698948], [11.3155269, 44.5705544], [11.3161212, 44.5717941], [11.3163508, 44.5721319], [11.3174486, 44.5725803], [11.3181961, 44.573435], [11.3185287, 44.5744109], [11.3187219, 44.5753464], [11.3185774, 44.5757526], [11.3183149, 44.5761665], [11.3179722, 44.5768947], [11.3180164, 44.5773808], [11.3186854, 44.5783315], [11.3188475, 44.5787269], [11.3188809, 44.5791222], [11.3181031, 44.5803449], [11.3175076, 44.5815676], [11.3172851, 44.5830883], [11.3171484, 44.5851821], [11.3175454, 44.5865642], [11.3182105, 44.5880608], [11.3183822, 44.5890064], [11.3180341, 44.5907145], [11.3176229, 44.5921593], [11.3173007, 44.5932915], [11.3162649, 44.5943588], [11.3160457, 44.5959569], [11.315953, 44.5970199], [11.3157633, 44.5982814], [11.3152789, 44.5994991], [11.314171, 44.6012691], [11.3135934, 44.6024267], [11.3132302, 44.6034986], [11.3130705, 44.6042939], [11.3129331, 44.6053652], [11.3130416, 44.6065427], [11.3133171, 44.6077839], [11.3140744, 44.6094987], [11.3146261, 44.6103548], [11.3165935, 44.6124605], [11.3180792, 44.6141253], [11.3182456, 44.6147193], [11.3182299, 44.6156317], [11.3180893, 44.6163487], [11.3177931, 44.61697], [11.3174696, 44.6173244], [11.317125, 44.6180012], [11.3166332, 44.6187399], [11.3158044, 44.6193813], [11.3148857, 44.6197937], [11.313965, 44.6200534], [11.313216, 44.6205879], [11.3125508, 44.6208227], [11.3112768, 44.6209504], [11.309536, 44.6210776], [11.3081681, 44.6211134], [11.3065212, 44.6214852], [11.3039249, 44.6217658], [11.3019615, 44.621868], [11.3009798, 44.6219114], [11.3003173, 44.6220171], [11.299805, 44.6222756], [11.299172, 44.6228559], [11.2988856, 44.6235257], [11.2987965, 44.6237341], [11.2986181, 44.6251696], [11.2986544, 44.6265288], [11.298877, 44.6275825], [11.298936, 44.6281629], [11.2987268, 44.6286248], [11.2980777, 44.6294074], [11.2969105, 44.6301712], [11.2963021, 44.6306863], [11.294977, 44.6319957], [11.2941938, 44.6333776], [11.293711, 44.6354332], [11.2935233, 44.6370718], [11.2933489, 44.6379254], [11.2931424, 44.6385691], [11.2920213, 44.6404242], [11.2908998, 44.6417661], [11.2898919, 44.6426568], [11.2889355, 44.6435187], [11.287473, 44.6451764], [11.2864566, 44.6470255], [11.2855786, 44.6489582], [11.2790979, 44.6579393], [11.2775208, 44.6602211], [11.2767108, 44.6613429], [11.2763835, 44.6619343], [11.2759705, 44.6624799], [11.2744416, 44.6647806], [11.2727611, 44.6669769], [11.2717594, 44.6681037], [11.271712, 44.6681404], [11.2716356, 44.6681997], [11.2714053, 44.6683784], [11.2711639, 44.6686645], [11.2710421, 44.6687942], [11.2706682, 44.6691926], [11.2700535, 44.6699044], [11.2694137, 44.6705556], [11.2693842, 44.6705856], [11.26827, 44.6720528], [11.2675376, 44.673273], [11.267125, 44.6744766], [11.2666593, 44.6751713], [11.2661034, 44.6757102], [11.2649841, 44.6768091], [11.2640484, 44.6783821], [11.2634311, 44.6802724], [11.2630867, 44.6814357], [11.2628035, 44.6822027], [11.262576, 44.6840584], [11.2626748, 44.6857193], [11.2628786, 44.6869168], [11.263328, 44.6877189], [11.2664022, 44.6913379], [11.2665105, 44.6919043], [11.2662367, 44.693095], [11.2659441, 44.6942677], [11.266057, 44.694876], [11.2664573, 44.6952784], [11.2696141, 44.6972993], [11.2738542, 44.7033752], [11.2749485, 44.7048851], [11.2753707, 44.705628], [11.2758498, 44.7064711], [11.2777297, 44.7096058], [11.2790555, 44.7107202], [11.2799911, 44.7114121], [11.2809996, 44.7119229], [11.283364, 44.7128226], [11.2870185, 44.7134402], [11.2887673, 44.7136079], [11.2906877, 44.7139891], [11.2928442, 44.7148049], [11.2943333, 44.7195032], [11.2987107, 44.7240161], [11.3013714, 44.7252357], [11.3038659, 44.7286773], [11.3051446, 44.7315375], [11.305445, 44.7325207], [11.3058607, 44.7335001], [11.306475, 44.7342394], [11.3071543, 44.7349272], [11.3080019, 44.7355979], [11.3088165, 44.7362115], [11.3100074, 44.736844], [11.3108067, 44.7373432], [11.3135855, 44.7388293], [11.314548, 44.7394193], [11.3150983, 44.7398734], [11.3154094, 44.7402735], [11.3155757, 44.7406621], [11.3159084, 44.7410334], [11.3178919, 44.7425929], [11.3217133, 44.745722], [11.3339013, 44.7505376], [11.3402353, 44.7544331], [11.3418124, 44.7557233], [11.3447484, 44.7584149], [11.3474118, 44.7619882], [11.3484067, 44.7630321], [11.3515944, 44.7656637], [11.3543094, 44.7679858], [11.3588509, 44.7733869], [11.3616356, 44.7751466], [11.3642754, 44.7762738], [11.3683357, 44.7779946], [11.3706102, 44.7790543], [11.3727082, 44.7796912], [11.3749844, 44.7801546], [11.3771621, 44.7802522], [11.3791466, 44.7802513], [11.3810132, 44.7804013], [11.3821121, 44.7803716], [11.3836785, 44.7801944], [11.3852771, 44.7797988], [11.3887701, 44.7785566], [11.3896491, 44.7781261], [11.3911137, 44.7773209], [11.3915616, 44.7770258], [11.3922015, 44.7765819], [11.3930536, 44.7755739], [11.3942601, 44.7737709], [11.3953343, 44.7718736], [11.3964681, 44.7706502], [11.3979911, 44.7695343], [11.3999322, 44.7682664], [11.4011136, 44.7676558], [11.4022072, 44.7673141], [11.4043682, 44.7668008], [11.411331, 44.7654966], [11.4210575, 44.7629806], [11.4305369, 44.7607396], [11.4334246, 44.7599216], [11.4351085, 44.7596133], [11.4368195, 44.7596809], [11.4395296, 44.7598864], [11.4418331, 44.7601359], [11.4446091, 44.7605798], [11.4472755, 44.7605907], [11.4514297, 44.7606278], [11.4526499, 44.7605146], [11.4596364, 44.7573226], [11.461576, 44.7563899], [11.4632116, 44.7553053], [11.4653316, 44.7533808], [11.4670737, 44.7521544], [11.4686704, 44.7514974], [11.4705609, 44.7508345], [11.4727667, 44.7502412], [11.474876, 44.7497682], [11.4786193, 44.748527], [11.4911515, 44.7438499], [11.4932794, 44.7428175], [11.49439, 44.7423601], [11.498659, 44.7408234], [11.5017435, 44.7394967], [11.5057647, 44.7384164], [11.5079855, 44.7377872], [11.5108179, 44.7368323], [11.5129795, 44.7357255], [11.5161525, 44.7338083], [11.5177488, 44.7332274], [11.5239304, 44.7323092], [11.5250754, 44.7320563], [11.5262891, 44.7315309], [11.5314942, 44.7291151], [11.5351837, 44.7277075], [11.5430246, 44.7250023], [11.5486725, 44.722975], [11.5525453, 44.7214935], [11.5554478, 44.7201788], [11.5596266, 44.7181976], [11.5783882, 44.7099137], [11.582154, 44.7079946], [11.586382, 44.7045336], [11.5870378, 44.7039968], [11.587365, 44.7036809], [11.5895792, 44.7020134], [11.590589, 44.7011904], [11.5974131, 44.6958226], [11.6023709, 44.6920612], [11.6035412, 44.6910922], [11.6059951, 44.6891938], [11.6203454, 44.6779373], [11.6249105, 44.6742827], [11.625234, 44.6740317], [11.6258671, 44.6735024], [11.6342069, 44.6668902], [11.6392856, 44.6628328], [11.6448824, 44.6584278], [11.6468772, 44.6569896], [11.6486235, 44.6560039], [11.6507515, 44.6549193], [11.6530813, 44.6537486], [11.6543545, 44.6531099], [11.6553349, 44.652464], [11.656544, 44.6517599], [11.6574847, 44.6511343], [11.6598206, 44.649752], [11.6611617, 44.6489126], [11.6622097, 44.6482951], [11.6640427, 44.6471971], [11.6656531, 44.6462325], [11.6674853, 44.6451557], [11.6689409, 44.6442439], [11.6702241, 44.6435404], [11.6723697, 44.6424833], [11.6735125, 44.6420381], [11.6757441, 44.6412145], [11.6781889, 44.6405597], [11.6802869, 44.6400709], [11.682573, 44.6392001], [11.6850257, 44.6384598], [11.6878065, 44.6374705], [11.6901172, 44.6370153], [11.6903822, 44.6369631], [11.6927056, 44.636646], [11.6938168, 44.6366941], [11.6948296, 44.6369453], [11.6963181, 44.6372216], [11.6992548, 44.6369884], [11.7056595, 44.6365549], [11.7084831, 44.6363372], [11.7122326, 44.6361019], [11.7231362, 44.6358001], [11.7248469, 44.6357509]]}}, {"type": "Feature", "properties": {"nome": "Reno", "reale": "Reno"}, "geometry": {"type": "LineString", "coordinates": [[10.869542, 44.0254749], [10.8695591, 44.0254769], [10.8696506, 44.0255344], [10.8701147, 44.025953], [10.870232, 44.0259857], [10.8703398, 44.026], [10.8704995, 44.0259761], [10.8711729, 44.0256475], [10.8713816, 44.025623], [10.8714887, 44.02564], [10.8715854, 44.0256712], [10.8716552, 44.0257464], [10.8717061, 44.0258409], [10.8717893, 44.0259894], [10.8719418, 44.026315], [10.8721268, 44.0266389], [10.8722318, 44.0267169], [10.8723914, 44.026783], [10.8727522, 44.0268573], [10.8729428, 44.0268781], [10.8730097, 44.0268785], [10.873074, 44.0269074], [10.8731048, 44.0269617], [10.8734014, 44.0281433], [10.8737088, 44.0285054], [10.8737782, 44.0285871], [10.8738423, 44.0289503], [10.8736898, 44.0295279], [10.8738515, 44.0302062], [10.8738515, 44.0305845], [10.8739755, 44.0308575], [10.8739908, 44.0308746], [10.8742536, 44.0311682], [10.8743927, 44.0314547], [10.8747347, 44.0319384], [10.8748148, 44.0320044], [10.8749452, 44.032014], [10.8759708, 44.0319561], [10.8760023, 44.0319704], [10.8760218, 44.0319793], [10.8760478, 44.0320165], [10.8760577, 44.0321194], [10.8760014, 44.0324491], [10.8762164, 44.0328127], [10.8762795, 44.0329193], [10.8764712, 44.0334111], [10.876615, 44.0336397], [10.876708, 44.0337083], [10.8768108, 44.0337323], [10.8770462, 44.0337272], [10.8773955, 44.0336648], [10.8775123, 44.0336786], [10.8776101, 44.0337323], [10.8777979, 44.0339299], [10.8780648, 44.0343325], [10.8788933, 44.0348937], [10.8792375, 44.0351269], [10.8794254, 44.035335], [10.8795382, 44.0356538], [10.8795757, 44.0360186], [10.8796998, 44.0362618], [10.8801245, 44.036486], [10.8805379, 44.036559], [10.8808229, 44.0365536], [10.8815264, 44.0365401], [10.8821165, 44.0365995], [10.8828344, 44.0368535], [10.8830223, 44.0369616], [10.8832028, 44.0371751], [10.8832975, 44.0374809], [10.8834922, 44.0381099], [10.8835419, 44.038212], [10.8836538, 44.0382748], [10.8837708, 44.0383198], [10.8839952, 44.0383585], [10.884315, 44.0384047], [10.8845085, 44.0384772], [10.8846643, 44.038555], [10.8847141, 44.0385799], [10.8848042, 44.0386552], [10.8849242, 44.0387556], [10.8850018, 44.0388841], [10.8850257, 44.0389826], [10.8849993, 44.0390637], [10.8848828, 44.0392988], [10.8849157, 44.0394317], [10.8850057, 44.0397959], [10.8850547, 44.0400124], [10.8856426, 44.040006], [10.8858253, 44.040004], [10.8860213, 44.0400361], [10.8861825, 44.0401081], [10.8862638, 44.0402122], [10.8862573, 44.0404337], [10.8861989, 44.0406872], [10.8862448, 44.0408775], [10.8866376, 44.0413936], [10.8873767, 44.0418187], [10.8892813, 44.042699], [10.8897121, 44.0427476], [10.8901978, 44.0425381], [10.8902503, 44.0424446], [10.8903836, 44.0422072], [10.8903709, 44.0417063], [10.8905863, 44.0409747], [10.8907806, 44.0408745], [10.891072, 44.0408442], [10.8916759, 44.0409474], [10.8921742, 44.0411993], [10.8923767, 44.0417073], [10.8923173, 44.0421911], [10.8922516, 44.0425103], [10.8922777, 44.0426512], [10.8927877, 44.0429526], [10.8931308, 44.0431329], [10.8936901, 44.0433652], [10.8938549, 44.0435097], [10.8939453, 44.0436196], [10.8946023, 44.0444183], [10.895086, 44.0446676], [10.8953711, 44.0447604], [10.8954346, 44.0447811], [10.8956401, 44.0448036], [10.8960523, 44.0451096], [10.8965314, 44.0456273], [10.8965827, 44.0456827], [10.8968707, 44.045819], [10.8971267, 44.0459402], [10.8971693, 44.0459527], [10.8975531, 44.046043], [10.8976128, 44.046057], [10.8979342, 44.0461775], [10.8980524, 44.0462122], [10.8984612, 44.0462194], [10.8994646, 44.0461539], [10.9000289, 44.0462146], [10.9002721, 44.0464161], [10.9004647, 44.0468435], [10.9005931, 44.0477833], [10.9008596, 44.0484424], [10.9008769, 44.0484851], [10.9009881, 44.0486248], [10.9013465, 44.0490752], [10.902425, 44.049697], [10.9032567, 44.0500353], [10.9034018, 44.050132], [10.9034656, 44.0501854], [10.9034843, 44.0502207], [10.9034992, 44.050249], [10.9035593, 44.0504067], [10.9036395, 44.0507148], [10.9036602, 44.0507946], [10.9036824, 44.0508475], [10.9038245, 44.0512934], [10.9038406, 44.0513243], [10.904007, 44.0516442], [10.9040614, 44.0517488], [10.9044668, 44.0530576], [10.9044888, 44.0530844], [10.9046628, 44.0532955], [10.9049891, 44.0535711], [10.9053182, 44.0538491], [10.9055619, 44.054166], [10.9062406, 44.0550486], [10.9063832, 44.0552315], [10.9066904, 44.0556255], [10.9070767, 44.056198], [10.9073422, 44.0564987], [10.9073812, 44.0565343], [10.9077472, 44.0568688], [10.9081117, 44.0571876], [10.9081603, 44.0572301], [10.9084017, 44.0574412], [10.9087718, 44.0581217], [10.9088764, 44.0582951], [10.9089399, 44.058376], [10.9091698, 44.0586688], [10.9097781, 44.0591269], [10.9100289, 44.0592358], [10.9101778, 44.059284], [10.9102986, 44.0592913], [10.9104313, 44.0592743], [10.9108859, 44.0590664], [10.9114051, 44.0588735], [10.9116577, 44.0587797], [10.9120805, 44.0587089], [10.9121376, 44.0587046], [10.912213, 44.058699], [10.9124087, 44.0587366], [10.9125966, 44.0587964], [10.9129757, 44.0590097], [10.9131358, 44.0590997], [10.913811, 44.0595042], [10.9141426, 44.0597029], [10.9144718, 44.0598377], [10.9146411, 44.0599074], [10.9148116, 44.0599776], [10.9154026, 44.0604341], [10.9155866, 44.060546], [10.9156787, 44.06056], [10.9157884, 44.0605753], [10.9159441, 44.0605588], [10.9163246, 44.0605053], [10.9167546, 44.0604812], [10.9169743, 44.0605261], [10.9172108, 44.0607568], [10.9172987, 44.0613832], [10.9172984, 44.0622343], [10.9172984, 44.0622942], [10.9172984, 44.0624045], [10.917346, 44.0625383], [10.9174309, 44.0627768], [10.917491, 44.0629994], [10.9179491, 44.0634414], [10.9186692, 44.0639825], [10.9188538, 44.064146], [10.9189124, 44.064306], [10.9189448, 44.0647739], [10.9190521, 44.0652427], [10.9192801, 44.065503], [10.9197289, 44.0660151], [10.9198868, 44.0661447], [10.9204146, 44.0668231], [10.9207449, 44.0675199], [10.9209114, 44.0678688], [10.9211281, 44.0683226], [10.9213594, 44.0686311], [10.9213888, 44.0686527], [10.921627, 44.0688277], [10.922391, 44.069137], [10.9228156, 44.0693975], [10.9229685, 44.0697109], [10.9230042, 44.0697654], [10.9231078, 44.0699238], [10.92333, 44.0704206], [10.9234522, 44.0705548], [10.9239071, 44.0710513], [10.9241293, 44.0713714], [10.9246039, 44.0720195], [10.9248169, 44.0723542], [10.924915, 44.0724708], [10.9252115, 44.0728085], [10.9256464, 44.0730543], [10.9257038, 44.0730867], [10.9258787, 44.0732306], [10.9262063, 44.0739959], [10.9265085, 44.074738], [10.9265275, 44.0749154], [10.9262891, 44.0755093], [10.9262892, 44.0756297], [10.9264171, 44.0757705], [10.9266139, 44.0759095], [10.9268201, 44.0760364], [10.927195, 44.0761947], [10.9275004, 44.0762964], [10.9276705, 44.0763406], [10.9277942, 44.0763508], [10.9282634, 44.0763809], [10.928542, 44.0763605], [10.9289855, 44.0762092], [10.9295721, 44.0761271], [10.9301376, 44.0761287], [10.9305673, 44.0761652], [10.9308734, 44.0762018], [10.9312432, 44.076322], [10.9312706, 44.0763344], [10.931536, 44.0764549], [10.9320483, 44.0767267], [10.9326677, 44.0772291], [10.9329651, 44.0774704], [10.9333482, 44.0777189], [10.9337539, 44.0779302], [10.9342948, 44.0780887], [10.9347776, 44.0781928], [10.9359907, 44.0784627], [10.9367955, 44.0786682], [10.936888, 44.0787002], [10.9371925, 44.0788055], [10.9374815, 44.0790044], [10.9376239, 44.0791024], [10.9385229, 44.0796055], [10.9388571, 44.0796916], [10.940234, 44.0800421], [10.9413043, 44.080291], [10.941551, 44.0802815], [10.9416682, 44.080249], [10.9419927, 44.0801352], [10.942098, 44.0800982], [10.9421864, 44.0800775], [10.9423185, 44.0800787], [10.9424875, 44.080108], [10.9426507, 44.0801508], [10.9428906, 44.0802424], [10.9433975, 44.0808327], [10.9440206, 44.082003], [10.9444768, 44.0828579], [10.9444947, 44.0828934], [10.944774, 44.0832677], [10.9450702, 44.0836648], [10.9458629, 44.0842192], [10.9461717, 44.0843542], [10.9464114, 44.0844396], [10.9465492, 44.0844593], [10.9466842, 44.0844715], [10.9468107, 44.0844662], [10.9471438, 44.0844273], [10.947441, 44.0844239], [10.94788, 44.0844945], [10.9480768, 44.0845315], [10.9482165, 44.0846296], [10.9482441, 44.0847101], [10.9481898, 44.085075], [10.9482219, 44.0852711], [10.9483473, 44.0856166], [10.9483584, 44.0857067], [10.9483764, 44.0858539], [10.9484086, 44.0860906], [10.9484647, 44.086249], [10.9484713, 44.0862678], [10.9487262, 44.086749], [10.948752, 44.0867977], [10.9488434, 44.0868979], [10.9489564, 44.0869694], [10.9491283, 44.0869983], [10.9496421, 44.0869746], [10.9498625, 44.0869629], [10.9501639, 44.0870134], [10.9503979, 44.0871047], [10.9504652, 44.0872113], [10.9505114, 44.0872846], [10.9505389, 44.0874488], [10.9504634, 44.0882035], [10.9505199, 44.0886089], [10.9507878, 44.0888853], [10.950911, 44.0889397], [10.9510445, 44.0889508], [10.9515563, 44.0889], [10.9521251, 44.0888814], [10.9526731, 44.088886], [10.9532707, 44.0889491], [10.9539048, 44.0890957], [10.9542422, 44.0892421], [10.9546341, 44.0894858], [10.9547599, 44.0896101], [10.9550254, 44.0898653], [10.9552778, 44.090183], [10.9554066, 44.0904562], [10.9554272, 44.0908292], [10.9556676, 44.0914554], [10.9557122, 44.091777], [10.9557175, 44.0918151], [10.9557124, 44.092263], [10.9557078, 44.0928022], [10.9557056, 44.0936244], [10.9556662, 44.093921], [10.9556429, 44.0940964], [10.9556525, 44.0941206], [10.9556917, 44.0942196], [10.9560184, 44.0944057], [10.9562558, 44.0944868], [10.9565809, 44.0945282], [10.9567347, 44.0945405], [10.9571664, 44.0945752], [10.9573947, 44.0945833], [10.9575645, 44.094577], [10.9577477, 44.0945781], [10.9581706, 44.0945558], [10.9583565, 44.0945666], [10.9585767, 44.0946045], [10.958777, 44.0946781], [10.9589272, 44.0947817], [10.9589916, 44.0948778], [10.9590442, 44.0950437], [10.9590498, 44.0952337], [10.9590659, 44.0954793], [10.9591509, 44.0957809], [10.9596985, 44.0965402], [10.9599993, 44.0969584], [10.9603574, 44.0974021], [10.9604982, 44.0975336], [10.9605917, 44.0975674], [10.9606798, 44.0975993], [10.9608614, 44.0977457], [10.9610615, 44.0979909], [10.9620695, 44.0992507], [10.9621671, 44.09944], [10.9621485, 44.0995959], [10.9620355, 44.0999255], [10.9619685, 44.1001346], [10.9618908, 44.1004062], [10.9618366, 44.1005868], [10.9619056, 44.1008501], [10.9619858, 44.1010079], [10.9620399, 44.1010979], [10.9622221, 44.1012661], [10.9623625, 44.1013551], [10.9626141, 44.1014438], [10.9628905, 44.1015092], [10.9631051, 44.1015708], [10.9635016, 44.1016094], [10.9638259, 44.1015788], [10.9642105, 44.1015209], [10.9644816, 44.1015341], [10.9646821, 44.1016], [10.9647309, 44.1016304], [10.9650873, 44.1018523], [10.9654221, 44.1021119], [10.9655928, 44.1022305], [10.9658602, 44.102407], [10.9660237, 44.102545], [10.9662031, 44.1026855], [10.9662701, 44.1028236], [10.966436, 44.1032637], [10.9665283, 44.1033956], [10.9667091, 44.1037554], [10.9668539, 44.103951], [10.966953, 44.1040214], [10.9670177, 44.1041683], [10.9671041, 44.1042769], [10.9671336, 44.1043753], [10.9671237, 44.1044469], [10.9671179, 44.1044885], [10.9669618, 44.1048431], [10.9669433, 44.1050487], [10.9670955, 44.1056171], [10.967147, 44.1058096], [10.967399, 44.1060492], [10.9679973, 44.1063785], [10.9689951, 44.1065414], [10.9695716, 44.1069749], [10.9696504, 44.1070487], [10.9697836, 44.1072482], [10.9697836, 44.1073156], [10.9694674, 44.1076297], [10.9693325, 44.1077648], [10.9691432, 44.1079016], [10.9688911, 44.1080152], [10.968628, 44.1081631], [10.9682125, 44.1084506], [10.9680564, 44.1085947], [10.9679243, 44.1087064], [10.9675515, 44.1090262], [10.9674254, 44.1091589], [10.9673535, 44.109334], [10.9673427, 44.1096194], [10.9673648, 44.1097372], [10.9674347, 44.1098463], [10.9675327, 44.1099079], [10.9676722, 44.1099255], [10.9678497, 44.1099159], [10.9688052, 44.1097616], [10.9690911, 44.1097405], [10.9693763, 44.1097368], [10.9700068, 44.1097407], [10.9703631, 44.1097714], [10.970578, 44.1098292], [10.9707701, 44.1099009], [10.9709582, 44.1099793], [10.9710775, 44.1100784], [10.9712641, 44.1107187], [10.9712924, 44.1109701], [10.9712992, 44.1110306], [10.9713071, 44.1113239], [10.9712595, 44.1114871], [10.9710628, 44.1116046], [10.9709187, 44.1116817], [10.9706659, 44.1116855], [10.9704951, 44.1116836], [10.9702027, 44.1116958], [10.9699682, 44.1117433], [10.9696919, 44.1118724], [10.9695522, 44.1119755], [10.9693999, 44.1121244], [10.9692954, 44.1123286], [10.9691832, 44.1125479], [10.9687243, 44.1130261], [10.9685498, 44.1134205], [10.9684932, 44.1138268], [10.9685497, 44.1140544], [10.9686731, 44.1141334], [10.9688612, 44.1141876], [10.9691881, 44.1141623], [10.9695261, 44.1141103], [10.9698, 44.1140909], [10.9700498, 44.1141142], [10.9703072, 44.1142086], [10.9705755, 44.1142877], [10.9708561, 44.1144449], [10.9710581, 44.114555], [10.9710794, 44.1146434], [10.9710361, 44.1147015], [10.9709639, 44.1148348], [10.970865, 44.1150479], [10.9705648, 44.1154124], [10.9705334, 44.1154718], [10.9704758, 44.1155855], [10.970457, 44.1157645], [10.970527, 44.1159085], [10.9706551, 44.1160344], [10.9709426, 44.1161038], [10.9718306, 44.1159686], [10.9723238, 44.1159798], [10.9725998, 44.1160209], [10.9729842, 44.1161476], [10.973262, 44.1163212], [10.9733991, 44.1164945], [10.9734562, 44.1166576], [10.9734568, 44.1168528], [10.9735373, 44.1172712], [10.9737176, 44.1174792], [10.9740745, 44.1177286], [10.9741929, 44.1177878], [10.9743521, 44.1178226], [10.9746064, 44.1177956], [10.9748746, 44.1178078], [10.9751078, 44.117831], [10.9753338, 44.1179322], [10.9755885, 44.1181421], [10.9756215, 44.1181856], [10.9756783, 44.1182605], [10.9756794, 44.1185273], [10.9755856, 44.1187799], [10.9755178, 44.1191615], [10.9756236, 44.1194531], [10.975856, 44.1197027], [10.9760949, 44.1197988], [10.9765675, 44.1199213], [10.9770468, 44.1199757], [10.9773312, 44.1199964], [10.9775274, 44.1200564], [10.9777179, 44.1201434], [10.9779827, 44.1203316], [10.9781603, 44.1205357], [10.9787273, 44.1215125], [10.9787804, 44.1216719], [10.9787852, 44.1219493], [10.9785792, 44.122088], [10.9778249, 44.1224003], [10.977586, 44.1225235], [10.9774738, 44.122594], [10.9774038, 44.1227044], [10.9774362, 44.1228068], [10.9774973, 44.1229102], [10.9777646, 44.123061], [10.9782762, 44.1232747], [10.9786886, 44.123447], [10.9792392, 44.1235325], [10.9794748, 44.1235039], [10.9797105, 44.1234047], [10.9804659, 44.1232424], [10.9807197, 44.12318], [10.9811488, 44.1231022], [10.981366, 44.1230887], [10.9815653, 44.1231123], [10.9818042, 44.1231421], [10.9820285, 44.123237], [10.9821963, 44.1233448], [10.9824306, 44.1236593], [10.9825029, 44.1237555], [10.9824917, 44.1238289], [10.9824243, 44.1240132], [10.9824717, 44.1244153], [10.9825855, 44.1247297], [10.9827454, 44.1248706], [10.9828751, 44.1250147], [10.9830881, 44.125078], [10.9832271, 44.1250972], [10.9837215, 44.1251691], [10.9841052, 44.1252186], [10.9848671, 44.1252288], [10.9853981, 44.1252495], [10.9857992, 44.1253557], [10.9860328, 44.1254492], [10.9867645, 44.1259029], [10.9870843, 44.126112], [10.9883759, 44.1271028], [10.9888624, 44.1273906], [10.9890006, 44.1274767], [10.9894192, 44.1276858], [10.9899072, 44.127929], [10.9900692, 44.1280275], [10.9911802, 44.1284793], [10.992576, 44.1287948], [10.9936509, 44.128984], [10.9946262, 44.1293409], [10.9949895, 44.1296976], [10.9952221, 44.1300759], [10.9952669, 44.1302698], [10.9952121, 44.1303534], [10.994703, 44.1310271], [10.9942136, 44.1316464], [10.9938115, 44.1320644], [10.9934544, 44.1324767], [10.9931214, 44.1331135], [10.9929446, 44.1336416], [10.9922291, 44.1349226], [10.992211, 44.1349601], [10.9918652, 44.1355752], [10.9918621, 44.1355942], [10.9918028, 44.1361162], [10.9918039, 44.1365625], [10.991844, 44.1368618], [10.9920211, 44.137714], [10.9921333, 44.1380925], [10.9924638, 44.1388382], [10.9928821, 44.139689], [10.9929382, 44.1399547], [10.9929348, 44.1402011], [10.9928407, 44.1405028], [10.9926764, 44.1407813], [10.9916539, 44.1418145], [10.991327, 44.1421401], [10.9909458, 44.1424527], [10.9905024, 44.1427828], [10.9887364, 44.1440975], [10.9864217, 44.1456205], [10.9859629, 44.1459968], [10.9850173, 44.1470057], [10.9840816, 44.1479669], [10.9839356, 44.1482216], [10.9839206, 44.1483038], [10.9839044, 44.1483697], [10.9839206, 44.1485132], [10.9841339, 44.1488477], [10.984229, 44.149001], [10.9842544, 44.1497443], [10.9842333, 44.1500328], [10.9839634, 44.1505696], [10.9839001, 44.1507214], [10.9836679, 44.151073], [10.9832762, 44.1513565], [10.9828497, 44.1515679], [10.982261, 44.1518803], [10.9817044, 44.1520519], [10.9810938, 44.1523089], [10.9808522, 44.1524113], [10.9803997, 44.1525324], [10.9799474, 44.1526143], [10.9795207, 44.1527345], [10.9791298, 44.1527815], [10.9787651, 44.152866], [10.9783347, 44.1530384], [10.9779179, 44.1532599], [10.9776515, 44.1534905], [10.9775021, 44.1537422], [10.9772354, 44.1541963], [10.9769634, 44.1547627], [10.9769356, 44.1549999], [10.9769436, 44.1551734], [10.9770139, 44.1554147], [10.9770408, 44.1555444], [10.977044, 44.1558742], [10.9769529, 44.1564479], [10.9769238, 44.1570468], [10.9768868, 44.1576279], [10.9769738, 44.1580735], [10.9768065, 44.1588177], [10.9764391, 44.1599617], [10.9755023, 44.1614622], [10.9747598, 44.1623659], [10.9742769, 44.1633937], [10.9741455, 44.1638591], [10.9741222, 44.1643558], [10.9741965, 44.1647669], [10.9743185, 44.1651529], [10.974395, 44.1653942], [10.9744341, 44.1654573], [10.9745387, 44.1657949], [10.9747223, 44.1660579], [10.9751192, 44.1663369], [10.9753139, 44.1664463], [10.9757394, 44.166618], [10.976017, 44.1667327], [10.9762104, 44.1671006], [10.9764221, 44.1675877], [10.9778949, 44.1687931], [10.978183, 44.1690906], [10.9784151, 44.1694532], [10.9788311, 44.1708866], [10.9797914, 44.173384], [10.9798268, 44.1743813], [10.9796577, 44.1767873], [10.9798597, 44.1774962], [10.9803511, 44.1783321], [10.9806814, 44.1787494], [10.9809641, 44.1789859], [10.9811524, 44.1791434], [10.9818132, 44.1795137], [10.9827972, 44.1799302], [10.9840256, 44.1804045], [10.9862323, 44.1812749], [10.9881684, 44.1820755], [10.9897617, 44.1827443], [10.9910521, 44.1834364], [10.9917735, 44.1837732], [10.992753, 44.184467], [10.9935133, 44.184772], [10.994152, 44.1850536], [10.9943599, 44.1850788], [10.9947149, 44.1848934], [10.995017, 44.1847421], [10.9953527, 44.1846686], [10.9956639, 44.1846906], [10.9959619, 44.1847456], [10.9963959, 44.1848321], [10.9969021, 44.1849342], [10.9971454, 44.1849892], [10.9973544, 44.1850838], [10.9976615, 44.1851841], [10.997936, 44.1852694], [10.9981849, 44.1854013], [10.9984884, 44.1855828], [10.998914, 44.1859748], [10.9999012, 44.1872067], [11.0008158, 44.188121], [11.002113, 44.1892767], [11.0041121, 44.1907357], [11.0050816, 44.1913756], [11.0055167, 44.1917084], [11.0059126, 44.1920023], [11.0061621, 44.1922128], [11.0062709, 44.1923792], [11.0062934, 44.1925106], [11.0062854, 44.1926911], [11.0062101, 44.1932777], [11.0061246, 44.1937705], [11.00613, 44.1939674], [11.0061963, 44.1941369], [11.006387, 44.194563], [11.0067057, 44.19507], [11.0069619, 44.195287], [11.0075146, 44.1956392], [11.0080912, 44.1959538], [11.0088802, 44.1962527], [11.0098389, 44.1966479], [11.0108651, 44.1970032], [11.0120749, 44.1974363], [11.0125975, 44.1977422], [11.0132287, 44.1983485], [11.0134951, 44.1986675], [11.0136406, 44.1989431], [11.0136936, 44.1991829], [11.0137732, 44.1993186], [11.0139026, 44.1994367], [11.0140659, 44.1995521], [11.0144417, 44.1996988], [11.0153653, 44.1998698], [11.0158085, 44.2000249], [11.0159855, 44.2001055], [11.0163766, 44.2004184], [11.0166523, 44.2005918], [11.0167393, 44.2007763], [11.0167789, 44.2010444], [11.0168198, 44.2014039], [11.0167421, 44.2021023], [11.0165464, 44.2025851], [11.0164901, 44.2028406], [11.0165246, 44.2032968], [11.0166352, 44.2036821], [11.016741, 44.203863], [11.0169458, 44.2040329], [11.0173276, 44.2041501], [11.0177936, 44.2042832], [11.018563, 44.2044208], [11.0196565, 44.2045283], [11.0209546, 44.2046181], [11.0216778, 44.204635], [11.0221689, 44.2047445], [11.0226295, 44.2048922], [11.0231367, 44.2051749], [11.0238495, 44.2057197], [11.0245544, 44.2063124], [11.024947, 44.2069323], [11.025016, 44.2073367], [11.025907, 44.2093971], [11.026085, 44.2097611], [11.0265593, 44.2104992], [11.0268811, 44.2110796], [11.027001, 44.2113488], [11.0270808, 44.2117179], [11.0270257, 44.2138217], [11.0269293, 44.2150719], [11.0269103, 44.2154831], [11.0270208, 44.2159053], [11.0275885, 44.2172573], [11.0277181, 44.2177923], [11.0278705, 44.218098], [11.028363, 44.2186194], [11.0295601, 44.2195257], [11.030199, 44.2199453], [11.0303846, 44.2201355], [11.0305087, 44.2204004], [11.0305631, 44.220769], [11.0306022, 44.2214871], [11.030767, 44.2229427], [11.0308639, 44.223279], [11.0309715, 44.2235192], [11.031102, 44.2237552], [11.0312484, 44.2240201], [11.0314044, 44.2241379], [11.0316911, 44.2242655], [11.0319804, 44.2243509], [11.0322393, 44.224353], [11.0325607, 44.2243557], [11.0336686, 44.2242611], [11.034359, 44.2243579], [11.0349413, 44.22454], [11.0371372, 44.2252866], [11.0377549, 44.22548], [11.0382319, 44.2257355], [11.0383273, 44.2258253], [11.0390176, 44.2266671], [11.0392408, 44.2268933], [11.0405826, 44.2280112], [11.0413511, 44.2284857], [11.0420113, 44.228818], [11.0428282, 44.2291662], [11.0435042, 44.2292772], [11.0441801, 44.2293552], [11.0449242, 44.2292764], [11.0457297, 44.2291095], [11.0471871, 44.2284952], [11.0483675, 44.2281786], [11.0491083, 44.2280291], [11.0499106, 44.2279896], [11.0510799, 44.2282606], [11.0520802, 44.2286417], [11.054375, 44.2297663], [11.0551927, 44.2300592], [11.0555686, 44.2301112], [11.0562444, 44.2300874], [11.0568281, 44.2298655], [11.058635, 44.2290622], [11.0603232, 44.2281172], [11.0611317, 44.2276667], [11.0616508, 44.2274225], [11.0619653, 44.2273666], [11.0623358, 44.2273005], [11.0627103, 44.2274887], [11.0632207, 44.2278333], [11.0639309, 44.228442], [11.0645831, 44.2288449], [11.0675985, 44.2305363], [11.0687442, 44.2312405], [11.0695435, 44.2319222], [11.0716392, 44.2342267], [11.0723144, 44.2350338], [11.0725826, 44.2354643], [11.0727462, 44.2358832], [11.0729984, 44.2364885], [11.07306, 44.2366019], [11.0731834, 44.2368037], [11.0732585, 44.2369132], [11.0733041, 44.2370843], [11.0733578, 44.2373149], [11.0734328, 44.237459], [11.0734811, 44.2377107], [11.0735187, 44.2378837], [11.0735428, 44.2380201], [11.0735508, 44.2381604], [11.0735053, 44.2383391], [11.0734324, 44.2385105], [11.0734248, 44.2386408], [11.0737738, 44.2393582], [11.0738781, 44.2395939], [11.0739787, 44.2399494], [11.0742081, 44.240329], [11.0743287, 44.240549], [11.0746399, 44.2409775], [11.0748973, 44.241185], [11.0751522, 44.2413368], [11.0754096, 44.2414656], [11.0758522, 44.2416673], [11.0763592, 44.2418912], [11.0767588, 44.2420372], [11.077251, 44.242189], [11.0776453, 44.2422793], [11.0781163, 44.2423914], [11.0783762, 44.2424186], [11.0786296, 44.2424177], [11.0788871, 44.242411], [11.0790414, 44.2423975], [11.0792533, 44.2423514], [11.0794169, 44.242311], [11.0805571, 44.2419053], [11.0812431, 44.2415978], [11.0817088, 44.2413891], [11.0824585, 44.2408891], [11.0827213, 44.2407815], [11.0828528, 44.2407584], [11.0830164, 44.2407584], [11.0832685, 44.2407719], [11.0834697, 44.24077], [11.0837325, 44.24077], [11.0840893, 44.2408218], [11.0843736, 44.240818], [11.0845918, 44.2408345], [11.0848054, 44.2408507], [11.0850897, 44.2408968], [11.0852668, 44.2409314], [11.0854679, 44.2409564], [11.0856181, 44.2409256], [11.0859346, 44.2409045], [11.0862753, 44.2410005], [11.0866025, 44.2411043], [11.0868975, 44.2412081], [11.0872462, 44.2413868], [11.0875681, 44.2415174], [11.0877903, 44.2416113], [11.0879302, 44.2417538], [11.0879838, 44.2418614], [11.0880455, 44.2419594], [11.0886282, 44.242773], [11.0890616, 44.2433279], [11.0891032, 44.2433743], [11.0895274, 44.2438479], [11.0900903, 44.2444268], [11.0908447, 44.2450247], [11.0912854, 44.2452584], [11.0917571, 44.2454452], [11.0922071, 44.24557], [11.0943107, 44.2460188], [11.0965582, 44.2464983], [11.0971593, 44.2466329], [11.0975791, 44.246741], [11.0979772, 44.2468879], [11.098365, 44.247196], [11.0985971, 44.2475635], [11.0987903, 44.2478995], [11.0988753, 44.2482355], [11.0988938, 44.248768], [11.0986235, 44.250067], [11.0986158, 44.2505311], [11.0987488, 44.2509409], [11.0991389, 44.2516006], [11.0998632, 44.2522823], [11.100835, 44.2527524], [11.1010718, 44.2528442], [11.1018284, 44.2531373], [11.1053498, 44.2543228], [11.1063053, 44.2545394], [11.1068519, 44.2547743], [11.1072637, 44.2549749], [11.108007, 44.2556051], [11.1085166, 44.2564537], [11.1088349, 44.2572556], [11.1089982, 44.2579765], [11.1090312, 44.2583695], [11.1089877, 44.2591056], [11.1087725, 44.2598186], [11.1085802, 44.2610179], [11.1087151, 44.261883], [11.1091035, 44.2624723], [11.110007, 44.2636303], [11.1110796, 44.2647608], [11.1115954, 44.2651156], [11.1119396, 44.2655165], [11.1121652, 44.2662682], [11.1122294, 44.2675395], [11.1121724, 44.2688149], [11.1121069, 44.2700523], [11.1121623, 44.2705648], [11.1125478, 44.2718292], [11.1126935, 44.2723073], [11.1130535, 44.2732876], [11.1131415, 44.2744248], [11.1132914, 44.2759635], [11.1137623, 44.2771371], [11.1142618, 44.2777077], [11.1157314, 44.2795008], [11.1159771, 44.2799471], [11.1161324, 44.2804028], [11.1161592, 44.280983], [11.1161775, 44.2818162], [11.1161199, 44.2822957], [11.1162373, 44.2827997], [11.1162889, 44.2833473], [11.1162048, 44.2839024], [11.1158705, 44.2845571], [11.1155521, 44.2850252], [11.1149834, 44.2856478], [11.1145412, 44.2860192], [11.1138724, 44.286416], [11.1135595, 44.2866295], [11.1133847, 44.2868892], [11.113313, 44.2872989], [11.113261, 44.2878678], [11.1133136, 44.288146], [11.1136079, 44.2885083], [11.1139744, 44.2887367], [11.1150724, 44.2891289], [11.1157576, 44.2893268], [11.1162443, 44.2894842], [11.116824, 44.2898015], [11.1170684, 44.2900149], [11.1172258, 44.290232], [11.1173888, 44.2904274], [11.1177619, 44.2928313], [11.1178875, 44.2930548], [11.1178801, 44.293343], [11.1177854, 44.2936567], [11.1181494, 44.2945202], [11.118388, 44.2953638], [11.1185042, 44.2959789], [11.1185353, 44.2968339], [11.1186387, 44.2974509], [11.1190081, 44.2979556], [11.1192999, 44.2982491], [11.1195088, 44.2985618], [11.119816, 44.2988155], [11.120255, 44.2990488], [11.1208403, 44.2992411], [11.1215987, 44.2994461], [11.1224262, 44.299594], [11.1231461, 44.2996793], [11.1238448, 44.2998294], [11.1246675, 44.3000876], [11.1253932, 44.3002127], [11.1257411, 44.3002464], [11.1261799, 44.3002763], [11.12685, 44.3002186], [11.1279881, 44.300088], [11.1284894, 44.3000462], [11.1293435, 44.2999321], [11.1304052, 44.2998886], [11.1313367, 44.2998966], [11.1325929, 44.299823], [11.1337068, 44.3002363], [11.1360327, 44.3007099], [11.1376629, 44.3010021], [11.1392931, 44.3012218], [11.1404591, 44.301353], [11.1415987, 44.3014112], [11.1423384, 44.3014], [11.1430705, 44.3013375], [11.1440271, 44.3012257], [11.145014, 44.3011031], [11.1456571, 44.3009454], [11.1461113, 44.3007498], [11.1466146, 44.3005004], [11.1478659, 44.3003402], [11.1483129, 44.3003875], [11.1490819, 44.3005048], [11.1495405, 44.3007679], [11.1498562, 44.3013067], [11.1500123, 44.3016018], [11.1500212, 44.3018342], [11.1500603, 44.3019792], [11.150527, 44.3025585], [11.1506225, 44.3026908], [11.1512938, 44.303234], [11.1521629, 44.3039373], [11.1524002, 44.304128], [11.1525869, 44.3041817], [11.1530083, 44.3041824], [11.1537978, 44.3042334], [11.1541427, 44.3042744], [11.1543057, 44.3042726], [11.1549908, 44.3040974], [11.1557637, 44.3038651], [11.1560937, 44.3037715], [11.1563959, 44.3037159], [11.1567602, 44.3036935], [11.1570579, 44.3036597], [11.1572238, 44.3036603], [11.1574113, 44.3036761], [11.1575384, 44.3036963], [11.1578605, 44.303878], [11.1584816, 44.3041737], [11.1586552, 44.3043434], [11.1587066, 44.3044436], [11.1588774, 44.3049905], [11.1588798, 44.3050108], [11.15891, 44.3052633], [11.1587596, 44.3060104], [11.1585802, 44.3066649], [11.1585526, 44.3070222], [11.1582348, 44.308473], [11.1581897, 44.3089737], [11.1583468, 44.3093641], [11.1583443, 44.3095945], [11.1582712, 44.3098335], [11.1582886, 44.3100153], [11.1583625, 44.3106863], [11.158431, 44.3109748], [11.1584457, 44.3111595], [11.1586813, 44.3116308], [11.1587625, 44.3118393], [11.1588571, 44.3119058], [11.1589895, 44.3119191], [11.1590634, 44.311959], [11.1593005, 44.3124574], [11.1595134, 44.3128175], [11.1597024, 44.3130481], [11.1598355, 44.313182], [11.159953, 44.3132709], [11.160108, 44.3133154], [11.1603163, 44.3132704], [11.1605325, 44.3132312], [11.1608642, 44.3132198], [11.1611373, 44.3131741], [11.1617812, 44.3129731], [11.1623904, 44.3127512], [11.1637329, 44.3120287], [11.1639785, 44.3118965], [11.1649847, 44.3115448], [11.1653685, 44.3113415], [11.1658063, 44.311091], [11.1661531, 44.3110017], [11.1667234, 44.311], [11.1675501, 44.3110764], [11.167794, 44.311129], [11.1679985, 44.3112486], [11.1682029, 44.3113187], [11.1687014, 44.3114544], [11.169028, 44.3116306], [11.1692913, 44.3117871], [11.1697113, 44.3118315], [11.1708158, 44.3120796], [11.1716809, 44.3123886], [11.1722362, 44.31267], [11.172568, 44.3128086], [11.1727103, 44.3128498], [11.1732945, 44.3129045], [11.1741793, 44.3130143], [11.1748425, 44.3130664], [11.1759312, 44.3131681], [11.176534, 44.3131656], [11.1769401, 44.3131822], [11.1778409, 44.3133396], [11.1788136, 44.3135522], [11.1795884, 44.3138785], [11.1800104, 44.3140134], [11.1814059, 44.3144576], [11.1827003, 44.3150579], [11.1833154, 44.3154362], [11.1839983, 44.3157822], [11.184543, 44.3161738], [11.1847757, 44.3164165], [11.184906, 44.3166812], [11.1849462, 44.3168896], [11.1849198, 44.3174787], [11.1849342, 44.3176676], [11.1850347, 44.3189869], [11.1850483, 44.3194033], [11.1849502, 44.3201204], [11.1847912, 44.3205421], [11.1844039, 44.3214891], [11.1839537, 44.3225985], [11.183929, 44.322724], [11.1839206, 44.3228714], [11.1839761, 44.3231178], [11.184122, 44.3233148], [11.1841019, 44.3234989], [11.1839748, 44.3236575], [11.1838796, 44.3240255], [11.1838268, 44.3241818], [11.1837919, 44.3242282], [11.1837665, 44.3242818], [11.1837708, 44.3243008], [11.1837878, 44.3243153], [11.183924, 44.324414], [11.1840902, 44.3245247], [11.1870298, 44.3259807], [11.1873652, 44.3261508], [11.1882357, 44.3265473], [11.1885224, 44.3269035], [11.1888243, 44.3275323], [11.1895949, 44.3287146], [11.1900273, 44.3291409], [11.1908491, 44.3296524], [11.1915512, 44.3300846], [11.1937381, 44.3310933], [11.1952135, 44.3316417], [11.1959268, 44.3319068], [11.197012, 44.3322694], [11.1978149, 44.3324631], [11.1985767, 44.3325207], [11.1994254, 44.3325152], [11.200364, 44.3323597], [11.2012104, 44.3320944], [11.2029318, 44.3314796], [11.204745, 44.3311485], [11.2069766, 44.3305757], [11.209531, 44.329758], [11.2109495, 44.3295096], [11.2113835, 44.3294856], [11.2116457, 44.3295227], [11.2122244, 44.3296589], [11.212768, 44.3299902], [11.2132142, 44.3304375], [11.2133898, 44.3309396], [11.2137796, 44.3328738], [11.2139681, 44.3341662], [11.2139727, 44.3347002], [11.2139152, 44.3352021], [11.2135007, 44.3368182], [11.2133025, 44.3373471], [11.2122132, 44.3393045], [11.2117623, 44.3398569], [11.2107123, 44.3409147], [11.2095954, 44.3421129], [11.2086028, 44.3432454], [11.2083784, 44.3436088], [11.2083444, 44.3437863], [11.2083532, 44.3439984], [11.20834, 44.3441479], [11.208329, 44.3442602], [11.2082894, 44.3443687], [11.2082907, 44.3444414], [11.208292, 44.3449009], [11.2085231, 44.3453888], [11.2087389, 44.3457119], [11.2088443, 44.3460106], [11.2090551, 44.3461847], [11.2098002, 44.3465979], [11.2102112, 44.3468462], [11.210838, 44.3467655], [11.2115343, 44.3470402], [11.211997, 44.3473284], [11.2123035, 44.3479685], [11.212554, 44.3487389], [11.2120944, 44.3493327], [11.211999, 44.3499199], [11.2122896, 44.350734], [11.2122795, 44.351434], [11.2122776, 44.3515653], [11.2126097, 44.3529339], [11.2125351, 44.3544805], [11.2126209, 44.3555698], [11.2127296, 44.3558329], [11.2128998, 44.3560301], [11.2134577, 44.3563523], [11.2135943, 44.3565249], [11.2136549, 44.3568528], [11.213608, 44.3571808], [11.213278, 44.3573717], [11.2124611, 44.3578609], [11.2118699, 44.3580399], [11.2113627, 44.3580917], [11.211034, 44.3581253], [11.2091662, 44.3583161], [11.2083108, 44.3585648], [11.2075783, 44.3588684], [11.2065727, 44.3594577], [11.2060777, 44.3598183], [11.2056901, 44.3602338], [11.2052868, 44.3609396], [11.2051786, 44.3612502], [11.2050678, 44.3615685], [11.2050582, 44.3619649], [11.2051686, 44.3623114], [11.2054326, 44.362581], [11.2056912, 44.3627067], [11.2061265, 44.3628213], [11.2110419, 44.3639043], [11.211548, 44.3640537], [11.2118633, 44.3642028], [11.2123066, 44.3644688], [11.2127961, 44.3647128], [11.2137442, 44.36508], [11.2142731, 44.3653422], [11.2154319, 44.3662013], [11.216346, 44.3667396], [11.2167593, 44.3670544], [11.2177707, 44.3684255], [11.2182468, 44.3691176], [11.2187705, 44.3698789], [11.2189063, 44.3699781], [11.219176, 44.370123], [11.2209465, 44.3707417], [11.2211864, 44.3708062], [11.2212304, 44.3708168], [11.2230515, 44.3710467], [11.223457, 44.3711098], [11.2239972, 44.3714], [11.2246157, 44.371662], [11.2247185, 44.3718114], [11.2265684, 44.3744381], [11.2271024, 44.3752514], [11.2273469, 44.3754821], [11.2280049, 44.3759218], [11.2289055, 44.3762573], [11.2302376, 44.3765087], [11.2312959, 44.3765751], [11.2314607, 44.3765854], [11.2327647, 44.3768129], [11.2349447, 44.3769308], [11.2350964, 44.3769346], [11.2353917, 44.3770186], [11.2365666, 44.3774903], [11.2392059, 44.3790392], [11.2407079, 44.3803428], [11.241931, 44.381493], [11.2424031, 44.3826125], [11.2425104, 44.3838547], [11.2431599, 44.3851635], [11.2432205, 44.3856218], [11.2432298, 44.3856919], [11.2434585, 44.38598]]}}, {"type": "Feature", "properties": {"nome": "Reno", "reale": "Reno"}, "geometry": {"type": "LineString", "coordinates": [[10.8275781, 44.0091297], [10.8279728, 44.0090777], [10.8280556, 44.0090867], [10.8287189, 44.0092693], [10.8292077, 44.0094566], [10.8295004, 44.0095514], [10.8299072, 44.0095493], [10.8302936, 44.0094629], [10.8308087, 44.0091682], [10.8311373, 44.0091472], [10.8312034, 44.0091182], [10.8319472, 44.0087914], [10.8322341, 44.0087767], [10.8325736, 44.0086756], [10.8329176, 44.0086052], [10.8329955, 44.0086052], [10.8330486, 44.0086115], [10.8331672, 44.0086574], [10.8332857, 44.0087439], [10.8334874, 44.0088725], [10.8337912, 44.0090251], [10.8343005, 44.0091682], [10.8345013, 44.0091743], [10.834633, 44.0091783], [10.8346488, 44.0091788], [10.8350058, 44.0090882], [10.835521, 44.0088904], [10.8358937, 44.0087961], [10.8359523, 44.0087613], [10.8365425, 44.0083746], [10.8367395, 44.0081171], [10.8368147, 44.0080188], [10.8370693, 44.0078252], [10.8371834, 44.0076862], [10.8371015, 44.0071957], [10.8369669, 44.0068252], [10.8369288, 44.0064989], [10.8370254, 44.0063494], [10.8372574, 44.0062615], [10.8374088, 44.0062042], [10.8377015, 44.0060547], [10.8377311, 44.0060414], [10.8379503, 44.0059431], [10.8382166, 44.0059284], [10.8385854, 44.0058673], [10.8392001, 44.0055726], [10.8395425, 44.0055095], [10.8398645, 44.005541], [10.8401103, 44.0056737], [10.8402508, 44.00584], [10.8403019, 44.0060464], [10.8403503, 44.0062421], [10.840423, 44.0063516], [10.8405559, 44.0064238], [10.8407162, 44.0064379], [10.8409562, 44.006395], [10.8421041, 44.0060608], [10.842347, 44.0059901], [10.8427251, 44.0057971], [10.8428602, 44.0057281], [10.8435556, 44.0055614], [10.8451368, 44.0055435], [10.8451653, 44.0055409], [10.8456485, 44.0054969], [10.8457908, 44.005484], [10.8462169, 44.0055342], [10.8462958, 44.0055435], [10.84652, 44.0057531], [10.8465953, 44.0058236], [10.8470409, 44.0062402], [10.8474548, 44.0064724], [10.8478936, 44.0065319], [10.848472, 44.0064411], [10.8488042, 44.006389], [10.8491605, 44.0064465], [10.8492098, 44.0064545], [10.8494251, 44.0066808], [10.8493175, 44.007181], [10.8495627, 44.0075949], [10.8496036, 44.0076289], [10.8497781, 44.0077743], [10.850345, 44.0084185], [10.8507418, 44.0087365], [10.8512293, 44.0089526], [10.8514957, 44.0091238], [10.8520739, 44.0094581], [10.8529752, 44.0096823], [10.8533096, 44.009825], [10.8536384, 44.0100085], [10.8546285, 44.009986], [10.8547154, 44.009984], [10.8558604, 44.0101879], [10.856104, 44.0102031], [10.8566427, 44.0102368], [10.8570225, 44.0103509], [10.8574193, 44.0106567], [10.8575497, 44.0108157], [10.85751, 44.0110644], [10.8570848, 44.0115414], [10.8568694, 44.0119205], [10.8568808, 44.0121081], [10.8570735, 44.0122344], [10.8574583, 44.0123101], [10.8578614, 44.0123894], [10.8583716, 44.0126747], [10.8586099, 44.0129123], [10.858621, 44.0129234], [10.8586635, 44.0130152], [10.8587031, 44.0131006], [10.8588761, 44.0134738], [10.8592502, 44.0138243], [10.859477, 44.0140412], [10.8598341, 44.0143828], [10.8603329, 44.0145622], [10.8608317, 44.0145785], [10.8610698, 44.0146886], [10.8611589, 44.0147902], [10.861699, 44.0154061], [10.8619654, 44.0157729], [10.8622092, 44.0159686], [10.8625946, 44.0161031], [10.8628044, 44.0162173], [10.8630538, 44.016841], [10.8636206, 44.0174891], [10.8642727, 44.0180784]]}}, {"type": "Feature", "properties": {"nome": "Reno", "reale": "Reno"}, "geometry": {"type": "LineString", "coordinates": [[10.8693939, 44.0254577], [10.869542, 44.0254749]]}}, {"type": "Feature", "properties": {"nome": "Reno", "reale": "Reno"}, "geometry": {"type": "LineString", "coordinates": [[10.8643549, 44.0181526], [10.8644596, 44.0182473], [10.8651511, 44.0185816], [10.8653278, 44.0187086], [10.8655706, 44.0188832], [10.8657974, 44.0192868], [10.8659051, 44.019723], [10.8660471, 44.0200203], [10.8661222, 44.0201129], [10.866272, 44.0201456], [10.8664136, 44.0202707], [10.8664342, 44.0202872], [10.8664597, 44.0203076], [10.8664906, 44.0203658], [10.8665026, 44.0203886], [10.8665073, 44.0204217], [10.8666193, 44.0211945], [10.866676, 44.0217896], [10.8667295, 44.021901], [10.8671181, 44.0227108], [10.8677298, 44.0238001], [10.8677618, 44.0242958], [10.8677736, 44.0243187], [10.8679061, 44.0245754], [10.8681226, 44.0248348], [10.8686156, 44.0253017], [10.8690405, 44.0254573], [10.8692104, 44.0254363], [10.8693939, 44.0254577]]}}, {"type": "Feature", "properties": {"nome": "Reno", "reale": "Reno"}, "geometry": {"type": "LineString", "coordinates": [[10.8642727, 44.0180784], [10.8643549, 44.0181526]]}}, {"type": "Feature", "properties": {"nome": "Serchio", "reale": "Serchio"}, "geometry": {"type": "LineString", "coordinates": [[10.5305608, 43.9715661], [10.5290384, 43.9708825], [10.5275398, 43.9700922], [10.5264851, 43.9694152], [10.5261354, 43.9689882], [10.5259211, 43.9686058], [10.5258929, 43.9681616], [10.5260943, 43.9676467], [10.5257271, 43.9672322], [10.5243095, 43.9661105], [10.5236576, 43.9654987], [10.5233232, 43.9650004], [10.5213546, 43.963319], [10.5200893, 43.9621677], [10.518942, 43.9614257], [10.5178283, 43.9609104], [10.5156378, 43.9605649], [10.5148207, 43.9603859], [10.5138706, 43.9600946], [10.5129795, 43.9596996], [10.5119184, 43.9591412], [10.5112373, 43.9585358], [10.5098713, 43.957972], [10.5093959, 43.9575155], [10.509169, 43.9569242], [10.5095276, 43.9564818], [10.5097335, 43.9561777], [10.5096336, 43.9558775], [10.5091656, 43.9554508], [10.5088571, 43.9551922], [10.5082818, 43.9546845], [10.5077631, 43.9542788], [10.5065462, 43.9537094], [10.5057244, 43.9535224], [10.5051425, 43.953249], [10.504918, 43.9529034], [10.5046614, 43.9519438], [10.5047486, 43.9513096], [10.5046479, 43.9507244], [10.5043327, 43.9501391], [10.5042344, 43.9494732], [10.5041502, 43.9488202], [10.5040988, 43.9482622], [10.5041757, 43.9474236], [10.5041244, 43.9467311], [10.5041522, 43.9457379], [10.5042176, 43.9449967], [10.5041706, 43.9446993], [10.5035444, 43.9434919], [10.5030817, 43.942804], [10.5027607, 43.9422446], [10.5016444, 43.9409996], [10.5011867, 43.9403163], [10.5009528, 43.9398184], [10.5006154, 43.9384113], [10.5005203, 43.9370534], [10.5002329, 43.936016], [10.5002056, 43.935653], [10.5009051, 43.9355597], [10.5015419, 43.9353705], [10.5018043, 43.935131], [10.5019265, 43.9351075], [10.5026771, 43.9349705], [10.5033551, 43.9347898], [10.5037652, 43.9347355], [10.5044186, 43.9347537], [10.5053078, 43.9348538], [10.5068171, 43.9348362], [10.5073087, 43.9347264], [10.5075391, 43.9346197], [10.5078097, 43.9344945], [10.5081812, 43.9341697], [10.5082389, 43.9340836], [10.5084413, 43.9337816], [10.5086427, 43.9332228], [10.5089127, 43.9325663], [10.5088928, 43.9321492], [10.5088907, 43.9321061], [10.5087666, 43.931979], [10.5085073, 43.931901], [10.5081262, 43.9318425], [10.5072714, 43.9315478], [10.5069029, 43.9313698], [10.5057309, 43.9310183], [10.5054814, 43.9308764], [10.5054558, 43.9308492], [10.5052553, 43.9306359], [10.5051951, 43.9304325], [10.5052953, 43.9302461], [10.5063102, 43.9289077], [10.507039, 43.9284958], [10.5076689, 43.9282404], [10.5085102, 43.9281323], [10.5094629, 43.9281204], [10.5101329, 43.9282046], [10.5126619, 43.9293293], [10.5131466, 43.9294488], [10.5137279, 43.9294], [10.514317, 43.9292132], [10.5147811, 43.9288767], [10.5176223, 43.9259616], [10.5182102, 43.9255444], [10.5188947, 43.9253113], [10.5197802, 43.9252249], [10.5220996, 43.9256354], [10.5235498, 43.9261829], [10.5242807, 43.9264588], [10.524914, 43.9266979], [10.5266248, 43.9273438], [10.5273106, 43.9276027], [10.5279664, 43.9276887], [10.5286531, 43.9275839], [10.5292889, 43.9274206], [10.5295256, 43.9273598], [10.5296235, 43.9273198], [10.5306759, 43.9261498], [10.5310481, 43.9249316], [10.531219, 43.9243721], [10.5313014, 43.9241024], [10.5313029, 43.9240823], [10.5314129, 43.9225986], [10.5310301, 43.920735], [10.5308725, 43.9199951], [10.5308021, 43.9197471], [10.5305849, 43.9189816], [10.5303651, 43.9189161], [10.5300827, 43.9188616], [10.5296077, 43.9185349], [10.5290882, 43.9179514], [10.5289016, 43.9177196], [10.5284179, 43.9171185], [10.5283456, 43.9165899], [10.5283358, 43.9165184], [10.5286524, 43.915937], [10.5283139, 43.9152217], [10.5273869, 43.912275], [10.5272249, 43.911385], [10.527403, 43.9105986], [10.5275623, 43.9102273], [10.5277525, 43.9097838], [10.5283775, 43.9083269], [10.5293686, 43.9060164], [10.5311085, 43.9037346], [10.5326302, 43.9022441], [10.5333101, 43.9017443], [10.5341344, 43.9010882], [10.5344098, 43.900321], [10.5344711, 43.9001002], [10.534782, 43.8985473], [10.5347042, 43.8979295], [10.5345291, 43.8966286], [10.5340838, 43.8952334], [10.5332067, 43.8934154], [10.531826, 43.8920241], [10.5307864, 43.8911718], [10.5296834, 43.8887734], [10.5295707, 43.8881094], [10.5300411, 43.8872884], [10.5300733, 43.8863896], [10.5297764, 43.8856028], [10.528322, 43.8852423], [10.527954, 43.8850943], [10.5277678, 43.884874], [10.5276008, 43.8839993], [10.5274168, 43.8822376], [10.5274466, 43.8814713], [10.5276493, 43.880676], [10.5266814, 43.8790054], [10.5263062, 43.8785387], [10.5250609, 43.8770319], [10.5244399, 43.8767075], [10.524301, 43.8764961], [10.5240062, 43.8757342], [10.5231132, 43.8731599], [10.5229752, 43.8722305], [10.5228295, 43.8710679], [10.5224964, 43.8706134], [10.5212918, 43.8697053], [10.5206128, 43.8694005], [10.5190312, 43.8689848], [10.5168925, 43.8672839], [10.514847, 43.8654809], [10.5131299, 43.8632024], [10.5114311, 43.8616317], [10.5087532, 43.8596674], [10.5080403, 43.8590359], [10.5070572, 43.8579652], [10.5068709, 43.8577812], [10.5067154, 43.8576677], [10.5057111, 43.8571668], [10.505544, 43.8570835], [10.5050037, 43.8568359], [10.5038985, 43.8562222], [10.5017786, 43.8555496], [10.5013614, 43.8552988], [10.5009459, 43.8550213], [10.4997398, 43.8541579], [10.499404, 43.8538234], [10.4969464, 43.8530752], [10.4967699, 43.8530664], [10.4957988, 43.8528994], [10.4948539, 43.8529711], [10.4942285, 43.8533517], [10.4934071, 43.8534306], [10.491246, 43.853556], [10.4908057, 43.8535315], [10.4899602, 43.8533641], [10.4886421, 43.8531585], [10.4877609, 43.8530918], [10.4852714, 43.8531999], [10.4822951, 43.8535998], [10.4770943, 43.8542841], [10.4747342, 43.8545641], [10.4743768, 43.8546485], [10.4721092, 43.8553861], [10.4674905, 43.8573048], [10.4673372, 43.8573693], [10.4649262, 43.8584275], [10.4626622, 43.8585295], [10.4604249, 43.8581542], [10.4586115, 43.8579603], [10.4570909, 43.8575224], [10.4556423, 43.856618], [10.4530996, 43.8558869], [10.4518712, 43.8550321], [10.4510611, 43.8541772], [10.4500633, 43.8529277], [10.4492319, 43.852154], [10.4480067, 43.8503117], [10.4473972, 43.8486336], [10.4468879, 43.8472161], [10.4466704, 43.8464575], [10.4462519, 43.8461073], [10.4454419, 43.8456624], [10.4445192, 43.8442619], [10.4442912, 43.8438556], [10.4437682, 43.8434049], [10.4412052, 43.8425922], [10.439203, 43.8419585], [10.4377608, 43.8415021], [10.436586, 43.84116], [10.4361097, 43.8408439], [10.4343441, 43.8400194], [10.4334356, 43.8396689], [10.4329806, 43.8393499], [10.4317971, 43.8387411], [10.4310548, 43.838226], [10.4302774, 43.8374125], [10.4295, 43.8369118], [10.4252339, 43.834394], [10.4227493, 43.833295], [10.4215799, 43.8326613], [10.4206275, 43.8320708], [10.419093, 43.8308039], [10.41885, 43.830552], [10.418367, 43.8300867], [10.4182634, 43.8299429], [10.4183024, 43.8295271], [10.4180773, 43.8290853], [10.4178855, 43.8288058], [10.417509, 43.8287396], [10.417424, 43.8285702], [10.4171244, 43.8277733], [10.417011, 43.8273297], [10.4168988, 43.8270502], [10.4166066, 43.826322], [10.4160241, 43.825172], [10.4153313, 43.8240711], [10.4142518, 43.8229174], [10.4136263, 43.8222843], [10.4133719, 43.8219581], [10.4131974, 43.8216586], [10.4131398, 43.8213915], [10.4131591, 43.8205862], [10.4138733, 43.8190742], [10.4136351, 43.8183914], [10.4133672, 43.8177089], [10.4124377, 43.8164877], [10.4115037, 43.8152064], [10.4098214, 43.8127352], [10.4083334, 43.8107718], [10.4077319, 43.809765], [10.4073109, 43.8090828], [10.4068168, 43.8084663], [10.4055838, 43.8076991], [10.4042463, 43.8069936], [10.4029405, 43.8062835], [10.4014445, 43.8054699], [10.4000216, 43.8046298], [10.3991394, 43.8041089], [10.3986085, 43.803798], [10.3982828, 43.8033901], [10.3983664, 43.8023599], [10.3985331, 43.8020035], [10.3986819, 43.8017475], [10.3987245, 43.8017143], [10.3999474, 43.8007605], [10.402774, 43.7987704], [10.407365, 43.7955243], [10.4113152, 43.7926006], [10.4125539, 43.7918787], [10.4143166, 43.7909142], [10.4163712, 43.7899701], [10.4172545, 43.7893899], [10.4176038, 43.7890105], [10.4183566, 43.7881904], [10.4186291, 43.787041], [10.418612, 43.7848176], [10.4185478, 43.7844487], [10.4184191, 43.7840343], [10.4181661, 43.7836061], [10.4176388, 43.7832268], [10.4170358, 43.7829663], [10.4164288, 43.7828804], [10.4157669, 43.7828912], [10.4154685, 43.7829342], [10.4142195, 43.7831927], [10.4096083, 43.7842734], [10.4090091, 43.7843602], [10.4076087, 43.7845631], [10.4055315, 43.7848674], [10.4049981, 43.784847], [10.4045587, 43.7847588], [10.4039245, 43.7843842], [10.4037417, 43.7842447], [10.4020713, 43.7829696], [10.3964827, 43.7792011], [10.3935231, 43.7772508], [10.3928279, 43.7769277], [10.3921678, 43.7767499], [10.391511, 43.7766202], [10.3908784, 43.776504], [10.3901118, 43.776425], [10.3891138, 43.7764077], [10.3880999, 43.7764748], [10.3874275, 43.7765704], [10.3864081, 43.7768415], [10.3854021, 43.7772546], [10.3821408, 43.7788911], [10.3808901, 43.7797258], [10.3778827, 43.7818191], [10.377462, 43.782053], [10.3765383, 43.7824786], [10.3755837, 43.7828676], [10.3752109, 43.783007], [10.3748309, 43.783089], [10.3737133, 43.7832383], [10.373005, 43.783261], [10.3720904, 43.7832816], [10.3711269, 43.78326], [10.3701508, 43.7832058], [10.3695028, 43.7830811], [10.3685766, 43.7828542], [10.3680887, 43.7826755], [10.3675854, 43.7824671], [10.3663769, 43.7818667], [10.3649996, 43.7810302], [10.3640887, 43.780229], [10.362744, 43.7789439], [10.3616173, 43.7781037], [10.3602615, 43.7771557], [10.3589672, 43.7761982], [10.3563224, 43.7744471], [10.3551372, 43.7735917], [10.3538961, 43.7726786], [10.3514669, 43.771065], [10.3501401, 43.770082], [10.3490377, 43.7691146], [10.3478941, 43.7678468], [10.3455173, 43.7656899], [10.3414919, 43.7618537], [10.3403661, 43.7606574], [10.3395052, 43.7591067], [10.3378568, 43.7565598], [10.3364767, 43.7546101], [10.3357036, 43.7535391], [10.3348037, 43.7526131], [10.3340085, 43.7519008], [10.3326756, 43.7508915], [10.3310297, 43.7499433], [10.329653, 43.7488998], [10.328292, 43.7473616], [10.3271242, 43.7459249], [10.3262358, 43.7452935], [10.3251535, 43.7447091], [10.3243841, 43.7443686], [10.3237488, 43.7441486], [10.3223996, 43.7439147], [10.3209978, 43.743865], [10.3197314, 43.7439289], [10.3184345, 43.7441475], [10.3167951, 43.7446168], [10.3151754, 43.7452069], [10.3129629, 43.7463385], [10.3120077, 43.7467446], [10.3110219, 43.747312], [10.3093581, 43.7485707], [10.3057386, 43.7522376], [10.30259, 43.7570178], [10.3013942, 43.7586237], [10.2986458, 43.7612567], [10.2972096, 43.7625334], [10.2959685, 43.7639453], [10.2952149, 43.7649803], [10.2942308, 43.7659378], [10.2917954, 43.7676642], [10.287626, 43.7704947], [10.2840088, 43.7725249], [10.2831414, 43.7730038], [10.2783526, 43.7754416], [10.2756752, 43.7769488], [10.2752176, 43.7772354], [10.2745315, 43.7776314], [10.2735315, 43.7782271], [10.2697257, 43.7804353], [10.2691737, 43.7810864], [10.26899, 43.7811999]]}}, {"type": "Feature", "properties": {"nome": "Serchio", "reale": "Serchio"}, "geometry": {"type": "LineString", "coordinates": [[10.3079594, 44.1784946], [10.3079594, 44.1783691], [10.3079996, 44.1782651], [10.3080469, 44.1781428], [10.308313, 44.177742], [10.3085297, 44.1773766], [10.3086514, 44.1769621], [10.3087578, 44.1767385], [10.3087617, 44.1765204], [10.3085754, 44.1761877], [10.3086383, 44.1759063], [10.308707, 44.1757036], [10.3088674, 44.1755949], [10.3091038, 44.1755033], [10.3096437, 44.1754188], [10.3102257, 44.1754001], [10.3105303, 44.1753371], [10.3107426, 44.1751972], [10.311001, 44.1749825], [10.3110899, 44.1748829], [10.3110737, 44.1748147], [10.3110657, 44.1747807], [10.3106818, 44.1744289], [10.3106628, 44.174403], [10.310456, 44.1741212], [10.3103775, 44.1737745], [10.3105144, 44.1733163], [10.3106801, 44.1730606], [10.3108261, 44.1729427], [10.3111317, 44.1728328], [10.3111987, 44.1728146], [10.3118422, 44.1727007], [10.3124264, 44.1727285], [10.3127831, 44.1727348], [10.3132679, 44.1727927], [10.3140853, 44.1732086], [10.3145714, 44.1733782], [10.3149345, 44.1733835], [10.3149903, 44.173363], [10.3155586, 44.1731574], [10.3160568, 44.1728174], [10.3163618, 44.1723394], [10.3164663, 44.1717019], [10.316761, 44.1711736], [10.3170285, 44.1709289], [10.3170604, 44.1709043], [10.3179491, 44.1704577], [10.3187285, 44.170168], [10.3192418, 44.1700487], [10.3193497, 44.1700705], [10.3203824, 44.1702566], [10.3209861, 44.1704055], [10.3217987, 44.1705975], [10.3227462, 44.1707935], [10.3230723, 44.17086], [10.3235183, 44.1708752], [10.3236366, 44.1708604], [10.3236753, 44.1708549], [10.3238252, 44.1708369], [10.3241036, 44.1707441], [10.3245918, 44.1703885], [10.3246739, 44.1703248], [10.3254153, 44.1695032], [10.325786, 44.1691998], [10.3261947, 44.1692237], [10.3271167, 44.1699225], [10.3277298, 44.1699975], [10.3284902, 44.1706486], [10.3292696, 44.1708906], [10.3300443, 44.1710304], [10.3305338, 44.1710099], [10.3312419, 44.1706145], [10.331508, 44.1699634], [10.3317932, 44.169268], [10.3325536, 44.1685896], [10.3331631, 44.1679854], [10.333314, 44.1678295], [10.3335373, 44.1671442], [10.3336419, 44.1665681], [10.3341314, 44.1660636], [10.3343878, 44.1658955], [10.33456, 44.1657797], [10.3346875, 44.1657056], [10.3356475, 44.1654977], [10.3363128, 44.1653511], [10.3370483, 44.1650682], [10.3373428, 44.1648404], [10.3374962, 44.1645874], [10.3378621, 44.1638135], [10.3379803, 44.1635669], [10.3380427, 44.1634215], [10.3382756, 44.1631794], [10.3390407, 44.162801], [10.3395303, 44.162518], [10.3398392, 44.1622794], [10.3401338, 44.16201], [10.341163, 44.1614034], [10.3417989, 44.1609187], [10.3423007, 44.1603414], [10.3426753, 44.1601346], [10.3427627, 44.1600812], [10.3433639, 44.1597747], [10.3441339, 44.1594432], [10.3448294, 44.158873], [10.3457033, 44.1582999], [10.3458131, 44.1582279], [10.3466074, 44.1577144], [10.3467322, 44.1576362], [10.3474525, 44.1570731], [10.347696, 44.1567487], [10.3479295, 44.1562961], [10.3481729, 44.1560109], [10.3483816, 44.1557008], [10.3490324, 44.155184], [10.3496087, 44.1548097], [10.3497974, 44.1547563], [10.3507861, 44.1548775], [10.3517002, 44.1551377], [10.3524106, 44.1553693], [10.3531161, 44.155405], [10.3538414, 44.1553087], [10.354368, 44.1550842], [10.3544731, 44.1548414], [10.3545965, 44.1545781], [10.3548797, 44.1538616], [10.3551877, 44.1533875], [10.3555305, 44.1532022], [10.355591, 44.1532066], [10.3558137, 44.1532628], [10.3559826, 44.1536121], [10.3562111, 44.153858], [10.3566632, 44.1542359], [10.3572246, 44.1545424], [10.3576419, 44.1545923], [10.357699, 44.1545693], [10.3577394, 44.154561], [10.3582182, 44.154407], [10.3589237, 44.1539507], [10.3591919, 44.1536335], [10.3592603, 44.1534221], [10.3592814, 44.1533483], [10.3597235, 44.1527673], [10.3600216, 44.1522897], [10.3605134, 44.152001], [10.3609892, 44.1516287], [10.3610357, 44.1515931], [10.3614474, 44.1512702], [10.361671, 44.1507641], [10.3616898, 44.1503818], [10.3616958, 44.1502258], [10.3615639, 44.1490917], [10.3614861, 44.1488072], [10.3612785, 44.1485112], [10.3608016, 44.1476343], [10.3607668, 44.1472207], [10.3609208, 44.1468714], [10.3612586, 44.1465149], [10.3626298, 44.1455417], [10.3638122, 44.1447895], [10.3649718, 44.1444417], [10.3651834, 44.144376], [10.3659882, 44.144048], [10.3662912, 44.143802], [10.3663161, 44.1436237], [10.3662767, 44.1435636], [10.3659981, 44.143064], [10.3660081, 44.1427111], [10.3662117, 44.1423724], [10.366639, 44.1418376], [10.3674388, 44.1410569], [10.3682023, 44.1406149], [10.3692869, 44.139973], [10.3703005, 44.1391096], [10.3706324, 44.1388198], [10.3712544, 44.1381526], [10.3715105, 44.1379129], [10.3716782, 44.1377553], [10.3721362, 44.1374658], [10.3724565, 44.1374047], [10.3728926, 44.137322], [10.3732284, 44.1372076], [10.3732961, 44.1371817], [10.3734624, 44.1371953], [10.3736851, 44.1373232], [10.3738917, 44.1373328], [10.3741845, 44.1372767], [10.3744392, 44.1371755], [10.3748989, 44.1371329], [10.3753857, 44.1369433], [10.3758209, 44.1366754], [10.3761713, 44.1362841], [10.3766579, 44.1357494], [10.3769769, 44.1351531], [10.3770839, 44.1347229], [10.377263, 44.1345272], [10.3774231, 44.1343352], [10.3776326, 44.1339133], [10.3776977, 44.133776], [10.3777365, 44.1333489], [10.3783696, 44.1328592], [10.3790267, 44.13255], [10.3796709, 44.1324162], [10.3801308, 44.1325148], [10.3804831, 44.1326229], [10.3807864, 44.1328043], [10.3815438, 44.1334695], [10.3818289, 44.1336229], [10.3821853, 44.1337251], [10.3824943, 44.1337206], [10.3828032, 44.133672], [10.3833471, 44.1334232], [10.3835028, 44.133265], [10.3835407, 44.1331389], [10.3835137, 44.1330719], [10.3834892, 44.1330108], [10.3832594, 44.132746], [10.3831596, 44.1325702], [10.3831739, 44.132222], [10.3848737, 44.1312203], [10.3866027, 44.1308699], [10.3868815, 44.130806], [10.388601, 44.1294883], [10.3893149, 44.1288534], [10.3895036, 44.1281677], [10.3896287, 44.1276676], [10.3897731, 44.1275362], [10.3910517, 44.1263068], [10.3930723, 44.126409], [10.3932777, 44.126407], [10.3936747, 44.1264029], [10.3943697, 44.1262382], [10.3950362, 44.1259648], [10.3955054, 44.1254564], [10.3955466, 44.1252924], [10.3954538, 44.1252058], [10.3953338, 44.1250997], [10.3949235, 44.1248146], [10.3946588, 44.1244808], [10.3944962, 44.1237806], [10.3945265, 44.1231591], [10.3946607, 44.1228282], [10.3950826, 44.1221131], [10.3956432, 44.1215348], [10.3964732, 44.1209606], [10.3974669, 44.1203951], [10.3978214, 44.1201933], [10.3985376, 44.1198875], [10.3993014, 44.1195613], [10.3996208, 44.1193915], [10.4001452, 44.1191126], [10.4004967, 44.1188322], [10.4007623, 44.1184564], [10.400778, 44.1182657], [10.4011076, 44.1179208], [10.4016762, 44.1176474], [10.4030656, 44.1173162], [10.4031356, 44.117284], [10.4034981, 44.1171172], [10.4041334, 44.1166453], [10.4045532, 44.1161931], [10.4050725, 44.1154118], [10.4052438, 44.1150826], [10.4053156, 44.114571], [10.4053506, 44.1144192], [10.4054647, 44.1139245], [10.4056581, 44.1135596], [10.4059628, 44.1133731], [10.4061829, 44.1132383], [10.4073154, 44.1126553], [10.4075463, 44.1126192], [10.4084203, 44.1125601], [10.4091329, 44.1123102], [10.4096798, 44.1118541], [10.4114962, 44.1113744], [10.4124299, 44.1110361], [10.4124446, 44.1110308], [10.4128696, 44.1107844], [10.4130193, 44.1106416], [10.4134027, 44.11015], [10.4138014, 44.109639], [10.4139029, 44.109577], [10.4140096, 44.1095118], [10.4145569, 44.1093825], [10.4149033, 44.1094363], [10.4152115, 44.1096272], [10.4155843, 44.1097888], [10.415878, 44.1099921], [10.4161553, 44.1102632], [10.4164799, 44.1103967], [10.4171051, 44.1105093], [10.4176041, 44.110608], [10.4177395, 44.1106929], [10.417931, 44.110813], [10.4181738, 44.1111544], [10.4182118, 44.1113402], [10.4181726, 44.1115373], [10.4180675, 44.1117073], [10.4180022, 44.1122545], [10.4180177, 44.1126806], [10.4178531, 44.1133025], [10.4177963, 44.1139515], [10.4179601, 44.1142112], [10.4182301, 44.1143073], [10.4183219, 44.1144579], [10.4185539, 44.1146512], [10.4188663, 44.1148067], [10.4190269, 44.1148565]]}}, {"type": "Feature", "properties": {"nome": "Serchio", "reale": "Serchio"}, "geometry": {"type": "LineString", "coordinates": [[10.4190269, 44.1148565], [10.419408, 44.1149604], [10.4201726, 44.1150902], [10.420612, 44.1151066], [10.4208648, 44.1151161], [10.4214641, 44.1148862], [10.4223113, 44.1144522], [10.4228434, 44.1143224], [10.423174, 44.1144374], [10.4235211, 44.1146318], [10.4240915, 44.1150857], [10.4245979, 44.115271], [10.4247486, 44.1153261], [10.425509, 44.1153913], [10.4263552, 44.1152561], [10.4271249, 44.1151332], [10.428984, 44.114927], [10.4290956, 44.1149146], [10.4298897, 44.1146644], [10.4303112, 44.1144359], [10.4307824, 44.1140769], [10.431416, 44.1133422], [10.4317532, 44.1129942], [10.4320061, 44.1127863], [10.4323156, 44.1126349], [10.4327153, 44.1124935], [10.4330833, 44.1124127], [10.4333083, 44.1123986], [10.4335993, 44.1124215], [10.4340129, 44.1125051], [10.4342656, 44.1126784], [10.4345381, 44.1129226], [10.4346725, 44.1131225], [10.4347208, 44.1135814], [10.4345016, 44.1140699], [10.434382, 44.1144508], [10.4343015, 44.1148583], [10.4343246, 44.1150983], [10.4344641, 44.1154204], [10.4344563, 44.1156292], [10.4348112, 44.1160565], [10.4350327, 44.1163147], [10.435519, 44.1165812], [10.4357601, 44.1167507], [10.4362064, 44.1168845], [10.4365723, 44.1169113], [10.4368832, 44.1168148], [10.4376237, 44.1167663], [10.4383752, 44.1167962], [10.4384972, 44.1168188], [10.4386451, 44.1168463], [10.4387906, 44.1168733], [10.4389745, 44.1169075], [10.4393495, 44.1170239], [10.4399457, 44.1173555], [10.4402814, 44.1175862], [10.4409427, 44.1183724], [10.4414179, 44.1186246], [10.4417007, 44.1186549], [10.4421102, 44.1186988], [10.4427921, 44.1186135], [10.4438511, 44.1183539], [10.4439348, 44.1183228], [10.4442892, 44.1181798], [10.4446218, 44.1179649], [10.444955, 44.1176772], [10.4450444, 44.1175787], [10.44553, 44.1168926], [10.4457631, 44.1164208], [10.4459708, 44.1157457], [10.4461265, 44.115254], [10.446296, 44.1149916], [10.4465197, 44.1148033], [10.4468681, 44.1146303], [10.4473048, 44.1145337], [10.4480451, 44.114467], [10.4490592, 44.1144179], [10.4495361, 44.1143415], [10.4499264, 44.1142169], [10.4503247, 44.1139667], [10.4506946, 44.1136317], [10.4510978, 44.1130385], [10.4513587, 44.1126076], [10.4516749, 44.1120067], [10.4517426, 44.1117359], [10.4516819, 44.1115984], [10.4515848, 44.1114107], [10.4514346, 44.1111942], [10.4511937, 44.1102232], [10.4510492, 44.1091519], [10.4509035, 44.108701], [10.4506798, 44.1081313], [10.4505645, 44.1079162], [10.4495401, 44.1068527], [10.4490939, 44.1063515], [10.4489589, 44.1059938], [10.4489616, 44.1058301], [10.449048, 44.1056344], [10.4491919, 44.1054584], [10.4493586, 44.1053255], [10.4497148, 44.1050988], [10.4498675, 44.1049311], [10.4499753, 44.1047558], [10.4500162, 44.1046484], [10.4501729, 44.1043094], [10.4504603, 44.1040222], [10.4506267, 44.1038853], [10.4509008, 44.1036852], [10.4515558, 44.1033482], [10.4520654, 44.1031626], [10.4525212, 44.1030109], [10.4532011, 44.102642], [10.4534412, 44.1024545], [10.4537542, 44.1022073], [10.4546565, 44.1014972], [10.4550874, 44.1011596], [10.4560556, 44.1001719], [10.4562897, 44.0998536], [10.4565197, 44.0994759], [10.4565651, 44.0993606], [10.4566703, 44.0990355], [10.4566563, 44.0985669], [10.4567298, 44.0982049], [10.4569598, 44.0975516], [10.4572093, 44.0968801], [10.4573941, 44.0963959], [10.457376, 44.0959453], [10.457454, 44.0957448], [10.4575017, 44.0955972], [10.4576839, 44.0946392], [10.4577302, 44.0942287], [10.4578312, 44.0930226], [10.4579245, 44.0922493], [10.4577992, 44.091592], [10.4578186, 44.0913335], [10.4577621, 44.0912279], [10.4576784, 44.0911353], [10.4575471, 44.0910625], [10.4573573, 44.09102], [10.4567737, 44.0910479], [10.4564275, 44.091074], [10.4561087, 44.0911467], [10.4559112, 44.0911918], [10.4554374, 44.0911526], [10.4545843, 44.0909097], [10.4537428, 44.0906771], [10.4531537, 44.0904938], [10.452935, 44.0902932], [10.4527528, 44.0896082], [10.452522, 44.0892243], [10.4522244, 44.0889059], [10.4518356, 44.0885351], [10.4514591, 44.0880333], [10.450961, 44.0879112], [10.4506136, 44.0877269], [10.4497523, 44.0872699], [10.4496154, 44.0871441], [10.4487805, 44.0865369], [10.4481549, 44.0853023], [10.447426, 44.0843599], [10.4470606, 44.0838196], [10.4465028, 44.0832211], [10.4455734, 44.08227], [10.4453505, 44.0820418], [10.4445394, 44.0812998], [10.444269, 44.0809919], [10.4441255, 44.0808285], [10.4437895, 44.0804461], [10.4437704, 44.0804244], [10.4432713, 44.0795407], [10.443214, 44.0784362], [10.4433367, 44.0780517], [10.4435986, 44.0776999], [10.4438685, 44.0773235], [10.4439463, 44.0764754], [10.4439667, 44.0762372], [10.4434817, 44.0754766], [10.4431387, 44.0748783], [10.4429506, 44.0742818], [10.4429113, 44.0741572], [10.4427967, 44.0735763], [10.442854, 44.0733063], [10.4428982, 44.0728006], [10.4430492, 44.0724789], [10.4430722, 44.0724299], [10.4431717, 44.0722178], [10.4436305, 44.0718554], [10.4446376, 44.0715309], [10.4456358, 44.0711463], [10.4463394, 44.0708354], [10.4465035, 44.0706798], [10.446814, 44.0703854], [10.4470745, 44.0702595], [10.4471855, 44.0701172], [10.447223, 44.0699763], [10.4471851, 44.0698375], [10.447031, 44.069746], [10.4468354, 44.0697282], [10.4455622, 44.06933], [10.4444413, 44.0688473], [10.4440813, 44.0684627], [10.4438849, 44.0681927], [10.4442239, 44.0674784], [10.4443431, 44.0672273], [10.4444576, 44.0669409], [10.4444167, 44.0666382], [10.4442858, 44.0661391], [10.4445804, 44.0655991], [10.4453985, 44.064871], [10.445824, 44.0641755], [10.4460309, 44.0639423], [10.446274, 44.0636682], [10.4470625, 44.0631653], [10.447313, 44.0630055], [10.4482948, 44.0624164], [10.4487767, 44.0620877], [10.4488243, 44.0620452], [10.4488394, 44.0620294], [10.4489637, 44.0618469], [10.4490247, 44.0617115], [10.4490467, 44.0615535], [10.4490546, 44.0614478], [10.4490842, 44.0613407], [10.4491647, 44.0612097], [10.4492272, 44.0611301], [10.449538, 44.0609236], [10.4497, 44.0607671], [10.4499143, 44.0605403], [10.4500784, 44.0603941], [10.4502612, 44.0602654], [10.4504705, 44.0601504], [10.4507337, 44.0600152], [10.4510899, 44.0598076], [10.4512279, 44.0596895], [10.4513832, 44.0595866], [10.4515336, 44.0594176], [10.4517296, 44.0592759], [10.4521829, 44.0588663], [10.4525732, 44.0586499], [10.4529884, 44.0584059], [10.4532486, 44.058175], [10.4534106, 44.057966], [10.4535887, 44.0576382], [10.4537719, 44.0572321], [10.4539996, 44.0565628], [10.4541341, 44.0562576], [10.4543633, 44.0558696], [10.4545356, 44.0555703], [10.4548013, 44.0553328], [10.4549135, 44.0552325], [10.4552811, 44.0547108], [10.4559537, 44.0542173], [10.4560326, 44.0541844], [10.4562838, 44.0540795], [10.4566383, 44.0538011], [10.456945, 44.0534631], [10.4573325, 44.0530239], [10.4576403, 44.0527327], [10.4579564, 44.0524013], [10.4579884, 44.0523462], [10.4581164, 44.0521254], [10.4582466, 44.0517697], [10.4582185, 44.0514859], [10.4582096, 44.051396], [10.4580379, 44.0511911], [10.4579026, 44.0509511], [10.4577486, 44.0504469], [10.457712, 44.0502503], [10.4579656, 44.0497675], [10.4587183, 44.0488757], [10.4593401, 44.0485648], [10.460101, 44.0480657], [10.4605838, 44.0475421], [10.4608701, 44.0468794], [10.4610747, 44.0465112], [10.4611221, 44.0464202], [10.4612714, 44.0461336], [10.4616903, 44.0457943], [10.4619502, 44.0456324], [10.4624234, 44.0453377], [10.4632797, 44.0448603], [10.4634078, 44.0447889], [10.4647483, 44.0441647], [10.4654144, 44.0437752], [10.4658375, 44.0435186], [10.4658928, 44.0434692], [10.4660249, 44.0433514], [10.466247, 44.0429822], [10.4667416, 44.0427369], [10.4671496, 44.0425345], [10.4679891, 44.0425095], [10.4684108, 44.0425295], [10.4692179, 44.042214], [10.4698002, 44.0422215], [10.4705231, 44.0423148], [10.4711908, 44.0424639], [10.4715549, 44.0425529], [10.472554, 44.0428961], [10.4730539, 44.0431157], [10.4739247, 44.0434655], [10.4745384, 44.043667], [10.4750244, 44.04371], [10.4754574, 44.043484], [10.4760063, 44.0428244], [10.4763327, 44.0421724], [10.4765498, 44.0418611], [10.4767966, 44.0416729], [10.4772415, 44.0414606], [10.4777201, 44.0412671], [10.4783568, 44.041023], [10.478464, 44.0406744], [10.4786301, 44.0397099], [10.4786504, 44.0394275], [10.478681, 44.0391672], [10.4787941, 44.0388405], [10.4788065, 44.0386794], [10.4788151, 44.0385682], [10.4790124, 44.0380459], [10.4790674, 44.0378322], [10.4790739, 44.0377088], [10.479134, 44.0373888], [10.4792686, 44.0372522], [10.4794379, 44.0370272], [10.4804278, 44.0367597], [10.4805513, 44.0367306], [10.4813006, 44.0366818], [10.4818689, 44.0367544], [10.4823716, 44.0367585], [10.4827653, 44.036901], [10.4842818, 44.0377011], [10.4857688, 44.0384453], [10.4860823, 44.0385608], [10.4863422, 44.038636]]}}, {"type": "Feature", "properties": {"nome": "Serchio", "reale": "Serchio"}, "geometry": {"type": "LineString", "coordinates": [[10.5045555, 44.0252726], [10.506013, 44.0250878], [10.506764, 44.0250878], [10.5073171, 44.0252603], [10.5075216, 44.0252432], [10.5084173, 44.0252087], [10.5101117, 44.025184], [10.5111363, 44.0250787], [10.5116972, 44.0247495], [10.5118613, 44.0237775], [10.5123752, 44.0233212], [10.5130275, 44.0227183]]}}, {"type": "Feature", "properties": {"nome": "Serchio", "reale": "Serchio"}, "geometry": {"type": "LineString", "coordinates": [[10.4865994, 44.0387169], [10.4868673, 44.038817], [10.4871833, 44.0389492], [10.4878452, 44.0391772], [10.4882712, 44.0393216], [10.4884034, 44.0394722], [10.4890172, 44.0395566], [10.4896462, 44.0394559], [10.4901668, 44.0392554], [10.4904885, 44.0390753], [10.490702, 44.0388582], [10.4907777, 44.0386083], [10.4907274, 44.0383528], [10.4905739, 44.0381242], [10.490267, 44.0379251], [10.4900614, 44.0376671], [10.4900065, 44.0374723], [10.4898835, 44.0371913], [10.489916, 44.0369387], [10.4896186, 44.0363061], [10.4895641, 44.0360045], [10.4896144, 44.0357322], [10.4897443, 44.0354558], [10.4899872, 44.0350494], [10.4904648, 44.0344336], [10.4909968, 44.0338681], [10.4917801, 44.0333864], [10.4925551, 44.0330052], [10.4933971, 44.0325486], [10.4936526, 44.0323265], [10.4937113, 44.032071], [10.493749, 44.0317736], [10.4937406, 44.0314971], [10.4938495, 44.0312248], [10.4939648, 44.031055], [10.4949093, 44.0301692], [10.4955293, 44.0297796], [10.496342, 44.029323], [10.4971672, 44.0289251], [10.4988009, 44.0282129], [10.4992206, 44.0279984], [10.4995994, 44.0277325], [10.500369, 44.0274136], [10.500742, 44.0269228], [10.5014777, 44.0262357], [10.502969, 44.0257204], [10.5045555, 44.0252726], [10.5062517, 44.0244669], [10.506728, 44.0240213], [10.5078855, 44.0236229], [10.5091119, 44.0234551], [10.5100463, 44.0232581], [10.5107282, 44.023194], [10.5112046, 44.0229796], [10.5120173, 44.0228845], [10.5127923, 44.0227169], [10.5130275, 44.0227183], [10.5137736, 44.0222346], [10.5147277, 44.0219432], [10.5158126, 44.0218492], [10.5169181, 44.0219469], [10.5176234, 44.021958], [10.5190776, 44.021875], [10.5198265, 44.021744], [10.5211628, 44.0217865], [10.522337, 44.0220052], [10.5228248, 44.0222457], [10.5233711, 44.0223785], [10.524191, 44.0222555], [10.5244406, 44.022218], [10.5254938, 44.0218551], [10.5269304, 44.0212945], [10.5274897, 44.0211071], [10.5280202, 44.0208151], [10.528528, 44.0198682], [10.5284918, 44.0195631], [10.5284337, 44.0191562], [10.5283463, 44.0189847], [10.5285919, 44.0185909], [10.5287777, 44.0185441], [10.5290192, 44.0185396], [10.5294031, 44.0188713], [10.5294533, 44.0188833], [10.5297806, 44.0190387], [10.530157, 44.0191615], [10.5302805, 44.0191478], [10.5304351, 44.0191697], [10.5314251, 44.0192597], [10.5329418, 44.0193234], [10.5337612, 44.0194671], [10.5343704, 44.0196879], [10.5350414, 44.0199633], [10.5355732, 44.0202169], [10.5358357, 44.0203241], [10.5361089, 44.0203653], [10.5365945, 44.0203882], [10.5371417, 44.0203099], [10.5377414, 44.0199633], [10.5385923, 44.0193087], [10.5390996, 44.0186706], [10.539345, 44.0183188], [10.5396685, 44.0176676], [10.5396948, 44.0176246], [10.5398686, 44.0172797], [10.540335, 44.0158397], [10.5403595, 44.0153324], [10.5404004, 44.0149561], [10.5405886, 44.0146206], [10.5412268, 44.0133034], [10.5412413, 44.0132821], [10.5420859, 44.0120434], [10.5430104, 44.0108407], [10.5433077, 44.0104875], [10.5439677, 44.0097034], [10.5440641, 44.009618], [10.5446877, 44.0090653], [10.5450395, 44.0085907], [10.5453956, 44.0082465], [10.5455304, 44.0081162], [10.5459722, 44.0077889], [10.5474504, 44.0067885], [10.5478703, 44.0065044], [10.5489749, 44.0057517], [10.5492612, 44.005678], [10.5495312, 44.0054899], [10.5501121, 44.004909], [10.5506357, 44.0042381], [10.5507421, 44.0038535], [10.5507336, 44.0037346], [10.5507012, 44.0032808], [10.5505294, 44.0029372], [10.5503494, 44.0026753], [10.5502103, 44.0024054], [10.5502622, 44.0023085], [10.550333, 44.0021763], [10.5505621, 44.002029], [10.5507748, 44.0017345], [10.5511266, 44.0012763], [10.5516585, 44.0005154], [10.5519775, 44.000229], [10.5522885, 44.0000572], [10.5529594, 43.999689], [10.5533972, 43.9993118], [10.5534371, 43.9992252], [10.553663, 43.9986172], [10.5539414, 43.9979382], [10.5542704, 43.9968861], [10.5544294, 43.9958302], [10.554541, 43.994735], [10.5545397, 43.9938232], [10.5537712, 43.9931341], [10.5530069, 43.9920525], [10.5529401, 43.991323], [10.5529046, 43.991029], [10.5528507, 43.99067], [10.5527676, 43.9892421], [10.5529842, 43.9883981], [10.5529395, 43.9879245], [10.5527195, 43.9875193], [10.5527634, 43.9869068], [10.5526732, 43.9865701], [10.5521311, 43.9855785], [10.5516241, 43.9844777], [10.5520655, 43.9837688], [10.5523483, 43.9827015], [10.5523371, 43.9821247], [10.5519003, 43.9813113], [10.5517513, 43.9809764], [10.5515476, 43.9804226], [10.5516967, 43.9798861], [10.5514848, 43.9793776], [10.5506592, 43.9778053], [10.550064, 43.9770297], [10.5489298, 43.9762175], [10.5485222, 43.9760171], [10.5474332, 43.9754687], [10.5460676, 43.9750147], [10.5440836, 43.9745861], [10.5430926, 43.9746484], [10.5412786, 43.9748821], [10.540132, 43.9750978], [10.5390582, 43.9753511], [10.5379742, 43.975788], [10.5375532, 43.9758685], [10.5370499, 43.9757541], [10.5364125, 43.9753965], [10.5360394, 43.9750129], [10.5355643, 43.9744858], [10.5333822, 43.9729178], [10.5332139, 43.972788], [10.5320192, 43.9720836], [10.5315372, 43.9719293], [10.5305608, 43.9715661]]}}, {"type": "Feature", "properties": {"nome": "Serchio", "reale": "Serchio"}, "geometry": {"type": "LineString", "coordinates": [[10.4863422, 44.038636], [10.4865994, 44.0387169]]}}]}