{"type": "FeatureCollection", "features": [{"type": "Feature", "properties": {"nome": "Lago Maggiore"}, "geometry": {"type": "Polygon", "coordinates": [[[10.13823, 44.4423021], [10.138297, 44.4422044], [10.1383319, 44.4420225], [10.1384177, 44.4419114], [10.1384928, 44.4418386], [10.1386242, 44.4418099], [10.1387745, 44.4417869], [10.1388844, 44.441854], [10.1388147, 44.441988], [10.1386377, 44.4420991], [10.1384124, 44.4422408], [10.1383051, 44.4423442], [10.1382031, 44.4423825], [10.13823, 44.4423021]]]}}, {"type": "Feature", "properties": {"nome": "Lago Maggiore"}, "geometry": {"type": "Polygon", "coordinates": [[[11.468034, 44.3132954], [11.468195, 44.3131169], [11.468431, 44.3128635], [11.4684793, 44.3127868], [11.4684229, 44.3127541], [11.4684605, 44.31271], [11.4685758, 44.3127465], [11.4694154, 44.3133376], [11.4701013, 44.3140451], [11.4699116, 44.3141282], [11.4698633, 44.3140994], [11.4695977, 44.3141608], [11.4696185, 44.3142063], [11.4692142, 44.3142644], [11.4690881, 44.3142376], [11.4688843, 44.3140649], [11.4679482, 44.3134834], [11.4679696, 44.3134393], [11.4681064, 44.3134854], [11.4681225, 44.3134662], [11.4679831, 44.3134182], [11.4680011, 44.3133747], [11.468034, 44.3132954]]]}}, {"type": "Feature", "properties": {"nome": "Lago di Garda"}, "geometry": {"type": "Polygon", "coordinates": [[[10.7257241, 45.5391297], [10.7257214, 45.5389575], [10.726117, 45.5381889], [10.7259957, 45.5381337], [10.7260068, 45.5380448], [10.7261366, 45.5380143], [10.726251, 45.5380164], [10.7263096, 45.5378289], [10.7260842, 45.5377304], [10.7260045, 45.5376868], [10.7259707, 45.5375951], [10.7259907, 45.5374044], [10.7260738, 45.5371822], [10.7260714, 45.5368732], [10.7261801, 45.5367122], [10.7263423, 45.5366402], [10.7265649, 45.5365711], [10.7266588, 45.5365495], [10.7267244, 45.5364999], [10.7267486, 45.536417], [10.7267368, 45.5363359], [10.7267034, 45.5362778], [10.7267062, 45.5362553], [10.7267413, 45.5359701], [10.7267659, 45.5353363], [10.7267389, 45.535258], [10.7266778, 45.5352523], [10.7266719, 45.5351918], [10.7266819, 45.5351158], [10.7266981, 45.5350416], [10.7266928, 45.5348727], [10.7266945, 45.534418], [10.7266956, 45.5333603], [10.7265664, 45.5329259], [10.726468, 45.5328676], [10.7263455, 45.5328371], [10.7261959, 45.5327483], [10.7261582, 45.5326289], [10.7262644, 45.5325173], [10.7263146, 45.5324174], [10.7263334, 45.5323622], [10.726247, 45.5321844], [10.726146, 45.5319848], [10.7260161, 45.5317489], [10.7259216, 45.5315524], [10.7258575, 45.5313579], [10.725826, 45.5311758], [10.7258238, 45.5310392], [10.725846, 45.5307469], [10.7259092, 45.5303311], [10.7247185, 45.5302082], [10.7247447, 45.53014], [10.7251098, 45.5301811], [10.7256743, 45.5302396], [10.7257536, 45.5297877], [10.7252845, 45.5297434], [10.7252243, 45.5300571], [10.7251319, 45.5300486], [10.7252217, 45.5296764], [10.7256513, 45.5297156], [10.7256611, 45.5296452], [10.7256367, 45.5296272], [10.7256428, 45.5296149], [10.7256609, 45.5295787], [10.7257132, 45.5295799], [10.7257641, 45.5294872], [10.725802, 45.5293336], [10.7258168, 45.5291972], [10.7258262, 45.5291099], [10.7257985, 45.5290573], [10.7257272, 45.5290255], [10.7256931, 45.5289947], [10.7257103, 45.528974], [10.7257527, 45.5289486], [10.7257722, 45.5289029], [10.7257693, 45.5287956], [10.7257907, 45.5286568], [10.7258138, 45.528559], [10.7258294, 45.5284844], [10.725791, 45.5284313], [10.7257839, 45.5283937], [10.7258374, 45.5283564], [10.7259415, 45.5283155], [10.7260198, 45.5283098], [10.7260688, 45.528325], [10.7261085, 45.5283086], [10.7261355, 45.5282835], [10.7261699, 45.5282095], [10.7262061, 45.5281263], [10.7262918, 45.5279708], [10.7263587, 45.527842], [10.7264133, 45.5276868], [10.7264119, 45.5276695], [10.7264059, 45.5275937], [10.7264439, 45.5275295], [10.7264928, 45.5274367], [10.7265442, 45.527301], [10.726562, 45.5272166], [10.7265497, 45.5271496], [10.7265613, 45.5270969], [10.726591, 45.5270497], [10.7266513, 45.526954], [10.7266743, 45.5268466], [10.7267559, 45.526752], [10.7268938, 45.5263143], [10.726869, 45.5262525], [10.7268792, 45.5262071], [10.7269311, 45.5261579], [10.7269641, 45.5260849], [10.7270063, 45.525772], [10.7270444, 45.525402], [10.726983, 45.5251633], [10.7269131, 45.5250441], [10.7269048, 45.5249462], [10.7269289, 45.5248486], [10.7269745, 45.5247629], [10.7271082, 45.5242579], [10.7271615, 45.5237848], [10.7272283, 45.5233587], [10.7272649, 45.5230786], [10.7273105, 45.5227726], [10.7273514, 45.5223759], [10.7274396, 45.5215466], [10.7274409, 45.5212944], [10.7274416, 45.521149], [10.7274052, 45.5208468], [10.727398, 45.5207871], [10.727494, 45.5205696], [10.7274867, 45.5205127], [10.7275193, 45.5204724], [10.7279361, 45.5200743], [10.7279703, 45.5199661], [10.7280286, 45.5199156], [10.7287291, 45.5175622], [10.7292293, 45.5170182], [10.7292478, 45.5169922], [10.7292206, 45.5169716], [10.7291647, 45.5169528], [10.7291262, 45.5169241], [10.7290852, 45.5168559], [10.7290597, 45.5167703], [10.7291046, 45.5167076], [10.7292001, 45.5166488], [10.7293012, 45.5165763], [10.7294808, 45.5165474], [10.7295462, 45.5164775], [10.7296388, 45.5164917], [10.7296815, 45.5163181], [10.7295771, 45.5162949], [10.7295328, 45.5162439], [10.7294107, 45.5162211], [10.7292906, 45.516155], [10.7292641, 45.5160759], [10.7292465, 45.5160055], [10.7292284, 45.5159673], [10.7292947, 45.5159991], [10.7295898, 45.5160588], [10.7295991, 45.5160252], [10.7293526, 45.5159812], [10.7292434, 45.5159036], [10.7292065, 45.5158511], [10.7292143, 45.515802], [10.729327, 45.5157603], [10.7293915, 45.5156788], [10.7294871, 45.5156011], [10.7295672, 45.5154916], [10.7296128, 45.5153894], [10.729714, 45.5152082], [10.7297533, 45.5151144], [10.7297678, 45.515013], [10.7298567, 45.5148951], [10.7299087, 45.5147939], [10.7300317, 45.5144492], [10.7300598, 45.5144246], [10.7301045, 45.5142859], [10.7301526, 45.5141956], [10.7302784, 45.5141134], [10.7303238, 45.51405], [10.7304011, 45.5139298], [10.7306823, 45.5131949], [10.7306455, 45.5130812], [10.7305906, 45.5130219], [10.7305423, 45.5130052], [10.730518, 45.5129755], [10.7306605, 45.5123358], [10.7309304, 45.5112868], [10.7310548, 45.5106654], [10.7311053, 45.510353], [10.7311558, 45.5100701], [10.7311708, 45.5099128], [10.7311624, 45.509749], [10.7311971, 45.5094082], [10.7311755, 45.5093416], [10.7311377, 45.5092864], [10.7310987, 45.509253], [10.7310454, 45.5092383], [10.7310684, 45.5091972], [10.7310935, 45.509149], [10.7311037, 45.5090802], [10.731084, 45.5089763], [10.7311105, 45.5089324], [10.7311201, 45.5088765], [10.7311094, 45.5088057], [10.7310846, 45.5087605], [10.7310496, 45.5087225]]]}}, {"type": "Feature", "properties": {"nome": "Lago di Garda"}, "geometry": {"type": "Polygon", "coordinates": [[[10.7074524, 45.5732507], [10.7075322, 45.5731971], [10.707633, 45.5731601], [10.7076304, 45.5731272], [10.7076593, 45.5731241], [10.7076868, 45.573152], [10.7078102, 45.573181], [10.7078526, 45.5732222], [10.7079245, 45.5732334], [10.7079973, 45.5732262], [10.7079771, 45.5731759], [10.7080353, 45.5731491], [10.7081233, 45.5731792], [10.7082723, 45.5731362], [10.7087942, 45.5727782], [10.7091305, 45.5723183], [10.709328, 45.5718986], [10.7093274, 45.5716098], [10.7092172, 45.5713176], [10.709127, 45.5710781], [10.70891, 45.5706339], [10.7087182, 45.5701768], [10.708524, 45.5696929], [10.7084111, 45.569234], [10.7082502, 45.5690829], [10.7083077, 45.5688713], [10.7082387, 45.5687448], [10.7083256, 45.5686943], [10.7084605, 45.5682985], [10.7085853, 45.568003], [10.7087009, 45.5680176], [10.7090324, 45.5675139], [10.7090096, 45.5674862], [10.7091289, 45.5673196], [10.7091625, 45.567292], [10.709512, 45.566785], [10.7096028, 45.5665952], [10.7095275, 45.5662169], [10.7093643, 45.5659957], [10.7092923, 45.5658885], [10.7093374, 45.565871], [10.7094307, 45.5658722], [10.7095882, 45.5659091], [10.7096636, 45.5659267], [10.7097449, 45.5658476], [10.7098363, 45.5656399], [10.7098987, 45.5655269], [10.7102184, 45.5651875], [10.7106287, 45.5647605], [10.7113164, 45.5639632], [10.7116016, 45.5635784], [10.711939, 45.5633071], [10.712258, 45.5628859], [10.7122845, 45.5627384], [10.7124527, 45.5626796], [10.7129279, 45.5620652], [10.7135706, 45.5611991], [10.7138225, 45.5608595], [10.7143697, 45.5599597], [10.7143853, 45.5597655], [10.7145351, 45.5595925], [10.7149007, 45.558949], [10.7149103, 45.5589251], [10.715077, 45.5584792], [10.7152985, 45.5582801], [10.715522, 45.5579864], [10.7160364, 45.5570839], [10.7163091, 45.5566217], [10.7164339, 45.5563251], [10.7163708, 45.5560328], [10.7169135, 45.5545839], [10.717001, 45.5539431], [10.7171721, 45.5539005], [10.7172441, 45.5531472], [10.7174953, 45.5524539], [10.7175597, 45.5520998], [10.7175775, 45.5518156], [10.7176205, 45.5515212], [10.7175749, 45.5511217], [10.7174862, 45.5508289], [10.7173121, 45.5506246], [10.7166153, 45.550284], [10.7161427, 45.5500303], [10.7156695, 45.5498401], [10.7149934, 45.5496287], [10.7147548, 45.549593], [10.7147391, 45.5494385], [10.7149011, 45.5494024], [10.7151117, 45.5493029], [10.7152028, 45.5492971], [10.7152351, 45.5492951], [10.7153136, 45.5492902], [10.715318, 45.5492653], [10.7153672, 45.5492404], [10.7157702, 45.5492463], [10.716173, 45.5492149], [10.7164658, 45.5491609], [10.7166632, 45.5491105], [10.716774, 45.5491125], [10.7167923, 45.5491333], [10.7170946, 45.5490324], [10.717361, 45.5488888], [10.7176829, 45.5484857], [10.7186384, 45.5472659], [10.718525, 45.5472272], [10.7185531, 45.547195], [10.7186716, 45.5472444], [10.7188767, 45.546993], [10.7191343, 45.5471143], [10.7194365, 45.5467283], [10.7192404, 45.5466369], [10.7189981, 45.5469564], [10.7189348, 45.5469322], [10.7192018, 45.5465813], [10.7187391, 45.5463977], [10.7183145, 45.5469486], [10.7183379, 45.5471131], [10.7182936, 45.5471157], [10.7182722, 45.5469332], [10.7181831, 45.5468991], [10.7182216, 45.5468657], [10.7183019, 45.5469009], [10.7186972, 45.5463822], [10.718617, 45.5463536], [10.7186304, 45.5463361], [10.7186448, 45.5463147], [10.7187248, 45.5463512], [10.7188864, 45.5461348], [10.7189319, 45.5461552], [10.7187665, 45.5463688], [10.7192221, 45.5465267], [10.7193776, 45.5463161], [10.7198868, 45.54565], [10.7200015, 45.5454185], [10.7200489, 45.5451997], [10.7200434, 45.5449441], [10.7199981, 45.5448063], [10.7198696, 45.544575], [10.71986, 45.5445655], [10.7198202, 45.544513], [10.7195277, 45.5441633], [10.7192026, 45.5438633], [10.7191198, 45.5436708], [10.7189991, 45.5435037], [10.7190041, 45.5433644], [10.719086, 45.5432648], [10.7192282, 45.5431834], [10.7194026, 45.5431153], [10.7196621, 45.5431457], [10.7199231, 45.543195], [10.7201901, 45.543301], [10.7204155, 45.5433331], [10.7210579, 45.543352], [10.7214374, 45.5433419], [10.7217035, 45.543308], [10.7218512, 45.5432699], [10.7223456, 45.542996], [10.7223021, 45.5429517], [10.7223778, 45.5429552], [10.7226941, 45.5428574], [10.7229114, 45.5427822], [10.722953, 45.5427519], [10.7230928, 45.5426798], [10.7233676, 45.5425137], [10.7235553, 45.5423717], [10.7235661, 45.5423117], [10.7236105, 45.5422761], [10.7236991, 45.5422986], [10.7238534, 45.5421368], [10.7239675, 45.5419881], [10.7240318, 45.5418751], [10.7243461, 45.541542], [10.7245021, 45.5412765], [10.7245922, 45.5413115], [10.7246846, 45.5411864], [10.7250555, 45.5405863], [10.725417, 45.5398458], [10.7256377, 45.5392644], [10.7257241, 45.5391297]]]}}, {"type": "Feature", "properties": {"nome": "Lago di Garda"}, "geometry": {"type": "Polygon", "coordinates": [[[10.6722961, 45.5726099], [10.672347, 45.5726592], [10.6723911, 45.5727193], [10.6724364, 45.5727712], [10.6724724, 45.5727971], [10.6725125, 45.5728254], [10.6726023, 45.5728717], [10.6727193, 45.5728935], [10.6728386, 45.5729055], [10.6729532, 45.5729052], [10.6730702, 45.5728984], [10.6734576, 45.5727913], [10.6745582, 45.5728061], [10.6771399, 45.5727765], [10.6779525, 45.5728061], [10.678198, 45.5729898], [10.6783758, 45.5734816], [10.6787799, 45.5738148], [10.6791643, 45.5740299], [10.6795425, 45.574255], [10.6801357, 45.5750017], [10.6815521, 45.5755212], [10.6830039, 45.576061], [10.683582, 45.5763411], [10.6845138, 45.5770112], [10.6852238, 45.5772291], [10.6868537, 45.5775044], [10.6879072, 45.5780338], [10.6890781, 45.5784491], [10.6900278, 45.5786795], [10.6907002, 45.5786777], [10.6922676, 45.5786642], [10.6929132, 45.5785271], [10.6935291, 45.5783479], [10.6956815, 45.5775694], [10.6966462, 45.5771056], [10.6967056, 45.5770174], [10.6969258, 45.5768609], [10.6969711, 45.5767845], [10.6970569, 45.5768315], [10.6971763, 45.576748], [10.6974741, 45.5767376], [10.6977673, 45.576798], [10.698083, 45.5768722], [10.6984051, 45.5769689], [10.6987599, 45.5771641], [10.6990595, 45.5773526], [10.6995336, 45.5774761], [10.7002813, 45.5775584], [10.700659, 45.5775634], [10.7013439, 45.5774694], [10.7016299, 45.5774036], [10.7019509, 45.5772677], [10.7019041, 45.5771426], [10.7026847, 45.576988], [10.7027206, 45.5769875], [10.7037188, 45.5766168], [10.7047001, 45.5759718], [10.7050148, 45.5755303], [10.7059157, 45.5755087], [10.7064134, 45.5752139], [10.7066215, 45.5750527], [10.7068112, 45.5749089], [10.7071823, 45.5746157], [10.7071832, 45.5744996], [10.7071549, 45.5744085], [10.7069361, 45.5740351], [10.7071699, 45.5735851], [10.7071445, 45.5735531], [10.7070425, 45.5735024], [10.7070094, 45.5734361], [10.707003, 45.5733596], [10.7071683, 45.5732679], [10.7072817, 45.5732396], [10.7074028, 45.573263], [10.7074524, 45.5732507]]]}}, {"type": "Feature", "properties": {"nome": "Lago di Garda"}, "geometry": {"type": "Polygon", "coordinates": [[[10.7120656, 45.6438468], [10.7111304, 45.6432925], [10.7101043, 45.6426636], [10.7097266, 45.6422765], [10.7092363, 45.6419793], [10.7088784, 45.6418522], [10.7084731, 45.6415964], [10.7081983, 45.6413918], [10.7079689, 45.6411555], [10.70788, 45.6409011], [10.7076902, 45.6405597], [10.7074311, 45.640033], [10.7071741, 45.6397123], [10.7070061, 45.6396238], [10.7070278, 45.6394317], [10.7067541, 45.6391257], [10.7067406, 45.6391106], [10.7067372, 45.6391068], [10.7066245, 45.6389714], [10.7063833, 45.6388082], [10.7062666, 45.6386811], [10.7060645, 45.6385005], [10.7060531, 45.6384903], [10.7060471, 45.638486], [10.7058791, 45.6383645], [10.7056695, 45.6383078], [10.7057249, 45.6382221], [10.7054995, 45.6380645], [10.7054105, 45.6381101], [10.705367, 45.6380742], [10.7054204, 45.6380009], [10.7052286, 45.6378544], [10.7051337, 45.6378751], [10.7050981, 45.6378447], [10.7051634, 45.6377908], [10.7051001, 45.6376263], [10.7049044, 45.6374148], [10.7046651, 45.6371258], [10.7044417, 45.6369212], [10.7042064, 45.6368411], [10.704242, 45.636765], [10.7040522, 45.6365314], [10.7038227, 45.6363883], [10.7038045, 45.636377], [10.7037438, 45.6363392], [10.703811, 45.636219], [10.7036014, 45.6358872], [10.7033365, 45.6356826], [10.7033899, 45.6355983], [10.7033365, 45.6354199], [10.7031546, 45.6352264], [10.7029371, 45.6348033], [10.7027983, 45.6347284], [10.7027552, 45.6347052], [10.7027868, 45.6345725], [10.7026979, 45.6344771], [10.7025693, 45.6344162], [10.702601, 45.634325], [10.7025674, 45.6342282], [10.7024052, 45.63409], [10.7023148, 45.6339731], [10.7021419, 45.633808], [10.7021587, 45.6336918], [10.7020502, 45.6335705], [10.7020663, 45.63349], [10.7020293, 45.6333933], [10.7020242, 45.6333799], [10.7020039, 45.6333268], [10.7018485, 45.6332258], [10.7018087, 45.6331969], [10.7017983, 45.6331604], [10.7018477, 45.6330697], [10.7016875, 45.6327973], [10.7016133, 45.6327328], [10.7015134, 45.6327206], [10.7015155, 45.6326839], [10.7015598, 45.6326456], [10.701561, 45.6326024], [10.7014859, 45.6324697], [10.7014046, 45.632384], [10.7013319, 45.632386], [10.7012926, 45.6323698], [10.7012743, 45.632348], [10.7013153, 45.6323182], [10.7013237, 45.6322844], [10.7012783, 45.6321226], [10.7012601, 45.6321128], [10.7012406, 45.6321023], [10.701124, 45.6320397], [10.7012189, 45.6319664], [10.7011031, 45.6317497], [10.7010666, 45.6317398], [10.7010321, 45.6317435], [10.7010175, 45.6317294], [10.7010499, 45.631709], [10.7010542, 45.6316857], [10.7010212, 45.6316387], [10.7009619, 45.6316156], [10.7009122, 45.6316151], [10.7008904, 45.6316067], [10.7008848, 45.6315973], [10.700896, 45.6315778], [10.7009311, 45.6315658], [10.700952, 45.6315337], [10.7008467, 45.6313406], [10.7008291, 45.6313143], [10.700791, 45.6313127], [10.7007712, 45.6313023], [10.7007714, 45.6312918], [10.7007945, 45.6312744], [10.7008245, 45.6312656], [10.7007778, 45.6311249], [10.7007255, 45.6310958], [10.7007024, 45.6310569], [10.700754, 45.6310259], [10.7007207, 45.6308991], [10.7007025, 45.6308585], [10.7006496, 45.6308468], [10.7006168, 45.6308534], [10.700583, 45.6308515], [10.7005721, 45.6308373], [10.7005704, 45.6308216], [10.7005984, 45.6307887], [10.7006506, 45.6307642], [10.7006004, 45.630572], [10.7005334, 45.6305655], [10.7005019, 45.6305387], [10.7005324, 45.6305059], [10.7005784, 45.6304934], [10.7005399, 45.6304095], [10.700467, 45.6303454], [10.700416, 45.6303263], [10.700359, 45.6303334], [10.7003549, 45.6303046], [10.7003852, 45.6302828], [10.7004603, 45.6302546], [10.700451, 45.6302191], [10.7004031, 45.6301173], [10.7003195, 45.6300975], [10.7003155, 45.6300553], [10.7003852, 45.6300305], [10.7003376, 45.6299273], [10.700296, 45.6298992], [10.7001936, 45.6298937], [10.7002638, 45.6298279], [10.7002066, 45.6297225], [10.7001351, 45.6296745], [10.7000942, 45.6296841], [10.7000734, 45.6296859], [10.7000532, 45.6296834], [10.700034, 45.6296678], [10.7000368, 45.6296512], [10.7001414, 45.6295635], [10.7000861, 45.6294845], [10.7000571, 45.6294437], [10.7000049, 45.6294143], [10.6999591, 45.6294067], [10.699912, 45.6294128], [10.6998774, 45.6293803], [10.6998784, 45.6293478], [10.6999326, 45.6293148], [10.6999358, 45.6292579], [10.6998736, 45.6291701], [10.699864, 45.6291564], [10.6998426, 45.6291372], [10.6998077, 45.6291443], [10.6997816, 45.6291341], [10.6997805, 45.6291099], [10.6997975, 45.62909], [10.6997306, 45.6290319], [10.6996704, 45.6290087], [10.6996173, 45.6290143], [10.6995977, 45.6290018], [10.6995955, 45.6289832], [10.6996309, 45.6289653], [10.6996783, 45.6289474], [10.6996968, 45.628922], [10.6996906, 45.6288929], [10.6996135, 45.6287311], [10.6995424, 45.6286689], [10.6995055, 45.6286601], [10.6994519, 45.6286659], [10.6994317, 45.6286529], [10.6994257, 45.6286385], [10.6994697, 45.6286117], [10.6994949, 45.6285652], [10.6994529, 45.6285052], [10.6993652, 45.6285061], [10.6993472, 45.6284874], [10.6993636, 45.6284446], [10.6993781, 45.6284023], [10.6993396, 45.6283661], [10.69927, 45.6283733], [10.6992326, 45.6283637], [10.6992042, 45.6283371], [10.699287, 45.6282947], [10.6993056, 45.6282474], [10.6992953, 45.6282338], [10.6992824, 45.6282169], [10.6992525, 45.6282022], [10.6992448, 45.6281756], [10.6991718, 45.6281785], [10.6991686, 45.6281532], [10.69922, 45.6281062], [10.6991943, 45.6280301], [10.6990263, 45.6279513], [10.6990105, 45.6279182], [10.6990718, 45.6278546], [10.6990283, 45.6277813], [10.6989373, 45.6277273], [10.6990026, 45.6276527], [10.6989512, 45.6275849], [10.69888, 45.627578], [10.6988602, 45.6275559], [10.6989096, 45.6274951], [10.6989195, 45.6274467], [10.6988622, 45.6273817], [10.698795, 45.6273886], [10.6987851, 45.627354], [10.6988483, 45.6273264], [10.6988582, 45.6272835], [10.6987594, 45.6272254], [10.6987356, 45.627184], [10.698798, 45.6271508], [10.6988052, 45.6271306], [10.6988114, 45.6271133], [10.6987625, 45.6271006], [10.6987558, 45.6270753], [10.6987904, 45.6270505], [10.6987428, 45.6269434], [10.6986546, 45.6269309], [10.6986447, 45.6269033], [10.698704, 45.6268646], [10.6986941, 45.6268106], [10.6986561, 45.6267707], [10.6985797, 45.6267765], [10.6985878, 45.6267375], [10.6986613, 45.6267038], [10.6986521, 45.6266241], [10.6986246, 45.6265405], [10.6986195, 45.6265048], [10.6986172, 45.6264888], [10.6986156, 45.6264775], [10.6985351, 45.6264782], [10.6985283, 45.6264569], [10.6985773, 45.6264327], [10.6985122, 45.6263502], [10.6983896, 45.6262963], [10.6983837, 45.62627], [10.6984292, 45.6262009], [10.6983647, 45.6261219], [10.6982609, 45.6260564], [10.6982283, 45.6260632], [10.6981922, 45.6260611], [10.6982001, 45.6260291], [10.6982256, 45.6260037], [10.6981446, 45.6259488], [10.6979227, 45.6258933], [10.6979982, 45.6257902], [10.6979968, 45.6257301], [10.6979965, 45.625711], [10.6979962, 45.6257017], [10.6979112, 45.6256423], [10.6977253, 45.625374], [10.6976482, 45.6252192], [10.69759, 45.625079], [10.6975822, 45.6250601], [10.6975592, 45.6250048], [10.6974367, 45.6247366], [10.6973675, 45.6246951], [10.6974327, 45.6246301], [10.6973101, 45.6243079], [10.6972508, 45.6242946], [10.6972231, 45.6242706], [10.6972629, 45.6242359], [10.6972666, 45.624189], [10.6972593, 45.6241667], [10.6972548, 45.6241533], [10.6971183, 45.6237382], [10.6969799, 45.6235737], [10.6969266, 45.6234506], [10.6969562, 45.6233331], [10.6969819, 45.6232266], [10.6968356, 45.6227675], [10.6967988, 45.6226939], [10.696626, 45.6223486], [10.6965252, 45.622314], [10.6964955, 45.622278], [10.6965291, 45.6221978], [10.6964125, 45.6220361], [10.6959578, 45.6215189], [10.695883, 45.6214866], [10.6958326, 45.6214372], [10.6958214, 45.6214188], [10.6957677, 45.6213311], [10.6955993, 45.6211544], [10.6954156, 45.620853], [10.6954036, 45.6208099], [10.6953369, 45.6206756], [10.6952093, 45.62038], [10.6952022, 45.6203645], [10.6951566, 45.6202657], [10.6951523, 45.6202563], [10.6951175, 45.6201808], [10.6950275, 45.6199974], [10.6950218, 45.6199858], [10.6947537, 45.619558], [10.6947311, 45.6195323], [10.6947181, 45.6195175], [10.6944788, 45.6192455], [10.6943108, 45.6191127], [10.694296, 45.6189847], [10.6942933, 45.6189805], [10.6942857, 45.6189688], [10.6942405, 45.6188991], [10.6941249, 45.6188777], [10.6939272, 45.6187947], [10.6939015, 45.6187408], [10.6939569, 45.618644], [10.6939154, 45.6185665], [10.6937038, 45.6184531], [10.6936959, 45.6184296], [10.6937631, 45.6183909], [10.6937967, 45.618272], [10.6937038, 45.6180286], [10.6935199, 45.6178322], [10.6933479, 45.6176676], [10.6932491, 45.6175902], [10.693255, 45.6175266], [10.6933044, 45.6174118], [10.6932609, 45.6172652], [10.69317, 45.6171117], [10.6932075, 45.6170771], [10.6931818, 45.6169762], [10.6930494, 45.6168406], [10.6930039, 45.6168033], [10.6930276, 45.6167743], [10.6930968, 45.6167383], [10.6930889, 45.6166678], [10.6930256, 45.6165516], [10.6928892, 45.6164355], [10.6928161, 45.616423], [10.6928378, 45.6163815], [10.6928932, 45.6163525], [10.6929011, 45.6163082], [10.6928363, 45.6162056], [10.6928291, 45.6161941], [10.6927824, 45.6161201], [10.6926203, 45.6158643], [10.6925195, 45.6158629], [10.6924701, 45.6158394], [10.6924938, 45.6158007], [10.6925452, 45.615773], [10.6925393, 45.6157274], [10.6923773, 45.6154037], [10.6923692, 45.6153875], [10.6923538, 45.6153568], [10.6922792, 45.6153226], [10.6920845, 45.6152613], [10.6920608, 45.6152268], [10.6921419, 45.6151645], [10.6921774, 45.6151051], [10.6920621, 45.614847], [10.6919727, 45.6146848], [10.6919625, 45.6146737], [10.6919451, 45.6146514], [10.6919095, 45.6146182], [10.6917761, 45.6145768], [10.6917622, 45.6145477], [10.6918018, 45.6145214], [10.691837, 45.6145016], [10.6918428, 45.6144797], [10.6918452, 45.6144706], [10.6917955, 45.6143938], [10.691718, 45.614274], [10.6917062, 45.6142564], [10.6915916, 45.6140858], [10.691527, 45.6140388], [10.691288, 45.6139873], [10.6910467, 45.6139431], [10.6907408, 45.6139391], [10.6905781, 45.6138826], [10.6904664, 45.6137913], [10.6903433, 45.6137824], [10.6899614, 45.6138067], [10.6898635, 45.6137869], [10.6897996, 45.6136847], [10.6897304, 45.6136349], [10.6896276, 45.613617], [10.6894694, 45.6136004], [10.6893013, 45.6135976], [10.6890177, 45.6136301], [10.6888326, 45.6136449], [10.6886674, 45.6136654], [10.6877837, 45.6137846], [10.6877397, 45.6138335], [10.6876569, 45.6138041], [10.6876945, 45.6137434], [10.6877241, 45.6136908], [10.6876113, 45.6135497], [10.687484, 45.6133977], [10.6874204, 45.6133104], [10.6872308, 45.6130661], [10.6871587, 45.6129729], [10.6870591, 45.6128444], [10.6869979, 45.6127932], [10.6863666, 45.6123536], [10.6861274, 45.611949], [10.6859535, 45.6110684], [10.6859309, 45.6109534], [10.685417, 45.6100357], [10.6851929, 45.609114], [10.6849927, 45.6088074], [10.6843983, 45.608755], [10.6843409, 45.6086915], [10.6843829, 45.6084633], [10.684519, 45.6083807], [10.684566, 45.6083673], [10.6846105, 45.6083676], [10.6848816, 45.6081438], [10.6845611, 45.607603], [10.6846623, 45.607333], [10.684644, 45.6065039], [10.6852571, 45.6058051], [10.6851874, 45.6057676], [10.6852776, 45.6056862], [10.685293, 45.6056728], [10.685312, 45.6056563], [10.6853886, 45.6055818], [10.6856085, 45.6054336], [10.6858757, 45.6048806], [10.6855797, 45.6034336], [10.6854323, 45.6026014], [10.6853606, 45.6024661], [10.6853359, 45.6024265], [10.6852916, 45.6023576], [10.6852178, 45.6022732], [10.6850578, 45.6020234], [10.685139, 45.6017289], [10.6850651, 45.6013964], [10.6851612, 45.6008969], [10.6851292, 45.6006109], [10.6851981, 45.6005369], [10.6851636, 45.6002131], [10.6850528, 45.6001666], [10.6851119, 45.6000546], [10.6850586, 45.5993806], [10.6849027, 45.5991589], [10.6846343, 45.5988764], [10.6841862, 45.5983993], [10.6834304, 45.5973985], [10.6818431, 45.5954542], [10.6810436, 45.5941381], [10.6801954, 45.5935141], [10.6795228, 45.5931339], [10.6776412, 45.5911938], [10.6751041, 45.5876243], [10.6748133, 45.5870881], [10.6747385, 45.5866077], [10.6744564, 45.5862818], [10.6741597, 45.5856821], [10.674069, 45.5851663], [10.6738005, 45.5846716], [10.6736754, 45.5839143], [10.6741027, 45.5820778], [10.6738096, 45.5815674], [10.6736877, 45.5811409], [10.6732199, 45.5806798], [10.6730492, 45.580217], [10.6729609, 45.5796541], [10.6730781, 45.5793671], [10.6731155, 45.5792265], [10.6730887, 45.5790428], [10.6728376, 45.5784961], [10.6722984, 45.5780774], [10.6722881, 45.5778103], [10.6726098, 45.5776089], [10.6729962, 45.5774317], [10.6732413, 45.5769776], [10.6732823, 45.5765405], [10.6734217, 45.5762857], [10.6734396, 45.5757041], [10.6735228, 45.5753937], [10.6735869, 45.5751548], [10.6736303, 45.5750179], [10.6736001, 45.5748716], [10.6733865, 45.5747499], [10.6728628, 45.574571], [10.6726304, 45.5745933], [10.6725441, 45.5746504], [10.6720934, 45.5749486], [10.6715897, 45.5751736], [10.6714399, 45.574986], [10.6713398, 45.5747028], [10.6711354, 45.5741242], [10.6711041, 45.5737892], [10.6711914, 45.5737333], [10.6711893, 45.5736997], [10.6710852, 45.5736579], [10.6710571, 45.573538], [10.6710571, 45.5734192], [10.6711224, 45.5733386], [10.6710593, 45.5732624], [10.6711058, 45.5729268], [10.6714513, 45.5727858], [10.6714913, 45.5727719], [10.6714737, 45.5727428], [10.6715317, 45.5727265], [10.6715461, 45.5727488], [10.6716056, 45.572734], [10.6717373, 45.5727013], [10.6719001, 45.5726605], [10.6718904, 45.5726283], [10.6718846, 45.5726008], [10.6718881, 45.5725792], [10.6718908, 45.5725605], [10.6718834, 45.5725569], [10.6718774, 45.5725512], [10.6718753, 45.572539], [10.6719594, 45.5724779], [10.6719737, 45.5724857], [10.671996, 45.5724854], [10.6720087, 45.572484], [10.6720226, 45.5724832], [10.6720849, 45.5724847], [10.6721281, 45.5724944], [10.6721874, 45.5725263], [10.672213, 45.5725478], [10.6722332, 45.5725693], [10.6722853, 45.5725994], [10.6722961, 45.5726099]]]}}, {"type": "Feature", "properties": {"nome": "Lago di Garda"}, "geometry": {"type": "Polygon", "coordinates": [[[10.7180891, 45.6487172], [10.7178578, 45.6486299], [10.717776, 45.6486374], [10.7177465, 45.6486328], [10.7177371, 45.648569], [10.7176298, 45.6485006], [10.7173857, 45.6484593], [10.717084, 45.6484331], [10.717025, 45.6484949], [10.716983, 45.6484792], [10.7169995, 45.6483956], [10.7169714, 45.6483348], [10.7164429, 45.6481396], [10.7162391, 45.6481331], [10.7161637, 45.6481012], [10.7161532, 45.6479756], [10.7159226, 45.6478424], [10.7157777, 45.6478565], [10.7157509, 45.6478284], [10.7158005, 45.6477909], [10.715811, 45.647735], [10.7156248, 45.6475509], [10.7155202, 45.6474974], [10.7155229, 45.6474234], [10.7153486, 45.647384], [10.7153325, 45.647369], [10.715358, 45.6473362], [10.7153808, 45.6472734], [10.7152185, 45.6470324], [10.715028, 45.6469527], [10.7150165, 45.6469152], [10.7150978, 45.6468683], [10.7150146, 45.6465665], [10.7148108, 45.6464933], [10.7148001, 45.6464652], [10.7149181, 45.6464033], [10.7147464, 45.6462196], [10.7146874, 45.6460902], [10.71458, 45.6460478], [10.714556, 45.6460114], [10.7146257, 45.6459664], [10.7145869, 45.6458923], [10.7144299, 45.6456814], [10.7143024, 45.6456385], [10.71421, 45.6456458], [10.7142159, 45.6456039], [10.714296, 45.6455663], [10.7143088, 45.6455174], [10.713445, 45.6445962], [10.7133698, 45.6445145], [10.7132441, 45.6444595], [10.7130879, 45.6443436], [10.7130752, 45.6442952], [10.7130882, 45.6442603], [10.7130102, 45.6442156], [10.7126034, 45.6440597], [10.7120656, 45.6438468]]]}}, {"type": "Feature", "properties": {"nome": "Lago di Garda"}, "geometry": {"type": "Polygon", "coordinates": [[[10.7371702, 45.6733548], [10.7369413, 45.6732862], [10.7368773, 45.6733021], [10.7368378, 45.6732693], [10.7369323, 45.6731526], [10.7367098, 45.6729441], [10.7365809, 45.6727562], [10.7365665, 45.6727352], [10.7363887, 45.6725501], [10.7361944, 45.6723049], [10.7361674, 45.67221], [10.7360116, 45.6720406], [10.7357716, 45.6717579], [10.7354391, 45.6714192], [10.734859, 45.6708927], [10.7343691, 45.6704404], [10.734341, 45.6703773], [10.733937, 45.6699243], [10.7339412, 45.6698599], [10.7338733, 45.6697975], [10.7337912, 45.6698175], [10.7337455, 45.6697942], [10.7336942, 45.6696386], [10.7335642, 45.6694848], [10.7334777, 45.6694482], [10.7334411, 45.669358], [10.7334635, 45.6693433], [10.7334409, 45.6693167], [10.733408, 45.6692862], [10.7333572, 45.6692922], [10.7333056, 45.6692811], [10.7332622, 45.6691702], [10.7330228, 45.6689446], [10.7329373, 45.6689241], [10.7328511, 45.6687797], [10.7325658, 45.6684759], [10.7325343, 45.668426], [10.7324286, 45.6683833], [10.7324222, 45.6683169], [10.7322506, 45.6680883], [10.7320828, 45.6678082], [10.7317033, 45.6673153], [10.7314984, 45.667043], [10.7312545, 45.6666799], [10.7312967, 45.6666157], [10.7312553, 45.6665717], [10.7311872, 45.6665677], [10.7310205, 45.6663887], [10.7309286, 45.666388], [10.7308708, 45.6663316], [10.7308797, 45.6662926], [10.7308417, 45.6662749], [10.730788, 45.6662792], [10.7306402, 45.6661724], [10.7306255, 45.6660927], [10.7305814, 45.6660904], [10.730553, 45.66609], [10.7305312, 45.6660635], [10.7305598, 45.6660047], [10.7305064, 45.6659664], [10.7304456, 45.6659837], [10.7304028, 45.6659597], [10.7303821, 45.6659288], [10.730396, 45.6658935], [10.7303471, 45.6658463], [10.7303567, 45.6658148], [10.7303762, 45.6657515], [10.7303259, 45.665644], [10.7301612, 45.6654612], [10.7301002, 45.6654392], [10.7301049, 45.6653718], [10.7300181, 45.6652653], [10.7299307, 45.665164], [10.7298852, 45.6650891], [10.7298599, 45.6649397], [10.729805, 45.6648666], [10.7297581, 45.6647474], [10.729519, 45.6644857], [10.7289647, 45.6638606], [10.7288642, 45.6638223], [10.7288377, 45.6637776], [10.7288782, 45.6637514], [10.7288464, 45.6637282], [10.7288149, 45.663723]]]}}, {"type": "Feature", "properties": {"nome": "Lago di Garda"}, "geometry": {"type": "Polygon", "coordinates": [[[10.7288149, 45.663723], [10.7287735, 45.6637229], [10.7287021, 45.6636347], [10.7284568, 45.6636003], [10.7284013, 45.6635771], [10.7284013, 45.6635112], [10.7282211, 45.663331], [10.728113, 45.6633174], [10.7280714, 45.6632786], [10.7281989, 45.6632496], [10.7282322, 45.6631876]]]}}, {"type": "Feature", "properties": {"nome": "Lago di Garda"}, "geometry": {"type": "Polygon", "coordinates": [[[10.7282322, 45.6631876], [10.7281592, 45.6630829], [10.7281382, 45.6630527], [10.728027, 45.6628931], [10.7280437, 45.6627458], [10.7277553, 45.6622207], [10.7276444, 45.6621781], [10.727625, 45.6621452], [10.7276722, 45.6620857], [10.7276064, 45.6619425], [10.7274476, 45.6617505], [10.7272971, 45.6616296], [10.7271603, 45.6615197], [10.7266103, 45.6611178], [10.7264667, 45.6609705], [10.726279, 45.660616], [10.7262, 45.6605685], [10.7261407, 45.6605581], [10.7261407, 45.6605313], [10.726179, 45.660498], [10.726048, 45.6601659], [10.7258336, 45.6597875], [10.725766, 45.6596968], [10.7255794, 45.6596302], [10.7255701, 45.659608], [10.7255993, 45.6595099], [10.7256019, 45.6593656], [10.7253702, 45.6589968], [10.7253649, 45.6589098], [10.7251875, 45.6588118], [10.7251584, 45.658734], [10.7252074, 45.6586776], [10.7252219, 45.658623], [10.7251624, 45.6585555], [10.7250896, 45.6585185], [10.7250234, 45.6584537], [10.7249506, 45.6584408], [10.7249228, 45.6584731], [10.7248725, 45.6584694], [10.7248235, 45.6584805], [10.7248116, 45.6584639], [10.7249241, 45.6583612], [10.7249, 45.6583251], [10.7248473, 45.6583012], [10.7247732, 45.6582901], [10.7247163, 45.6582513], [10.7246183, 45.6582161], [10.7245596, 45.6582123], [10.7245429, 45.658193], [10.7245614, 45.6581476], [10.7245455, 45.6580755], [10.7244383, 45.65802], [10.7243642, 45.6580412], [10.7243367, 45.6580375], [10.7243192, 45.6580227], [10.7243218, 45.6579904], [10.7244026, 45.657933], [10.7241392, 45.6577905], [10.7240994, 45.6578044], [10.7240809, 45.6577859], [10.7241709, 45.6576693], [10.7240465, 45.6575102], [10.7238254, 45.6573918], [10.723814, 45.657373], [10.7238557, 45.6573237], [10.7237081, 45.6571581], [10.7234697, 45.6570425], [10.7234385, 45.6570359], [10.7234372, 45.6570179], [10.7235252, 45.656963], [10.7235076, 45.6568182], [10.7231645, 45.6562098], [10.7231174, 45.6561886], [10.7231016, 45.6561814], [10.7231099, 45.6561301], [10.7229838, 45.6558801], [10.7228646, 45.65579], [10.7228701, 45.6557183], [10.7227911, 45.6555235], [10.722719, 45.6554547], [10.7226414, 45.6552464], [10.7225319, 45.6552106], [10.7225019, 45.6550134], [10.7225542, 45.655], [10.7224591, 45.6546117], [10.7224251, 45.6545594], [10.7222656, 45.6538471], [10.7220664, 45.6538124], [10.7219225, 45.6534964], [10.7219491, 45.6534903], [10.722057, 45.6534654], [10.7220843, 45.6534588], [10.7219616, 45.6532367], [10.7219899, 45.6531913], [10.721931, 45.6531075], [10.7217399, 45.6530218], [10.7216813, 45.6528973], [10.721582, 45.6529067], [10.7215431, 45.6528533], [10.721641, 45.6528167], [10.7215968, 45.6526948], [10.7214694, 45.6525711], [10.721392, 45.6525882], [10.7213648, 45.6525467], [10.7214332, 45.6524258], [10.7213899, 45.6523266], [10.7213859, 45.6523173], [10.7212427, 45.6519889], [10.7212377, 45.6519793], [10.7212306, 45.6519657], [10.721228, 45.6519608], [10.7211676, 45.6517921], [10.7210992, 45.6517311], [10.7210134, 45.6517349], [10.7210094, 45.6517086], [10.7210792, 45.6516609], [10.7209128, 45.6514012], [10.7208256, 45.6514162], [10.7208109, 45.6513899], [10.7208846, 45.651329], [10.7207961, 45.651148], [10.7206781, 45.6510787], [10.7205735, 45.6511096], [10.7205601, 45.6510787], [10.7206419, 45.6510262], [10.7206346, 45.6509381], [10.720316, 45.6506052], [10.7199807, 45.6504721], [10.7198761, 45.6504843], [10.7198748, 45.6504515], [10.719966, 45.6503896], [10.719957, 45.6503009], [10.7196119, 45.6499528], [10.7193479, 45.6497578], [10.719097, 45.649514], [10.7189669, 45.6494962], [10.7189088, 45.6494849], [10.7189535, 45.6493753], [10.7186847, 45.6491149], [10.7183995, 45.6488971], [10.718291, 45.6488015], [10.7180891, 45.6487172]]]}}, {"type": "Feature", "properties": {"nome": "Lago di Garda"}, "geometry": {"type": "Polygon", "coordinates": [[[10.7812638, 45.7293656], [10.7811372, 45.7289695], [10.7810357, 45.7288882], [10.7810996, 45.7288698], [10.7810977, 45.7288003], [10.7809868, 45.7286927], [10.7808778, 45.7286219], [10.7808348, 45.7285431], [10.7809812, 45.7284867], [10.780983, 45.7282571], [10.7809271, 45.7281466], [10.7808589, 45.7281555], [10.7808377, 45.7281222], [10.7808724, 45.7281107], [10.7809045, 45.7280955], [10.7809244, 45.7280332], [10.7808692, 45.7279066], [10.7808241, 45.7278845], [10.7807965, 45.727855], [10.7807987, 45.7278181], [10.7807892, 45.7277654], [10.780752, 45.7277625], [10.7807445, 45.72775], [10.7807462, 45.727739], [10.7807751, 45.7277204], [10.7808, 45.727699], [10.7808212, 45.7276548], [10.7808071, 45.7276013], [10.780736, 45.7275953], [10.7807352, 45.7275626], [10.7807513, 45.7275466], [10.7808091, 45.7275334], [10.7808362, 45.7274867], [10.7808528, 45.727439], [10.780873, 45.7272002], [10.7808129, 45.7271256], [10.7808084, 45.7270701], [10.7809203, 45.7270645], [10.7809322, 45.7265334], [10.7808098, 45.7265354], [10.7807938, 45.7265291], [10.7807846, 45.7264766], [10.7807846, 45.7263828], [10.780677, 45.7263852], [10.7806744, 45.7263288], [10.7807861, 45.7263263], [10.7807787, 45.7261965], [10.7808114, 45.7261923], [10.7808473, 45.7261876], [10.7808887, 45.7257717], [10.7808377, 45.7257521], [10.7808437, 45.7256842], [10.7808983, 45.7251825], [10.780899, 45.7251172], [10.7808581, 45.7250139], [10.7808581, 45.7249214], [10.7808152, 45.7248403], [10.7807664, 45.7247723], [10.7807723, 45.7247011], [10.7808005, 45.7246611], [10.7808082, 45.7246282], [10.7808241, 45.7245864], [10.7808694, 45.724403], [10.780847, 45.724249], [10.7808572, 45.7240988], [10.7809008, 45.7239941], [10.7810008, 45.7238281], [10.7811095, 45.723586], [10.7811055, 45.7235309], [10.7810374, 45.7233969], [10.7809945, 45.7233767], [10.7809331, 45.7233578], [10.7809213, 45.72333], [10.7809503, 45.723315], [10.7809553, 45.7232736], [10.7809149, 45.7231907], [10.780816, 45.7230666], [10.7807014, 45.7229536], [10.7804239, 45.7226409], [10.7803218, 45.7226185], [10.7802777, 45.7225811], [10.7802265, 45.7226059], [10.7801642, 45.7226339], [10.7801174, 45.7226199], [10.7801864, 45.7225609], [10.7802287, 45.7225531], [10.7802376, 45.7224801], [10.7801638, 45.7224128], [10.7798665, 45.7225467], [10.7793008, 45.7221388], [10.7789203, 45.7217759], [10.7787689, 45.7216322], [10.7786203, 45.7215085], [10.7784945, 45.7213569], [10.7783802, 45.7213038], [10.7784852, 45.7212223], [10.7784662, 45.7211681], [10.7784774, 45.7211355], [10.7785288, 45.7210996], [10.7785057, 45.7210611], [10.778432, 45.7210435], [10.7784409, 45.7210233], [10.778499, 45.7210347], [10.7785169, 45.7210207], [10.7785413, 45.7209928], [10.7785458, 45.7209663], [10.778548, 45.7209446], [10.7785013, 45.7208964], [10.7784323, 45.7208389], [10.7783388, 45.7207829], [10.7782319, 45.7207363], [10.7781677, 45.720719], [10.7781107, 45.7207422], [10.7780477, 45.7207544], [10.7779459, 45.7207413], [10.7779265, 45.7207233], [10.7779312, 45.7206878], [10.7778919, 45.7206663], [10.7778635, 45.7206489], [10.7778427, 45.7206667], [10.777779, 45.7206526], [10.7776982, 45.7205041], [10.7774966, 45.7203222], [10.7771373, 45.7199485], [10.7770742, 45.7199523], [10.77703, 45.719927], [10.7770393, 45.7198703], [10.7767403, 45.7196817], [10.7766612, 45.7197332], [10.776629, 45.7197163], [10.776637, 45.7196274], [10.7763675, 45.7194205], [10.776291, 45.719457], [10.7762307, 45.7194476], [10.7762225, 45.7194187], [10.7762669, 45.7193764], [10.7762401, 45.7193296], [10.7761033, 45.7192725], [10.7759515, 45.7192008], [10.7757305, 45.719016], [10.7755749, 45.718957], [10.7754503, 45.7189746], [10.7753576, 45.7189392], [10.7753234, 45.7188975], [10.7753496, 45.7188217], [10.7753156, 45.7188055], [10.7748759, 45.7186202], [10.7748056, 45.7185224], [10.7744174, 45.7184476], [10.7741844, 45.7184202], [10.7739567, 45.7184061], [10.773899, 45.7183525], [10.7739032, 45.7182931], [10.7739357, 45.7182039], [10.7738549, 45.7180856], [10.774032, 45.718024], [10.7739397, 45.7178366], [10.773748, 45.7176306], [10.7735943, 45.7174854], [10.7734752, 45.7173973], [10.7733811, 45.7173701], [10.7733456, 45.7174172], [10.7733051, 45.7174349], [10.7732718, 45.7174153], [10.7732776, 45.7173708], [10.7733119, 45.7173264], [10.7731716, 45.7171896], [10.7730314, 45.7169336], [10.7728152, 45.7167461], [10.7727532, 45.7167777], [10.7727085, 45.7167411], [10.7727539, 45.7166668], [10.7727151, 45.7165547], [10.7726504, 45.7164933], [10.772557, 45.7164419], [10.772417, 45.7164102], [10.7723937, 45.7163228], [10.7722539, 45.7162681], [10.7722586, 45.7162631], [10.772359, 45.7162847], [10.7723755, 45.7162763], [10.7720604, 45.7160971], [10.771876, 45.716036], [10.7715262, 45.7156301], [10.7713695, 45.7155571], [10.7713218, 45.7155111], [10.7713604, 45.7154572], [10.7713059, 45.7153193], [10.7710248, 45.7150697], [10.7708914, 45.7150138], [10.7708281, 45.7150386], [10.7707342, 45.7150048], [10.7707263, 45.7149406], [10.7706897, 45.7148115], [10.7704307, 45.7147206], [10.77019, 45.7147335], [10.7700871, 45.7145734], [10.7700791, 45.7145014], [10.7700651, 45.7143762], [10.7700227, 45.7139967], [10.7693912, 45.7134698], [10.7688174, 45.7130494], [10.7688093, 45.7130406], [10.7678186, 45.7118003], [10.7675775, 45.710501], [10.7669735, 45.7090675], [10.7665873, 45.7087079], [10.7664757, 45.7083123], [10.7659889, 45.7075972], [10.7658962, 45.7076256], [10.7658809, 45.7076013], [10.7658654, 45.7075766], [10.7659582, 45.7075482], [10.7657802, 45.7072513], [10.7655763, 45.7071443], [10.7654578, 45.7068112], [10.7653499, 45.7066859], [10.7652827, 45.7066033], [10.7652312, 45.7065674], [10.7652827, 45.7065194], [10.7646647, 45.7060346], [10.7636347, 45.7050456], [10.7631951, 45.7041031], [10.7630787, 45.7037866], [10.762829, 45.7035334], [10.7622641, 45.7027963], [10.7619701, 45.7023493], [10.761648, 45.7022058], [10.7612862, 45.7015833], [10.7611331, 45.7014863], [10.7611427, 45.7012858], [10.7606731, 45.700809], [10.7605302, 45.7004136], [10.7600947, 45.7000259], [10.7597014, 45.6996884], [10.7592801, 45.6993171], [10.7587263, 45.6986113], [10.7575493, 45.6973018], [10.7574549, 45.6970064], [10.7570983, 45.6967552], [10.7569115, 45.6967193], [10.7568735, 45.6966508], [10.7564481, 45.6962851], [10.7559992, 45.695756], [10.7558278, 45.6955971], [10.7557122, 45.6954062], [10.7556465, 45.6952682], [10.7554764, 45.6949643], [10.7553518, 45.6949099], [10.7553559, 45.694875], [10.7554178, 45.694828], [10.7553214, 45.6945653], [10.7552629, 45.6945124], [10.7551263, 45.6944732], [10.7552503, 45.6943888], [10.7550756, 45.6940567], [10.7548542, 45.6937804], [10.7548401, 45.6937238], [10.7547644, 45.6936329], [10.7545961, 45.6935716], [10.7544751, 45.6935249], [10.7545175, 45.6934747], [10.7545124, 45.6933527], [10.7543651, 45.6932591], [10.7541917, 45.6930257], [10.7541198, 45.6929814], [10.7541198, 45.692943], [10.7540326, 45.6927973], [10.7538745, 45.6926417], [10.7537392, 45.6924645], [10.7534638, 45.6920617], [10.7530499, 45.6918559], [10.7528892, 45.6918234], [10.7528384, 45.6917171], [10.7525974, 45.6914601], [10.7523233, 45.6911501], [10.7520688, 45.6908811], [10.7518911, 45.690568], [10.7515613, 45.6899653], [10.751319, 45.6894403], [10.7510529, 45.6890545], [10.7508575, 45.6888669], [10.750665, 45.688743], [10.7506486, 45.688707], [10.7506693, 45.6886784], [10.7507283, 45.6887554], [10.7509277, 45.6886926], [10.7508489, 45.6885801], [10.7504406, 45.6879831], [10.7502249, 45.6879181], [10.7500261, 45.6878797], [10.7498297, 45.6878696], [10.7496697, 45.6878294], [10.7495795, 45.6876711], [10.7495467, 45.6876135], [10.7494731, 45.6874844], [10.7492965, 45.6871528], [10.7492835, 45.6871329], [10.7492556, 45.6871323], [10.7492285, 45.6871214], [10.7492145, 45.6870998], [10.7492244, 45.6870785], [10.7492497, 45.6870663], [10.7492291, 45.6870304], [10.7492192, 45.6870135], [10.7491991, 45.6869774], [10.7491675, 45.6869777], [10.7491416, 45.686966], [10.7491298, 45.6869479], [10.749133, 45.6869301], [10.7491456, 45.6869156], [10.7490968, 45.6868559], [10.749048, 45.6867937], [10.7491361, 45.6867459], [10.7491148, 45.6867201], [10.749071, 45.6865815], [10.7491022, 45.6865655], [10.7490371, 45.6864728], [10.7487834, 45.6860308], [10.7485683, 45.6859478], [10.7484535, 45.6858149], [10.7485936, 45.6857538], [10.7484143, 45.6855269], [10.7481401, 45.6850624], [10.7479723, 45.684795], [10.747917, 45.6847766], [10.7478293, 45.6847475], [10.747897, 45.684686], [10.7478463, 45.6846482], [10.7477481, 45.6846175], [10.7476703, 45.6846647], [10.7476162, 45.6846151], [10.7476771, 45.6845395], [10.7473625, 45.6841826], [10.7472739, 45.6840599], [10.7470844, 45.6839698], [10.7469695, 45.6839342], [10.7469301, 45.6839013], [10.7469309, 45.6838484], [10.7469084, 45.6838316], [10.7468792, 45.683817], [10.7468207, 45.6838314], [10.7467423, 45.6837732], [10.7466874, 45.6836832], [10.7464264, 45.6834599], [10.7462664, 45.6832548], [10.7461725, 45.6832336], [10.7461198, 45.6832034], [10.7461193, 45.6831834], [10.7461872, 45.6831492], [10.7460431, 45.6830005], [10.745887, 45.6828408], [10.7457642, 45.6826717], [10.7455981, 45.6824613], [10.7455225, 45.6823435], [10.7453533, 45.6820961], [10.745095, 45.6818632], [10.7449026, 45.6817506], [10.7447952, 45.6817894], [10.7447389, 45.681785], [10.7446947, 45.6817216], [10.7447356, 45.6815975], [10.7445035, 45.6813536], [10.7441678, 45.6809895], [10.7439253, 45.6807564], [10.7437184, 45.6805127], [10.7435594, 45.6805168], [10.7434722, 45.6805062], [10.7434374, 45.6804498], [10.7435388, 45.680328], [10.7434397, 45.680246], [10.7431635, 45.6801539], [10.7430281, 45.6801449], [10.742932, 45.6801742], [10.7428696, 45.68016], [10.7428397, 45.6801367], [10.7428203, 45.6801], [10.7429431, 45.6799595], [10.7429334, 45.6799543], [10.7429223, 45.6799483], [10.7427933, 45.6800684], [10.7427421, 45.6800872], [10.7426968, 45.6800812], [10.7426636, 45.6799988], [10.7425737, 45.6799149], [10.7421661, 45.6796969], [10.7418755, 45.679342], [10.7417169, 45.6792742], [10.7416339, 45.6791746], [10.7415291, 45.6791187], [10.7414382, 45.67913], [10.741408, 45.6790839], [10.7413835, 45.6789934], [10.7413134, 45.6789394], [10.7412408, 45.6789161], [10.7411619, 45.6789015], [10.7411344, 45.6788644], [10.7411518, 45.678812], [10.7410609, 45.6787782], [10.7410192, 45.6787368], [10.7409443, 45.6787509], [10.7409276, 45.6787068], [10.7409077, 45.6786084], [10.7405743, 45.6781994], [10.7404312, 45.6780747], [10.7403697, 45.6780764], [10.740363, 45.6779959], [10.7403332, 45.6779457], [10.7402621, 45.6778955], [10.7402134, 45.677864], [10.7402564, 45.6778237], [10.7402467, 45.6778025], [10.7402174, 45.6777754], [10.7401769, 45.6777764], [10.7401481, 45.6777572], [10.7401373, 45.6777073], [10.7401494, 45.6776275], [10.7399595, 45.6773281], [10.7397395, 45.6769185], [10.7395947, 45.6768471], [10.7395129, 45.6767965], [10.7394417, 45.6767866], [10.7394286, 45.6767266], [10.7394816, 45.6766705], [10.739519, 45.6765728], [10.7394176, 45.6764216], [10.7393651, 45.6763434], [10.7391272, 45.6760593], [10.7387833, 45.675514], [10.7385892, 45.6752076], [10.7384833, 45.675113], [10.7383747, 45.6751027], [10.7384142, 45.6750268], [10.7384659, 45.6749865], [10.7384404, 45.6748844], [10.7383586, 45.6748033], [10.7382754, 45.6748244], [10.7382908, 45.6747752], [10.7383338, 45.6747508], [10.7383532, 45.6747016], [10.7382432, 45.6745657], [10.738152, 45.6744983], [10.7380796, 45.6745043], [10.738081, 45.6744645], [10.7381238, 45.6744415], [10.7381775, 45.6743985], [10.7380595, 45.6742406], [10.7379797, 45.6741262], [10.7378858, 45.6740728], [10.737792, 45.6740803], [10.7377859, 45.6740353], [10.7378181, 45.6739604], [10.737692, 45.6738287], [10.7374788, 45.673676], [10.7373903, 45.6736441], [10.73734, 45.6735949], [10.7372662, 45.6735893], [10.7371804, 45.6734942], [10.7371737, 45.6734033], [10.7371702, 45.6733548]]]}}, {"type": "Feature", "properties": {"nome": "Lago di Garda"}, "geometry": {"type": "Polygon", "coordinates": [[[10.7996646, 45.7468696], [10.7995589, 45.7468319], [10.7995751, 45.7467614], [10.7996869, 45.7467347], [10.7998555, 45.746426], [10.7997882, 45.7463185], [10.7996943, 45.7463124], [10.7997029, 45.7462589], [10.799764, 45.7462279], [10.7998337, 45.7461318], [10.7998184, 45.7460564], [10.7996947, 45.745994], [10.7996075, 45.7459308], [10.7994133, 45.7457001], [10.7992576, 45.7455903], [10.799179, 45.7455596], [10.799135, 45.7453972], [10.7990469, 45.7454038], [10.7990548, 45.7453445], [10.7989981, 45.7452622], [10.7989006, 45.745249], [10.7988456, 45.7452095], [10.7988989, 45.7451909], [10.7988909, 45.7450944], [10.7983845, 45.744649], [10.7982572, 45.7446236], [10.7981804, 45.7445577], [10.7982056, 45.7443086], [10.7981096, 45.7442054], [10.7980247, 45.7440188], [10.7978071, 45.7438227], [10.7978071, 45.7437898], [10.7978574, 45.7437438], [10.7978386, 45.7435683], [10.7977631, 45.7435068], [10.7976702, 45.7434952], [10.7976374, 45.7434717], [10.7977631, 45.7434322], [10.797606, 45.7431536], [10.7973576, 45.7428443], [10.7972979, 45.7428597], [10.7972602, 45.742807], [10.7973293, 45.7427873], [10.797037, 45.742366], [10.7967257, 45.7420095], [10.7965843, 45.7419755], [10.7965559, 45.7419286], [10.7966514, 45.7418906], [10.7964309, 45.7416241], [10.7963173, 45.7414798], [10.7961832, 45.7414909], [10.7961764, 45.7414528], [10.7962423, 45.7413909], [10.7958355, 45.7409595], [10.7955845, 45.740659], [10.7954239, 45.7397957], [10.7954088, 45.7396685], [10.7952264, 45.7393853], [10.7949384, 45.7392029], [10.7946761, 45.7390808], [10.7943438, 45.7389809], [10.7942393, 45.7389799], [10.7941587, 45.7388604], [10.7934, 45.738414], [10.7932396, 45.7382012], [10.7931515, 45.7380844], [10.7928993, 45.7377421], [10.7927778, 45.7373436], [10.7925822, 45.7370307], [10.7922918, 45.7367724], [10.7921624, 45.7367975], [10.7920116, 45.7366382], [10.7918486, 45.7365386], [10.7916774, 45.7364931], [10.7916611, 45.7363566], [10.7915144, 45.7362371], [10.7913433, 45.7361717], [10.7912098, 45.7360074], [10.7911964, 45.7358108], [10.7910095, 45.7355721], [10.7907055, 45.7352379], [10.7902877, 45.7351179], [10.7902665, 45.7351618], [10.7902493, 45.7351581], [10.7902106, 45.7351508], [10.790244, 45.7350908], [10.7902349, 45.7350861], [10.7902749, 45.7349322], [10.7900639, 45.7348767], [10.7899089, 45.7348878], [10.7893269, 45.7348747], [10.789181, 45.7348034], [10.7887925, 45.7346653], [10.7887857, 45.7346235], [10.7888035, 45.7345297], [10.7887805, 45.7344933], [10.7888582, 45.7344461], [10.7888373, 45.7344163], [10.788748, 45.7344331], [10.7887322, 45.7344249], [10.7886945, 45.7344006], [10.7883841, 45.7340914], [10.7882543, 45.734096], [10.788315, 45.7340012], [10.7874516, 45.7328753], [10.7872191, 45.7324739], [10.7869002, 45.7319566], [10.7867556, 45.7317871], [10.7865832, 45.7316571], [10.786264, 45.7315833], [10.7859926, 45.7315585], [10.7858338, 45.7315533], [10.7857218, 45.7315733], [10.7856414, 45.7315723], [10.7855728, 45.7315218], [10.785556, 45.7314737], [10.7852111, 45.7314077], [10.7851485, 45.7314347], [10.7850657, 45.7314305], [10.784953, 45.7313743], [10.7848705, 45.7313137], [10.7845245, 45.7312687], [10.7844145, 45.7313033], [10.7843207, 45.7312893], [10.7841803, 45.7312023], [10.7841294, 45.7311229], [10.7840854, 45.7310616], [10.7838941, 45.7309819], [10.7838469, 45.7310089], [10.7838044, 45.7310019], [10.7837917, 45.7309758], [10.7838202, 45.7309013], [10.7836312, 45.7307617], [10.7834069, 45.7306941], [10.7831418, 45.7306516], [10.7830939, 45.7306825], [10.7830216, 45.7306313], [10.7830778, 45.7305389], [10.7829621, 45.7304232], [10.7827216, 45.7303287], [10.7825148, 45.7302933], [10.7824678, 45.730313], [10.7824247, 45.7302941], [10.782402, 45.7302841], [10.7823964, 45.7302382], [10.7822033, 45.7301961], [10.7820224, 45.7301306], [10.7817386, 45.7300336], [10.7816503, 45.7300441], [10.7815868, 45.730013], [10.78156, 45.7299693], [10.7815676, 45.7299129], [10.7816202, 45.729884], [10.7815901, 45.7298263], [10.7814078, 45.7296767], [10.781327, 45.7297043], [10.7812963, 45.7296686], [10.7813619, 45.7296225], [10.781374, 45.7295809], [10.7813665, 45.7295219], [10.7812638, 45.7293656]]]}}, {"type": "Feature", "properties": {"nome": "Lago di Garda"}, "geometry": {"type": "Polygon", "coordinates": [[[10.8065484, 45.7615169], [10.8064554, 45.7611476], [10.8064434, 45.7609965], [10.8065048, 45.7607852], [10.806741, 45.7604968], [10.8067083, 45.7604649], [10.8068046, 45.7603254], [10.807071, 45.7599083], [10.8071338, 45.7598739], [10.8072308, 45.7595607], [10.8072235, 45.7593816], [10.807162, 45.7593617], [10.8071313, 45.7591704], [10.8071238, 45.7591238], [10.8072426, 45.7591095], [10.8072282, 45.7589586], [10.8071915, 45.7586208], [10.8070645, 45.7583628], [10.8069939, 45.7582315], [10.8069113, 45.7580634], [10.8068468, 45.7578776], [10.8068583, 45.7577446], [10.806843, 45.7576214], [10.8067643, 45.7575106], [10.8066197, 45.7574003], [10.8065061, 45.7573076], [10.8063773, 45.7572795], [10.8062857, 45.7572523], [10.8062131, 45.7571928], [10.8061954, 45.7571178], [10.8061911, 45.7570994], [10.8061424, 45.7570598], [10.8060111, 45.7569867], [10.8056065, 45.7567904], [10.8050595, 45.7565529], [10.8048361, 45.7564534], [10.8046896, 45.7563396], [10.8045551, 45.7561633], [10.8041951, 45.7555541], [10.8040719, 45.7553325], [10.8040363, 45.7552938], [10.8039222, 45.7551696], [10.8037782, 45.7550736], [10.8036991, 45.7550598], [10.8036407, 45.7550323], [10.8036059, 45.7549606], [10.8033918, 45.7548556], [10.803252, 45.7548111], [10.8029879, 45.7547803], [10.8025987, 45.7547716], [10.8012155, 45.754781], [10.8006302, 45.7547768], [10.8004814, 45.7548076], [10.8004665, 45.7547561], [10.8001154, 45.7547811], [10.7997629, 45.7547647], [10.7994247, 45.7546605], [10.7989526, 45.7542061], [10.7988739, 45.7542051], [10.7988404, 45.7541011], [10.7978989, 45.7536234], [10.797766, 45.7535983], [10.7977724, 45.7534962], [10.7977121, 45.7534304], [10.797661, 45.7534123], [10.7975989, 45.7534257], [10.7975144, 45.7534523], [10.7974652, 45.7533762], [10.7975521, 45.7533489], [10.7975234, 45.7532638], [10.7974396, 45.7532015], [10.7973011, 45.7532344], [10.7972592, 45.7531948], [10.7973429, 45.753049], [10.7971866, 45.7528873], [10.7970144, 45.7527975], [10.7969387, 45.7528135], [10.7968832, 45.7527877], [10.7969197, 45.7526551], [10.7968007, 45.7525748], [10.7968981, 45.7525021], [10.7967601, 45.7524181], [10.7968007, 45.75237], [10.7966898, 45.7523016], [10.7964738, 45.7522214], [10.7962221, 45.7521782], [10.7959272, 45.7521481], [10.7958146, 45.7521242], [10.7956512, 45.7521017], [10.7955848, 45.7521473], [10.7954225, 45.7521086], [10.7953455, 45.7519849], [10.7953008, 45.7519821], [10.7951429, 45.7516661], [10.7952237, 45.7514317], [10.7952575, 45.7512583], [10.7952687, 45.7512011], [10.7952813, 45.7507261], [10.7951322, 45.7502427], [10.7950784, 45.7497112], [10.7951243, 45.748451], [10.7949012, 45.7483788], [10.7950385, 45.7483478], [10.7950587, 45.7482935], [10.7950386, 45.7480442], [10.7951738, 45.7478316], [10.795238, 45.7478297], [10.7953488, 45.7478492], [10.795584, 45.7479915], [10.7957536, 45.7479641], [10.7958838, 45.7480155], [10.7959182, 45.7481253], [10.7960951, 45.7482727], [10.7964317, 45.7484099], [10.7965074, 45.7484132], [10.7965311, 45.7484009], [10.7965827, 45.7484097], [10.796589, 45.7484545], [10.7968744, 45.7486559], [10.7972532, 45.748709], [10.7973526, 45.748688], [10.7974394, 45.7487424], [10.7976847, 45.7488091], [10.7978546, 45.748788], [10.7981747, 45.7486372], [10.7987276, 45.7482673], [10.7988409, 45.7481675], [10.7991817, 45.7478673], [10.7991744, 45.747834], [10.7991291, 45.7478279], [10.7991295, 45.7477943], [10.7991454, 45.7477664], [10.7992151, 45.7477631], [10.7993625, 45.7476107], [10.799431, 45.7475399], [10.7994776, 45.7474337], [10.7993842, 45.7473982], [10.7993933, 45.7473468], [10.7994738, 45.7473292], [10.7996301, 45.7469663], [10.7996646, 45.7468696]]]}}, {"type": "Feature", "properties": {"nome": "Lago di Garda"}, "geometry": {"type": "Polygon", "coordinates": [[[10.8431416, 45.8046064], [10.8429328, 45.804537], [10.8428374, 45.8044212], [10.8425777, 45.8043262], [10.8423907, 45.804165], [10.84215, 45.8040678], [10.842156, 45.8039324], [10.8420377, 45.8038584], [10.8419195, 45.8037996], [10.8419343, 45.8037377], [10.8416809, 45.8035779], [10.841567, 45.8035819], [10.8415576, 45.8034658], [10.8413725, 45.8033124], [10.8412762, 45.8032739], [10.8412491, 45.8031965], [10.8410453, 45.8030974], [10.840927, 45.8031093], [10.8409247, 45.8030084], [10.8406349, 45.8027664], [10.8404898, 45.8027383], [10.8405062, 45.8026449], [10.8403217, 45.8024166], [10.8400558, 45.8022877], [10.8400716, 45.8022447], [10.8398333, 45.802083], [10.8396674, 45.8020539], [10.8397236, 45.8019266], [10.8395379, 45.8018408], [10.8393461, 45.801815], [10.8393905, 45.8017223], [10.8391463, 45.8016015], [10.8388519, 45.8015655], [10.8387347, 45.8014307], [10.8386232, 45.8013322], [10.838216, 45.8011366], [10.8379214, 45.8010941], [10.8379148, 45.8009488], [10.8374574, 45.8004559], [10.8373594, 45.8003027], [10.8372164, 45.8000934], [10.8372057, 45.7999382], [10.8371144, 45.7997904], [10.8371321, 45.7992171], [10.8372798, 45.7992014], [10.8374668, 45.7984546], [10.8371296, 45.7981715], [10.8367377, 45.7981544], [10.8363837, 45.7978217], [10.8353087, 45.7968054], [10.8351832, 45.7966069], [10.8350446, 45.7965495], [10.8349184, 45.7964728], [10.8349176, 45.7961818], [10.8349326, 45.7959226], [10.8347731, 45.7957877], [10.8343879, 45.7956482], [10.8342637, 45.7952689], [10.8339114, 45.7950425], [10.8339387, 45.7946623], [10.834076, 45.7944944], [10.833785, 45.7942207], [10.8328572, 45.7933933], [10.8316813, 45.7925734], [10.8309872, 45.7922835], [10.8306532, 45.7919982], [10.8301982, 45.7917784], [10.8297473, 45.7917116], [10.8292205, 45.7916727], [10.8290689, 45.7915614], [10.8288055, 45.7915113], [10.8286618, 45.7915252], [10.828602, 45.7914695], [10.8283865, 45.7914167], [10.8281795, 45.7913868], [10.828117, 45.7912802], [10.8280039, 45.7911714], [10.8278284, 45.7910843], [10.8276334, 45.7910408], [10.8275164, 45.790913], [10.8271965, 45.7907798], [10.8267675, 45.7906383], [10.8264477, 45.790535], [10.8263827, 45.7905232], [10.8261708, 45.7903473], [10.8257925, 45.7901733], [10.8255116, 45.7901543], [10.8254453, 45.7901434], [10.8253985, 45.7899748], [10.8251567, 45.7898197], [10.8247589, 45.7896919], [10.8243962, 45.7896566], [10.8243702, 45.7896516], [10.8243183, 45.7896416], [10.8243104, 45.7895641], [10.8243845, 45.7894499], [10.8243377, 45.7893765], [10.8241466, 45.7892541], [10.8238696, 45.7891155], [10.8234913, 45.7891018], [10.8231205, 45.7891317], [10.8223447, 45.7892731], [10.8221074, 45.7892838], [10.8218129, 45.7890714], [10.8217011, 45.7887917], [10.8214788, 45.7885034], [10.8212517, 45.7883773], [10.8211683, 45.7882494], [10.8211707, 45.7879378], [10.8212292, 45.787935], [10.8212639, 45.7879457], [10.8214275, 45.7879962], [10.8214125, 45.7879263], [10.821488, 45.7879184], [10.8215106, 45.7880236], [10.8215372, 45.788033], [10.8216722, 45.7879594], [10.8218263, 45.7877852], [10.8218669, 45.7876052], [10.8218569, 45.7875228], [10.8217321, 45.787459], [10.8216972, 45.7874101], [10.8216348, 45.7872225], [10.8214749, 45.7870348], [10.8212526, 45.7869124], [10.8212097, 45.7868761], [10.8211633, 45.7867907], [10.821003, 45.7866731], [10.820847, 45.7866268], [10.820771, 45.7866757], [10.8206894, 45.7866402], [10.8208229, 45.7865276], [10.820815, 45.7864247], [10.8206364, 45.7863331], [10.8202814, 45.7859823], [10.8201449, 45.7859415], [10.8200474, 45.7859605], [10.8200047, 45.7859053], [10.820075, 45.7858377], [10.819985, 45.7857103], [10.8198602, 45.7856205], [10.8197666, 45.7856015], [10.8197209, 45.7855591], [10.8197985, 45.7854789], [10.8196566, 45.7853189], [10.8194332, 45.7851926], [10.819191, 45.7851018], [10.8186746, 45.7842333], [10.8186964, 45.7841435], [10.8186211, 45.7839694], [10.8185776, 45.7839376], [10.8185187, 45.7838415], [10.8184963, 45.7836433], [10.8185445, 45.7836314], [10.8185749, 45.783622], [10.8185607, 45.7835112], [10.8185201, 45.7835126], [10.8185152, 45.7834647], [10.8185508, 45.7834647], [10.8184949, 45.7833505], [10.8184509, 45.7832539], [10.8184319, 45.7832218], [10.8183629, 45.7832245], [10.8183378, 45.7831863], [10.8183933, 45.7831743], [10.818324, 45.7830608], [10.8182957, 45.7829515], [10.8181595, 45.7829622], [10.818121, 45.7829449], [10.8181486, 45.7829088], [10.8182335, 45.7828475], [10.8182417, 45.7828051], [10.8182209, 45.7827734], [10.8181843, 45.7827568], [10.8181375, 45.7827485], [10.8179947, 45.7827934], [10.8178644, 45.7827878], [10.8178496, 45.7827168], [10.8177466, 45.7826498], [10.8176253, 45.7823815], [10.817522, 45.7823084], [10.8174976, 45.78217], [10.8172756, 45.7817478], [10.8172318, 45.7817191], [10.8172302, 45.7816879], [10.8172827, 45.7816675], [10.8173627, 45.7816658], [10.8174632, 45.7815765], [10.8174825, 45.7814358], [10.8174403, 45.7811883], [10.8172401, 45.7809036], [10.8171569, 45.7808551], [10.8171891, 45.7807823], [10.816936, 45.7802979], [10.8165312, 45.7798925], [10.8165257, 45.7798814], [10.8164397, 45.7797348], [10.8162902, 45.7796721], [10.816354, 45.7795603], [10.8163032, 45.7794447], [10.8161829, 45.7793956], [10.8161905, 45.7793512], [10.8162798, 45.7793157], [10.8163617, 45.7792069], [10.8164046, 45.7790627], [10.8163143, 45.7788745], [10.8162608, 45.7787634], [10.8161394, 45.7787336], [10.8160185, 45.7787472], [10.8159207, 45.7785637], [10.815984, 45.7784784], [10.8158925, 45.7781965], [10.8157837, 45.7781512], [10.8158753, 45.7780327], [10.8157555, 45.7778472], [10.8156101, 45.7775526], [10.8153741, 45.7772946], [10.8149228, 45.7770679], [10.8147725, 45.776747], [10.8146642, 45.7767251], [10.8147087, 45.7766562], [10.8144906, 45.7765186], [10.8140228, 45.7758264], [10.8137735, 45.7753136], [10.8135689, 45.7750324], [10.8134739, 45.7748914], [10.8134131, 45.7749116], [10.8133936, 45.7749184], [10.8133741, 45.7749252], [10.813323, 45.774939], [10.8132724, 45.7748768], [10.8132676, 45.7748157], [10.8133117, 45.7747566], [10.8133401, 45.7746982], [10.8134661, 45.7746516], [10.8134582, 45.7746099], [10.813491, 45.7745852], [10.8135648, 45.7746115], [10.8135729, 45.7744666], [10.8134783, 45.7742687], [10.8130966, 45.7740968], [10.8129865, 45.7740906], [10.8129373, 45.7740474], [10.8129968, 45.7738125], [10.812902, 45.7736732], [10.812869, 45.7736715], [10.8128218, 45.7736577], [10.8127902, 45.7736401], [10.8127792, 45.773599], [10.8128952, 45.7734868], [10.8128654, 45.7733735], [10.8128237, 45.7732742], [10.8128097, 45.7732007], [10.8127366, 45.7732232], [10.8127085, 45.7731859], [10.8127895, 45.7731627], [10.8127568, 45.7730979], [10.812623, 45.7729725], [10.8126078, 45.7729261], [10.8125563, 45.7729521], [10.8125191, 45.7729074], [10.8125817, 45.7728714], [10.8125497, 45.7728106], [10.8124747, 45.7727147], [10.8124144, 45.7726851], [10.8123586, 45.7726999], [10.8123326, 45.7726573], [10.8124047, 45.7726272], [10.812363, 45.7724992], [10.8123079, 45.7724355], [10.8122569, 45.7724455], [10.8122288, 45.7724077], [10.8122875, 45.7723834], [10.8122622, 45.7723182], [10.812192, 45.7722417], [10.812122, 45.7722636], [10.8120908, 45.7721982], [10.8121906, 45.7721764], [10.812216, 45.7720997], [10.8122054, 45.7719892], [10.8121698, 45.7718743], [10.8120666, 45.7717162], [10.8119162, 45.771632], [10.8117491, 45.7715922], [10.8117069, 45.7716223], [10.8116371, 45.7715866], [10.8116975, 45.7715432], [10.8116082, 45.7714411], [10.8116064, 45.7713433], [10.8116663, 45.7712147], [10.8116714, 45.7711004], [10.8115669, 45.770951], [10.8114962, 45.7707422], [10.8114441, 45.7706547], [10.8113577, 45.7706708], [10.8113384, 45.7706188], [10.8114415, 45.7705885], [10.8114175, 45.7704348], [10.8113309, 45.770248], [10.8112404, 45.7702626], [10.8112337, 45.7702126], [10.8113372, 45.7701867], [10.8113391, 45.7700078], [10.8113064, 45.7698834], [10.8112523, 45.7699054], [10.8112295, 45.7698792], [10.8112958, 45.7698474], [10.8110768, 45.7696697], [10.8110063, 45.7696406], [10.8109598, 45.7696214], [10.8108185, 45.7695207], [10.810734, 45.7695568], [10.8106933, 45.7695252], [10.8108031, 45.7694709], [10.8107229, 45.769333], [10.8106538, 45.7693676], [10.8106192, 45.7693275], [10.8107147, 45.769282], [10.810664, 45.7691235], [10.8105362, 45.7691283], [10.8105383, 45.7690844], [10.8106896, 45.76908], [10.8106831, 45.7688527], [10.8106585, 45.7687913], [10.8107014, 45.7687271], [10.8107439, 45.7686448], [10.8107034, 45.7686212], [10.8107199, 45.7685804], [10.8107929, 45.7685795], [10.810786, 45.7682754], [10.8107041, 45.7682486], [10.8107292, 45.7682055], [10.8108273, 45.7681693], [10.8108637, 45.7680896], [10.8108772, 45.7680024], [10.8108273, 45.7678697], [10.8107569, 45.7677456], [10.8106761, 45.7676347], [10.8106098, 45.7675516], [10.8104858, 45.7673776], [10.8104001, 45.7672171], [10.8103386, 45.767123], [10.8102793, 45.7670506], [10.8101707, 45.7669713], [10.810087, 45.7669468], [10.8100017, 45.7669211], [10.8097538, 45.7668685], [10.8097381, 45.7668948], [10.8097005, 45.7669303], [10.809643, 45.7668932], [10.8096785, 45.7668279], [10.8096146, 45.7668031], [10.8094684, 45.7667664], [10.8092121, 45.7667353], [10.8089313, 45.7666879], [10.8088249, 45.7666081], [10.8087543, 45.7665626], [10.8086249, 45.7665156], [10.8084127, 45.7664969], [10.8082099, 45.7664813], [10.8080066, 45.766459], [10.8078576, 45.766455], [10.8077146, 45.766474], [10.8076362, 45.7664027], [10.8076834, 45.7663388], [10.8078401, 45.7662643], [10.8078601, 45.7662354], [10.8078476, 45.7661746], [10.8078238, 45.7661162], [10.8077933, 45.7660613], [10.8077589, 45.7660293], [10.807602, 45.7660525], [10.8074923, 45.7659329], [10.8074873, 45.7657551], [10.8072563, 45.76533], [10.807196, 45.7652207], [10.807133, 45.7652091], [10.8071134, 45.7651722], [10.8072291, 45.7651521], [10.8071937, 45.7650395], [10.8071167, 45.7650596], [10.8070907, 45.7650619], [10.8070439, 45.7650394], [10.8068155, 45.7646255], [10.8066972, 45.7645697], [10.806673, 45.7644809], [10.806725, 45.7642944], [10.8067449, 45.7641725], [10.8066105, 45.7641627], [10.8066284, 45.7640621], [10.806664, 45.7639196], [10.8067426, 45.7638612], [10.8072975, 45.7639434], [10.807374, 45.7635835], [10.8068794, 45.7635117], [10.8068059, 45.7637855], [10.8067602, 45.7637823], [10.8068482, 45.7634365], [10.806744, 45.7634198], [10.8067491, 45.7633889], [10.8067546, 45.7633574], [10.8068676, 45.763374], [10.8070097, 45.7628823], [10.8070553, 45.7628848], [10.8070609, 45.7628424], [10.8071162, 45.7628452], [10.8071059, 45.7627681], [10.8070384, 45.7627681], [10.8069882, 45.7626566], [10.8070808, 45.762632], [10.8069849, 45.7624073], [10.806912, 45.7624227], [10.8068577, 45.7623234], [10.8068947, 45.7622466], [10.8065484, 45.7615169]]]}}, {"type": "Feature", "properties": {"nome": "Lago di Garda"}, "geometry": {"type": "Polygon", "coordinates": [[[10.8565633, 45.8274354], [10.8566376, 45.82741], [10.8566989, 45.8274235], [10.8567606, 45.8273654], [10.8568402, 45.8273466], [10.8568435, 45.8272928], [10.8569265, 45.827209], [10.8570816, 45.8270489], [10.857125, 45.8270042], [10.8572299, 45.8269634], [10.8572919, 45.8268516], [10.857424, 45.8266787], [10.8574793, 45.8265021], [10.8573058, 45.8263146], [10.8570694, 45.8262539], [10.8568268, 45.8262582], [10.8566576, 45.8262811], [10.8567059, 45.8260888], [10.8565813, 45.8258676], [10.8566231, 45.825777], [10.8568195, 45.8254695], [10.8571752, 45.8252221], [10.8573121, 45.825183], [10.8574427, 45.825079], [10.8575382, 45.824832], [10.8574636, 45.8246094], [10.8572346, 45.8242053], [10.8571672, 45.8238232], [10.857139, 45.8236044], [10.8571744, 45.8234512], [10.856666, 45.8218638], [10.8567699, 45.8217516], [10.8565202, 45.8212488], [10.8563427, 45.820847], [10.8557427, 45.8191672], [10.8555774, 45.8191637], [10.8555523, 45.8188564], [10.8556425, 45.8187516], [10.8552303, 45.8175508], [10.8551595, 45.8171653], [10.8548815, 45.8165924], [10.8546136, 45.8165717], [10.8545098, 45.8164068], [10.8543769, 45.8164267], [10.8542664, 45.8162794], [10.8544567, 45.8160809], [10.8537816, 45.8151451], [10.8534767, 45.8144304], [10.8531298, 45.8143749], [10.8529067, 45.8140426], [10.852709, 45.8136474], [10.852076, 45.8126853], [10.8522706, 45.8123944], [10.8523268, 45.8122286], [10.8523479, 45.8120726], [10.8523999, 45.8120088], [10.8523551, 45.8118275], [10.8522649, 45.8117761], [10.8522397, 45.811736], [10.8523486, 45.8117136], [10.8523622, 45.8116328], [10.8520729, 45.8113891], [10.8520886, 45.8111778], [10.8518628, 45.8110619], [10.8518932, 45.8109107], [10.8518011, 45.8108536], [10.8518395, 45.8107691], [10.8518472, 45.8105714], [10.8517131, 45.8105714], [10.8518242, 45.8104966], [10.8515926, 45.8102138], [10.851654, 45.8101474], [10.8515134, 45.8099995], [10.851579, 45.8099567], [10.851342, 45.8097616], [10.8508163, 45.8096583], [10.8508023, 45.8095434], [10.85, 45.8092795], [10.8497417, 45.8093038], [10.8497162, 45.8091962], [10.8492358, 45.8090768], [10.8484362, 45.8089356], [10.848149, 45.8089178], [10.8476676, 45.8086822], [10.8476357, 45.8085453], [10.8476155, 45.8084588], [10.8474779, 45.8082903], [10.8472987, 45.8081769], [10.847307, 45.8079678], [10.8470903, 45.807715], [10.8470188, 45.8074235], [10.8468982, 45.807267], [10.8466675, 45.807194], [10.8464943, 45.8070467], [10.8464901, 45.8069857], [10.8465693, 45.8069654], [10.8467694, 45.807099], [10.8468986, 45.8070903], [10.8469027, 45.8070206], [10.8467527, 45.8069944], [10.8467193, 45.8069537], [10.846761, 45.8067562], [10.8464776, 45.8065005], [10.8464428, 45.8063978], [10.8462194, 45.806289], [10.8461767, 45.8062702], [10.8461099, 45.8062488], [10.8461137, 45.8062272], [10.8461314, 45.8062095], [10.8462096, 45.8061737], [10.8462178, 45.8061488], [10.8462124, 45.8061202], [10.8461904, 45.8061011], [10.846163, 45.8060791], [10.846078, 45.8060399], [10.8459296, 45.8060202], [10.845883, 45.8059712], [10.8459217, 45.8059338], [10.8458984, 45.8059128], [10.8458714, 45.8058941], [10.8458113, 45.8058725], [10.8457182, 45.8058441], [10.8456833, 45.8058171], [10.8456993, 45.805793], [10.8457085, 45.8057685], [10.8456756, 45.8057266], [10.8456125, 45.8056995], [10.845467, 45.8056602], [10.8453149, 45.8055498], [10.8450595, 45.8055114], [10.8449728, 45.8054062], [10.8447669, 45.8054106], [10.8447383, 45.8053201], [10.8446515, 45.8053025], [10.8445134, 45.8052185], [10.8441643, 45.8051349], [10.8439976, 45.8049838], [10.8437058, 45.8048443], [10.8434439, 45.804847], [10.8433602, 45.8047635], [10.8432208, 45.8047061], [10.8431416, 45.8046064]]]}}, {"type": "Feature", "properties": {"nome": "Lago di Garda"}, "geometry": {"type": "Polygon", "coordinates": [[[10.8749874, 45.8643028], [10.8750278, 45.8642514], [10.8750439, 45.8641874], [10.8750633, 45.8641434], [10.8750688, 45.8641309], [10.8750754, 45.8641183], [10.8750832, 45.8641036], [10.8751965, 45.8639823], [10.875405, 45.8637787], [10.8756481, 45.8636017], [10.8758254, 45.8634135], [10.8758899, 45.8633215], [10.8758738, 45.8633064], [10.8758479, 45.8632832], [10.8761033, 45.8629441], [10.8761145, 45.8629324], [10.8761637, 45.8629527], [10.8761566, 45.8627591], [10.8760845, 45.8627174], [10.8760523, 45.8627363], [10.876006, 45.8627296], [10.8759074, 45.8627319], [10.8757415, 45.8626786], [10.8756771, 45.862648], [10.8754146, 45.8626119], [10.8753036, 45.8627093], [10.8752832, 45.8627301], [10.8752388, 45.8626991], [10.8752217, 45.8626001], [10.8750816, 45.8624476], [10.8750169, 45.8623017], [10.8750672, 45.8622968], [10.875088, 45.8622947], [10.8751034, 45.8621895], [10.8751092, 45.86215], [10.8751156, 45.8620925], [10.8751464, 45.8620079], [10.875208, 45.8619662], [10.8752679, 45.8618625], [10.8753424, 45.8617745], [10.8755343, 45.8615803], [10.8756001, 45.8615094], [10.8756336, 45.8615187], [10.8756483, 45.8614972], [10.8756094, 45.861486], [10.8755978, 45.8614], [10.8755965, 45.8613675], [10.8754342, 45.8611496], [10.875253, 45.8611552], [10.8752407, 45.86113], [10.8752352, 45.8611188], [10.8753869, 45.8610998], [10.8756251, 45.8610886], [10.8756626, 45.8610876], [10.875568, 45.8610357], [10.8753642, 45.8609343], [10.8753452, 45.8609242], [10.8752548, 45.8609189], [10.8750058, 45.8607755], [10.8748155, 45.8606426], [10.8742216, 45.8600817], [10.8736941, 45.859681], [10.8730871, 45.8593152], [10.8727906, 45.8590561], [10.872511, 45.8588451], [10.8721234, 45.8585526], [10.8716634, 45.8581982], [10.8714457, 45.8580843], [10.8713564, 45.8580376], [10.871157, 45.8578758], [10.8710584, 45.8577145], [10.8708213, 45.8573304], [10.870391, 45.8568373], [10.8682244, 45.8548195], [10.8677072, 45.8542909], [10.8676351, 45.8543236], [10.8675441, 45.854289], [10.8672259, 45.8538744], [10.8671582, 45.8538876], [10.8670144, 45.853596], [10.8668839, 45.853452], [10.8668725, 45.8533769], [10.866545, 45.8531505], [10.8665212, 45.8531227], [10.8665242, 45.8530913], [10.8665864, 45.8530694], [10.8663864, 45.8529604], [10.8658586, 45.852852], [10.8657837, 45.8528651], [10.8657008, 45.8528539], [10.8656711, 45.8528032], [10.8656601, 45.8527506], [10.8654076, 45.8525837], [10.865117, 45.852308], [10.8651255, 45.8522821], [10.8650831, 45.852245], [10.8648642, 45.8522233], [10.8645098, 45.8520419], [10.8640672, 45.8516084], [10.8639486, 45.8514291], [10.8638514, 45.8512223], [10.8634625, 45.8509573], [10.8630896, 45.850614], [10.8630635, 45.8505281], [10.8630601, 45.8504956], [10.8630273, 45.8504678], [10.8630364, 45.8504571], [10.8630823, 45.8504033], [10.8630285, 45.8503521], [10.8630042, 45.8502878], [10.8629408, 45.8501941], [10.862861, 45.8500297], [10.8628469, 45.8499778], [10.8628449, 45.8499288], [10.8628011, 45.849878], [10.8627577, 45.8498279], [10.8627476, 45.8498036], [10.8627778, 45.8497775], [10.8628342, 45.8497513], [10.8628409, 45.8497298], [10.8627926, 45.8497046], [10.8627363, 45.8496953], [10.8626893, 45.8496392], [10.8626625, 45.8495634], [10.8626075, 45.849581], [10.8625664, 45.8495617], [10.862528, 45.8495201], [10.8625504, 45.8494984], [10.86249, 45.8494547], [10.8624228, 45.8493896], [10.8622604, 45.8492088], [10.862242, 45.849204], [10.8622356, 45.8491913], [10.8622402, 45.8491851], [10.8622326, 45.8491704], [10.862189, 45.8491414], [10.8621293, 45.8490918], [10.8620917, 45.8490392], [10.8621332, 45.8490254], [10.8621728, 45.8490091], [10.862274, 45.8489718], [10.8622944, 45.84896], [10.8623362, 45.8489608], [10.862378, 45.8489869], [10.8624372, 45.8489583], [10.8624275, 45.8489204], [10.86248, 45.8488994], [10.862495, 45.8488765], [10.8624904, 45.8488536], [10.8625206, 45.8488307], [10.8632001, 45.8485615], [10.8632103, 45.8484643], [10.8632865, 45.8484167], [10.8633514, 45.8483715], [10.8634204, 45.8483336], [10.8634715, 45.8482751], [10.8635334, 45.8481978], [10.8635637, 45.8481524], [10.8635724, 45.8480753], [10.8635793, 45.8480107], [10.8635941, 45.8479598], [10.8635911, 45.8479113], [10.8635694, 45.8478927], [10.8635045, 45.8478743], [10.863498, 45.8478447], [10.8635039, 45.8478156], [10.8634807, 45.8478115], [10.863429, 45.8477398], [10.8633899, 45.8476562], [10.8633923, 45.8475974], [10.86334, 45.8475654], [10.8632863, 45.8475511], [10.8632433, 45.8475468], [10.8631868, 45.8474821], [10.863128, 45.847243], [10.8632398, 45.8470495], [10.8632796, 45.8470267], [10.8633041, 45.8470126], [10.8633591, 45.8469921], [10.8632459, 45.8467126], [10.8631953, 45.8467168], [10.8631218, 45.8466763], [10.8630482, 45.8466116], [10.8630619, 45.8465682], [10.8630667, 45.8465265], [10.8630312, 45.8464568], [10.8629737, 45.8464641], [10.8629621, 45.8463964], [10.8630115, 45.8463654], [10.8630018, 45.8463494], [10.8629289, 45.8463455], [10.8628761, 45.8463035], [10.8626589, 45.8460719], [10.8625154, 45.845919], [10.8624827, 45.8458857], [10.8624339, 45.8458654], [10.8623874, 45.8458379], [10.8623798, 45.8457758], [10.8622988, 45.8456621], [10.862335, 45.8455681], [10.8624121, 45.84548], [10.8625313, 45.8453818], [10.8625204, 45.8452836], [10.8625305, 45.845187], [10.862607, 45.8451149], [10.8627844, 45.8450629], [10.8629204, 45.8450434], [10.86321, 45.8450337], [10.8632357, 45.8449229], [10.863276, 45.8448757], [10.8632933, 45.8448104], [10.8633195, 45.8447865], [10.863325, 45.8444002], [10.8633062, 45.8443111], [10.8632284, 45.8442146], [10.8631694, 45.8440917], [10.8630836, 45.8439688], [10.86299, 45.843825], [10.8629244, 45.8437699], [10.8628213, 45.8437372], [10.8627309, 45.8436398], [10.8626351, 45.8435367], [10.8626292, 45.8435257], [10.8625864, 45.8434135], [10.8625778, 45.8433825], [10.8625941, 45.84334], [10.8625859, 45.8433104], [10.8625544, 45.8432802], [10.8623827, 45.8430716], [10.862423, 45.8427], [10.862376, 45.8426224], [10.8623129, 45.8425485], [10.8619769, 45.8420863], [10.861681, 45.8416793], [10.861592, 45.8415568], [10.8610543, 45.8408381], [10.8607069, 45.8403737], [10.8605824, 45.8400957], [10.8605305, 45.8398242], [10.8605173, 45.8397554], [10.8604933, 45.8396651], [10.8604551, 45.8396667], [10.8603931, 45.8396731], [10.8603516, 45.8396989], [10.8603235, 45.8397266], [10.860296, 45.8397609], [10.8602906, 45.8397936], [10.8603612, 45.839828], [10.8603461, 45.8398481], [10.8602762, 45.8398209], [10.8602542, 45.8398593], [10.8602438, 45.8398774], [10.860215, 45.8399271], [10.8600978, 45.8400212], [10.8599596, 45.8399635], [10.8598694, 45.8399443], [10.8598073, 45.8398552], [10.8598587, 45.8398005], [10.8598439, 45.8397025], [10.8598521, 45.8396807], [10.8597994, 45.8396624], [10.8597721, 45.8395814], [10.8597718, 45.8395324], [10.8598399, 45.8395096], [10.8598109, 45.8394281], [10.8597414, 45.8394163], [10.8597268, 45.8393983], [10.8596765, 45.8394089], [10.8596689, 45.8393965], [10.8597188, 45.8393803], [10.859705, 45.8393428], [10.8597223, 45.8393063], [10.8596872, 45.8392344], [10.8596571, 45.8391439], [10.8596625, 45.8391028], [10.8596611, 45.8390598], [10.8596397, 45.8390393], [10.8596303, 45.8390243], [10.8596169, 45.839001], [10.8596102, 45.8389813], [10.8596209, 45.8389589], [10.8596437, 45.8389524], [10.8596518, 45.8389241], [10.859645, 45.8389054], [10.8596209, 45.8388858], [10.8596062, 45.8388568], [10.8595968, 45.8388297], [10.8595968, 45.8388073], [10.8595981, 45.838793], [10.8595994, 45.8387793], [10.859598, 45.8387654], [10.859598, 45.8387542], [10.859604, 45.838742], [10.859604, 45.8387355], [10.859604, 45.8387229], [10.859602, 45.8387014], [10.8596053, 45.8386832], [10.85961, 45.8386668], [10.8596228, 45.8386558], [10.8596398, 45.8386394], [10.8596769, 45.8385771], [10.8597123, 45.8385463], [10.859739, 45.8385297], [10.8597415, 45.8385065], [10.8597265, 45.8384836], [10.8597166, 45.8384648], [10.8597289, 45.8384374], [10.8597522, 45.8384192], [10.8597541, 45.8384077], [10.8597359, 45.8384019], [10.8597277, 45.8383883], [10.8597683, 45.8383827], [10.8598209, 45.8383686], [10.8597014, 45.838356], [10.8597014, 45.8383486], [10.8597718, 45.8383466], [10.8597604, 45.8383315], [10.859757, 45.8383124], [10.8597611, 45.8383002], [10.8597664, 45.8382918], [10.8597651, 45.8382806], [10.8597611, 45.8382689], [10.8597611, 45.8382498], [10.8597711, 45.8382339], [10.8597818, 45.8382217], [10.8597999, 45.8382114], [10.8598234, 45.8382016], [10.8598122, 45.838182], [10.8597943, 45.8381509], [10.859786, 45.8381003], [10.8597176, 45.8380854], [10.8597015, 45.8381218], [10.8596841, 45.838188], [10.8597053, 45.8382309], [10.8596889, 45.8382346], [10.8596588, 45.8381907], [10.8596605, 45.8381689], [10.8596653, 45.8381227], [10.8596559, 45.8381143], [10.8596465, 45.8381022], [10.8596545, 45.8380919], [10.8596653, 45.8380882], [10.8596572, 45.8380461], [10.8596451, 45.8380358], [10.859629, 45.8380377], [10.8596156, 45.838034], [10.8596049, 45.8380256], [10.8596049, 45.8380097], [10.8596116, 45.8379975], [10.8596264, 45.8379882], [10.8596384, 45.8379807], [10.8596414, 45.8379596], [10.8596442, 45.8379401], [10.85965, 45.8378921], [10.8596508, 45.8378858], [10.8596558, 45.8378451], [10.8596879, 45.8377875], [10.8596877, 45.8377247], [10.8596842, 45.8376891], [10.8596715, 45.8376872], [10.8596527, 45.8376801], [10.8596285, 45.8376908], [10.8596076, 45.8377094], [10.8595596, 45.8377214], [10.859542, 45.8377107], [10.8595337, 45.8376911], [10.8595299, 45.8376603], [10.8595492, 45.8376379], [10.8595936, 45.8376019], [10.8595742, 45.8375665], [10.8594834, 45.8375924], [10.8594787, 45.8375849], [10.8595712, 45.8375573], [10.8595566, 45.8375278], [10.8594599, 45.8375548], [10.8594552, 45.8375473], [10.8595524, 45.8375188], [10.8595314, 45.837478], [10.8595199, 45.8374615], [10.8595328, 45.8374141], [10.859467, 45.8373441], [10.8594201, 45.8373011], [10.8593893, 45.8372871], [10.8593584, 45.8372955], [10.8593266, 45.8373016], [10.8592987, 45.8372972], [10.8592739, 45.8372941], [10.8592482, 45.8372874], [10.8592046, 45.8372738], [10.8591762, 45.8372534], [10.8591002, 45.8372339], [10.8590596, 45.8372063], [10.8590259, 45.8371814], [10.8590036, 45.8371483], [10.8589816, 45.8371189], [10.8589504, 45.8370881], [10.8589145, 45.8370525], [10.8589021, 45.8370104], [10.8588666, 45.8369923], [10.8588471, 45.8369629], [10.8588243, 45.8369257], [10.8587935, 45.8368963], [10.8587935, 45.8368225], [10.8587962, 45.8367888], [10.8587908, 45.8367496], [10.858772, 45.8366973], [10.858763, 45.8366732], [10.8587975, 45.8366499], [10.8587918, 45.8365929], [10.8588216, 45.8365648], [10.8587601, 45.8365153], [10.858732, 45.8364812], [10.8587206, 45.8364464], [10.8587495, 45.8364097], [10.8588396, 45.8363699], [10.8588922, 45.8363394], [10.8590144, 45.8363223], [10.8590144, 45.8363054], [10.8589822, 45.8362867], [10.8589527, 45.8362774], [10.8589179, 45.8362755], [10.8588803, 45.8362382], [10.8588562, 45.836197], [10.8588374, 45.8361994], [10.8588213, 45.8361877], [10.8587851, 45.83617], [10.8587543, 45.8361653], [10.8587301, 45.8361485], [10.8587087, 45.8361344], [10.8587046, 45.8361158], [10.8587033, 45.8360933], [10.8587033, 45.8360756], [10.858702, 45.8360616], [10.8586953, 45.8360457], [10.8586738, 45.8360298], [10.8586483, 45.8360223], [10.8586349, 45.8360139], [10.8586255, 45.8360008], [10.8586228, 45.8359821], [10.8586255, 45.8359625], [10.8586349, 45.8359466], [10.8586429, 45.835927], [10.8586523, 45.8359195], [10.8586617, 45.8358999], [10.8586698, 45.8358831], [10.8586725, 45.8358653], [10.8586792, 45.8358311], [10.8586404, 45.8357962], [10.8585962, 45.8357705], [10.8585773, 45.8357278], [10.8585798, 45.8356645], [10.8585581, 45.8355715], [10.8585112, 45.835533], [10.8584724, 45.8354851], [10.858482, 45.8354483], [10.8585157, 45.8354115], [10.8585269, 45.8353416], [10.8584878, 45.8353337], [10.8584488, 45.8353538], [10.8584028, 45.8353586], [10.858385, 45.8352964], [10.8583511, 45.8352418], [10.8583818, 45.8352173], [10.8583911, 45.8351948], [10.8584297, 45.835174], [10.8585853, 45.835073], [10.858604, 45.8350889], [10.8585517, 45.8351235], [10.8586537, 45.8351852], [10.8586805, 45.8351861], [10.8586899, 45.8351973], [10.8587341, 45.8352076], [10.8587703, 45.8351861], [10.8587851, 45.8351814], [10.8587918, 45.8351665], [10.8588387, 45.8351403], [10.8588642, 45.8351282], [10.8588803, 45.8351104], [10.8588964, 45.8350843], [10.8589138, 45.8350581], [10.8589407, 45.8350366], [10.8589702, 45.8350235], [10.8590127, 45.8350147], [10.8590302, 45.8350039], [10.8590889, 45.8349806], [10.8591364, 45.8349617], [10.8591877, 45.8349524], [10.8593066, 45.8349551], [10.8593995, 45.8349676], [10.859463, 45.8349409], [10.8595243, 45.8349037], [10.8595785, 45.8348463], [10.8596515, 45.8348076], [10.85965, 45.8347787], [10.8595788, 45.8345946], [10.8595935, 45.8345619], [10.8595935, 45.834532], [10.859568, 45.8345049], [10.859556, 45.8344544], [10.859556, 45.8344301], [10.8595546, 45.8343825], [10.859534, 45.8343525], [10.8595147, 45.8343243], [10.8595036, 45.8342954], [10.8595166, 45.8342748], [10.8595812, 45.8342438], [10.8596738, 45.8341956], [10.8598497, 45.8341119], [10.8599301, 45.8340764], [10.8599864, 45.8340596], [10.8600428, 45.8340353], [10.8600696, 45.834011], [10.8600803, 45.8339624], [10.8600884, 45.8339045], [10.8600991, 45.8338615], [10.8600669, 45.8337998], [10.8600562, 45.8337288], [10.8600562, 45.8336783], [10.860032, 45.8336185], [10.8599704, 45.833526], [10.8599328, 45.8334531], [10.8599328, 45.8334064], [10.8599248, 45.8333447], [10.859906, 45.8332812], [10.8598389, 45.8332176], [10.8597477, 45.8330905], [10.8597075, 45.8330363], [10.8596619, 45.8329392], [10.8596646, 45.832842], [10.8596653, 45.8328007], [10.8596814, 45.8327484], [10.8597082, 45.8326634], [10.8596961, 45.8326069], [10.8596644, 45.8325849], [10.8596389, 45.8325672], [10.8596015, 45.8325412], [10.859558, 45.8324943], [10.8594954, 45.832315], [10.8594796, 45.8322032], [10.8594343, 45.8320932], [10.8593249, 45.8318733], [10.8592209, 45.8317514], [10.8590846, 45.8316614], [10.8590333, 45.8316526], [10.8589709, 45.8315993], [10.8589139, 45.8315245], [10.8588616, 45.8314534], [10.8588352, 45.8313565], [10.8587807, 45.8312727], [10.858693, 45.8311911], [10.8586223, 45.831056], [10.8585315, 45.8309153], [10.8584458, 45.8307683], [10.8583843, 45.8306979], [10.8583407, 45.8306327], [10.8583066, 45.8305825], [10.8583187, 45.8305326], [10.8582786, 45.8304532], [10.8581688, 45.8303131], [10.8580966, 45.8301421], [10.8579708, 45.8299731], [10.8579325, 45.8298922], [10.8578016, 45.8296797], [10.8577061, 45.8295797], [10.857652, 45.8294361], [10.8575992, 45.8293326], [10.8574132, 45.8290677], [10.8573926, 45.8289604], [10.8573471, 45.828895], [10.8572922, 45.8288558], [10.8571314, 45.8286541], [10.8570903, 45.8285212], [10.8570211, 45.8283809], [10.8569357, 45.8282525], [10.8568757, 45.8281335], [10.8568282, 45.8279982], [10.8567536, 45.8278876], [10.8567066, 45.8277758], [10.8567183, 45.8277361], [10.8567033, 45.8277189], [10.8566704, 45.8277256], [10.8566046, 45.8276399], [10.8566241, 45.827601], [10.856555, 45.8275934], [10.8565686, 45.8275381], [10.8565608, 45.8274827], [10.8565633, 45.8274354]]]}}, {"type": "Feature", "properties": {"nome": "Lago di Garda"}, "geometry": {"type": "Polygon", "coordinates": [[[10.8764131, 45.8684791], [10.8764098, 45.8684501], [10.8764831, 45.8684486], [10.8765084, 45.8684488], [10.876643, 45.8682694], [10.876794, 45.868036], [10.8768909, 45.8677578], [10.8768919, 45.8677549], [10.8768975, 45.8675336], [10.8768535, 45.8672865], [10.8767639, 45.8671068], [10.8767208, 45.8670204], [10.8765464, 45.8667825], [10.8764181, 45.8666064], [10.8763773, 45.866552], [10.8763595, 45.8665595], [10.8763321, 45.8665229], [10.8764106, 45.86649], [10.8764402, 45.8664775], [10.8762292, 45.8662176], [10.876146, 45.8661133], [10.8760715, 45.8660263], [10.8756787, 45.8655406], [10.8755238, 45.8653567], [10.8754884, 45.8653097], [10.8754447, 45.8652436], [10.8753675, 45.8651213], [10.8752523, 45.8649095], [10.8752143, 45.8648449], [10.8751774, 45.8648649], [10.8748136, 45.865072], [10.8747823, 45.865042], [10.874935, 45.8649574], [10.874996, 45.8648296], [10.8750138, 45.8647379], [10.8750062, 45.864691], [10.8750027, 45.8646838], [10.874983, 45.8646435], [10.8750143, 45.864591], [10.8750296, 45.8645291], [10.8750236, 45.8644743], [10.8750221, 45.8644614], [10.8750191, 45.8644338], [10.8749823, 45.8643912], [10.8749782, 45.8643641], [10.8749771, 45.8643566], [10.8749794, 45.8643444], [10.8749874, 45.8643028]]]}}, {"type": "Feature", "properties": {"nome": "Lago di Garda"}, "geometry": {"type": "Polygon", "coordinates": [[[10.8746572, 45.8688165], [10.8748223, 45.8687547], [10.8748334, 45.8687511], [10.8750192, 45.8686897], [10.8751761, 45.8686418], [10.8753195, 45.8685957], [10.8754297, 45.8685963], [10.8754835, 45.8686106], [10.8755373, 45.8686118], [10.8757089, 45.8687143], [10.8757309, 45.8687036], [10.8757658, 45.8687317], [10.8757843, 45.8687462], [10.8758024, 45.868742], [10.8757962, 45.8687373], [10.8758341, 45.8687254], [10.8759417, 45.8686988], [10.8759941, 45.8686874], [10.8760492, 45.8686816], [10.8762642, 45.8686379], [10.8762687, 45.8685285], [10.8762865, 45.8685298], [10.8763028, 45.8685307]]]}}, {"type": "Feature", "properties": {"nome": "Lago di Garda"}, "geometry": {"type": "Polygon", "coordinates": [[[10.8710103, 45.8705957], [10.8709947, 45.8705811], [10.8709964, 45.8705608], [10.8710207, 45.8705404], [10.8711316, 45.8705393], [10.8713079, 45.8704884], [10.8714708, 45.8704328], [10.8716778, 45.8703454], [10.8722109, 45.8700827], [10.8724711, 45.8699502], [10.8726651, 45.8698151], [10.8730852, 45.8695614], [10.8730647, 45.8695408], [10.8729791, 45.8694105], [10.8729443, 45.8693298], [10.8729953, 45.869313], [10.8731864, 45.8693464], [10.8735187, 45.869372], [10.8737034, 45.8692923], [10.8741235, 45.8690766], [10.8742568, 45.8689518], [10.8742141, 45.8689037], [10.8741954, 45.8688801], [10.8741717, 45.8688503], [10.8741293, 45.868802], [10.8742271, 45.8687608], [10.8744438, 45.8687632], [10.8746572, 45.8688165]]]}}, {"type": "Feature", "properties": {"nome": "Lago di Garda"}, "geometry": {"type": "Polygon", "coordinates": [[[10.8710565, 45.8707223], [10.8710728, 45.8707154], [10.8711241, 45.8707038], [10.8711663, 45.8706961]]]}}, {"type": "Feature", "properties": {"nome": "Lago di Garda"}, "geometry": {"type": "Polygon", "coordinates": [[[10.8672644, 45.8723726], [10.8672706, 45.8723527], [10.867287, 45.8723383], [10.8673057, 45.872322], [10.8673647, 45.8723418], [10.8676518, 45.8723828], [10.8676611, 45.8723841], [10.8680349, 45.8723775], [10.8681136, 45.8723201], [10.8681797, 45.872272], [10.8684623, 45.8723276], [10.8686767, 45.8723418], [10.8688045, 45.8723301], [10.8688711, 45.872324], [10.8692525, 45.8721754], [10.8694669, 45.8720826], [10.8696869, 45.8719751], [10.8697872, 45.871916], [10.8698582, 45.8718676], [10.8699238, 45.8718028], [10.8699598, 45.8717527], [10.8699705, 45.8717002], [10.8699549, 45.8716618], [10.8698472, 45.8716283], [10.8698329, 45.871601], [10.8698513, 45.8715511], [10.8699344, 45.8714712], [10.8700257, 45.8713888], [10.8701248, 45.8713639], [10.870203, 45.871355], [10.8703051, 45.8712996], [10.8704125, 45.871238], [10.8705861, 45.8711083], [10.8705869, 45.8710558], [10.8705541, 45.8710381], [10.8705245, 45.8710234], [10.8705045, 45.8709992], [10.8705149, 45.8709603], [10.8706333, 45.8709088], [10.8707645, 45.870869], [10.8708663, 45.8707886], [10.8710565, 45.8707223]]]}}, {"type": "Feature", "properties": {"nome": "Lago di Garda"}, "geometry": {"type": "Polygon", "coordinates": [[[10.8671789, 45.8726588], [10.8670189, 45.8726098], [10.8667145, 45.872545], [10.866647, 45.8724845], [10.8668305, 45.8723674], [10.867004, 45.8723883], [10.8671203, 45.8724295], [10.8672446, 45.872396]]]}}, {"type": "Feature", "properties": {"nome": "Lago di Garda"}, "geometry": {"type": "Polygon", "coordinates": [[[10.8523344, 45.8794571], [10.8523161, 45.8793981], [10.8522866, 45.8793286], [10.8522932, 45.8792777], [10.8523426, 45.8792332], [10.8525258, 45.879169], [10.8526393, 45.8791198], [10.8526936, 45.8791205], [10.8527246, 45.8791378], [10.8527568, 45.8791584], [10.8527842, 45.8791956], [10.8528045, 45.8791901], [10.8528345, 45.8791821], [10.8528227, 45.8791471], [10.8528264, 45.8790905], [10.8528343, 45.8790748], [10.8528703, 45.8790593], [10.852918, 45.8790581], [10.8529451, 45.8790646], [10.852977, 45.8790658], [10.8530172, 45.879078], [10.8530574, 45.8791013], [10.853073, 45.8791221], [10.8532077, 45.8791077], [10.8533545, 45.8790876], [10.8535805, 45.8790448], [10.8538396, 45.878986], [10.8540336, 45.8789351], [10.854127, 45.8788852], [10.8541849, 45.8788354], [10.8542213, 45.8787912], [10.8542513, 45.8787432], [10.8542678, 45.8787176], [10.8542861, 45.8786403], [10.8542523, 45.878628], [10.8542371, 45.8786095], [10.8542273, 45.8785975], [10.8542468, 45.8785802], [10.8542912, 45.8785831], [10.8543784, 45.8786009], [10.8544454, 45.8786233], [10.8545299, 45.8786466], [10.8546037, 45.8786616], [10.8546332, 45.8786774], [10.8546573, 45.878698], [10.8546909, 45.8786961], [10.854711, 45.878684], [10.8547504, 45.8786808], [10.8547667, 45.87867], [10.8550081, 45.8786096], [10.8553124, 45.8785515], [10.8553017, 45.8785291], [10.8552968, 45.8785017], [10.8552871, 45.8784827], [10.8553363, 45.8784206], [10.8553681, 45.8783695], [10.8553957, 45.878344], [10.8554446, 45.8783186], [10.8555655, 45.8782893], [10.8554279, 45.8779805], [10.8553854, 45.87797], [10.8553253, 45.8779334], [10.8553341, 45.8778988], [10.8553563, 45.8778557], [10.8553885, 45.8778202], [10.8554287, 45.877795], [10.8555011, 45.877767], [10.855603, 45.8777334], [10.8557023, 45.8777025], [10.8557836, 45.8776673], [10.8558043, 45.8776583], [10.8558552, 45.8776363], [10.8559517, 45.8776036], [10.8560349, 45.8775578], [10.8561153, 45.8775214], [10.856173, 45.8774775], [10.8562065, 45.8774477], [10.8562441, 45.8774168], [10.856279, 45.8774234], [10.856338, 45.8774224], [10.8563581, 45.8774122], [10.8563715, 45.8773898], [10.8563629, 45.877368], [10.8563767, 45.8773357], [10.8563957, 45.877291], [10.8564934, 45.8772273], [10.8565113, 45.8772157], [10.8565668, 45.877171], [10.8566096, 45.8771515], [10.8566211, 45.8771458], [10.8566313, 45.8771419], [10.8567239, 45.8771063], [10.8567993, 45.8770913], [10.8568263, 45.8770611], [10.856837, 45.8770322], [10.8568384, 45.8770051], [10.8568397, 45.8769752], [10.8568464, 45.8769416], [10.8568545, 45.8769052], [10.8568732, 45.87688], [10.8569309, 45.8768492], [10.8569778, 45.8768324], [10.8570379, 45.8768274], [10.857057, 45.8768258], [10.8571173, 45.8768286], [10.8572018, 45.8768454], [10.8572715, 45.8768641], [10.8573024, 45.8768762], [10.8573346, 45.87688], [10.8573534, 45.8768744], [10.8574298, 45.8768296], [10.8574352, 45.8768062], [10.8574486, 45.8767745], [10.8574781, 45.8767493], [10.857529, 45.8767026], [10.8575821, 45.8766723], [10.8576336, 45.8766559], [10.857694, 45.87664], [10.8577409, 45.8766335], [10.8577892, 45.8766279], [10.8578482, 45.8766279], [10.8579045, 45.8766363], [10.8580185, 45.8766069], [10.8581071, 45.8765784], [10.8581922, 45.8765441], [10.8583002, 45.8764604], [10.8585477, 45.8764043], [10.8587162, 45.8763453], [10.8589627, 45.8762997], [10.8591113, 45.8762877], [10.8593012, 45.8762946], [10.8594645, 45.8763319], [10.8596638, 45.8763737], [10.8598159, 45.8763961], [10.8600183, 45.8764371], [10.8600926, 45.8764067], [10.8601888, 45.8764349], [10.8602181, 45.8764798], [10.8603311, 45.8765047], [10.8604504, 45.8765318], [10.8606292, 45.8765602], [10.8607323, 45.8765754], [10.8607686, 45.8765726], [10.8608571, 45.8765557], [10.8609859, 45.8765184], [10.8611723, 45.876496], [10.861338, 45.8765027], [10.8615436, 45.8765322], [10.8616903, 45.8765732], [10.8618373, 45.8765744], [10.8619664, 45.8766318], [10.8622375, 45.8766587], [10.8622801, 45.8766829], [10.8622951, 45.8766913], [10.8623296, 45.876693], [10.8624135, 45.8767041], [10.8624291, 45.8766944], [10.8624866, 45.8767134], [10.8625906, 45.8767218], [10.8626477, 45.8767276], [10.8627265, 45.8767356], [10.8627749, 45.8767369], [10.8628051, 45.8767149], [10.8628359, 45.876707], [10.8628259, 45.8766925], [10.8628373, 45.8766809], [10.8628501, 45.8766727], [10.8628782, 45.8766762], [10.8629144, 45.8766781], [10.8629419, 45.8766902], [10.8629687, 45.8767061], [10.8629861, 45.8767233], [10.8629962, 45.8767299], [10.8630156, 45.8767247], [10.8630384, 45.8767299], [10.8630384, 45.8767458], [10.8630504, 45.8767679], [10.8630693, 45.876763], [10.8631015, 45.8767542], [10.8631316, 45.8767649], [10.863143, 45.8767756], [10.8631746, 45.8767742], [10.8632, 45.8767822], [10.8632302, 45.8767938], [10.8632476, 45.876805], [10.863255, 45.8768186], [10.8633848, 45.8768552], [10.8637471, 45.8769657], [10.8638717, 45.8769958], [10.864093, 45.8770387], [10.8641887, 45.8770386], [10.8642151, 45.8770679], [10.8649108, 45.8767979], [10.8654556, 45.8765086], [10.8659439, 45.876185], [10.865948, 45.8760758], [10.8659977, 45.8759973], [10.8661763, 45.8758801], [10.8662132, 45.8758911], [10.8662163, 45.8759003], [10.8662295, 45.8759247], [10.8662908, 45.8759384], [10.8663311, 45.8759308], [10.8663762, 45.8759003], [10.8663995, 45.8758673], [10.8664012, 45.8758295], [10.8663828, 45.8758042], [10.8663434, 45.8757889], [10.8662991, 45.8758122], [10.8662809, 45.8758098], [10.8662762, 45.8757977], [10.8663015, 45.8757692], [10.8665027, 45.8756835], [10.8666501, 45.8755955], [10.866772, 45.8754762], [10.8668177, 45.8753825], [10.8668568, 45.8752986], [10.8668467, 45.8752323], [10.8667911, 45.8751641], [10.8666239, 45.8750062], [10.8665819, 45.8749497], [10.8665214, 45.8748683], [10.8665158, 45.8748362], [10.8665264, 45.8748021], [10.8665931, 45.8747607], [10.8667405, 45.874747], [10.8669066, 45.874751], [10.866985, 45.8747837], [10.8670367, 45.874804], [10.867078, 45.8748201], [10.8673193, 45.8749282], [10.8674838, 45.8748277], [10.8675134, 45.8748287], [10.8675248, 45.8747934], [10.8674667, 45.8747623], [10.8673669, 45.874706], [10.8672741, 45.8746886], [10.8671564, 45.8746101], [10.8671377, 45.8745988], [10.8671166, 45.8745887], [10.8671066, 45.8745837], [10.8669772, 45.8745184], [10.8669446, 45.8745342], [10.8666807, 45.8743375], [10.8660577, 45.8746123], [10.8660833, 45.8746402], [10.8660786, 45.874662], [10.8660333, 45.8746577], [10.8659927, 45.8746435], [10.8659746, 45.8746048], [10.8659911, 45.8745714], [10.8660263, 45.8745418], [10.8660637, 45.8745148], [10.8661187, 45.8745115], [10.8661931, 45.8744866], [10.8662235, 45.8744489], [10.866238, 45.8744215], [10.8662188, 45.8742839], [10.8660992, 45.8741399], [10.8659703, 45.8740521], [10.8658281, 45.8739756], [10.8656098, 45.8738747], [10.8653756, 45.8737902], [10.8651383, 45.8737046], [10.8651308, 45.8736596], [10.8651676, 45.873641], [10.8652488, 45.8735996], [10.8655897, 45.8734987], [10.8661307, 45.8733215], [10.8664268, 45.8734077]]]}}, {"type": "Feature", "properties": {"nome": "Lago di Garda"}, "geometry": {"type": "Polygon", "coordinates": [[[10.8452982, 45.883067], [10.8454318, 45.8829981], [10.8457713, 45.8828322], [10.8458106, 45.8827115], [10.8457968, 45.8826659], [10.845767, 45.882674], [10.8457245, 45.8826856], [10.8456249, 45.8824718], [10.845707, 45.88245], [10.8457704, 45.8824001], [10.8456678, 45.8821319], [10.8455151, 45.8821065], [10.84549, 45.8820536], [10.8454487, 45.8819532], [10.8453237, 45.8817074], [10.8453302, 45.8815336], [10.8453309, 45.8815147], [10.8453299, 45.8814986], [10.8453227, 45.8814592], [10.8453512, 45.8813741], [10.8453328, 45.8813432], [10.8452962, 45.8813257], [10.8452157, 45.8813598], [10.8451539, 45.8813846], [10.8450834, 45.8813919], [10.8450516, 45.881379], [10.845039, 45.8813581], [10.8450399, 45.8813372], [10.8450789, 45.8812953], [10.8451234, 45.8812654], [10.8451815, 45.8812455], [10.8452664, 45.8812087], [10.8453164, 45.8811676], [10.8453857, 45.881145], [10.8455761, 45.8811368], [10.8456122, 45.8811515], [10.8456722, 45.8811574], [10.8457443, 45.881196], [10.8457792, 45.8812093], [10.8458504, 45.881245], [10.8458772, 45.8812336], [10.845924, 45.8812363], [10.8459654, 45.8812474], [10.8460417, 45.8812765], [10.8462021, 45.8813285], [10.8462967, 45.8814033], [10.8463438, 45.881456], [10.846406, 45.8814872], [10.8468913, 45.8814762], [10.8476305, 45.8814128], [10.8477519, 45.8813675], [10.8477889, 45.8813458], [10.8478132, 45.8813316], [10.8478625, 45.8812454], [10.8479651, 45.8812276], [10.8482695, 45.8813149], [10.8483274, 45.8813121], [10.8483775, 45.8813474], [10.8484976, 45.8813484], [10.8487303, 45.8812984], [10.8489529, 45.8812328], [10.8491664, 45.8811097], [10.8492695, 45.8810195], [10.8492871, 45.8809587], [10.8492767, 45.8808788], [10.8492147, 45.8807688], [10.8490763, 45.8806463], [10.8490066, 45.8806478], [10.848974, 45.8806404], [10.8489404, 45.8806327], [10.8488856, 45.8806027], [10.8488487, 45.8805616], [10.8488341, 45.8805142], [10.8488436, 45.8804661], [10.8488761, 45.8804232], [10.8489276, 45.8803906], [10.848992, 45.8803721], [10.8490616, 45.8803699], [10.849128, 45.8803845], [10.8491835, 45.8804139], [10.8492212, 45.8804546], [10.8493306, 45.8805305], [10.8493454, 45.8805692], [10.8493936, 45.8805742], [10.8494513, 45.8805396], [10.8495381, 45.8805127], [10.8495586, 45.8805434], [10.8496267, 45.8805461], [10.8497552, 45.8805115], [10.8498241, 45.8805107], [10.84989, 45.8805508], [10.8499472, 45.8805855], [10.8499081, 45.8806108], [10.8499616, 45.8806409], [10.8499853, 45.8806542], [10.850021, 45.8806818], [10.8501286, 45.8807095], [10.8501968, 45.8806984], [10.8502593, 45.8806718], [10.8503456, 45.8806203], [10.8503777, 45.8805567], [10.8503358, 45.8805035], [10.850279, 45.880476], [10.8502428, 45.8804872], [10.8502345, 45.8805072], [10.8502069, 45.8805265], [10.8501524, 45.880516], [10.850061, 45.880509], [10.8499778, 45.8804955], [10.849969, 45.8804886], [10.8499542, 45.8804769], [10.8499131, 45.8804629], [10.849875, 45.8804067], [10.8498798, 45.8803543], [10.8498068, 45.8802788], [10.8498053, 45.8802312], [10.8498253, 45.8802047], [10.8498821, 45.8801687], [10.8499538, 45.8801638], [10.8500104, 45.8801695], [10.8500743, 45.8802016], [10.850093, 45.8802109], [10.8501006, 45.8802094], [10.8501877, 45.8801916], [10.8502538, 45.8801622], [10.8502877, 45.8801329], [10.8503169, 45.8800936], [10.8502867, 45.8800632], [10.8502716, 45.8800278], [10.8502731, 45.8799908], [10.8502911, 45.8799561], [10.8503038, 45.8799384], [10.8503479, 45.8799178], [10.850399, 45.8799079], [10.8504521, 45.8799096], [10.8505017, 45.8799227], [10.850543, 45.8799459], [10.8505718, 45.8799769], [10.8506621, 45.8799847], [10.8507497, 45.8799768], [10.8508374, 45.8799503], [10.8509398, 45.8798957], [10.8509548, 45.8798684], [10.8509416, 45.8798458], [10.8509328, 45.8798074], [10.8509298, 45.879771], [10.8509464, 45.8797329], [10.8509975, 45.8796947], [10.8510613, 45.8796724], [10.851122, 45.8796732], [10.8511916, 45.8796846], [10.8512388, 45.8797058], [10.8512415, 45.8797114], [10.8512854, 45.8797431], [10.8513063, 45.8797946], [10.8512757, 45.8798558], [10.8512719, 45.8799468], [10.8512859, 45.8799769], [10.8514047, 45.8799848], [10.851427, 45.879986], [10.8514635, 45.8799713], [10.8517789, 45.8798445], [10.8518668, 45.8798095], [10.8521978, 45.8796672], [10.8522766, 45.8796612], [10.8524205, 45.8796092], [10.852355, 45.8794928], [10.8523463, 45.8794778], [10.8523451, 45.8794757], [10.852342, 45.8794704], [10.8523375, 45.8794624], [10.8523344, 45.8794571]]]}}, {"type": "Feature", "properties": {"nome": "Lago di Garda"}, "geometry": {"type": "Polygon", "coordinates": [[[10.8392002, 45.8773603], [10.8392098, 45.8774077], [10.8392302, 45.8774346], [10.8392678, 45.8774822], [10.8392839, 45.8775177], [10.8392932, 45.8775429], [10.8393056, 45.8776255], [10.8392616, 45.8776447], [10.83932, 45.8777101], [10.8392906, 45.8777848], [10.8392517, 45.8778202], [10.839186, 45.8778258], [10.8390532, 45.877879], [10.8388201, 45.8779649], [10.8387624, 45.8780385], [10.8389043, 45.8781106], [10.8386694, 45.8782802], [10.8384394, 45.8784287], [10.838417, 45.8784125], [10.8383309, 45.8784696], [10.8382843, 45.8785457], [10.8382954, 45.8786154], [10.8382289, 45.8787109], [10.8382028, 45.8787612], [10.8381825, 45.8787559], [10.8381523, 45.8787786], [10.8381329, 45.8788256], [10.8381221, 45.8788581], [10.8381171, 45.8788846], [10.8381063, 45.878923], [10.838098, 45.8789841], [10.838103, 45.8790061], [10.8380977, 45.8790619], [10.8381019, 45.8791217], [10.8381023, 45.8791273], [10.8381026, 45.8791325], [10.8381057, 45.8791553], [10.8381252, 45.8791764], [10.8381375, 45.8791943], [10.83814, 45.8792056], [10.8381389, 45.8792139], [10.8381159, 45.8792336], [10.8380951, 45.8792607], [10.8380969, 45.8793191], [10.8380993, 45.8793506], [10.8380746, 45.8793818], [10.8380933, 45.8794208], [10.8381376, 45.8794621], [10.8381413, 45.879493], [10.8381242, 45.8795418], [10.8380778, 45.8796024], [10.8380746, 45.87961], [10.8380508, 45.8796656], [10.8380315, 45.8797221], [10.8380262, 45.8797924], [10.8380396, 45.8798363], [10.8380571, 45.8799129], [10.8380664, 45.8799866], [10.8380718, 45.880037], [10.8380718, 45.8801014], [10.8380879, 45.8801611], [10.8381067, 45.8801845], [10.8381094, 45.8802246], [10.8381268, 45.8802396], [10.8381509, 45.8802648], [10.8381469, 45.880283], [10.8381322, 45.8802965], [10.8381715, 45.8803489], [10.8381785, 45.880484], [10.8381881, 45.8806163], [10.8381792, 45.8806934], [10.8381783, 45.8807704], [10.8381489, 45.8809522], [10.8381292, 45.8809643], [10.8381329, 45.8809923], [10.8381378, 45.8810297], [10.8381465, 45.8810735], [10.8381889, 45.8813826], [10.8382066, 45.881387], [10.838218, 45.8813931], [10.838225, 45.8814029], [10.8382498, 45.881377], [10.8382017, 45.8810711], [10.838197, 45.8810245], [10.8382581, 45.8810195], [10.8383203, 45.8813847], [10.8382717, 45.8813877], [10.8382283, 45.8814272], [10.8382432, 45.8814332], [10.8383012, 45.8816979], [10.8383231, 45.8816956], [10.838333, 45.8817476], [10.8384047, 45.8817385], [10.8384154, 45.8817794], [10.8383179, 45.8817918], [10.8383503, 45.8819336], [10.8384308, 45.8819918], [10.8385144, 45.8820704], [10.838573, 45.8821407], [10.8386095, 45.8822185], [10.838631, 45.8823202], [10.8386258, 45.8824113], [10.8385883, 45.8825177], [10.8385694, 45.8826068], [10.8385777, 45.8826815], [10.8386012, 45.8827703], [10.8386435, 45.8828619], [10.8387412, 45.8829666], [10.8389669, 45.8834339], [10.839022, 45.8834189], [10.8390813, 45.8834027], [10.8391295, 45.8833896], [10.8391818, 45.883483], [10.8392286, 45.8835663], [10.8391493, 45.8835879], [10.8392999, 45.8838822], [10.839343, 45.8839669], [10.8393871, 45.8839826], [10.8393961, 45.8839922], [10.839399, 45.8840028], [10.8393566, 45.8843945], [10.8393442, 45.8844123], [10.8393296, 45.8844223], [10.8393109, 45.8844276], [10.839209, 45.8844247], [10.8390377, 45.8844167], [10.8390217, 45.8844206], [10.8390101, 45.8844313], [10.8389824, 45.8846127], [10.8389878, 45.8846237], [10.8390013, 45.8846338], [10.8390181, 45.8846397], [10.8393854, 45.8846663], [10.8394243, 45.8846664], [10.8395912, 45.8846548], [10.8395926, 45.884642], [10.83973, 45.8846016], [10.8397448, 45.8842558], [10.8397489, 45.884235], [10.8397651, 45.8842153], [10.8401531, 45.8840777], [10.8401238, 45.8840373], [10.8402026, 45.8840084], [10.840244, 45.8839909], [10.8403419, 45.883982], [10.8403579, 45.8840055], [10.8403737, 45.8840207], [10.8404251, 45.8840135], [10.8405779, 45.8839973], [10.8407397, 45.8839801], [10.8406851, 45.8838872], [10.840656, 45.8838886], [10.8406339, 45.8838665], [10.840655, 45.8838252], [10.8410931, 45.8837613], [10.8412978, 45.8838549], [10.841325, 45.8838968], [10.8413608, 45.8838909], [10.8415997, 45.8838514], [10.8417041, 45.8842808], [10.8417074, 45.8843509], [10.8417116, 45.8844542], [10.8417122, 45.8845134], [10.8417135, 45.8845988], [10.8417118, 45.8846483], [10.841712, 45.8846803], [10.8417147, 45.8847223], [10.8417341, 45.8847489], [10.8417714, 45.8847734], [10.8418067, 45.8847912], [10.8418445, 45.8847977], [10.8424116, 45.8848097], [10.8429368, 45.8848213], [10.8429685, 45.8848092], [10.8429932, 45.8833564], [10.8429502, 45.8833192], [10.8429495, 45.8833021], [10.8429985, 45.8832933], [10.842804, 45.8829743], [10.8427685, 45.8829634], [10.8427601, 45.8829356], [10.8429006, 45.8828424], [10.8437873, 45.8828351], [10.8438158, 45.8828146], [10.8438887, 45.8827895], [10.8439619, 45.8827961], [10.8442496, 45.8830146], [10.844352, 45.8830756], [10.8444478, 45.8831115], [10.8445457, 45.8831205], [10.844527, 45.8830759], [10.8445115, 45.883039], [10.8446029, 45.8830204], [10.8446684, 45.8830071], [10.8446775, 45.8830287], [10.8447026, 45.8830886], [10.8447788, 45.8830983], [10.8448268, 45.8831279], [10.8448454, 45.8831698], [10.8449042, 45.8831959], [10.8449459, 45.8831862], [10.8450116, 45.883171], [10.8451418, 45.8831303], [10.8452596, 45.8830855]]]}}, {"type": "Feature", "properties": {"nome": "Lago di Garda"}, "geometry": {"type": "Polygon", "coordinates": [[[10.8326825, 45.8612219], [10.8326954, 45.861247], [10.8327146, 45.8612859], [10.8327465, 45.8613052], [10.8328287, 45.8613099], [10.8328533, 45.8613183], [10.8328551, 45.8613303], [10.8328591, 45.8613578], [10.8328922, 45.8613718], [10.8329181, 45.8613902], [10.8329226, 45.8614161], [10.8329461, 45.8614271], [10.8329517, 45.8614686], [10.8329585, 45.8614928], [10.8330234, 45.8614941], [10.8330664, 45.8614959], [10.8331193, 45.8615642], [10.8331448, 45.8616874], [10.8332319, 45.8617757], [10.8332639, 45.861842], [10.8332973, 45.8618512], [10.8333199, 45.8618904], [10.8333181, 45.8619631], [10.8334156, 45.8620264], [10.8334483, 45.8621422], [10.8334888, 45.862222], [10.8335264, 45.8622432], [10.8335507, 45.8623298], [10.8336002, 45.8623765], [10.8336148, 45.8624287], [10.8335716, 45.8624623], [10.8336073, 45.8625715], [10.8336665, 45.8627933], [10.8337859, 45.8628835], [10.8338734, 45.8629992], [10.8339342, 45.8631635], [10.8340213, 45.8632509], [10.8340783, 45.8633049], [10.8341031, 45.8633664], [10.8341442, 45.8634523], [10.8341693, 45.8636222], [10.8341295, 45.863667], [10.834138, 45.863723], [10.8342087, 45.8637715], [10.8342622, 45.8638533], [10.8342258, 45.8638713], [10.8342181, 45.8639199], [10.8342721, 45.8639931], [10.8343076, 45.8640329], [10.8343665, 45.8641554], [10.8343932, 45.8642111], [10.8343828, 45.8642407], [10.8344463, 45.8643855], [10.834506, 45.8645014], [10.8346568, 45.864772], [10.8346967, 45.8648112], [10.834699, 45.8648672], [10.8347278, 45.8649698], [10.8346972, 45.8651588], [10.834679, 45.8653099], [10.8347327, 45.8654383], [10.8347297, 45.8655812], [10.8347835, 45.8656725], [10.8348536, 45.8657357], [10.8349173, 45.8657889], [10.8349215, 45.8658358], [10.8349055, 45.8658762], [10.8349631, 45.8659779], [10.8350105, 45.8661325], [10.8351236, 45.8663386], [10.835057, 45.8664782], [10.8349797, 45.8666142], [10.834985, 45.8666656], [10.8350212, 45.8666848], [10.8350098, 45.8667513], [10.8349877, 45.866816], [10.8349807, 45.8668513], [10.8349471, 45.8669008], [10.8349289, 45.8670262], [10.8349215, 45.8671477], [10.8349847, 45.8671466], [10.8349942, 45.8671464], [10.8351666, 45.8671096], [10.8352853, 45.8672223], [10.8352786, 45.8672669], [10.8352873, 45.8673127], [10.8353353, 45.8673533], [10.8352768, 45.86742], [10.8352876, 45.8674563], [10.8353683, 45.8674926], [10.8353245, 45.8675264], [10.8353251, 45.8675626], [10.8353794, 45.8675999], [10.8353809, 45.8676194], [10.8353125, 45.8676719], [10.8354052, 45.8677658], [10.8353606, 45.8678671], [10.8352972, 45.8679309], [10.835161, 45.8680597], [10.8350486, 45.868205], [10.834971, 45.8683145], [10.8349875, 45.8684258], [10.8350423, 45.8687439], [10.8350661, 45.8688824], [10.8350144, 45.8689671], [10.8349522, 45.869026], [10.8349319, 45.8691058], [10.8348556, 45.8692373], [10.8348508, 45.8693235], [10.8348486, 45.8693631], [10.8348448, 45.8694168], [10.834936, 45.8694579], [10.8350218, 45.8695046], [10.8351103, 45.8695625], [10.8351532, 45.8695905], [10.8351828, 45.869626], [10.8352064, 45.8696582], [10.8352431, 45.8696793], [10.8352525, 45.8697175], [10.8352571, 45.8697213], [10.8352981, 45.8697549], [10.8353598, 45.8698015], [10.8354174, 45.8698463], [10.8354483, 45.8699155], [10.8355073, 45.8699883], [10.8355532, 45.8700676], [10.8355707, 45.8701216], [10.8355757, 45.8701545], [10.8355824, 45.8701807], [10.8356039, 45.8701947], [10.8356106, 45.8702278], [10.8356373, 45.8702586], [10.8356356, 45.8702893], [10.8356797, 45.8703224], [10.8357198, 45.8703578], [10.8357657, 45.8703971], [10.8358037, 45.8704199], [10.8359117, 45.8704237], [10.83597, 45.8704793], [10.8360196, 45.8705252], [10.8360811, 45.8705317], [10.8360907, 45.8705327], [10.8361182, 45.8705561], [10.8361574, 45.8706335], [10.8361618, 45.8706868], [10.8362413, 45.8707253], [10.8363263, 45.8707497], [10.8364105, 45.8708005], [10.8364753, 45.8708847], [10.8365443, 45.8709743], [10.8366157, 45.8710412], [10.8366592, 45.8710313], [10.8367317, 45.8710106], [10.8367881, 45.871018], [10.8368464, 45.8710364], [10.8369718, 45.8711053], [10.8370311, 45.8711467], [10.8371238, 45.8711749], [10.8371903, 45.8712692], [10.8371951, 45.871276], [10.837299, 45.8713155], [10.837362, 45.8713337], [10.8374202, 45.8713222], [10.837499, 45.871337], [10.8375107, 45.8713817], [10.8376669, 45.8716138], [10.8376683, 45.8716686], [10.8377048, 45.8716823], [10.8377186, 45.871724], [10.8377608, 45.8717533], [10.8377199, 45.8718482], [10.8376624, 45.8719091], [10.8376063, 45.8719684], [10.8376046, 45.8722211], [10.8374796, 45.8723243], [10.8375618, 45.872375], [10.8376628, 45.8724985], [10.8377335, 45.8726708], [10.8377649, 45.8727595], [10.8378536, 45.8730101], [10.8379133, 45.8731052], [10.8379301, 45.8732339], [10.8379351, 45.8733286], [10.8379776, 45.8734158], [10.8380561, 45.8735566], [10.8380288, 45.8736452], [10.8380245, 45.8736693], [10.8379451, 45.873723], [10.8378864, 45.8737626], [10.8379108, 45.8738404], [10.8380568, 45.8738685], [10.8381391, 45.8739065], [10.8381246, 45.8740306], [10.8381967, 45.8740974], [10.8382098, 45.8741866], [10.8383203, 45.8742569], [10.8383505, 45.8743383], [10.838351, 45.8744019], [10.8383145, 45.8744822], [10.8382288, 45.8745289], [10.8382193, 45.8746356], [10.8382015, 45.8748347], [10.8381788, 45.8750498], [10.8381963, 45.8751134], [10.8382138, 45.875177], [10.838199, 45.8752634], [10.8382167, 45.8753059], [10.838239, 45.8753504], [10.8381996, 45.8753782], [10.8382355, 45.8754437], [10.8382349, 45.8754874], [10.8382656, 45.8755782], [10.8383074, 45.8755942], [10.8383464, 45.8756199], [10.8384109, 45.8756695], [10.8383911, 45.8757102], [10.8384185, 45.8757331], [10.838431, 45.8757434], [10.8385465, 45.8757676], [10.838614, 45.875804], [10.8386532, 45.8759099], [10.8386137, 45.8760361], [10.8386132, 45.8760904], [10.8385943, 45.8761253], [10.8385928, 45.8761573], [10.8385811, 45.8761875], [10.8386282, 45.8762558], [10.8386723, 45.8762867], [10.8387378, 45.8763248], [10.8388094, 45.8763655], [10.838854, 45.8764474], [10.8389119, 45.8765334], [10.8389213, 45.8765777], [10.8389308, 45.8766038], [10.8389576, 45.8766206], [10.8389842, 45.8766756], [10.8390122, 45.8768192], [10.8390219, 45.8768976], [10.8390298, 45.8769623], [10.8390876, 45.8769859], [10.8390489, 45.8770265], [10.8390719, 45.877069], [10.8390808, 45.8771033], [10.8390653, 45.8771547], [10.8391117, 45.877199], [10.8391031, 45.8772325], [10.8391138, 45.8772615], [10.8391165, 45.8772913], [10.8391313, 45.8773147], [10.8391742, 45.8773324], [10.8392002, 45.8773603]]]}}, {"type": "Feature", "properties": {"nome": "Lago di Garda"}, "geometry": {"type": "Polygon", "coordinates": [[[10.8329495, 45.8608179], [10.8328936, 45.8608861], [10.8329238, 45.8609103], [10.8327258, 45.8610358], [10.8327, 45.8610066], [10.8326501, 45.8610471], [10.8326273, 45.8611093], [10.8326825, 45.8612219]]]}}, {"type": "Feature", "properties": {"nome": "Lago di Garda"}, "geometry": {"type": "Polygon", "coordinates": [[[10.7521263, 45.7541531], [10.752125, 45.754184], [10.7521359, 45.7542203], [10.7520416, 45.7544048], [10.7519311, 45.7545773], [10.7518597, 45.7547606], [10.751854, 45.7548341], [10.7517461, 45.7549998], [10.751699, 45.755074], [10.7516833, 45.755108], [10.7515322, 45.7552946], [10.7515463, 45.7553204], [10.7515785, 45.7553797], [10.7515822, 45.7553865], [10.7515846, 45.7554063], [10.7515323, 45.7554379], [10.7514873, 45.755535], [10.7513754, 45.7556316], [10.7512567, 45.755703], [10.7512275, 45.7557281], [10.7512156, 45.7557656], [10.7512015, 45.7558566], [10.7511238, 45.7559738], [10.7510481, 45.7560506], [10.7510259, 45.756088], [10.7510066, 45.7561223], [10.7508123, 45.7563978], [10.7507209, 45.7565093], [10.7506751, 45.7565303], [10.7506524, 45.7565568], [10.7505748, 45.7565308], [10.7503434, 45.7568321], [10.7504374, 45.7568906], [10.7501535, 45.7572511], [10.7501298, 45.7572839], [10.7500246, 45.7573362], [10.7499159, 45.757384], [10.74973, 45.7574474], [10.7497355, 45.7574914], [10.7498378, 45.757585], [10.7499101, 45.7577153], [10.7499462, 45.7577114], [10.7500303, 45.757838], [10.7500361, 45.7578467], [10.7500978, 45.7579], [10.7501375, 45.7579491], [10.7501903, 45.7579702], [10.7502212, 45.7579908], [10.7502346, 45.7580123], [10.7502346, 45.758031], [10.7502346, 45.7580535], [10.7503084, 45.7581461], [10.7504399, 45.7582244], [10.7509333, 45.7585737], [10.7510222, 45.758686], [10.751088, 45.7587691], [10.7513649, 45.7591589], [10.7515583, 45.7594287], [10.7517274, 45.7595356], [10.7521894, 45.7597646], [10.7526172, 45.7599811], [10.7529387, 45.7602643], [10.7530637, 45.7604609], [10.7531858, 45.7608447], [10.7533227, 45.7612655], [10.7535087, 45.7613801], [10.7536883, 45.7613868], [10.7540821, 45.7615107], [10.7542432, 45.7616946], [10.7545651, 45.7619593], [10.7548872, 45.7619972], [10.7553519, 45.7623369], [10.7558935, 45.7626468], [10.7566136, 45.7630778], [10.7569236, 45.763366], [10.7570677, 45.7635417], [10.7572044, 45.763627], [10.7574593, 45.7637825], [10.757714, 45.7639379], [10.7577974, 45.7639289], [10.757937, 45.7640192], [10.7586461, 45.7644144], [10.7587994, 45.7645884], [10.7590291, 45.7647892], [10.759069, 45.764906], [10.7590747, 45.7650265], [10.7590155, 45.765277], [10.7590994, 45.7652987], [10.7592072, 45.7653569], [10.7597147, 45.7658334], [10.7599071, 45.7660281], [10.7599738, 45.7661207], [10.7600548, 45.7661765], [10.7601357, 45.7661865], [10.7602653, 45.7663962], [10.7604143, 45.7666373], [10.7605077, 45.7667505], [10.7604358, 45.7667342], [10.7603126, 45.7667451], [10.7604618, 45.7668972], [10.7604869, 45.7668861], [10.7605847, 45.7669829], [10.7605596, 45.7669957], [10.7606877, 45.7671174], [10.7609119, 45.7673718], [10.7609466, 45.7674112], [10.7610152, 45.7674886], [10.7610681, 45.7675503], [10.7610998, 45.767589], [10.7611949, 45.7676646], [10.7612715, 45.7677143], [10.7613547, 45.7677622], [10.7614511, 45.7678138], [10.761566, 45.7678931], [10.7616605, 45.7679712], [10.7618346, 45.7681369], [10.7619121, 45.7682244], [10.7620235, 45.7683504], [10.7620454, 45.7683399], [10.7623032, 45.7686197], [10.7623587, 45.7687101], [10.7625009, 45.7688472], [10.7627667, 45.7690863], [10.762865, 45.7691664], [10.7629457, 45.769221], [10.7631018, 45.7693037], [10.7631407, 45.7693614], [10.7631699, 45.7694449], [10.7634328, 45.7697096], [10.76364, 45.7698866], [10.7638861, 45.7701201], [10.7639131, 45.7701471], [10.7639564, 45.770261], [10.7640921, 45.7703392], [10.7641769, 45.7702888], [10.7642078, 45.7702878], [10.7642434, 45.7702876], [10.7642773, 45.7703024], [10.7643847, 45.7703672], [10.7644773, 45.7704167], [10.764563, 45.7704475], [10.7646276, 45.7704708], [10.7646947, 45.7704352], [10.7647862, 45.7704333], [10.7648661, 45.7704985], [10.7649703, 45.7705642], [10.7654467, 45.7707687], [10.7655378, 45.770852], [10.765645, 45.770897], [10.7657735, 45.7709813], [10.7659115, 45.7710874], [10.7659931, 45.7712241], [10.7660205, 45.7712126], [10.7660421, 45.7712192], [10.7660519, 45.7712349], [10.7660519, 45.7712532], [10.7660766, 45.7712574], [10.7661126, 45.7712663], [10.7661396, 45.7712705], [10.7661539, 45.7712851], [10.7661471, 45.7713107], [10.7661471, 45.7713406], [10.7661599, 45.7713625], [10.7661824, 45.7713819], [10.7662049, 45.7713929], [10.7662383, 45.7713949], [10.7662561, 45.7714251], [10.7662305, 45.7714604], [10.7661892, 45.7714853], [10.7661749, 45.7715396], [10.7662159, 45.7717279], [10.766231, 45.7717031], [10.7662582, 45.7716972], [10.766291, 45.7717531], [10.7663226, 45.7717379], [10.7663542, 45.7717512], [10.7663778, 45.7718039], [10.7663503, 45.7718414], [10.7663611, 45.7718744], [10.7664183, 45.771894], [10.7664696, 45.7719708], [10.7664402, 45.7719949], [10.7663463, 45.7720458], [10.7663028, 45.7720587], [10.7662646, 45.7720616], [10.7661988, 45.7721209], [10.7661496, 45.7721734], [10.7660976, 45.7722164], [10.7661022, 45.7722419], [10.7661165, 45.7722903], [10.7661409, 45.7723414], [10.7661638, 45.7723324], [10.7662193, 45.7723647], [10.7662902, 45.7724402], [10.7663257, 45.7724589], [10.7663311, 45.7725054], [10.7663607, 45.7725182], [10.7663926, 45.7725135], [10.7664459, 45.7725672], [10.7665256, 45.7726549], [10.7665448, 45.7727359], [10.7665421, 45.7728246], [10.7666024, 45.7728342], [10.7666996, 45.7729837], [10.7666988, 45.7730263], [10.7666784, 45.7730491], [10.7667024, 45.7730708], [10.7667364, 45.7730973], [10.7667772, 45.7731773], [10.7667962, 45.7732146], [10.7667836, 45.7732628], [10.7668022, 45.7732887], [10.7668439, 45.7733084], [10.7670465, 45.7735077], [10.7672242, 45.7735385], [10.7673169, 45.7736854], [10.7673855, 45.7738645], [10.7673523, 45.7739127], [10.7672794, 45.7739212], [10.7672077, 45.7740116], [10.7672434, 45.7740692], [10.7673171, 45.7741575], [10.7673589, 45.7741464], [10.767447, 45.7740936], [10.7674799, 45.7741375], [10.767533, 45.7741701], [10.7675926, 45.7741157], [10.7676937, 45.7740987], [10.7677427, 45.7740648], [10.7678077, 45.7740325], [10.7678622, 45.7740055], [10.7679416, 45.7740169], [10.7680968, 45.7742497], [10.7681912, 45.7743975], [10.7682692, 45.7745165], [10.7683534, 45.7748983], [10.7684004, 45.7751114], [10.7684762, 45.7751431], [10.768504, 45.7752889], [10.7685282, 45.7754155], [10.768588, 45.7755286], [10.7685702, 45.7756358], [10.7685463, 45.7757212], [10.7687527, 45.7758166], [10.7689491, 45.7761137], [10.7691765, 45.7763061], [10.7692213, 45.7763471], [10.7691908, 45.7764525], [10.7693099, 45.7765484], [10.7695269, 45.7766267], [10.7700927, 45.7770747], [10.7700217, 45.7772002], [10.7703051, 45.7774497], [10.7705148, 45.7775869], [10.7706229, 45.7776576], [10.7711949, 45.7780317], [10.771461, 45.7782066], [10.771481, 45.7782016], [10.7716237, 45.7781759], [10.7716995, 45.7781975], [10.7717412, 45.7782432], [10.7717721, 45.7783427], [10.7719617, 45.778468], [10.7720668, 45.7784708], [10.7721145, 45.7785187], [10.7721238, 45.7785984], [10.7727087, 45.7789687], [10.7728979, 45.7791107], [10.7729706, 45.779198], [10.7730389, 45.77928], [10.7730918, 45.7793571], [10.7730916, 45.7793783], [10.773544, 45.7797634], [10.7736669, 45.7798998], [10.7737577, 45.7800063], [10.7738981, 45.7802007], [10.7738645, 45.7802188], [10.774032, 45.7804432], [10.7741653, 45.780643], [10.7742127, 45.780685], [10.7742748, 45.7807334], [10.7743441, 45.7807805], [10.7744409, 45.7808276], [10.7745979, 45.7809014], [10.7747621, 45.7809604], [10.774778, 45.7809449], [10.7750861, 45.7810495], [10.7752586, 45.7810989], [10.7753642, 45.7810959], [10.7755118, 45.7811027], [10.7756675, 45.7811321], [10.7758621, 45.7811626], [10.7759577, 45.7811852], [10.7760193, 45.7811745], [10.7760875, 45.7812022], [10.7761134, 45.7812576], [10.7761659, 45.7812991], [10.7763612, 45.781346], [10.7764686, 45.7813808], [10.7765742, 45.7814231], [10.7768507, 45.7814781], [10.7769327, 45.7814744], [10.7769704, 45.7815921], [10.7770654, 45.7816555], [10.7771378, 45.7817121], [10.7770949, 45.7819342], [10.7771251, 45.781993], [10.7772347, 45.7822401], [10.7773327, 45.7823181], [10.7773461, 45.7823415], [10.7773488, 45.7823779], [10.7773515, 45.7823957], [10.7773703, 45.7824191], [10.7773716, 45.7824939], [10.7773648, 45.7825337], [10.7774662, 45.7827625], [10.7775517, 45.7828166], [10.7776207, 45.782873], [10.7776829, 45.7829576], [10.777748, 45.7830103], [10.7777751, 45.7830471], [10.7778033, 45.7831146], [10.7778348, 45.7832226], [10.7778912, 45.7833156], [10.7778974, 45.7834377], [10.7778394, 45.7835264], [10.7778284, 45.7835747], [10.7777944, 45.7836201], [10.7777824, 45.7836777], [10.7778038, 45.7837151], [10.777832, 45.7837535], [10.7778347, 45.7838479], [10.7778507, 45.784002], [10.7778294, 45.7840306], [10.7777963, 45.7840509], [10.7777843, 45.7840793], [10.7777312, 45.784157], [10.7777073, 45.7842207], [10.7776054, 45.7842926], [10.7775611, 45.7843543], [10.7775142, 45.7844001], [10.7774874, 45.7844374], [10.777431, 45.7846516], [10.7775296, 45.7846713], [10.7775507, 45.7846961], [10.7776081, 45.7847639], [10.7776893, 45.7848595], [10.7777182, 45.7848937], [10.7777579, 45.784969], [10.777821, 45.7849547], [10.7778362, 45.7849954], [10.7778126, 45.7850319], [10.7777939, 45.7851142], [10.7777641, 45.7851968], [10.7778023, 45.7853602], [10.7776205, 45.7854688], [10.7776128, 45.7855362], [10.777675, 45.785613], [10.7777269, 45.7857254], [10.7777856, 45.7857743], [10.7778294, 45.7858212], [10.7778456, 45.7858773], [10.7778328, 45.7859304], [10.7778737, 45.7859626], [10.7778555, 45.7863977], [10.7778452, 45.7866434], [10.7777998, 45.7866591], [10.7776201, 45.7866261], [10.7775916, 45.7866529], [10.7775205, 45.7867198], [10.7774648, 45.7867189], [10.7773981, 45.7867179], [10.7773826, 45.7867769], [10.7774208, 45.7868846], [10.7772887, 45.7870944], [10.7771687, 45.7873168], [10.7771781, 45.7875415], [10.7774307, 45.7879629], [10.7775946, 45.7882422], [10.7777826, 45.7885215], [10.7783121, 45.7891211], [10.7788187, 45.7896363], [10.7788484, 45.7896303], [10.778887, 45.789617], [10.7789793, 45.7896587], [10.7790784, 45.7897408], [10.7791988, 45.7898782], [10.7792682, 45.7899723], [10.779331, 45.7901191], [10.7796966, 45.7907356], [10.7797756, 45.7909713], [10.779775, 45.791038], [10.7798045, 45.7911091], [10.7798423, 45.7911703], [10.779846, 45.7912176], [10.7798058, 45.7912569], [10.7798339, 45.7912871], [10.7798862, 45.7912968], [10.7799156, 45.7913891], [10.7799876, 45.7914463], [10.7800463, 45.7914997], [10.7800643, 45.7915879], [10.7801778, 45.7918299], [10.7802292, 45.7919394], [10.7802764, 45.79204], [10.7805312, 45.7925834], [10.7805873, 45.7927578], [10.7806865, 45.7928619], [10.7808834, 45.7930926], [10.7809908, 45.7933121], [10.7811702, 45.7934181], [10.7813101, 45.7935291], [10.7813284, 45.7936287], [10.7813358, 45.7937484], [10.7815586, 45.7939951], [10.7816631, 45.794126], [10.7819994, 45.7945473], [10.7820964, 45.7946687], [10.7821919, 45.7946862], [10.7822389, 45.7947892], [10.7822676, 45.7949186], [10.782286, 45.7949549], [10.7823219, 45.7950256], [10.7823507, 45.7950981], [10.7823843, 45.7951984], [10.7824386, 45.7953533], [10.782477, 45.7954703], [10.7825489, 45.7956141], [10.7826202, 45.795761], [10.782684, 45.7958577], [10.7827478, 45.7959421], [10.7828318, 45.7960542], [10.7828596, 45.7961029], [10.7828847, 45.7961471], [10.7829461, 45.7961574], [10.7829884, 45.7961736], [10.7830222, 45.7962134], [10.7830286, 45.7962562], [10.7830328, 45.7963314], [10.7830201, 45.7963786], [10.7830201, 45.7964199], [10.7829947, 45.7965158], [10.782963, 45.7965526], [10.782908, 45.7965689], [10.7828911, 45.7965335], [10.7828678, 45.7967635], [10.7829672, 45.7968446], [10.7830434, 45.7969508], [10.783073, 45.7970172], [10.7830878, 45.7970998], [10.7831195, 45.7972091], [10.7830917, 45.7973675], [10.7830089, 45.7979223], [10.7831348, 45.798419], [10.7832379, 45.7985832], [10.7833243, 45.7986512], [10.7833406, 45.7987208], [10.783416, 45.7987716], [10.7834857, 45.7990959], [10.783628, 45.7994188], [10.7836976, 45.7995768], [10.7836651, 45.7997744], [10.7836425, 45.7999115], [10.783672, 45.8000088], [10.7837416, 45.800066], [10.7837925, 45.8001078], [10.7842794, 45.8001857], [10.7848985, 45.8001859], [10.7856191, 45.8002808], [10.7866688, 45.8007346], [10.7867504, 45.8008854], [10.7868067, 45.8010115], [10.787058, 45.8015035], [10.7871295, 45.8016434], [10.7872995, 45.8017834], [10.7873981, 45.8018217], [10.7874089, 45.8019037], [10.7874664, 45.8018998], [10.7874692, 45.801936], [10.787364, 45.8019428], [10.7873457, 45.8018519], [10.787148, 45.8018617], [10.7871844, 45.8021283], [10.7873892, 45.8021188], [10.787371, 45.8020083], [10.7874089, 45.801981], [10.7874467, 45.8019878], [10.7875309, 45.8019868], [10.7875379, 45.8020113], [10.7875014, 45.802022], [10.7874832, 45.8020758], [10.787493, 45.8021335], [10.7875155, 45.8022103], [10.7875165, 45.8023248], [10.7875351, 45.802419], [10.7875173, 45.8025551], [10.7875278, 45.8026287], [10.7875326, 45.802695], [10.7875305, 45.8028066], [10.7875653, 45.8028977], [10.7876087, 45.8029659], [10.787684, 45.8030608], [10.7877429, 45.8031488], [10.787868, 45.8032909], [10.7879699, 45.8034547], [10.788052, 45.8035099], [10.7880928, 45.8035591], [10.7881008, 45.8036625], [10.7881166, 45.8038095], [10.7882086, 45.803911], [10.7882216, 45.8039705], [10.7882205, 45.8041196], [10.7882183, 45.8042095], [10.788219, 45.8042867], [10.7883207, 45.8044217], [10.7883366, 45.8045195], [10.7883026, 45.8046308], [10.7882968, 45.8047235], [10.78835, 45.8047644], [10.7884472, 45.8048108], [10.7886469, 45.805193], [10.7894055, 45.8056636], [10.7903546, 45.8063108], [10.7905512, 45.8063217], [10.7910285, 45.8066963], [10.7911963, 45.8068348], [10.7912531, 45.8068859], [10.7913543, 45.8069713], [10.7913763, 45.8069931], [10.791407, 45.8070248], [10.7914298, 45.8070583], [10.7914578, 45.8070766], [10.7914671, 45.8070872], [10.7914861, 45.8071009], [10.7915416, 45.8071567], [10.791551, 45.8071651], [10.7915901, 45.8072], [10.791635, 45.8072398], [10.7916483, 45.8072494], [10.7916877, 45.8072778], [10.7917537, 45.8073199], [10.7918009, 45.8073595], [10.79184, 45.8073896], [10.7918656, 45.8074265], [10.7919377, 45.8074822], [10.7919682, 45.8075488], [10.7920044, 45.8075759], [10.792082, 45.8076367], [10.7921604, 45.807704], [10.7922347, 45.8077602], [10.7922893, 45.807832], [10.7923576, 45.807925], [10.7924087, 45.8080034], [10.7924784, 45.808062], [10.7925463, 45.8081182], [10.792619, 45.808187], [10.7927066, 45.8082447], [10.7928388, 45.8082992], [10.7929894, 45.8083463], [10.7930973, 45.8083875], [10.7931982, 45.8084342], [10.7932555, 45.8084902], [10.7935338, 45.8087488], [10.7935633, 45.8088138], [10.7935614, 45.8088753], [10.793587, 45.8089275], [10.7936207, 45.8089274], [10.793673, 45.8089256], [10.7937195, 45.8089874], [10.7937455, 45.8090324], [10.7937648, 45.8090905], [10.793789, 45.8091312], [10.7938192, 45.809165], [10.793818, 45.8091913], [10.7937939, 45.8092157], [10.7937766, 45.8092365], [10.7937527, 45.8092789], [10.7937345, 45.8094086], [10.793736, 45.8094488], [10.7937189, 45.8095364], [10.7937141, 45.8095732], [10.7936848, 45.8096884], [10.7937467, 45.8097871], [10.7937244, 45.8098726], [10.7936793, 45.8099946], [10.7936803, 45.8101387], [10.7936949, 45.810159], [10.7937903, 45.810292], [10.7937585, 45.8103937], [10.7937491, 45.8104237], [10.7937531, 45.8105094], [10.7938118, 45.8105369], [10.7938379, 45.8105842], [10.7938595, 45.8106491], [10.7938731, 45.8106898], [10.7938976, 45.8107306], [10.7939217, 45.8107708], [10.793955, 45.8107757], [10.7939573, 45.810806], [10.7939825, 45.8108322], [10.7940174, 45.8108385], [10.7940815, 45.810983], [10.7940652, 45.8110539], [10.7940586, 45.8110789], [10.7940601, 45.8111259], [10.7940675, 45.8111602], [10.7941335, 45.811266], [10.794172, 45.81133], [10.794093, 45.8114038], [10.7940634, 45.8114306], [10.7940539, 45.8114401], [10.7940378, 45.8114533], [10.794027, 45.8114648], [10.7940847, 45.8115066], [10.794196, 45.8115806], [10.7942265, 45.8116092], [10.7942672, 45.8116418], [10.7942965, 45.8116789], [10.7943123, 45.8117401], [10.7942548, 45.812222], [10.7942515, 45.8122626], [10.7942406, 45.8123621], [10.7941813, 45.8128696], [10.7941204, 45.8130081], [10.7940128, 45.8131186], [10.7939912, 45.8131408], [10.7939851, 45.8132197], [10.7940133, 45.8132213], [10.7940113, 45.8132375], [10.7939048, 45.8132273], [10.7938356, 45.813629], [10.7940477, 45.8136405], [10.7942093, 45.8131741], [10.7942404, 45.8131783], [10.7941014, 45.8136442], [10.7941481, 45.8136795], [10.7941025, 45.8139119], [10.794045, 45.8139865], [10.793966, 45.8139544], [10.7940168, 45.8138933], [10.7940475, 45.8136757], [10.793833, 45.8136565], [10.7938135, 45.8138545], [10.7938496, 45.8138537], [10.793816, 45.8140289], [10.7939567, 45.8140377], [10.7939405, 45.814139], [10.7938064, 45.8141266], [10.7937885, 45.8142318], [10.7937793, 45.814258], [10.7935979, 45.8146904], [10.7935889, 45.8147122], [10.7934607, 45.8150058], [10.7934264, 45.8150933], [10.7934323, 45.815102], [10.7933877, 45.815211], [10.7932857, 45.81525], [10.7932748, 45.8152817], [10.7932469, 45.8154325], [10.7932095, 45.8156271], [10.7932075, 45.8157109], [10.7932057, 45.815722], [10.7931983, 45.8157578], [10.7931922, 45.8157813], [10.7931919, 45.815822], [10.7931866, 45.8159617], [10.7931791, 45.8159907], [10.7931781, 45.8160198], [10.7931757, 45.816085], [10.7931763, 45.8160931], [10.793166, 45.8161038], [10.7929189, 45.8161298], [10.7929119, 45.8161395], [10.7929936, 45.8162337], [10.7930775, 45.81627], [10.7930834, 45.8162724], [10.7931166, 45.8162861], [10.7933108, 45.8161723], [10.7933004, 45.8160739], [10.7933104, 45.8160665], [10.7933275, 45.8160652], [10.7933385, 45.8160732], [10.7933602, 45.8162143], [10.7934101, 45.816264], [10.7935144, 45.8163106], [10.793479, 45.8163491], [10.7934706, 45.8163592], [10.7934927, 45.8163702], [10.7935416, 45.8163196], [10.7937789, 45.8164264], [10.7939789, 45.8165378], [10.794018, 45.8165666], [10.7940623, 45.8165358], [10.7940831, 45.8165503], [10.7941033, 45.8165644], [10.794059, 45.8165952], [10.7941039, 45.8166301], [10.7943249, 45.8168094], [10.7943452, 45.8167952], [10.7944035, 45.8168367], [10.7943846, 45.8168499], [10.7946025, 45.8169764], [10.7945685, 45.8170034], [10.7947011, 45.8170372], [10.7946791, 45.8170919], [10.7946956, 45.8170953], [10.7947053, 45.8170724], [10.7947324, 45.8170758], [10.7947612, 45.8170777], [10.794811, 45.8170803], [10.7947993, 45.8171144], [10.7948203, 45.8171179], [10.7948295, 45.817091], [10.794859, 45.8170987], [10.79493, 45.8171067], [10.7949219, 45.8171405], [10.7949419, 45.8171429], [10.7949504, 45.8171071], [10.795058, 45.8171198], [10.7950467, 45.8171527], [10.795069, 45.8171587], [10.7952335, 45.8171904], [10.795261, 45.8171361], [10.7952782, 45.8171019], [10.7954627, 45.8171571], [10.7954749, 45.8171706], [10.7955257, 45.8171845], [10.7955472, 45.8171819], [10.7957292, 45.8172324], [10.7959582, 45.8172844], [10.795946, 45.8173035], [10.7957386, 45.8172525], [10.7957068, 45.8173035], [10.7958727, 45.8173562], [10.7958947, 45.8173312], [10.7959852, 45.8173637], [10.7960932, 45.8173188], [10.7961152, 45.8173478], [10.7960321, 45.817389], [10.7960725, 45.817407], [10.7960926, 45.8174159], [10.7961227, 45.8174293], [10.7961384, 45.8174363], [10.7961779, 45.8174539], [10.7961939, 45.817461], [10.7962168, 45.8175073], [10.7968969, 45.8177493], [10.7969838, 45.8178257], [10.7972546, 45.8179613], [10.7972777, 45.8179841], [10.7973125, 45.8180205], [10.7973402, 45.8181298], [10.7973836, 45.8181292], [10.7974154, 45.818189], [10.7974682, 45.818248], [10.7975122, 45.8182444], [10.7975388, 45.8183142], [10.7976118, 45.8183717], [10.7976597, 45.8183582], [10.7977065, 45.8184129], [10.7978232, 45.8184694], [10.7978284, 45.8184802], [10.7978184, 45.8185255], [10.7978642, 45.8186416], [10.797858, 45.8188405], [10.7979029, 45.8189919], [10.7979371, 45.8191092], [10.7979821, 45.8191078], [10.7980336, 45.8192544], [10.7981081, 45.8193769], [10.7982744, 45.8194954], [10.7982889, 45.819501], [10.7983056, 45.8195079], [10.7984654, 45.8195692], [10.7985053, 45.8195149], [10.7985252, 45.819522], [10.798503, 45.8195523], [10.7985748, 45.819569], [10.7985956, 45.8195769], [10.7986606, 45.8196105], [10.7986766, 45.8196203], [10.7987576, 45.8196567], [10.7987726, 45.8196648], [10.7988831, 45.8197184], [10.7989018, 45.8197277], [10.7990069, 45.8197671], [10.7990273, 45.8197699], [10.7991717, 45.8198133], [10.7991886, 45.8198192], [10.799269, 45.8198512], [10.7992707, 45.8198701], [10.7993997, 45.8199739], [10.7997094, 45.8201237], [10.7998574, 45.8201783], [10.7999545, 45.8202232], [10.799983, 45.8202366], [10.8000098, 45.820249], [10.8000381, 45.8202909], [10.8001937, 45.820315], [10.8004322, 45.8203297], [10.8011794, 45.8203655], [10.801373, 45.8203734], [10.8014013, 45.8203747], [10.80159, 45.8203966], [10.8017219, 45.820411], [10.8019008, 45.8204312], [10.8019715, 45.820444], [10.8023413, 45.8205906], [10.802405, 45.820626], [10.8024861, 45.8206711], [10.8026242, 45.820748], [10.8029067, 45.8208899], [10.8029984, 45.8209125], [10.8030923, 45.8209306], [10.8036324, 45.8209867], [10.8036688, 45.8209932], [10.8039472, 45.821059], [10.803981, 45.8210666], [10.8047973, 45.8212804], [10.8048479, 45.8213284], [10.8048525, 45.8213568], [10.804889, 45.8214201], [10.8049832, 45.8214409], [10.8051931, 45.8214975], [10.8052099, 45.8215052], [10.8052528, 45.821525], [10.8053514, 45.8214858], [10.8053783, 45.8214842], [10.8053654, 45.8215026], [10.8054888, 45.8215409], [10.8055096, 45.8215451], [10.8054841, 45.8215895], [10.8054633, 45.8215839], [10.8054452, 45.8215825], [10.8054315, 45.8215853], [10.8054223, 45.8215926], [10.8054117, 45.8216024], [10.8053933, 45.8216233], [10.8053864, 45.8216317], [10.805391, 45.8216433], [10.8054024, 45.8216513], [10.8054112, 45.8216542], [10.8054298, 45.821659], [10.8054447, 45.8216601], [10.8054741, 45.8216465], [10.8054868, 45.8216381], [10.8054949, 45.8216288], [10.8055002, 45.8216176], [10.8054982, 45.8216054], [10.805515, 45.8215993], [10.8055136, 45.8216185], [10.8055103, 45.8216302], [10.8055009, 45.8216428], [10.8054788, 45.8216587], [10.8054702, 45.8216628], [10.8055247, 45.8217208], [10.8055399, 45.8217348], [10.8055631, 45.8217585], [10.8055745, 45.8217555], [10.8055856, 45.8217694], [10.8056498, 45.8218672], [10.8058509, 45.8220939], [10.8058649, 45.8221065], [10.8058317, 45.8221245], [10.8059072, 45.8222276], [10.8059365, 45.8222177], [10.805945, 45.8222299], [10.8059246, 45.8222369], [10.8060082, 45.8223057], [10.8060272, 45.8222921], [10.8060437, 45.8223034], [10.8060067, 45.8223297], [10.8061773, 45.8223991], [10.8062599, 45.8223805], [10.8063562, 45.8223805], [10.8064082, 45.8223825], [10.8064349, 45.8224033], [10.8064845, 45.8224252], [10.8065308, 45.8224444], [10.8065697, 45.8224818], [10.8066334, 45.8225098], [10.806675, 45.8225276], [10.8067252, 45.8225364], [10.8067708, 45.8225392], [10.8068305, 45.8225397], [10.8068607, 45.822542], [10.8069003, 45.822549], [10.8069217, 45.8225528], [10.8069365, 45.8225672], [10.8069392, 45.8225742], [10.8069862, 45.8225833], [10.8070251, 45.8226055], [10.8070519, 45.8226502], [10.8070914, 45.8226831], [10.8071379, 45.8227239], [10.8071883, 45.8227423], [10.8073, 45.8227621], [10.8073623, 45.8227757], [10.8074152, 45.822764], [10.8074686, 45.8227654], [10.8075418, 45.8227417], [10.8076027, 45.8227327], [10.8075885, 45.8227568], [10.8076099, 45.8227731], [10.8076676, 45.8227703], [10.8076934, 45.8227479], [10.8077096, 45.8227436], [10.8077324, 45.8227589], [10.8079192, 45.8228175], [10.8079327, 45.8228218], [10.8080757, 45.8228175], [10.8082554, 45.8229026], [10.8083516, 45.8229723], [10.8083641, 45.8229639], [10.8083805, 45.8229744], [10.8083666, 45.8229839], [10.808358, 45.822996], [10.8083555, 45.8230095], [10.8083594, 45.8230227], [10.8083694, 45.8230344], [10.8083842, 45.8230431], [10.8084024, 45.823048], [10.8084211, 45.8230485], [10.8084384, 45.823044], [10.8084561, 45.8230365], [10.8084672, 45.8230256], [10.8084725, 45.8230127], [10.8084716, 45.8229993], [10.8084646, 45.8229869], [10.8084521, 45.8229767], [10.8084357, 45.8229698], [10.8084599, 45.8229607], [10.8084774, 45.8229711], [10.8084881, 45.8229817], [10.8084972, 45.8229994], [10.8084985, 45.8230117], [10.8085225, 45.8230228], [10.808552, 45.8230265], [10.8085875, 45.8230227], [10.8086099, 45.8230223], [10.808631, 45.8230283], [10.8086874, 45.8230673], [10.8089201, 45.8232033], [10.8090477, 45.8233341], [10.8093079, 45.823369], [10.8101186, 45.823362], [10.8112448, 45.8235682], [10.8117267, 45.8236672], [10.8117823, 45.8236666], [10.811783, 45.8236905], [10.8117672, 45.8236915], [10.8117662, 45.8237498], [10.8119135, 45.8237744], [10.8119675, 45.823723], [10.812009, 45.8237317], [10.812067, 45.8237394], [10.8120867, 45.823779], [10.8121053, 45.8238144], [10.8121427, 45.8237508], [10.8121603, 45.8237541], [10.812124, 45.8238185], [10.8121802, 45.8238332], [10.8122048, 45.8237647], [10.8122259, 45.8237663], [10.8122036, 45.8238381], [10.8123066, 45.8238756], [10.8123359, 45.8237949], [10.812357, 45.8237973], [10.8123324, 45.823883], [10.8124975, 45.8239393], [10.8125326, 45.8238601], [10.8125537, 45.823865], [10.8125197, 45.8239442], [10.8126965, 45.8240029], [10.8127529, 45.8238966], [10.812775, 45.8239066], [10.8127258, 45.8240111], [10.8128417, 45.8240518], [10.8128881, 45.8239577], [10.8129074, 45.8239664], [10.8128663, 45.82406], [10.8132372, 45.8242025], [10.8134822, 45.8243192], [10.8136569, 45.8244123], [10.814048, 45.8245405], [10.8142222, 45.8246534], [10.8143254, 45.8246856], [10.8144493, 45.8247796], [10.8146942, 45.8249313], [10.8148681, 45.825012], [10.8150174, 45.8251201], [10.8151715, 45.8252182], [10.8153906, 45.8253792], [10.8156466, 45.8255661], [10.8158623, 45.8257747], [10.8160331, 45.8258592], [10.8160463, 45.8259399], [10.8161492, 45.8260313], [10.8162613, 45.8261309], [10.8164287, 45.8262153], [10.816553, 45.8262779], [10.816752, 45.8264235], [10.8168382, 45.826447], [10.8168853, 45.8264644], [10.8169083, 45.8265023], [10.8171134, 45.8266058], [10.8173556, 45.8266552], [10.8174445, 45.8266332], [10.8174755, 45.8267026], [10.8175072, 45.8266999], [10.8175632, 45.8267032], [10.8176032, 45.8267308], [10.8176098, 45.8268527], [10.8176529, 45.826894], [10.8178292, 45.8268715], [10.8179606, 45.8269088], [10.8182455, 45.8269431], [10.8182636, 45.8269447], [10.8185781, 45.8269729], [10.8186585, 45.8269801], [10.8186893, 45.8269828], [10.8189704, 45.8270077], [10.8191238, 45.8270213], [10.8192804, 45.8270351], [10.8194013, 45.8270458], [10.8194914, 45.8270538], [10.8196543, 45.8270682], [10.8196652, 45.8270692], [10.8198365, 45.8271234], [10.8200889, 45.8271858], [10.8202697, 45.8272612], [10.8203955, 45.8273431], [10.8205291, 45.8273869], [10.8206305, 45.8274625], [10.8207933, 45.8275411], [10.8209256, 45.8275638], [10.8209748, 45.8275932], [10.8210484, 45.8276463], [10.8211568, 45.8277115], [10.8212439, 45.8277661], [10.8213605, 45.8278095], [10.8214832, 45.8278924], [10.8215007, 45.8279042], [10.8215851, 45.8279612], [10.8215966, 45.8279691], [10.8217552, 45.8280351], [10.8219504, 45.8281386], [10.8219667, 45.8281473], [10.8220541, 45.8282036], [10.8221684, 45.8282422], [10.8222811, 45.8282155], [10.8223627, 45.8281974], [10.8223735, 45.8282211], [10.8222919, 45.8282393], [10.8223548, 45.8283898], [10.8223816, 45.8285664], [10.822397, 45.8286369], [10.8224172, 45.8287295], [10.8224574, 45.8287242], [10.822465, 45.8287522], [10.8224491, 45.8287881], [10.8223811, 45.8288819], [10.82237, 45.8289237], [10.8224007, 45.8289384], [10.8224511, 45.8289583], [10.8226077, 45.8289698], [10.8226766, 45.8289637], [10.8227349, 45.8289886], [10.8228469, 45.8290734], [10.8228483, 45.8291172], [10.8228505, 45.8291844], [10.8228367, 45.8292088], [10.8228547, 45.829313], [10.8229089, 45.8293427], [10.8228639, 45.8293854], [10.8228599, 45.8294312], [10.8228935, 45.8294808], [10.8229312, 45.8296434], [10.8229622, 45.8296574], [10.8230918, 45.8297778], [10.8231489, 45.8299654], [10.8231271, 45.8300356], [10.8230598, 45.830102], [10.8230217, 45.830102], [10.8230483, 45.8301244], [10.8230462, 45.8301673], [10.8230683, 45.8301935], [10.8230561, 45.8302888], [10.823059, 45.830338], [10.8231222, 45.8303751], [10.8232498, 45.830588], [10.8233089, 45.830728], [10.8233614, 45.8308073], [10.8234641, 45.8308258], [10.8235439, 45.8308511], [10.8236641, 45.8309267], [10.8237212, 45.8309462], [10.824064, 45.8310972], [10.8242667, 45.8313316], [10.8243018, 45.8313735], [10.8245012, 45.8315365], [10.8245681, 45.8316156], [10.8246354, 45.8316885], [10.8245948, 45.8317141], [10.8245964, 45.8317289], [10.8246268, 45.83174], [10.824683, 45.8317378], [10.8247671, 45.831825], [10.8247651, 45.8318825], [10.8247337, 45.8319399], [10.8247655, 45.8319777], [10.8248053, 45.8320024], [10.8248278, 45.8320373], [10.8248972, 45.8320712], [10.8249047, 45.832111], [10.8249684, 45.8321331], [10.8250215, 45.832172], [10.8250579, 45.8322461], [10.8250768, 45.8322762], [10.8251181, 45.8322862], [10.8251434, 45.8323279], [10.8251168, 45.8324389], [10.8251194, 45.8325163], [10.8251797, 45.8326227], [10.8252268, 45.8326835], [10.825235, 45.8327299], [10.8252595, 45.8327448], [10.8252946, 45.8327855], [10.8253748, 45.8328963], [10.8254106, 45.8330125], [10.8254022, 45.8330418], [10.8254391, 45.8331283], [10.8254497, 45.833219], [10.8255462, 45.8333882], [10.8255851, 45.8334931], [10.8255731, 45.8335154], [10.8255647, 45.8335454], [10.8255704, 45.8335635], [10.8255778, 45.833587], [10.8255771, 45.8336052], [10.8255932, 45.8336216], [10.8255952, 45.8336392], [10.8255945, 45.8336558], [10.8256015, 45.8336633], [10.825607, 45.8336692], [10.8256214, 45.8336999], [10.8256302, 45.8337518], [10.8256285, 45.8337825], [10.8256497, 45.8338051], [10.8256492, 45.8338292], [10.825629, 45.8339616], [10.8256584, 45.8340883], [10.8256571, 45.8341445], [10.8256719, 45.8342157], [10.8257103, 45.8344068], [10.8257246, 45.8344837], [10.8257044, 45.8345551], [10.8256841, 45.8345922], [10.8257146, 45.8346444], [10.8257143, 45.8346493], [10.8257115, 45.8346992], [10.8257214, 45.8347378], [10.8257375, 45.8348008], [10.8257413, 45.8348391], [10.8257197, 45.8348888], [10.8256936, 45.8349411], [10.8256782, 45.8350008], [10.8256233, 45.8351108], [10.8256063, 45.8351755], [10.82567, 45.8352234], [10.8257255, 45.8352498], [10.8257435, 45.8352855], [10.8257172, 45.8353171], [10.8257057, 45.8353571], [10.8256772, 45.8354026], [10.8255707, 45.8355086], [10.8255079, 45.8355557], [10.825473, 45.8356408], [10.8254443, 45.8356889], [10.8254612, 45.8357444], [10.8254736, 45.8359882], [10.8255497, 45.8361503], [10.8256272, 45.8362181], [10.8256491, 45.8362808], [10.8256174, 45.8363528], [10.8255387, 45.8364793], [10.8255298, 45.8365535], [10.8255467, 45.8367328], [10.8256374, 45.8369196], [10.8257053, 45.8370159], [10.8257426, 45.8371064], [10.825748, 45.83719], [10.8257907, 45.83719], [10.8258341, 45.8372804], [10.825787, 45.837373], [10.8258282, 45.8374793], [10.8258495, 45.83761], [10.825865, 45.837705], [10.8259038, 45.8377518], [10.8259278, 45.8378932], [10.8259139, 45.8379373], [10.8258706, 45.8379523], [10.8258156, 45.8379699], [10.8257383, 45.8379717], [10.8257684, 45.8380742], [10.825816, 45.8380906], [10.8259093, 45.8381648], [10.8259829, 45.8382852], [10.8259798, 45.8383357], [10.8259042, 45.8383742], [10.8259135, 45.8384313], [10.8259805, 45.8385167], [10.8260394, 45.8385749], [10.8260177, 45.8386176], [10.8260548, 45.8386655], [10.8261612, 45.8387689], [10.8262881, 45.8389598], [10.8262683, 45.8390016], [10.8262861, 45.8390378], [10.8262761, 45.8390933], [10.8262566, 45.839184], [10.8262264, 45.8392523], [10.8261909, 45.8393451], [10.826209, 45.8394379], [10.8261975, 45.8394912], [10.8262959, 45.8397085], [10.8262821, 45.839794], [10.8262715, 45.8398597], [10.8263143, 45.8399511], [10.8263019, 45.840019], [10.8262794, 45.8401417], [10.8263323, 45.8402892], [10.8263115, 45.8404036], [10.8263025, 45.8404528], [10.826157, 45.8406487], [10.8261371, 45.8408123], [10.8261504, 45.8409505], [10.8262297, 45.8411441], [10.8262741, 45.8412162], [10.8262637, 45.8414259], [10.8262637, 45.8414969], [10.8262315, 45.8415493], [10.8262717, 45.841596], [10.8262852, 45.8416689], [10.8263254, 45.8416894], [10.8263683, 45.841723], [10.8265247, 45.8419021], [10.8267034, 45.8421275], [10.8267668, 45.8423365], [10.8268468, 45.8424944], [10.8268253, 45.8425712], [10.8268283, 45.8426382], [10.826885, 45.8428085], [10.8269729, 45.8430391], [10.8270709, 45.8432086], [10.8271521, 45.8433781], [10.8272939, 45.8435005], [10.8275406, 45.8437982], [10.8278541, 45.8439487], [10.8279046, 45.843955], [10.8279271, 45.8439578], [10.8281565, 45.8440928], [10.8283583, 45.8442521], [10.8283833, 45.8443139], [10.8283795, 45.8443394], [10.8283624, 45.8443484], [10.828369, 45.8443536], [10.8283837, 45.8443663], [10.8285206, 45.8444875], [10.8285395, 45.8444726], [10.8286272, 45.8445284], [10.828611, 45.8445394], [10.8287344, 45.8446174], [10.828752, 45.8446294], [10.8288273, 45.8446762], [10.8288427, 45.8446875], [10.8288727, 45.8446663], [10.8289135, 45.8446943], [10.828919, 45.8446981], [10.8289679, 45.8447317], [10.828913, 45.8447705], [10.8289283, 45.8447807], [10.8289879, 45.844832], [10.8289928, 45.8448363], [10.8289961, 45.8449432], [10.8289618, 45.8449402], [10.8289612, 45.8449512], [10.8289587, 45.8450029], [10.828931, 45.8450021], [10.8289095, 45.8450016], [10.8289095, 45.8450134], [10.8289095, 45.8450226], [10.82893, 45.8450235], [10.8289576, 45.8450247], [10.8289551, 45.8450745], [10.8289976, 45.8450744], [10.8290031, 45.8450948], [10.8290235, 45.8451604], [10.8290747, 45.8452353], [10.8290899, 45.8452527], [10.8291034, 45.8452648], [10.8291847, 45.8453127], [10.8292254, 45.8453369], [10.829272, 45.8453613], [10.8292775, 45.8453623], [10.8292967, 45.8453717], [10.8293328, 45.8453893], [10.829391, 45.8453966], [10.8294687, 45.8454055], [10.8295047, 45.8454204], [10.8295435, 45.8454437], [10.829667, 45.8454816], [10.8297003, 45.845575], [10.8298026, 45.8456395], [10.8298747, 45.845726], [10.8299719, 45.8457601], [10.8300208, 45.8457301], [10.8300743, 45.8457209], [10.8301322, 45.8457341], [10.8301929, 45.8457917], [10.8301985, 45.8458446], [10.830199, 45.8459398], [10.830183, 45.846005], [10.8302226, 45.8460239], [10.8302551, 45.8460239], [10.8302627, 45.8460239], [10.8302782, 45.8460303], [10.8302878, 45.8460343], [10.8303229, 45.8460907], [10.8303454, 45.8461485], [10.8302989, 45.846194], [10.8303167, 45.8463251], [10.8303172, 45.8463286], [10.8303207, 45.8463451], [10.8303214, 45.8463482], [10.8303188, 45.8464172], [10.8303837, 45.846439], [10.830434, 45.8464548], [10.8304415, 45.8464572], [10.8304797, 45.8464385], [10.8305195, 45.8464449], [10.8305811, 45.846537], [10.8305774, 45.8467294], [10.8305987, 45.8468761], [10.830623, 45.8470433], [10.8306513, 45.8472089], [10.8306845, 45.8472233], [10.8306621, 45.8473116], [10.8306778, 45.8475052], [10.8306481, 45.8476505], [10.830715, 45.8478632], [10.8307924, 45.8479444], [10.830784, 45.8481003], [10.8308583, 45.8483094], [10.8309353, 45.8484027], [10.8309641, 45.8484735], [10.8309841, 45.8486329], [10.8310071, 45.8486975], [10.8310235, 45.8487142], [10.8310275, 45.8488063], [10.8310893, 45.8489403], [10.8311472, 45.8490588], [10.831151, 45.8490828], [10.8311259, 45.849102], [10.8311243, 45.8491226], [10.8311399, 45.8491371], [10.8311855, 45.8491436], [10.8312144, 45.8491839], [10.8313838, 45.8492942], [10.8314954, 45.8494126], [10.8315458, 45.849466], [10.8315727, 45.8495537], [10.8316379, 45.8497661], [10.8317925, 45.8500303], [10.8318433, 45.8502113], [10.8319596, 45.8503913], [10.8321902, 45.8507484], [10.8321764, 45.8507764], [10.8321899, 45.8508425], [10.8320967, 45.8510082], [10.8321906, 45.8512417], [10.8323298, 45.8514015], [10.8323424, 45.8515601], [10.8323671, 45.851871], [10.8324134, 45.8519046], [10.8324195, 45.8519869], [10.8324995, 45.851987], [10.832593, 45.8519797], [10.832684, 45.8520279], [10.8328461, 45.852288], [10.8328788, 45.8523183], [10.8328877, 45.8523266], [10.8329679, 45.852475], [10.8329685, 45.8524819], [10.8329723, 45.8525244], [10.8330269, 45.8525848], [10.8331691, 45.8528527], [10.8331689, 45.8528966], [10.8331952, 45.8529717], [10.8331583, 45.8530458], [10.8330856, 45.8530662], [10.8329891, 45.8530811], [10.8330803, 45.8531264], [10.833149, 45.8532444], [10.833193, 45.8532347], [10.8332211, 45.8533297], [10.833243, 45.8533801], [10.8333041, 45.853417], [10.8333572, 45.8534099], [10.8334511, 45.853395], [10.8335358, 45.8534098], [10.8336203, 45.8534786], [10.8336408, 45.8535332], [10.8336673, 45.8536035], [10.8337144, 45.8537152], [10.8337079, 45.8538194], [10.833763, 45.8539108], [10.8338451, 45.8539244], [10.8338961, 45.8539874], [10.8338634, 45.8540535], [10.8339334, 45.854059], [10.8339946, 45.8540923], [10.8339298, 45.8541137], [10.8339651, 45.8542237], [10.8340489, 45.8543194], [10.8341313, 45.8543991], [10.8342948, 45.8545642], [10.8344125, 45.854635], [10.8344339, 45.8547247], [10.8344471, 45.8547802], [10.8343918, 45.8548996], [10.8343918, 45.8552087], [10.8344274, 45.8554599], [10.8342514, 45.8557219], [10.834135, 45.8557402], [10.8340568, 45.8558928], [10.8339963, 45.8560108], [10.8340507, 45.8560947], [10.8340347, 45.8562903], [10.8339544, 45.8564775], [10.8339183, 45.8566479], [10.8339229, 45.8567796], [10.8337678, 45.8570986], [10.8335888, 45.8571204], [10.833501, 45.8572487], [10.8333289, 45.8573911], [10.8331799, 45.8575143], [10.8331482, 45.8575482], [10.8330591, 45.8576072], [10.8330511, 45.8576857], [10.8330538, 45.8577585], [10.8330538, 45.8578463], [10.8330618, 45.8579267], [10.8330806, 45.8579976], [10.8330551, 45.8580621], [10.833008, 45.8581329], [10.8329935, 45.8581939], [10.8329744, 45.8582391], [10.8329777, 45.8582918], [10.8330054, 45.8583277], [10.8329604, 45.858341], [10.8329771, 45.8583749], [10.832963, 45.8584368], [10.8329408, 45.8585772], [10.8328869, 45.8586219], [10.8328276, 45.8587338], [10.8328109, 45.8588008], [10.8327162, 45.8588065], [10.8326214, 45.8588496], [10.8326171, 45.8590301], [10.8326867, 45.8590568], [10.8327587, 45.8591923], [10.8327338, 45.8592591], [10.8327786, 45.8593054], [10.8327769, 45.8593793], [10.8328327, 45.8594336], [10.8329763, 45.85949], [10.8329039, 45.8595895], [10.8329034, 45.8595959], [10.8328958, 45.8596964], [10.8329494, 45.859828], [10.8328746, 45.8600353], [10.8328963, 45.8601659], [10.8329333, 45.8603086], [10.8329427, 45.860345], [10.8329136, 45.8604132], [10.8329241, 45.860439], [10.8329997, 45.8604385], [10.8330314, 45.8604688], [10.8329879, 45.8605461], [10.833005, 45.860555], [10.8329863, 45.8607405], [10.8329624, 45.8607414], [10.8329495, 45.8608179]]]}}, {"type": "Feature", "properties": {"nome": "Lago di Garda"}, "geometry": {"type": "Polygon", "coordinates": [[[10.6181677, 45.6358748], [10.6181435, 45.6359199], [10.6181248, 45.6360043], [10.6181248, 45.636083], [10.6181972, 45.636098], [10.6182106, 45.636143], [10.6181489, 45.6362931], [10.618106, 45.6364487], [10.6180792, 45.6366757], [10.6180953, 45.6367826], [10.6181543, 45.6368819], [10.6182481, 45.6369588], [10.6183501, 45.6370245], [10.6184788, 45.6370714], [10.6185968, 45.6370714], [10.6187634, 45.6370536], [10.6187536, 45.637193], [10.6189284, 45.6373692], [10.6191869, 45.6375927], [10.6194076, 45.6376804], [10.619541, 45.6377334], [10.6197555, 45.6376696], [10.6198682, 45.6377428], [10.6202678, 45.6377974], [10.6202541, 45.6378692], [10.6201203, 45.637902], [10.6200613, 45.6378928], [10.6199764, 45.6380085], [10.6199621, 45.6381741], [10.6199943, 45.6382585], [10.6200613, 45.638326], [10.6204449, 45.6383204], [10.6204766, 45.6384035], [10.620402, 45.638446], [10.6202276, 45.6387292], [10.6201284, 45.6390311], [10.6201042, 45.6392205], [10.6201927, 45.6393818], [10.6202571, 45.6394456], [10.6203456, 45.6395468], [10.6204824, 45.6395543], [10.6204771, 45.6396312], [10.620418, 45.6396256], [10.6203778, 45.6398506], [10.6204232, 45.6400254], [10.6204771, 45.6402332], [10.6205468, 45.6406158], [10.6206466, 45.641162], [10.620616, 45.6416427], [10.6204631, 45.6421697], [10.6203186, 45.6424179], [10.6205312, 45.6425049], [10.6206298, 45.6425396], [10.620434, 45.6427533], [10.6199682, 45.6432587], [10.619813, 45.6432217], [10.6197078, 45.6433553], [10.6196384, 45.643391], [10.6195043, 45.6433964], [10.6189037, 45.6444239], [10.618601, 45.6449537], [10.6185329, 45.6452882], [10.6187227, 45.6455762], [10.6187762, 45.6457055], [10.6189641, 45.6457391], [10.6190932, 45.6459315], [10.6188907, 45.6459845], [10.6186776, 45.6461104], [10.6188537, 45.6462263], [10.6190234, 45.6460268], [10.6191937, 45.6459637], [10.6193088, 45.6458989], [10.6193552, 45.6458281], [10.6193555, 45.645631], [10.6192816, 45.6455341], [10.6192069, 45.6454808], [10.6193116, 45.6454245], [10.6194119, 45.645499], [10.6194397, 45.6455528], [10.6194706, 45.6456372], [10.6194598, 45.6458134], [10.6194531, 45.6459158], [10.6193305, 45.64623], [10.6191131, 45.6463315], [10.619453, 45.6465655], [10.619448, 45.6466727], [10.6212778, 45.6474903], [10.6224833, 45.6481583], [10.6228171, 45.6485162], [10.6258197, 45.649942], [10.6258259, 45.6502483], [10.6261698, 45.6504286], [10.6266235, 45.6505209], [10.6285921, 45.6516504], [10.629027, 45.652123], [10.6293477, 45.6527434], [10.6299184, 45.6532204], [10.6311143, 45.6537589], [10.6319548, 45.6540422], [10.6326947, 45.6541789], [10.6341794, 45.6553138], [10.6349516, 45.6557114], [10.6363559, 45.6570385], [10.637833, 45.6581419], [10.6388583, 45.6589545], [10.6390198, 45.6592102], [10.6392458, 45.6592905], [10.6394189, 45.6592475], [10.6403868, 45.6597619], [10.6414058, 45.6602158], [10.6422662, 45.6608024], [10.642945, 45.6610734], [10.6445386, 45.6621067], [10.6443805, 45.662642], [10.6444483, 45.6628638], [10.6451771, 45.6635237], [10.6456766, 45.6643112], [10.6462313, 45.6646428], [10.6481292, 45.6660772], [10.6483086, 45.6664231], [10.6507783, 45.6678239], [10.650815, 45.6680617], [10.6511973, 45.6683672], [10.6511192, 45.6685245], [10.6523796, 45.6701191], [10.6526538, 45.6704224], [10.6529385, 45.6707766], [10.6534213, 45.6708372], [10.6536505, 45.6706754], [10.653719, 45.6706202], [10.6538378, 45.6707173], [10.6538467, 45.6713102], [10.6539059, 45.6717194], [10.653833, 45.6718791], [10.6535872, 45.6719623], [10.6536321, 45.6720608], [10.6539389, 45.6719849], [10.6539753, 45.6719526], [10.6540122, 45.6719616], [10.6539554, 45.6720087], [10.6536072, 45.6721153], [10.6532829, 45.6724595], [10.6528608, 45.6730683], [10.6526599, 45.6733497], [10.6527845, 45.6734107], [10.6525264, 45.6736348], [10.6525152, 45.6738298], [10.6524674, 45.6740249], [10.6524658, 45.6741965], [10.6525551, 45.6741943], [10.6526125, 45.6744316], [10.6526923, 45.674426], [10.6528381, 45.6746921], [10.6529948, 45.6746779], [10.6530657, 45.6746778], [10.6530485, 45.6747612], [10.653111, 45.6748491], [10.6531946, 45.6749643], [10.6532842, 45.6751151], [10.6534194, 45.6750664], [10.6534402, 45.6750941], [10.6534578, 45.6751185], [10.6533315, 45.6751624], [10.6533609, 45.6752096], [10.6533523, 45.6752705], [10.653192, 45.6754108], [10.6530531, 45.6755593], [10.6529733, 45.6756858], [10.6528951, 45.6758458], [10.6528852, 45.6759642], [10.6529948, 45.6761825], [10.6531135, 45.6761398], [10.6531705, 45.6760751], [10.6532178, 45.6760641], [10.6533501, 45.6762591], [10.6534278, 45.676268], [10.6534398, 45.6762905], [10.653414, 45.6762928], [10.6531927, 45.6764367], [10.6531904, 45.6765245], [10.6531939, 45.6766218], [10.653215, 45.6766569], [10.6533214, 45.6767958], [10.6533863, 45.6767961], [10.6535342, 45.6769841], [10.6536309, 45.6771069], [10.6535953, 45.6771494], [10.6537157, 45.6773101], [10.6537789, 45.6774011], [10.6539497, 45.6776352], [10.6538691, 45.6776695], [10.6542076, 45.6783253], [10.6542842, 45.6785659], [10.6542132, 45.67857], [10.6542228, 45.6786446], [10.654428, 45.6786346], [10.6546111, 45.67861], [10.6546114, 45.6785731], [10.6547555, 45.6786103], [10.654806, 45.6789417], [10.654614, 45.6789614], [10.6544492, 45.6791916], [10.6544139, 45.6792557], [10.6544241, 45.6794143], [10.6544959, 45.6794403], [10.6544764, 45.679572], [10.6545089, 45.6796553], [10.6545335, 45.679691], [10.6546618, 45.6796949], [10.6546448, 45.6798009], [10.654646, 45.6799154], [10.6546886, 45.6799612], [10.6547951, 45.6799879], [10.654785, 45.6800345], [10.6548195, 45.6800939], [10.6549211, 45.6801023], [10.6549124, 45.6803268], [10.6548968, 45.6804375], [10.654974, 45.6805183], [10.6550706, 45.6804834], [10.6550824, 45.6804991], [10.6550914, 45.6805104], [10.6549765, 45.6805544], [10.6549825, 45.6805779], [10.6549986, 45.6806189], [10.655131, 45.6808223], [10.6551724, 45.6808636], [10.6553752, 45.681066], [10.6557639, 45.6813864], [10.655801, 45.681425], [10.655885, 45.681383], [10.6559684, 45.6814584], [10.6558417, 45.6815238], [10.6559475, 45.6816071], [10.6559597, 45.6817154], [10.6562851, 45.6818846], [10.6563068, 45.6818658], [10.6566825, 45.682048], [10.6568426, 45.6820891], [10.6570855, 45.6822011], [10.6571482, 45.6822299], [10.6572406, 45.6822726], [10.6572315, 45.6822943], [10.6572124, 45.6823396], [10.6573607, 45.6824154], [10.6573508, 45.6824537], [10.6573683, 45.6824625], [10.6574407, 45.6824076], [10.6575908, 45.6825104], [10.65761, 45.6825309], [10.6576036, 45.6825541], [10.6575628, 45.6825862], [10.6577784, 45.682719], [10.6578448, 45.6826405], [10.6578741, 45.6826539], [10.6580529, 45.6825955], [10.6580858, 45.6826058], [10.6580386, 45.6826731], [10.6581644, 45.6829448], [10.6583357, 45.6829351], [10.6583377, 45.6829642], [10.6582878, 45.6829661], [10.6583018, 45.6830186], [10.6583616, 45.6831356], [10.6585673, 45.6833455], [10.6589425, 45.6836092], [10.6591003, 45.6837864], [10.659105, 45.6838821], [10.6591105, 45.684046], [10.6591112, 45.6840677], [10.6591175, 45.684262], [10.6590574, 45.6846102], [10.6593419, 45.6849281], [10.6595878, 45.6851236], [10.6598721, 45.6853587], [10.6599992, 45.6853914], [10.6600272, 45.685558], [10.6600978, 45.6856783], [10.6601382, 45.6858245], [10.6602374, 45.685969], [10.6602838, 45.6860116], [10.6604589, 45.6861051], [10.6606459, 45.6862363], [10.6606904, 45.6863121], [10.660689, 45.6864274], [10.6606315, 45.6865335], [10.6605653, 45.6865883], [10.6605524, 45.6866203], [10.6605929, 45.6866434], [10.6608857, 45.686813], [10.6616332, 45.6872388], [10.6617246, 45.6872782], [10.6618353, 45.6873115], [10.6619556, 45.6873102], [10.6619139, 45.6873509], [10.6619928, 45.6873768], [10.6620057, 45.6873801], [10.6620206, 45.6873839], [10.6621788, 45.6874328], [10.6622214, 45.6874474], [10.6622254, 45.687449], [10.6622307, 45.6874511], [10.6624159, 45.6875136], [10.6624276, 45.6874944], [10.6625998, 45.6875497], [10.6626289, 45.6875603], [10.6627406, 45.6875928], [10.6627585, 45.6875637], [10.6628871, 45.6876037], [10.6629722, 45.6876293], [10.6629494, 45.6876634], [10.6629816, 45.6876722], [10.6630003, 45.6876773], [10.6630414, 45.6876333], [10.6631909, 45.6876841], [10.6632089, 45.6876654], [10.6632276, 45.687646], [10.6634012, 45.6877293], [10.6634017, 45.6878059], [10.6635317, 45.687826], [10.663903, 45.6879214], [10.6643686, 45.6879795], [10.6650292, 45.6880542], [10.6651758, 45.6881458], [10.6652, 45.6881727], [10.6656529, 45.6882577], [10.6658452, 45.6883469], [10.6660353, 45.6884515], [10.6662399, 45.6885257], [10.6662753, 45.6885168], [10.6663633, 45.6885909], [10.666373, 45.6886025], [10.6664394, 45.6886769], [10.6666055, 45.6887441], [10.6666492, 45.6887871], [10.6666414, 45.6888266], [10.6671129, 45.6890901], [10.6670596, 45.6891218], [10.667076, 45.6891522], [10.6671103, 45.6892158], [10.6672774, 45.6893513], [10.6675959, 45.6896966], [10.6676876, 45.689729], [10.6676992, 45.689798], [10.6677873, 45.6898374], [10.6678745, 45.6899301], [10.6679205, 45.6900672], [10.6680085, 45.6901754], [10.6680219, 45.6901923], [10.668101, 45.6902966], [10.6680924, 45.6903316], [10.6681325, 45.6905157], [10.6682422, 45.6906706], [10.668422, 45.6906299], [10.6684168, 45.6907507], [10.6684672, 45.6908689], [10.6685262, 45.6908998], [10.6685733, 45.6909694], [10.6687379, 45.6910994], [10.6688167, 45.691291], [10.6688583, 45.6913954], [10.6689602, 45.6914841], [10.6690032, 45.6915842], [10.6691407, 45.69166], [10.6690572, 45.6919868], [10.6691256, 45.6921447], [10.6691997, 45.6922371], [10.6692602, 45.6922227], [10.6693841, 45.6921911], [10.6693538, 45.6923351], [10.6694312, 45.6924779], [10.6696208, 45.6927965], [10.6696591, 45.692905], [10.6696646, 45.6929386], [10.6696598, 45.692975], [10.6696549, 45.6930124], [10.6695906, 45.6931928], [10.6697485, 45.6933262], [10.669848, 45.6932775], [10.6697554, 45.6931952], [10.6697974, 45.6931697], [10.6699511, 45.6933152], [10.6700698, 45.6934495], [10.6702832, 45.6935304], [10.6710006, 45.6937601], [10.6717191, 45.6939435], [10.6725191, 45.6941993], [10.672768, 45.6942185], [10.6731803, 45.6943447], [10.673351, 45.6944822], [10.6736416, 45.6946586], [10.6739474, 45.694751], [10.674063, 45.6949039], [10.6742837, 45.695041], [10.6745019, 45.695166], [10.6746202, 45.6953809], [10.6747479, 45.6955045], [10.6750255, 45.69568], [10.6757833, 45.6961929], [10.675905, 45.6961813], [10.675957, 45.6963372], [10.6768928, 45.6968599], [10.6779763, 45.6974968], [10.6786969, 45.6978622], [10.6799669, 45.6989149], [10.6802904, 45.6993758], [10.6805693, 45.6995432], [10.6807557, 45.6995954], [10.6808871, 45.6997929], [10.6811969, 45.7000258], [10.6812503, 45.7000198], [10.6813938, 45.7000817], [10.6813678, 45.7001173], [10.681889, 45.7003089], [10.6820125, 45.7004077], [10.6825258, 45.7006327], [10.6825979, 45.7005594], [10.6826217, 45.7005694], [10.6825514, 45.7006454], [10.6826859, 45.700696], [10.684628, 45.7020477], [10.6846049, 45.7022997], [10.6846472, 45.7025924], [10.6849457, 45.702844], [10.6854672, 45.7030194], [10.68587, 45.7032576], [10.6860195, 45.7033514], [10.6864184, 45.7036017], [10.6871914, 45.7040601], [10.6877939, 45.7049734], [10.6888169, 45.7056405], [10.6895493, 45.7059222], [10.6900678, 45.7062531], [10.6904971, 45.706412], [10.6907457, 45.7063241], [10.6912237, 45.7065378], [10.691269, 45.7067155], [10.6924042, 45.7072936], [10.6925871, 45.7073953], [10.6931699, 45.7075887], [10.6942308, 45.7083075], [10.694605, 45.7083602], [10.6956144, 45.7088301], [10.6960578, 45.709098], [10.6965389, 45.7092473], [10.6972068, 45.7097048], [10.6976426, 45.7097786], [10.6982966, 45.7102727], [10.6986173, 45.7107074], [10.6989255, 45.7108524], [10.6990198, 45.7110192], [10.6994663, 45.7112134], [10.6996608, 45.7114683], [10.6998295, 45.7114924], [10.700168, 45.7116963], [10.7013773, 45.7125481], [10.7014398, 45.712694], [10.7018392, 45.7130826], [10.7024008, 45.7136205], [10.7033318, 45.7145097], [10.7036218, 45.7149016], [10.7035904, 45.7152337], [10.7038891, 45.7154972], [10.7040561, 45.7157469], [10.7043687, 45.7159966], [10.704577, 45.7160378], [10.7046202, 45.7161531], [10.704974, 45.7162464], [10.7052211, 45.7165485], [10.706445, 45.7174541], [10.7067363, 45.717757], [10.7067237, 45.7179809], [10.7068292, 45.7182637], [10.7073313, 45.718467], [10.7074869, 45.7187935], [10.7075099, 45.719005], [10.707598, 45.7190443], [10.7077659, 45.719345], [10.7079727, 45.7194923], [10.7081035, 45.7196779], [10.7084116, 45.7198959], [10.7083187, 45.7201404], [10.7086824, 45.7202794], [10.7087871, 45.7203938], [10.7088336, 45.7205264], [10.7089981, 45.7205529], [10.7092724, 45.7208004], [10.7091796, 45.720983], [10.7092302, 45.7210714], [10.7094961, 45.7210861], [10.7098115, 45.7215122], [10.7097433, 45.7220964], [10.7102345, 45.7223731], [10.7106183, 45.7226842], [10.7119349, 45.7236437], [10.7125622, 45.7243035], [10.7126613, 45.7245485], [10.7128635, 45.724779], [10.7130622, 45.7249251], [10.7130386, 45.7250852], [10.7134786, 45.7254064], [10.7136401, 45.7255473], [10.7139186, 45.7256262], [10.7142295, 45.7258094], [10.7147013, 45.725781], [10.7150691, 45.7258955], [10.7151477, 45.7260626], [10.7154018, 45.7260644], [10.7160189, 45.725994], [10.71639, 45.7260842], [10.7165933, 45.7260482], [10.71664, 45.7261227], [10.7167642, 45.7262975], [10.7167879, 45.7266347], [10.7169545, 45.7267351], [10.7169889, 45.726754], [10.7169413, 45.7268123], [10.7170518, 45.7270899], [10.7170325, 45.7271031], [10.7172502, 45.7273244], [10.7172282, 45.727338], [10.7174185, 45.7275248], [10.7176758, 45.7277487], [10.7179172, 45.7278219], [10.7181674, 45.727861], [10.7184612, 45.7278912], [10.7190419, 45.7278682], [10.7195084, 45.7278066], [10.7197837, 45.7278556], [10.7200834, 45.7279465], [10.7204564, 45.7283639], [10.7204812, 45.728463], [10.7204899, 45.7285321], [10.7205235, 45.7287109], [10.7205784, 45.7288393], [10.7207803, 45.7290302], [10.7208999, 45.7290555], [10.7213119, 45.7292679], [10.7217037, 45.7294977], [10.7222403, 45.7298174], [10.7229959, 45.7301945], [10.7234676, 45.730413], [10.7238854, 45.7304405], [10.7242395, 45.7306671], [10.7250362, 45.7309297], [10.7258625, 45.7311975], [10.7262464, 45.7312899], [10.7268289, 45.7317948], [10.7275887, 45.7320574], [10.7282158, 45.7324488], [10.7292559, 45.7330976], [10.7303799, 45.7335034], [10.730839, 45.7339497], [10.7310803, 45.734208], [10.7316005, 45.7343877], [10.732362, 45.7345524], [10.7325674, 45.734678], [10.7327427, 45.7349742], [10.7327252, 45.7352263], [10.7327988, 45.7353462], [10.7328655, 45.7353882], [10.7329637, 45.7354025], [10.7332091, 45.7354099], [10.7334686, 45.735383], [10.733784, 45.7353056], [10.7338964, 45.7353316], [10.7343223, 45.7354237], [10.7349775, 45.7356578], [10.7351631, 45.7357889], [10.7350713, 45.7361282], [10.735552, 45.7363657], [10.7355916, 45.7366628], [10.7359841, 45.7368483], [10.7362104, 45.7370531], [10.7360416, 45.7375758], [10.7361752, 45.7380388], [10.7367484, 45.7387318], [10.7384551, 45.739578], [10.7385327, 45.740366], [10.7393221, 45.7410434], [10.7397655, 45.741302], [10.7400743, 45.7421084], [10.7405611, 45.7426013], [10.7408786, 45.7428438], [10.7412441, 45.7430194], [10.7414718, 45.7432954], [10.7422447, 45.7437219], [10.7427204, 45.744144], [10.7428214, 45.744756], [10.7438131, 45.7455289], [10.7437021, 45.7457866], [10.74409, 45.7461846], [10.74409, 45.746264], [10.7444195, 45.7464312], [10.7446832, 45.7466696], [10.7448449, 45.7469664], [10.7452823, 45.7473051], [10.7459874, 45.7480551], [10.7462525, 45.748032], [10.7462812, 45.748196], [10.7465771, 45.7483682], [10.7465575, 45.7485011], [10.7466355, 45.7486018], [10.7466917, 45.7488249], [10.7469673, 45.7490993], [10.7470356, 45.749209], [10.7471633, 45.7492985], [10.7471805, 45.7493363], [10.7473527, 45.7497146], [10.7474317, 45.749888], [10.7474044, 45.7502258], [10.7474246, 45.750493], [10.7475202, 45.7505789], [10.7475504, 45.7506423], [10.747669, 45.7506478], [10.7477411, 45.7506499], [10.7478207, 45.7506761], [10.7478493, 45.7507076], [10.7479364, 45.7507547], [10.7479739, 45.7507791], [10.7480369, 45.7507949], [10.748046, 45.7507972], [10.7480018, 45.7508714], [10.7480312, 45.7508865], [10.7481047, 45.7508365], [10.7482259, 45.7507541], [10.74832, 45.7507455], [10.7484761, 45.7507139], [10.7486469, 45.7507492], [10.7488285, 45.750877], [10.7488824, 45.7508408], [10.7488436, 45.7508127], [10.7488814, 45.7507873], [10.7489176, 45.7508135], [10.7490484, 45.7507256], [10.7490686, 45.7507403], [10.7490952, 45.7507596], [10.7490143, 45.750813], [10.7490494, 45.7508375], [10.7489064, 45.7509336], [10.7494351, 45.7513215], [10.7499683, 45.7517122], [10.7503859, 45.7524221], [10.7503966, 45.7524451], [10.7504123, 45.7524717], [10.7506673, 45.7524011], [10.7507845, 45.7523689], [10.7508099, 45.7524881], [10.7507987, 45.7525881], [10.7508258, 45.7527082], [10.7509233, 45.7528579], [10.7510831, 45.7530476], [10.7511308, 45.7531024], [10.7511702, 45.7531639], [10.7512371, 45.7532025], [10.7512532, 45.7532118], [10.7512578, 45.7532384], [10.7512597, 45.753249], [10.7512568, 45.7532877], [10.7512804, 45.7533341], [10.7513372, 45.7533679], [10.7513899, 45.7533933], [10.7514184, 45.7534277], [10.7514663, 45.7534467], [10.7515343, 45.7534442], [10.7515486, 45.7534796], [10.7514886, 45.7534944], [10.7515448, 45.7535661], [10.7515687, 45.7535969], [10.7516623, 45.7537445], [10.7517933, 45.7539138], [10.7518781, 45.7539644]]]}}, {"type": "Feature", "properties": {"nome": "Lago di Garda"}, "geometry": {"type": "Polygon", "coordinates": [[[10.6168181, 45.6330661], [10.6169254, 45.6331852], [10.6169992, 45.6332105], [10.6170609, 45.633204], [10.6170931, 45.6331711], [10.6171199, 45.6331702], [10.6171145, 45.6332218], [10.6170314, 45.6332415], [10.6169402, 45.6332236], [10.6169201, 45.6332696], [10.6169523, 45.6332987], [10.6171494, 45.633323], [10.6171346, 45.6333512], [10.6170059, 45.6333371], [10.6169683, 45.6333812], [10.6168879, 45.6336588], [10.6167699, 45.6340001], [10.6168396, 45.6342852], [10.616974, 45.6342755], [10.6169859, 45.6342992], [10.6169206, 45.6343027], [10.6169378, 45.6343946], [10.6172163, 45.6350407], [10.6172543, 45.6351654], [10.6172852, 45.6352283], [10.6173536, 45.6352855], [10.6173953, 45.6353096], [10.6175078, 45.6353746], [10.6175896, 45.6353905], [10.6176701, 45.6353877], [10.6177814, 45.6353389], [10.6178069, 45.6353624], [10.6177116, 45.6354205], [10.6178069, 45.6354899], [10.6179517, 45.6355087], [10.6180336, 45.6355616], [10.618232, 45.6354458], [10.6183111, 45.6353924], [10.6183285, 45.6354036], [10.6182856, 45.6354468], [10.6183527, 45.6354979], [10.6184466, 45.6355541], [10.6183769, 45.635661], [10.6182481, 45.6357286], [10.6181677, 45.6358748]]]}}, {"type": "Feature", "properties": {"nome": "Lago di Garda"}, "geometry": {"type": "Polygon", "coordinates": [[[10.5206477, 45.6011605], [10.5206439, 45.6012095], [10.5207053, 45.6011852], [10.5207461, 45.601215], [10.5205306, 45.6013093], [10.5203943, 45.6014831], [10.52034, 45.6016634], [10.5201879, 45.6017517], [10.520054, 45.6022421], [10.5199959, 45.6025539], [10.5199643, 45.6027665], [10.520147, 45.6027709], [10.5201411, 45.6028514], [10.5199667, 45.6028419], [10.5199475, 45.6031621], [10.5205555, 45.6031604], [10.5209066, 45.6031594], [10.5220039, 45.6036777], [10.5221068, 45.6036827], [10.5220347, 45.6041509], [10.5224205, 45.6042694], [10.5228356, 45.6044536], [10.5227795, 45.6046009], [10.522999, 45.604713], [10.5229348, 45.6047471], [10.5228709, 45.6047211], [10.5227771, 45.6046816], [10.522425, 45.6045866], [10.5219199, 45.6045688], [10.5219033, 45.6046066], [10.5223549, 45.6046423], [10.5225207, 45.6046685], [10.5227007, 45.6047122], [10.5228353, 45.6047849], [10.5229245, 45.6048255], [10.5232316, 45.6049349], [10.5234003, 45.6050297], [10.5236092, 45.6051851], [10.5237234, 45.6052605], [10.5237559, 45.605295], [10.5236779, 45.6053309], [10.523766, 45.6054126], [10.5238253, 45.6053903], [10.5239699, 45.6054824], [10.5240193, 45.6054615], [10.5239107, 45.6052475], [10.5238868, 45.6052249], [10.5238547, 45.6051641], [10.5239644, 45.6051383], [10.5244257, 45.6063114], [10.5245252, 45.6064372], [10.5246297, 45.6065106], [10.5247654, 45.6065621], [10.5248087, 45.6065785], [10.5251436, 45.6066117], [10.5253103, 45.6066177], [10.525635, 45.6066061], [10.5258168, 45.6065865], [10.5261792, 45.6065967], [10.5264457, 45.6066849], [10.5265363, 45.6066807], [10.5266859, 45.6066738], [10.5266896, 45.6067138], [10.5269542, 45.6066755], [10.5271368, 45.6066649], [10.5272867, 45.6066798], [10.5275417, 45.6067307], [10.527751, 45.6068125], [10.5284842, 45.6068759], [10.5286949, 45.6068529], [10.5289317, 45.6067908], [10.5289312, 45.6067433], [10.5290288, 45.6067049], [10.5291202, 45.6066851], [10.5291935, 45.6066693], [10.5292179, 45.606702], [10.5297236, 45.606583], [10.5300114, 45.606549], [10.5303235, 45.6065408], [10.530762, 45.6064692], [10.5312533, 45.6064152], [10.5317657, 45.6063875], [10.5318534, 45.6063531], [10.5319348, 45.6062688], [10.5323253, 45.606241], [10.5325075, 45.6062461], [10.5326751, 45.606294], [10.5330154, 45.6063907], [10.5335576, 45.6066454], [10.5336274, 45.6066974], [10.5336452, 45.606791], [10.5338019, 45.6069184], [10.5342931, 45.6073663], [10.5344055, 45.6074377], [10.5344654, 45.6073898], [10.5348629, 45.6075969], [10.5354609, 45.6080031], [10.5355012, 45.6080629], [10.5355254, 45.6082407], [10.5355085, 45.6083711], [10.5355181, 45.6084355], [10.5356489, 45.6085405], [10.5357107, 45.6085195], [10.5358584, 45.6086919], [10.5360646, 45.6089762], [10.5361653, 45.6090995], [10.5362389, 45.6091821], [10.5363532, 45.6092553], [10.5368664, 45.6095032], [10.53748, 45.6098191], [10.5378805, 45.610061], [10.5378396, 45.6101114], [10.5382773, 45.6102296], [10.5384844, 45.6102548], [10.5388627, 45.6102908], [10.5390382, 45.610312], [10.5391527, 45.6103063], [10.5392591, 45.6103162], [10.5393227, 45.6103437], [10.5393862, 45.6103945], [10.5394468, 45.6104305], [10.5395739, 45.6104242], [10.5396707, 45.6104347], [10.5397555, 45.6104834], [10.5402088, 45.610649], [10.5403734, 45.6107405], [10.5404097, 45.6107777], [10.5404267, 45.6108353], [10.5404509, 45.6108946], [10.5407656, 45.6111605], [10.5408964, 45.6112553], [10.5410925, 45.6113519], [10.5414653, 45.6114975], [10.5417735, 45.6116559], [10.542496, 45.6118782], [10.5430456, 45.6120422], [10.5435963, 45.6122396], [10.5443579, 45.6125313], [10.5453685, 45.6129818], [10.5453574, 45.6130163], [10.5453939, 45.613023], [10.5453676, 45.6130806], [10.5457802, 45.6131531], [10.5458125, 45.6130851], [10.5456012, 45.613001], [10.5453838, 45.6129419], [10.5454126, 45.612888], [10.5458525, 45.6130501], [10.5459539, 45.6130588], [10.5459845, 45.6129993], [10.5469486, 45.6131225], [10.547663, 45.61334], [10.5481655, 45.6133054], [10.548668, 45.6131191], [10.5491952, 45.613146], [10.5500465, 45.6130999], [10.5506216, 45.6128715], [10.5507942, 45.6129099], [10.5512962, 45.6129253], [10.5513348, 45.6129397], [10.5513901, 45.6129487], [10.5514467, 45.612955], [10.5514942, 45.612955], [10.5515739, 45.6129397], [10.5516395, 45.6129082], [10.5516112, 45.6128506], [10.5516381, 45.6128514], [10.5516695, 45.6129211], [10.5519019, 45.6129118], [10.5519015, 45.612821], [10.5519461, 45.6128204], [10.551942, 45.612887], [10.5522094, 45.6128755], [10.5522126, 45.6128526], [10.5525153, 45.6128471], [10.5525304, 45.6128704], [10.5527008, 45.6128751], [10.5527437, 45.6128582], [10.5528858, 45.6128015], [10.5529113, 45.6127888], [10.5529556, 45.6127686], [10.5529777, 45.6127846], [10.5530233, 45.6128146], [10.553199, 45.6128287], [10.5533016, 45.6128451], [10.5533518, 45.6128868], [10.5533577, 45.612949], [10.5533914, 45.612963], [10.5533857, 45.612971], [10.5534397, 45.6129831], [10.5534651, 45.6129801], [10.5534755, 45.61299], [10.5534603, 45.6130062], [10.553533, 45.6130736], [10.553926, 45.6131588], [10.5539446, 45.6130988], [10.5540204, 45.6130979], [10.5540573, 45.6131214], [10.5540371, 45.613178], [10.5543311, 45.6132834], [10.5544085, 45.6133111], [10.5545329, 45.6133557], [10.5545106, 45.6133936], [10.5543964, 45.6133555], [10.5543281, 45.6134423], [10.5543216, 45.6134591], [10.5543202, 45.6134715], [10.5543229, 45.6134839], [10.5543321, 45.6134968], [10.5543671, 45.6135135], [10.5545408, 45.6135712], [10.5547077, 45.6133507], [10.5546916, 45.6133376], [10.5546821, 45.6133025], [10.5547015, 45.6132874], [10.5547215, 45.6132739], [10.5547439, 45.6132944], [10.5547352, 45.6133207], [10.5547488, 45.6133898], [10.5548573, 45.6134126], [10.5551011, 45.6134954], [10.5557319, 45.6137149], [10.5564624, 45.6139669], [10.5565792, 45.6140121], [10.556709, 45.6140515], [10.5568005, 45.6140806], [10.5568799, 45.6141302], [10.5569306, 45.6142288], [10.5569716, 45.6143378], [10.5569762, 45.6144061], [10.5569747, 45.6144874], [10.5568872, 45.6146234], [10.5567186, 45.6149444], [10.5568696, 45.61496], [10.5568716, 45.6149403], [10.5569185, 45.6149417], [10.5569112, 45.6149863], [10.5567053, 45.6149638], [10.5566172, 45.6152766], [10.5565812, 45.6153654], [10.5566503, 45.6158545], [10.5566879, 45.6158563], [10.5567187, 45.6158629], [10.5567469, 45.6158826], [10.5567643, 45.6159182], [10.5568397, 45.6160292], [10.5569953, 45.6162477], [10.5571738, 45.6164523], [10.5574903, 45.6167101], [10.5576357, 45.6168302], [10.5578775, 45.6170344], [10.557982, 45.6169646], [10.5577494, 45.616807], [10.5576714, 45.6167131], [10.5576513, 45.6166809], [10.5576996, 45.6166766], [10.5577689, 45.616755], [10.5580028, 45.6169106], [10.5580441, 45.6169282], [10.5581403, 45.6169705], [10.5583628, 45.6170606], [10.5586436, 45.6172117], [10.5588094, 45.61727], [10.5590467, 45.6173681], [10.559493, 45.6175423], [10.5599284, 45.6176997], [10.5600139, 45.617576], [10.5600442, 45.6175867], [10.5600704, 45.6175961], [10.5599849, 45.6177182], [10.5600212, 45.6177322], [10.5600341, 45.61774], [10.5600433, 45.6177509], [10.5600447, 45.617764], [10.5600368, 45.6177865], [10.5603726, 45.6178975], [10.5612944, 45.6181398], [10.5612873, 45.6181526], [10.5622778, 45.6184432], [10.5622948, 45.618379], [10.5625275, 45.6184078], [10.5625555, 45.618443], [10.5625607, 45.6184304], [10.5625887, 45.6184342], [10.5625821, 45.6184668], [10.562694, 45.6184806], [10.562721, 45.6184601], [10.562799, 45.6184913], [10.563017, 45.618522], [10.5631234, 45.6185551], [10.5631169, 45.6185648], [10.5633963, 45.618654], [10.5634773, 45.6186887], [10.5636778, 45.6187461], [10.5643903, 45.6189444], [10.5643991, 45.6189275], [10.5645434, 45.6189646], [10.5646619, 45.6190057], [10.564821, 45.6190648], [10.5648111, 45.6190794], [10.5649387, 45.6191249], [10.565078, 45.6191823], [10.5651934, 45.6192131], [10.5652026, 45.6192027], [10.5654453, 45.6193307], [10.5656761, 45.6194885], [10.5656593, 45.6194997], [10.5656838, 45.6195367], [10.5656383, 45.6195509], [10.5658392, 45.6196864], [10.5660966, 45.6198462], [10.5662872, 45.619943], [10.5663472, 45.6200151], [10.5665688, 45.6200267], [10.5667098, 45.6200951], [10.5667862, 45.6201241], [10.5668318, 45.6201273], [10.5668531, 45.6201742], [10.5669772, 45.6202575], [10.5671102, 45.6203263], [10.5675358, 45.6205792], [10.5675616, 45.620596], [10.5675807, 45.6205823], [10.5676251, 45.6205506], [10.5677156, 45.6206125], [10.5677798, 45.6206667], [10.5678542, 45.6207235], [10.5678635, 45.6207351], [10.5678601, 45.6207508], [10.5677693, 45.6208622], [10.5677826, 45.6208717], [10.5681365, 45.6211251], [10.5681921, 45.6211649], [10.5684438, 45.6212525], [10.5685435, 45.621334], [10.5694504, 45.6216071], [10.5700321, 45.6218854], [10.570307, 45.622], [10.5703409, 45.6219746], [10.5705376, 45.6220648], [10.570515, 45.6221091], [10.5706202, 45.6221549], [10.5707314, 45.6221993], [10.5709207, 45.6219802], [10.5709672, 45.6219889], [10.5711753, 45.6223835], [10.5713979, 45.6225303], [10.5717055, 45.6226781], [10.5717255, 45.6226613], [10.571697, 45.6225987], [10.5717336, 45.6226015], [10.5717858, 45.6226602], [10.5718475, 45.622694], [10.5718592, 45.6227255], [10.5718559, 45.6227442], [10.5718442, 45.6227687], [10.5721094, 45.6228772], [10.5723662, 45.6229856], [10.5727352, 45.6230913], [10.5730595, 45.623256], [10.5731633, 45.6231877], [10.5732699, 45.623239], [10.5740017, 45.6238035], [10.5744376, 45.6241397], [10.5747367, 45.6244719], [10.5751045, 45.6248326], [10.5753601, 45.6249549], [10.5754503, 45.6249381], [10.5756103, 45.6250119], [10.5756302, 45.6250502], [10.5758609, 45.6251618], [10.5758392, 45.6251821], [10.5760061, 45.6252362], [10.5760539, 45.6251841], [10.5761395, 45.6252126], [10.5762177, 45.625117], [10.5770482, 45.6253865], [10.5771299, 45.6254363], [10.5788506, 45.6255722], [10.5800369, 45.6257049], [10.5814096, 45.6256772], [10.5816303, 45.6256431], [10.5824338, 45.6256206], [10.5828822, 45.625619], [10.5838363, 45.6254962], [10.5838696, 45.6254122], [10.5840985, 45.6254098], [10.5840982, 45.6254201], [10.5840972, 45.625461], [10.5843405, 45.6254344], [10.5845575, 45.6254107], [10.5845303, 45.6252794], [10.5845204, 45.6252294], [10.5845756, 45.6252271], [10.5846037, 45.6253351], [10.5848494, 45.625327], [10.5851298, 45.6253392], [10.5857937, 45.625456], [10.5858784, 45.6254684], [10.585927, 45.6254815], [10.5860404, 45.6254995], [10.5860461, 45.6255164], [10.5860548, 45.6255303], [10.5860648, 45.6255425], [10.5860729, 45.6255547], [10.5860885, 45.6255634], [10.5861153, 45.6255774], [10.5861514, 45.6255221], [10.5861651, 45.6254977], [10.5860816, 45.6254728], [10.5860393, 45.6254619], [10.5860499, 45.6254003], [10.5860173, 45.6253768], [10.5859744, 45.6253604], [10.5859943, 45.6253482], [10.5860691, 45.6253961], [10.5860703, 45.625444], [10.5861376, 45.6254493], [10.5862086, 45.625478], [10.5864754, 45.6256407], [10.586898, 45.6258529], [10.587253, 45.6260108], [10.5875029, 45.6261322], [10.5878758, 45.6261261], [10.5880404, 45.6263256], [10.5880789, 45.6267587], [10.5882832, 45.6270347], [10.5880179, 45.6277617], [10.5878204, 45.628193], [10.5878001, 45.6284408], [10.5877781, 45.6285075], [10.5877599, 45.6285628], [10.5877143, 45.6286828], [10.5876446, 45.628786], [10.5875373, 45.6289079], [10.5874595, 45.6290317], [10.5873576, 45.6291967], [10.5873879, 45.6294262], [10.5873426, 45.6295168], [10.5873748, 45.6297619], [10.5874527, 45.6299288], [10.5877215, 45.6303008], [10.5879946, 45.6305336], [10.588596, 45.6309102], [10.5894161, 45.6313682], [10.5899114, 45.6316595], [10.5902879, 45.6318668], [10.5909403, 45.6321297], [10.5914972, 45.632361], [10.5920228, 45.6327106], [10.5925178, 45.6330187], [10.5928705, 45.6332382], [10.5929224, 45.6333318], [10.5928519, 45.6333973], [10.59373, 45.6338409], [10.5938008, 45.6337802], [10.5940966, 45.6339292], [10.5941075, 45.633993], [10.5944314, 45.6341587], [10.5945162, 45.6341506], [10.5946796, 45.634231], [10.5947711, 45.6342219], [10.5951439, 45.634408], [10.5951679, 45.6344811], [10.5954406, 45.6346058], [10.5954406, 45.6346281], [10.595768, 45.6347855], [10.5958267, 45.6347758], [10.596079, 45.6348827], [10.5969372, 45.6353487], [10.5969209, 45.6353661], [10.5970636, 45.6354257], [10.5972406, 45.6354853], [10.5974179, 45.6355347], [10.5976071, 45.6355733], [10.5978486, 45.635607], [10.5980361, 45.6356184], [10.5985726, 45.6356303], [10.5987274, 45.6356179], [10.5988894, 45.6355875], [10.5990567, 45.6355333], [10.5991886, 45.6354727], [10.599251, 45.6354276], [10.5992849, 45.6353819], [10.599577, 45.6347426], [10.5995956, 45.6346686], [10.5995917, 45.6345992], [10.5995781, 45.6345398], [10.5992593, 45.6341087], [10.5992029, 45.634003], [10.5991357, 45.6338108], [10.599177, 45.6337622], [10.5991132, 45.6337349], [10.5991398, 45.6336992], [10.5991503, 45.6336863], [10.5992138, 45.6337114], [10.5992529, 45.6336617], [10.5993239, 45.6336491], [10.5996378, 45.6333887], [10.6005599, 45.6331041], [10.6004446, 45.6329118], [10.6008027, 45.6327845], [10.6008708, 45.6327945], [10.6009337, 45.6328993], [10.6012278, 45.6329104], [10.6021196, 45.6326033], [10.6018528, 45.632247], [10.6018084, 45.6321987], [10.6027104, 45.6320311], [10.6027781, 45.6320547], [10.6028036, 45.6320538], [10.6028519, 45.6320463], [10.602923, 45.6320219], [10.6031389, 45.6319947], [10.6032703, 45.6319591], [10.6033253, 45.6319272], [10.6034098, 45.6318625], [10.6035493, 45.6318465], [10.6036431, 45.6318231], [10.6037182, 45.6317799], [10.6037732, 45.6317171], [10.6039033, 45.6316955], [10.6040253, 45.6316543], [10.6041004, 45.6316074], [10.6044478, 45.6314892], [10.6045685, 45.6314179], [10.6047871, 45.6313424], [10.6051151, 45.6312], [10.6055293, 45.6311074], [10.6058694, 45.6309472], [10.6058767, 45.6309032], [10.6059619, 45.630875], [10.6061, 45.630829], [10.6062405, 45.630768], [10.6063876, 45.6307041], [10.606577, 45.6306544], [10.6067853, 45.6305997], [10.6072225, 45.6306654], [10.6074559, 45.6306841], [10.6076362, 45.6307165], [10.6077, 45.630731], [10.6086387, 45.6308829], [10.6094541, 45.6309598], [10.6109213, 45.631033], [10.6120988, 45.6310874], [10.6123952, 45.630972], [10.6133863, 45.6309514], [10.6134654, 45.6310208], [10.613806, 45.6311746], [10.6141775, 45.631229], [10.6143438, 45.6312646], [10.6146362, 45.6314362], [10.6147233, 45.6314916], [10.6148373, 45.63153], [10.614899, 45.6315469], [10.6149674, 45.6316369], [10.6150452, 45.6317063], [10.6151029, 45.6317438], [10.6151793, 45.631772], [10.6152745, 45.631801], [10.615347, 45.6318039], [10.6154301, 45.6318554], [10.6155106, 45.6318939], [10.6156326, 45.6319267], [10.6156956, 45.6318779], [10.6157372, 45.6318986], [10.6157171, 45.6319314], [10.6158445, 45.6319867], [10.6160041, 45.6320317], [10.6161087, 45.6320374], [10.6161798, 45.6319727], [10.6162281, 45.6319905], [10.6161918, 45.6320533], [10.616203, 45.6320685], [10.6163541, 45.6322727], [10.616456, 45.6323675], [10.6165365, 45.6324078], [10.6165995, 45.6324219], [10.6166438, 45.6324106], [10.6167538, 45.632314], [10.6167886, 45.6323543], [10.6166358, 45.6324959], [10.6166809, 45.6326512], [10.6167699, 45.6329573], [10.6168181, 45.6330661]]]}}, {"type": "Feature", "properties": {"nome": "Lago di Garda"}, "geometry": {"type": "Polygon", "coordinates": [[[10.5790656, 45.5901465], [10.5790105, 45.5901355], [10.5789033, 45.5900773], [10.5787303, 45.5900126], [10.5781938, 45.5898249], [10.5776601, 45.5897179], [10.576842, 45.589533], [10.5766577, 45.5894741], [10.5766422, 45.5894692], [10.5759944, 45.5893819], [10.5757275, 45.5894072], [10.575552, 45.5892599], [10.5753685, 45.589106], [10.575311, 45.5890394], [10.5752619, 45.5890161], [10.5751949, 45.5889761], [10.5751304, 45.5889404], [10.5750195, 45.5889394], [10.5749409, 45.5889386], [10.5748748, 45.5889805], [10.5747492, 45.5890092], [10.5747534, 45.5890357], [10.5747079, 45.5890816], [10.5746284, 45.5891192], [10.5745931, 45.5891426], [10.5745495, 45.5891844], [10.5744843, 45.5892181], [10.5743144, 45.5892873], [10.5742692, 45.5893251], [10.5741715, 45.5893935], [10.5740225, 45.5894663], [10.5738971, 45.5895484], [10.5738962, 45.5895995], [10.5738706, 45.5896119], [10.57385, 45.5896211], [10.5738274, 45.5896413], [10.573796, 45.5896588], [10.5737593, 45.5896836], [10.5737385, 45.589699], [10.5737039, 45.5897024], [10.5736841, 45.5897293], [10.5736702, 45.5897358], [10.5736475, 45.5897457], [10.5736334, 45.5897583], [10.5736182, 45.5897723], [10.5736079, 45.5897777], [10.5735882, 45.5897879], [10.5735656, 45.5897986], [10.5735436, 45.5898139], [10.5735144, 45.5898344], [10.5734769, 45.5898239], [10.5734174, 45.5898274], [10.5733949, 45.5898464], [10.5733618, 45.5898494], [10.5733416, 45.5898515], [10.5733079, 45.5898602], [10.5732801, 45.5898553], [10.5732459, 45.5898623], [10.5731948, 45.5898582], [10.5731596, 45.5898444], [10.5731296, 45.5898308], [10.5730788, 45.5898158], [10.5730588, 45.5897906], [10.5730113, 45.5897932], [10.5729535, 45.5897747], [10.5728889, 45.5897648], [10.5728251, 45.5897145], [10.5727144, 45.5897172], [10.5726563, 45.5897091], [10.572586, 45.5896947], [10.5725601, 45.589677], [10.5725121, 45.5896765], [10.5724803, 45.5896678], [10.5723808, 45.5896399], [10.572316, 45.5896261], [10.5722964, 45.589605], [10.5722624, 45.5896036], [10.5722258, 45.5895937], [10.5721807, 45.5895936], [10.5721173, 45.5895912], [10.5717579, 45.5896888], [10.5714615, 45.5897676], [10.571149, 45.5898849], [10.5708607, 45.5900914], [10.5702134, 45.5906519], [10.5701986, 45.5906662], [10.5698928, 45.5909612], [10.5691039, 45.5917328], [10.5682087, 45.5926529], [10.567744, 45.5931327], [10.5675937, 45.5933028], [10.5674717, 45.5934605], [10.5674584, 45.5934734], [10.5674399, 45.5934946], [10.5674104, 45.5935361], [10.5673638, 45.5935998], [10.5673374, 45.5936028], [10.5673133, 45.5936088], [10.5673012, 45.5936527], [10.5672809, 45.5937948], [10.5672747, 45.5938539], [10.5672807, 45.5940123], [10.5673153, 45.5941143], [10.5673565, 45.5942228], [10.567397, 45.5943248], [10.5674211, 45.5943951], [10.5674424, 45.5944712], [10.5674619, 45.5945508], [10.5674816, 45.5945967], [10.5674888, 45.5946293], [10.5674839, 45.594779], [10.5674873, 45.5948854], [10.5674853, 45.595044], [10.567486, 45.5951505], [10.5675277, 45.5952168], [10.567582, 45.595273], [10.5675892, 45.5953167], [10.567605, 45.5953717], [10.5676126, 45.5954279], [10.5675967, 45.5955025], [10.5675887, 45.5955534], [10.5675907, 45.5955856], [10.5676336, 45.5956573], [10.5676799, 45.5957682], [10.5677157, 45.595817], [10.5677817, 45.5958753], [10.5677842, 45.5959107], [10.5677761, 45.5959887], [10.5677734, 45.596093], [10.5677883, 45.5961802], [10.5677691, 45.596264], [10.5677634, 45.5963434], [10.567773, 45.5963888], [10.567806, 45.5965231], [10.5678631, 45.5966362], [10.5678683, 45.5967646], [10.5678071, 45.596813], [10.5677406, 45.5968613], [10.5676459, 45.5969429], [10.5675579, 45.5970274], [10.5675214, 45.5970972], [10.5674913, 45.597234], [10.5673822, 45.597269], [10.5673223, 45.5973449], [10.567297, 45.5974391], [10.5673081, 45.5975228], [10.5673201, 45.5976809], [10.5671439, 45.5977947], [10.5672194, 45.5978699], [10.5671642, 45.5979509], [10.5670624, 45.5980116], [10.5669803, 45.5980451], [10.5668938, 45.5981163], [10.5668488, 45.5982006], [10.5668865, 45.59834], [10.5668402, 45.5983779], [10.5667608, 45.5984382], [10.5667441, 45.5984802], [10.5666432, 45.5985368], [10.5665306, 45.5986413], [10.5664311, 45.5987225], [10.5662901, 45.5988604], [10.5661367, 45.5989648], [10.5659516, 45.5990851], [10.5658925, 45.5991357], [10.5658295, 45.5992243], [10.565772, 45.5993161], [10.5657411, 45.5993458], [10.5656853, 45.5993535], [10.5656506, 45.5993937], [10.5655835, 45.5994399], [10.5655291, 45.5994561], [10.5654685, 45.5994712], [10.5653843, 45.5994648], [10.5652978, 45.5994424], [10.5652172, 45.5994083], [10.5651394, 45.5994195], [10.5650681, 45.5994378], [10.5649552, 45.5995021], [10.5648556, 45.5995635], [10.5647489, 45.599641], [10.5646054, 45.5996739], [10.5644828, 45.5996929], [10.5642615, 45.5997331], [10.5640412, 45.5997416], [10.5639084, 45.5997446], [10.563848, 45.5997159], [10.5636026, 45.5997314], [10.5634451, 45.5997317], [10.5633628, 45.5997556], [10.5631932, 45.5998045], [10.5631289, 45.5998167], [10.5629536, 45.59985], [10.5628556, 45.5998686], [10.5627876, 45.599858], [10.5626155, 45.5998313], [10.5624694, 45.5998086], [10.5623613, 45.5998159], [10.5620292, 45.5998384], [10.5618873, 45.599848], [10.5618123, 45.599866], [10.5616314, 45.5999094], [10.5615279, 45.5999343], [10.5613482, 45.6000094], [10.5612315, 45.6000075], [10.5611162, 45.6000056], [10.5610022, 45.6000038], [10.5608734, 45.6000021], [10.5607138, 45.5999999], [10.5605784, 45.5999981], [10.5605166, 45.5999978], [10.5603759, 45.5999972], [10.5602579, 45.5999967], [10.5601573, 45.5999962], [10.5600928, 45.5999954], [10.5599656, 45.5999939], [10.5598462, 45.5999925], [10.5597412, 45.6000104], [10.5595576, 45.6000416], [10.5594289, 45.6000635], [10.5590522, 45.6001276], [10.5586418, 45.6002083], [10.5584139, 45.6002139], [10.5581483, 45.6003096], [10.5580518, 45.6003096], [10.557632, 45.600395], [10.5571385, 45.6004035], [10.5569521, 45.6004147], [10.5568126, 45.600456], [10.5566543, 45.6004992], [10.5564344, 45.6004298], [10.5561152, 45.6004936], [10.5559865, 45.600441], [10.555418, 45.6004671], [10.5552534, 45.6005869], [10.5551267, 45.6005452], [10.554883, 45.6005987], [10.5544568, 45.600901], [10.5541965, 45.6011336], [10.5541057, 45.6010333], [10.5539451, 45.6010361], [10.5538404, 45.6011614], [10.5536861, 45.6012213], [10.5536825, 45.6013316], [10.5536491, 45.6013329], [10.5536221, 45.6013333], [10.5536245, 45.6012824], [10.5534653, 45.6012655], [10.553355, 45.601236], [10.5520193, 45.6006404], [10.5519229, 45.6002271], [10.5510838, 45.6002633], [10.5504985, 45.6004361], [10.5504219, 45.6004092], [10.5502836, 45.600408], [10.5501625, 45.6004206], [10.5500219, 45.6004517], [10.5499393, 45.6004782], [10.5498885, 45.6004929], [10.5497817, 45.6005318], [10.5497127, 45.6005537], [10.5496481, 45.6005803], [10.5495722, 45.6006007], [10.5494828, 45.6006188], [10.5494006, 45.6006038], [10.5492963, 45.6006121], [10.5492178, 45.6005888], [10.5491538, 45.6005389], [10.5490435, 45.6004717], [10.5489499, 45.6004623], [10.5487877, 45.6004212], [10.5486894, 45.6004057], [10.5485549, 45.6003682], [10.5484082, 45.6003406], [10.5483299, 45.600328], [10.5482395, 45.6003096], [10.5481787, 45.6003206], [10.548062, 45.6003316], [10.5479957, 45.6003382], [10.5478069, 45.6004256], [10.5471682, 45.6005367], [10.5465255, 45.6007036], [10.5456576, 45.6006817], [10.5452346, 45.6005854], [10.545078, 45.6005756], [10.5448314, 45.6005603], [10.5436464, 45.6004504], [10.5426253, 45.5999736], [10.5416635, 45.5999893], [10.5412188, 45.5999966], [10.5402187, 45.6001092], [10.540118, 45.6001205], [10.5398074, 45.5998649], [10.5386661, 45.5995731], [10.5382732, 45.5994304], [10.5376656, 45.5991518], [10.5370179, 45.598981], [10.5359222, 45.5988019], [10.5355346, 45.5986244], [10.5350529, 45.5986807], [10.5348222, 45.5987077], [10.5342257, 45.5985625], [10.5342485, 45.5984583], [10.53405, 45.5984076], [10.5337697, 45.5983054], [10.5335323, 45.5982359], [10.533464, 45.5982547], [10.5333687, 45.5982221], [10.5331501, 45.5981111], [10.5329557, 45.5980642], [10.5328658, 45.5980145], [10.5325029, 45.5979803], [10.5322798, 45.5978756], [10.5313691, 45.5978231], [10.5302587, 45.5978362], [10.5297426, 45.5977495], [10.5287904, 45.5975895], [10.5280271, 45.5975716], [10.5278769, 45.5975725], [10.5277082, 45.5975715], [10.5272482, 45.59749], [10.5271634, 45.5974852], [10.5270843, 45.5974805], [10.5269918, 45.597473], [10.5268966, 45.5974655], [10.5267933, 45.5974533], [10.5267169, 45.5974177], [10.5266485, 45.5973766], [10.5256295, 45.5970484], [10.5246516, 45.5967223], [10.5245738, 45.5967083], [10.5245152, 45.5967071], [10.5239099, 45.5968809], [10.5239371, 45.5969497], [10.5237002, 45.5969537], [10.5232553, 45.5969507], [10.5230088, 45.5969449], [10.5229164, 45.5969399], [10.5228187, 45.5969317], [10.5227226, 45.5969069], [10.5226015, 45.5968967], [10.5223696, 45.5968733], [10.5221014, 45.5968405], [10.5219518, 45.5968502], [10.5218194, 45.5968802], [10.521783, 45.5968922], [10.5217525, 45.5969022], [10.5216622, 45.5969116], [10.5215256, 45.5969307], [10.5214836, 45.5969264], [10.5214439, 45.5969144], [10.5212261, 45.5969316], [10.5211637, 45.5969734], [10.5211171, 45.5969933], [10.5210754, 45.5969861], [10.5210198, 45.5969584], [10.5208377, 45.5969379], [10.5208099, 45.5969354], [10.5208027, 45.5969713], [10.5205642, 45.5970479], [10.5204539, 45.5970883], [10.5203443, 45.5971355], [10.5201094, 45.5973575], [10.5199859, 45.5974905], [10.5199561, 45.5975247], [10.5198495, 45.5976755], [10.5196923, 45.5979201], [10.5194968, 45.5983446], [10.5191799, 45.5992131], [10.519097, 45.5995835], [10.5190617, 45.5998638], [10.5190206, 45.5999975], [10.519045, 45.6000776], [10.5191088, 45.6001214], [10.5191396, 45.6001123], [10.5191953, 45.6001328], [10.5191688, 45.6002321], [10.5193994, 45.6004387], [10.5195305, 45.6004985], [10.5196774, 45.6005698], [10.5198144, 45.600765], [10.519908, 45.6008226], [10.5199598, 45.6008113], [10.5201099, 45.6010046], [10.5203232, 45.6009152], [10.5203042, 45.6008749], [10.5201541, 45.6006999], [10.5201484, 45.6006602], [10.520174, 45.6006356], [10.5202987, 45.6005836], [10.5203771, 45.6005848], [10.5205142, 45.6007696], [10.5205386, 45.6009427], [10.5206018, 45.6009973], [10.5206084, 45.6010974], [10.5206477, 45.6011605]]]}}, {"type": "Feature", "properties": {"nome": "Lago di Garda"}, "geometry": {"type": "Polygon", "coordinates": [[[10.5790656, 45.5901465], [10.5791447, 45.5900839], [10.5790387, 45.5900341], [10.5785277, 45.5898446], [10.5779484, 45.589503], [10.577247, 45.5893692], [10.5771041, 45.589198], [10.5767642, 45.5889784], [10.5765976, 45.5890662], [10.5755217, 45.5885946], [10.575048, 45.588348], [10.5747485, 45.5881984], [10.5737722, 45.588052], [10.5730426, 45.5880558], [10.5725451, 45.5878671], [10.5720779, 45.5877396], [10.5717598, 45.5875869], [10.5715343, 45.587364], [10.5713592, 45.5872876], [10.5710149, 45.5867662], [10.5708684, 45.5867075], [10.5706987, 45.5864967], [10.570174, 45.5856794], [10.5702157, 45.5855515], [10.5700634, 45.5852194], [10.569615, 45.5840195], [10.5694239, 45.5837623], [10.5693048, 45.5837421], [10.5692142, 45.583729], [10.5689401, 45.5838423], [10.5687368, 45.583795], [10.5684266, 45.5836356], [10.5684078, 45.5835823], [10.5682635, 45.5835479], [10.5680779, 45.5834827], [10.5678548, 45.5834873], [10.5674028, 45.5833463], [10.567128, 45.5833616], [10.5667813, 45.5834193], [10.5665468, 45.5834321], [10.566511, 45.5834134], [10.5664506, 45.5833821], [10.56635, 45.583404], [10.5662985, 45.5834371], [10.5662472, 45.5834701], [10.566154, 45.5836181], [10.5660694, 45.5837119], [10.565924, 45.5837266], [10.5658329, 45.5837752], [10.5656775, 45.5837448], [10.5655682, 45.5837459], [10.5654991, 45.5837354], [10.5654565, 45.583727], [10.5654119, 45.5837177], [10.5652964, 45.5836883], [10.5652245, 45.5837263], [10.5651709, 45.5836999], [10.5650514, 45.5837138], [10.5649197, 45.5836963], [10.5647218, 45.5836158], [10.5643269, 45.5833018], [10.5639025, 45.582934], [10.5634999, 45.5826802], [10.5634702, 45.5826615], [10.5633397, 45.5825793], [10.5631571, 45.5824179], [10.5630351, 45.582328], [10.5629605, 45.5822639], [10.5629028, 45.5822039], [10.5628501, 45.5821643], [10.5627582, 45.5820775], [10.5626609, 45.5819555], [10.5628746, 45.581877], [10.5628684, 45.581844], [10.562792, 45.5818557], [10.5628004, 45.5818844], [10.562642, 45.5819355], [10.5624074, 45.5816514], [10.5626441, 45.5815524], [10.5626299, 45.5815068], [10.5625688, 45.5815136], [10.5625739, 45.5815468], [10.562375, 45.5816127], [10.5623103, 45.5814662], [10.5622815, 45.5813943], [10.5622781, 45.5813859], [10.5622472, 45.5813041], [10.5622121, 45.5812113], [10.5621568, 45.5810652], [10.562053, 45.5810517], [10.5620362, 45.5810286], [10.5619894, 45.580997], [10.5619633, 45.5809175], [10.5619062, 45.5809021], [10.5618894, 45.5809267], [10.5618776, 45.5809469], [10.5618435, 45.5809979], [10.5618253, 45.581003], [10.5618039, 45.581009], [10.5617593, 45.5810169], [10.5617127, 45.5810259], [10.5616508, 45.5810348], [10.5615774, 45.5810466], [10.5614825, 45.5810479], [10.5614087, 45.5810327], [10.5613589, 45.5810125], [10.5613229, 45.5810177], [10.5612462, 45.5810287], [10.5609202, 45.5809329], [10.5609213, 45.5809193], [10.5609584, 45.5809211], [10.5609578, 45.5808979], [10.5608812, 45.5808801], [10.5608297, 45.5809538], [10.5608048, 45.5809495], [10.560793, 45.5809709], [10.5607684, 45.5810036], [10.5607362, 45.5810055], [10.5606987, 45.581007], [10.5606569, 45.5810027], [10.5606148, 45.5809929], [10.5605597, 45.5809733], [10.5604924, 45.5809469], [10.5604863, 45.5809371], [10.5604445, 45.5809246], [10.5603421, 45.5809468], [10.5603022, 45.5809302], [10.5601022, 45.5808108], [10.5599765, 45.5807356], [10.5600039, 45.5806961], [10.5599562, 45.5806797], [10.5598993, 45.5807468], [10.5598508, 45.5807286], [10.5598473, 45.5807273], [10.5597089, 45.5807761], [10.5597048, 45.5807749], [10.5596102, 45.5807482], [10.559582, 45.5807366], [10.5595784, 45.5807351], [10.5592476, 45.5805982], [10.5591749, 45.5805036], [10.5591325, 45.5804484], [10.5591153, 45.5804259], [10.5590482, 45.5804062], [10.5592859, 45.5801296], [10.5592294, 45.5801122], [10.5590164, 45.5803664], [10.5589372, 45.5803406], [10.5588687, 45.5804331], [10.5585388, 45.5803369], [10.5585378, 45.5803287], [10.5585352, 45.5803223], [10.5585258, 45.5803148], [10.5585111, 45.5803134], [10.558492, 45.5803183], [10.5584843, 45.5803251], [10.5584837, 45.5803324], [10.558483, 45.5803404], [10.5584644, 45.5803439], [10.5583723, 45.5804635], [10.5577458, 45.5802334], [10.5574228, 45.5800078], [10.5561843, 45.5790888], [10.5560697, 45.5789968], [10.5559212, 45.5788141], [10.5558228, 45.5786996], [10.5557518, 45.5785227], [10.5557007, 45.5784842], [10.5556671, 45.5784264], [10.5556812, 45.5781794], [10.5557058, 45.5780934], [10.5555622, 45.5780999], [10.555506, 45.5781194], [10.5555005, 45.5781069], [10.5554963, 45.5780975], [10.5555913, 45.5780571], [10.5556289, 45.5780452], [10.5556248, 45.5780043], [10.5557043, 45.577986], [10.5557686, 45.5779707], [10.5558137, 45.5779586], [10.5558789, 45.5779441], [10.5558876, 45.5779651], [10.555947, 45.5779538], [10.555927, 45.5779045], [10.555564, 45.5779901], [10.555554, 45.5779595], [10.5555103, 45.5779054], [10.5554106, 45.5778022], [10.5552793, 45.5776959], [10.5552675, 45.5776677], [10.5551967, 45.5776343], [10.5551476, 45.5776768], [10.5550276, 45.5776283], [10.5549756, 45.5775788], [10.5549626, 45.5775311], [10.5548628, 45.5776009], [10.5545669, 45.5775233], [10.5543888, 45.5774805], [10.5542827, 45.5773972], [10.5542082, 45.5773308], [10.5541608, 45.5772571], [10.5540659, 45.5771869], [10.5539002, 45.577087], [10.55381, 45.5770847], [10.5537933, 45.5770428], [10.5536733, 45.5769966], [10.5539447, 45.5768819], [10.5539285, 45.5768624], [10.5536585, 45.5769697], [10.5536624, 45.5769454], [10.5536368, 45.5769261], [10.5536187, 45.5769083], [10.5535917, 45.5768819], [10.5535818, 45.576857], [10.5535646, 45.5768139], [10.5535583, 45.5767662], [10.553551, 45.5767111], [10.5535304, 45.576691], [10.5535004, 45.5766794], [10.5534839, 45.5766487], [10.5534697, 45.5765992], [10.5534448, 45.5765433], [10.5534432, 45.5764974], [10.5534307, 45.5764875], [10.5533865, 45.5764667], [10.5533826, 45.5764449], [10.5533795, 45.5764196], [10.5533723, 45.576383], [10.5533582, 45.5763118], [10.553341, 45.5761595], [10.5533319, 45.5759619], [10.553341, 45.5758212], [10.5532561, 45.5757672], [10.5532015, 45.5757477], [10.5531271, 45.5757282], [10.5530832, 45.5756847], [10.5530565, 45.5755963], [10.5529735, 45.575552], [10.5531724, 45.5754203], [10.5531541, 45.5754052], [10.5529271, 45.5755452], [10.5528866, 45.5755245], [10.5528533, 45.5754868], [10.5528252, 45.575455], [10.5527791, 45.5754129], [10.5527431, 45.5753621], [10.5527043, 45.5753182], [10.5526202, 45.5753344], [10.5525555, 45.5753619], [10.5524903, 45.5753413], [10.5524426, 45.5753116], [10.5523814, 45.575255], [10.5522968, 45.5752807], [10.5522846, 45.5752664], [10.5524174, 45.5751109], [10.5523853, 45.5750952], [10.5522377, 45.5752614], [10.5521329, 45.5752152], [10.5520473, 45.5752021], [10.552015, 45.5751645], [10.5519652, 45.5751154], [10.5519035, 45.5751158], [10.5518502, 45.5750891], [10.5520226, 45.5749401], [10.5520013, 45.5749237], [10.5518358, 45.575052], [10.551774, 45.5749908], [10.5517481, 45.5749112], [10.5516518, 45.5749092], [10.5516103, 45.5749094], [10.5515828, 45.5748744], [10.5515499, 45.5748241], [10.5515298, 45.574766], [10.5515096, 45.5746002], [10.5515024, 45.5744983], [10.5513947, 45.5745119], [10.5513958, 45.5744822], [10.5514035, 45.5744587], [10.5513988, 45.5744394], [10.5512447, 45.5743155], [10.5515391, 45.57418], [10.5515216, 45.5741577], [10.5512536, 45.57427], [10.5511346, 45.5742029], [10.5509767, 45.5740916], [10.5508931, 45.5739774], [10.5506952, 45.573809], [10.5505717, 45.5737335], [10.5504, 45.5736497], [10.5503032, 45.5735833], [10.5501914, 45.5734234], [10.5500383, 45.5732701], [10.549971, 45.5732026], [10.5492427, 45.572649], [10.5491244, 45.5725808], [10.5490247, 45.5725175], [10.5489829, 45.5724606], [10.5489389, 45.5724249], [10.5488415, 45.5723908], [10.5487394, 45.5723161], [10.5486709, 45.5722227], [10.548584, 45.5721164], [10.5485469, 45.5720207], [10.5485121, 45.5718778], [10.5485144, 45.5717041], [10.5485399, 45.5715238], [10.5485933, 45.5713647], [10.5487812, 45.5709734], [10.5487719, 45.5708533], [10.5487626, 45.5707445], [10.5488534, 45.5705054], [10.5488391, 45.5703873], [10.5488507, 45.5701973], [10.5488902, 45.5700674], [10.5489876, 45.5698499], [10.549359, 45.5691418], [10.5497745, 45.5684635], [10.5501351, 45.5680195], [10.5508313, 45.5672228], [10.5521458, 45.5659047], [10.5527998, 45.5654315], [10.5534497, 45.5649855], [10.553782, 45.5647704], [10.5540643, 45.564664], [10.5541131, 45.5646469], [10.5544901, 45.5645372], [10.5548743, 45.5643998], [10.5551216, 45.5643404], [10.555422, 45.5643033], [10.555655, 45.5643277], [10.5557542, 45.5643676], [10.5559027, 45.5644319], [10.5561242, 45.5644837], [10.5562384, 45.564526], [10.5563338, 45.5645928], [10.5564823, 45.5646744], [10.5568235, 45.5647818], [10.5571311, 45.5648318], [10.5573884, 45.5648575], [10.5576585, 45.5648483], [10.5577448, 45.5648143], [10.5578193, 45.5647737], [10.5578355, 45.5647604], [10.5578576, 45.5647424], [10.5578829, 45.5646843], [10.5579268, 45.5645908], [10.5581098, 45.5643781], [10.5584375, 45.5640462], [10.5583323, 45.563963], [10.5583762, 45.5638438], [10.5584794, 45.5637869], [10.558306, 45.5637273], [10.5583849, 45.563574], [10.5582941, 45.56353], [10.5583132, 45.5634548], [10.5583723, 45.5634372], [10.5582797, 45.5634013], [10.558328, 45.563244], [10.5582702, 45.5632024], [10.5583383, 45.5630622], [10.5583711, 45.5629456], [10.5585097, 45.562805], [10.5587401, 45.5626143], [10.5591684, 45.5623597], [10.559558, 45.5621025], [10.5597, 45.5620087], [10.5600813, 45.5618014], [10.5603276, 45.5617025], [10.5604317, 45.5616782], [10.5604944, 45.5617183], [10.5605564, 45.561767], [10.560599, 45.561748], [10.5606923, 45.5618193], [10.5611624, 45.5622068], [10.5612188, 45.5622518], [10.5613487, 45.5621635], [10.5616457, 45.5621008], [10.5626245, 45.5626491], [10.5627004, 45.562644], [10.563202, 45.5627137], [10.5634936, 45.562883], [10.5637883, 45.563054], [10.563854, 45.5631263], [10.5639026, 45.5631608], [10.5644426, 45.5632713], [10.5647339, 45.5633888], [10.5650483, 45.5635359], [10.5652844, 45.5637096], [10.5649675, 45.5639107], [10.565094, 45.5640073], [10.5652512, 45.5641199], [10.5654878, 45.5639739], [10.5659424, 45.5641397], [10.5661507, 45.5642947], [10.5660674, 45.564393], [10.5663876, 45.5645976], [10.5665798, 45.5645136], [10.5666588, 45.5645053], [10.5667459, 45.5645281], [10.5670551, 45.5646525], [10.5673718, 45.564869], [10.5674914, 45.5650247], [10.5675093, 45.5652549], [10.5676214, 45.5653151], [10.5680606, 45.5657396], [10.5682139, 45.5658579], [10.5684981, 45.5659428], [10.5685138, 45.5659013], [10.5688942, 45.565984], [10.569153, 45.566083], [10.569408, 45.5662263], [10.5695683, 45.5664126], [10.5695951, 45.5664969], [10.5694568, 45.5666401], [10.569569, 45.5667337], [10.5696644, 45.5667731], [10.5698598, 45.5667431], [10.5699629, 45.566459], [10.5696331, 45.5660487], [10.569547, 45.5657602], [10.5695727, 45.5656358], [10.5695563, 45.5653808], [10.5694923, 45.5651631], [10.5692579, 45.5649735], [10.5684889, 45.5644198], [10.5684959, 45.5643399], [10.5686959, 45.564128], [10.5687324, 45.5638401], [10.5685742, 45.5636619], [10.5686544, 45.5635897], [10.5676848, 45.5625516], [10.5682233, 45.5620139], [10.5693464, 45.5610863], [10.571033, 45.5599403], [10.5710486, 45.5599313], [10.5713951, 45.5597604], [10.5714954, 45.5596948], [10.571573, 45.5596288], [10.5717947, 45.5595672], [10.5720656, 45.5595339], [10.5725773, 45.5594884], [10.5736162, 45.5594347], [10.574541, 45.5594235], [10.5752877, 45.5592544], [10.5756461, 45.5591076], [10.5765822, 45.5589835], [10.576909, 45.5588747], [10.5769823, 45.5585668], [10.5768809, 45.5583378], [10.5769873, 45.5581452], [10.577497, 45.5577646], [10.578031, 45.557268], [10.5781907, 45.5569757], [10.5782354, 45.5556755], [10.5784143, 45.5551235], [10.5782363, 45.5547742], [10.5781673, 45.5545722], [10.5781346, 45.5543452], [10.578141, 45.5540732], [10.5781448, 45.55385], [10.5782911, 45.5535821], [10.5782498, 45.5534665], [10.5784408, 45.5531704], [10.5784907, 45.5528156], [10.578223, 45.5520018], [10.577991, 45.5516862], [10.5776562, 45.5510735], [10.5775505, 45.5509325], [10.5765754, 45.5502144], [10.5758992, 45.5493999], [10.5737933, 45.5477187], [10.5726721, 45.5470758], [10.5695096, 45.5457739], [10.5688933, 45.5454702], [10.5683421, 45.5451203], [10.5678967, 45.5446012], [10.567868, 45.5445633], [10.5679552, 45.5445142], [10.5679355, 45.5444958], [10.5679154, 45.5444771], [10.5677718, 45.5445601], [10.5676979, 45.5444852], [10.5670268, 45.5438403], [10.5666096, 45.5436738], [10.5664606, 45.5436746], [10.5664755, 45.543744], [10.566148, 45.5439027], [10.5656091, 45.5437898], [10.5654832, 45.5438347], [10.5655061, 45.5438766], [10.5653832, 45.5441422], [10.5653357, 45.5441422], [10.5652979, 45.5442941], [10.5640542, 45.5439804], [10.5630842, 45.5428825], [10.563124, 45.5427213], [10.5626509, 45.5422827], [10.5620749, 45.5421477], [10.5614905, 45.5417695], [10.5606918, 45.5414229], [10.5604502, 45.5414737], [10.5602156, 45.5412235], [10.5600105, 45.5408441], [10.5597375, 45.5402192], [10.5590183, 45.5396324], [10.5577057, 45.5383217], [10.5576525, 45.5375961], [10.5577434, 45.5370013], [10.5578167, 45.5367933], [10.557573, 45.5365359], [10.5574025, 45.5364744], [10.5571151, 45.5363401], [10.5569769, 45.5360966], [10.5569423, 45.5356927], [10.5569114, 45.5354506], [10.5569319, 45.5352152], [10.5570227, 45.534792], [10.5568982, 45.5343317], [10.5570153, 45.5338148], [10.5573983, 45.5331002], [10.5576521, 45.5325769], [10.5580619, 45.5321153], [10.5582207, 45.5318609], [10.5584541, 45.531643], [10.5586191, 45.5314438], [10.5587867, 45.531286], [10.5588417, 45.5312878], [10.5589047, 45.5312766], [10.5589449, 45.5312709], [10.5589087, 45.5312484], [10.5588631, 45.5312352], [10.5588296, 45.531223], [10.558802, 45.5312249], [10.5588189, 45.5311573], [10.5589679, 45.5309176], [10.5590321, 45.5309168], [10.5590509, 45.5309102], [10.5590871, 45.5308951], [10.5590536, 45.5308623], [10.5590281, 45.5308425], [10.5590013, 45.5308284], [10.5589436, 45.5307833], [10.5588712, 45.5307514], [10.5588511, 45.5306199], [10.5588162, 45.5304442], [10.5586691, 45.5301742], [10.5582583, 45.5297452], [10.5576361, 45.5294164], [10.5552638, 45.5284954], [10.5527782, 45.5272732], [10.5500772, 45.5260372], [10.5473737, 45.5248927], [10.5460556, 45.5244679], [10.5460312, 45.5244437], [10.5459682, 45.5244224], [10.5458849, 45.5243683], [10.5458015, 45.5243113], [10.5457792, 45.5242543], [10.5456552, 45.524223], [10.5455292, 45.524176], [10.5453442, 45.5241148], [10.5451958, 45.5240464], [10.5451124, 45.5240108], [10.5449925, 45.5239353], [10.5449173, 45.5238912], [10.5448299, 45.5237715], [10.5447587, 45.5237117], [10.5446388, 45.5237074], [10.544529, 45.5237188], [10.5444376, 45.5237231], [10.5443563, 45.5237274], [10.5443054, 45.5237089], [10.5442994, 45.5236619], [10.5442729, 45.5236647], [10.5442323, 45.5237017], [10.5442099, 45.5237188], [10.5441367, 45.5237203], [10.5440676, 45.5236961], [10.5439782, 45.5236604], [10.5438461, 45.5236234], [10.5437403, 45.5235878], [10.543657, 45.5235508], [10.5435859, 45.5235195], [10.5435513, 45.5235266], [10.5435208, 45.5235394], [10.5434293, 45.5235408], [10.5433582, 45.523518], [10.5432834, 45.523479], [10.5432423, 45.5234397], [10.5431122, 45.5233956], [10.543033, 45.5233258], [10.5430173, 45.5232732], [10.542976, 45.523246], [10.542976, 45.5232916], [10.5429598, 45.5233144], [10.5429232, 45.5233414], [10.5428927, 45.5233685], [10.5428236, 45.5233842], [10.5427008, 45.5233738], [10.542661, 45.52334], [10.5426437, 45.5233482], [10.5426325, 45.5233671], [10.5425919, 45.5233813], [10.5425004, 45.5233785], [10.5424211, 45.5233614], [10.5422626, 45.5232688], [10.5422158, 45.5232375], [10.5421629, 45.5232061], [10.5421568, 45.5231805], [10.5421622, 45.5231572], [10.5421169, 45.523149], [10.5420898, 45.5231762], [10.542045, 45.5231962], [10.5420247, 45.5232019], [10.5419576, 45.5231919], [10.5416405, 45.5229982], [10.5415308, 45.5229498], [10.5413681, 45.5228401], [10.5411832, 45.5226664], [10.5410084, 45.5224841], [10.5409433, 45.5225154], [10.5408762, 45.5225425], [10.5408417, 45.5225439], [10.5407969, 45.5225439], [10.5407421, 45.5225225], [10.5406912, 45.5224898], [10.5404003, 45.5222193], [10.5403111, 45.522242], [10.5402278, 45.5222363], [10.5401465, 45.5222135], [10.5398212, 45.5218489], [10.5395771, 45.5215109], [10.5399879, 45.5213559], [10.5399681, 45.5213278], [10.5399101, 45.5213498], [10.5395507, 45.520893], [10.5394497, 45.5207647], [10.5393718, 45.5207948], [10.538779, 45.520489], [10.5385944, 45.5202493], [10.538559, 45.5202461], [10.5385287, 45.5202561], [10.538521, 45.5202828], [10.5386737, 45.520473], [10.5384095, 45.5205377], [10.5383828, 45.5205244], [10.5383474, 45.5205252], [10.5383347, 45.5205371], [10.5376082, 45.5201586], [10.5376316, 45.5201366], [10.53747, 45.5200524], [10.5374296, 45.5200906], [10.5375604, 45.5201586], [10.537246, 45.5204553], [10.5360996, 45.5198538], [10.5337541, 45.5181619], [10.5333683, 45.5177508], [10.5327625, 45.5174646], [10.531452, 45.516419], [10.5304988, 45.5155741], [10.5299, 45.5149863], [10.5287039, 45.5144345], [10.5243342, 45.5112787], [10.5233488, 45.5104375], [10.5228378, 45.5100495], [10.5220329, 45.5093263], [10.5210553, 45.5087635], [10.520781, 45.5087076], [10.5197235, 45.5079421], [10.5175239, 45.5066527], [10.5172346, 45.5065648], [10.5169595, 45.5062547], [10.5163525, 45.5058398], [10.515746, 45.5052078], [10.5153869, 45.5050456], [10.5150457, 45.5046394], [10.5151903, 45.5044437], [10.5150437, 45.5044779], [10.5149679, 45.5044723], [10.514908, 45.504394], [10.5149599, 45.5042682], [10.5148482, 45.5042682], [10.5147764, 45.5042794], [10.5147245, 45.5042151], [10.5147325, 45.5041368], [10.5147245, 45.504078], [10.5146527, 45.504078], [10.5145808, 45.5040612], [10.5145649, 45.5040053], [10.5145848, 45.5039606], [10.5145449, 45.503941], [10.514505, 45.5039494], [10.5144252, 45.5039382], [10.5143973, 45.5039186], [10.5143933, 45.5038599], [10.5143694, 45.5037368], [10.5143055, 45.5037424], [10.5142417, 45.5037648], [10.5141978, 45.503748], [10.5141698, 45.5036837], [10.5141898, 45.5035607], [10.5140621, 45.5035467], [10.5139983, 45.5035495], [10.5139983, 45.5033761], [10.5139025, 45.5033397], [10.5137788, 45.5033761], [10.5136391, 45.5033901], [10.5135913, 45.5033034], [10.5136087, 45.5032129], [10.5130256, 45.5027902], [10.5129409, 45.5025595], [10.5130007, 45.5024161], [10.5127962, 45.5024581], [10.5125867, 45.5023742], [10.5123323, 45.5019547], [10.5120218, 45.5017527], [10.5119538, 45.5016945], [10.5118745, 45.5015797], [10.5117821, 45.5014145], [10.511608, 45.5008279], [10.5114847, 45.5007531], [10.5114126, 45.5005005], [10.5111909, 45.5004183], [10.511144, 45.5001928], [10.5110697, 45.5001592], [10.5110283, 45.499902], [10.5109103, 45.4997918], [10.5109238, 45.4995593], [10.5110676, 45.4986304], [10.5116335, 45.4986709], [10.5119212, 45.4986646], [10.5120968, 45.4985967], [10.5123784, 45.4980852], [10.5121774, 45.4980241], [10.5120289, 45.497979], [10.5113921, 45.4977854], [10.5118912, 45.4970309], [10.5120716, 45.4966598], [10.5123951, 45.496341], [10.5124642, 45.4963913], [10.5125087, 45.4963643], [10.5124786, 45.4963329], [10.5127608, 45.4963975], [10.5127666, 45.4963789], [10.512776, 45.4963649], [10.5124938, 45.4963003], [10.5124811, 45.4962772], [10.512662, 45.4958699], [10.5126888, 45.4958652], [10.5127715, 45.4956889], [10.5126962, 45.4955843], [10.5126663, 45.4955949], [10.512381, 45.4956635], [10.5123533, 45.4956335], [10.5123268, 45.4956455], [10.5122033, 45.4956731], [10.5121622, 45.4956657], [10.5121556, 45.4956837], [10.5121449, 45.4956817], [10.5121611, 45.4954522], [10.5122486, 45.4952357], [10.5125453, 45.4949167], [10.5158816, 45.492128], [10.5158814, 45.492071], [10.5178544, 45.4904474], [10.5209971, 45.4883437], [10.521508, 45.4880613], [10.5219606, 45.4878757], [10.5219895, 45.4879207], [10.5225637, 45.4877516], [10.5228912, 45.4877188], [10.5253752, 45.4882519], [10.526601, 45.4884984], [10.5276838, 45.4885518], [10.5295502, 45.4889175], [10.530276, 45.4889939], [10.5304399, 45.4888755], [10.5307178, 45.4888221], [10.53143, 45.4886854], [10.53168, 45.4886875], [10.5320187, 45.4887813], [10.5320853, 45.4889112], [10.5321877, 45.4889334], [10.5324831, 45.4888426], [10.5339283, 45.4885914], [10.534147, 45.4886776], [10.5352959, 45.4881131], [10.5360939, 45.487679], [10.5368577, 45.4873818], [10.5371146, 45.4873101], [10.5375596, 45.4872432], [10.537955, 45.4872458], [10.5382719, 45.487275], [10.53869, 45.4874597], [10.5386509, 45.4875954], [10.538823, 45.4876137], [10.539051, 45.4877209], [10.5391368, 45.4877942], [10.5392646, 45.4878229], [10.5394672, 45.4877569], [10.5398092, 45.4873632], [10.5399957, 45.4871012], [10.5399801, 45.4868708], [10.539951, 45.4864425], [10.5399366, 45.4862308], [10.5397253, 45.4860532], [10.5396725, 45.4855643], [10.5394975, 45.4854123], [10.5394058, 45.4851585], [10.5393799, 45.4849377], [10.5394189, 45.4848027], [10.5393947, 45.4847709], [10.5393511, 45.4847138], [10.5392599, 45.484608], [10.5393766, 45.4841357], [10.5394597, 45.4837257], [10.5395949, 45.4835348], [10.5396637, 45.4832836], [10.5394618, 45.4824454], [10.539448, 45.4822205], [10.5393033, 45.4817876], [10.5392809, 45.4816945], [10.5391582, 45.4816451], [10.5391208, 45.4815533], [10.5390968, 45.4814945], [10.5391336, 45.4812214], [10.5392502, 45.4807268], [10.5392263, 45.4805934], [10.539161, 45.4805308], [10.5392361, 45.4802891], [10.5391623, 45.4802797], [10.5391449, 45.4801725], [10.539232, 45.4799368], [10.5390963, 45.4799042], [10.5390929, 45.4798499], [10.5390631, 45.4796837], [10.5390124, 45.4790211], [10.53903, 45.4787262], [10.539161, 45.4784881], [10.5392604, 45.4783697], [10.5394047, 45.4781812], [10.5392842, 45.478106], [10.5392387, 45.4779214], [10.5393235, 45.4776781], [10.5394057, 45.4775393], [10.5395586, 45.4773822], [10.539643, 45.477448], [10.5396818, 45.4774233], [10.5393534, 45.4771527], [10.5393662, 45.4770888], [10.5394647, 45.4770097], [10.5394101, 45.4769189], [10.539354, 45.4768216], [10.5394055, 45.4766921], [10.5393707, 45.4766586], [10.5392764, 45.4766955], [10.5390057, 45.4766597], [10.5388679, 45.4766062], [10.5387844, 45.4765355], [10.5387661, 45.4763733], [10.5387019, 45.476249], [10.5385777, 45.4761815], [10.5384184, 45.4760288], [10.5382844, 45.4757988], [10.5382632, 45.4756432], [10.5384058, 45.4748631], [10.5385703, 45.4746247], [10.5394162, 45.4740602], [10.5396229, 45.4738423], [10.5397461, 45.4736778], [10.539889, 45.4728002], [10.5399732, 45.4726723], [10.5409772, 45.4718902], [10.5410931, 45.4719255], [10.5413141, 45.4716719], [10.5414842, 45.4715837], [10.54184, 45.4716218], [10.5418907, 45.4716213], [10.541936, 45.471611], [10.5440348, 45.4709107], [10.5445574, 45.4708601], [10.5445648, 45.4708594], [10.5446446, 45.4708298], [10.5446943, 45.4708275], [10.5447233, 45.4708218], [10.544744, 45.4708127], [10.5447602, 45.4708005], [10.5447715, 45.4707863], [10.5447773, 45.4707707], [10.5447777, 45.4707547], [10.544771, 45.4707363], [10.5447568, 45.4707197], [10.5447357, 45.4707063], [10.5447087, 45.4706977], [10.5446879, 45.4706955], [10.544667, 45.4706964], [10.5431307, 45.4700657], [10.5441997, 45.4693082], [10.5443353, 45.4692228], [10.5453936, 45.4677824], [10.5485128, 45.466761], [10.5494811, 45.4664704], [10.550895, 45.4660577], [10.5508805, 45.4659948], [10.5510316, 45.465953], [10.5511309, 45.4661167], [10.5511566, 45.4661676], [10.5512171, 45.4662773], [10.5512834, 45.4662934], [10.5517711, 45.4661377], [10.5518031, 45.4660365], [10.5516908, 45.4658478], [10.5527799, 45.4655156], [10.5528268, 45.4655599], [10.552855, 45.4655476], [10.5528531, 45.465485], [10.5546132, 45.4649993], [10.5547956, 45.4649729], [10.5549285, 45.4648913], [10.5559861, 45.4645895], [10.5559678, 45.4645356], [10.5567844, 45.4643155], [10.5568273, 45.4643362], [10.557172, 45.4642374], [10.5571814, 45.4641988], [10.560087, 45.4634939], [10.5609534, 45.4632884], [10.5615306, 45.4631059], [10.5620244, 45.4629433], [10.5628594, 45.4627413], [10.5643489, 45.4624364], [10.5643958, 45.4624456], [10.5644575, 45.4624318], [10.5644984, 45.462404], [10.5658157, 45.4621592], [10.5659536, 45.462154], [10.5660045, 45.4621935], [10.566163, 45.4622184], [10.5662502, 45.4622983], [10.5663847, 45.4623706], [10.5665042, 45.4624028], [10.5665213, 45.4624009], [10.566534, 45.4623841], [10.5665174, 45.4623589], [10.5665671, 45.4623303], [10.566701, 45.4622988], [10.5669086, 45.4623958], [10.5669812, 45.4624405], [10.5670633, 45.4625227], [10.5670984, 45.4625208], [10.5670741, 45.4624312], [10.5671063, 45.4623792], [10.5671834, 45.4623449], [10.5673303, 45.4623324], [10.5673393, 45.4623675], [10.5673497, 45.4623686], [10.567533, 45.4623881], [10.5676769, 45.4624324], [10.5678024, 45.4624495], [10.5680412, 45.4624212], [10.5683381, 45.4624028], [10.5684756, 45.4623788], [10.5686311, 45.4623032], [10.5686535, 45.4622673], [10.5686446, 45.4622559], [10.5686257, 45.4622522], [10.5685664, 45.4622572], [10.5684073, 45.4623221], [10.5682788, 45.4623448], [10.5680452, 45.4623372], [10.5679934, 45.4623417], [10.5679428, 45.4623461], [10.5678413, 45.4623687], [10.5676139, 45.4623287], [10.5676906, 45.4620616], [10.5681119, 45.4620426], [10.5682099, 45.4620382], [10.5682245, 45.462036], [10.5682392, 45.4620315], [10.5682555, 45.4620251], [10.5682695, 45.4620165], [10.5682807, 45.462006], [10.5682885, 45.4619941], [10.5682926, 45.4619813], [10.5682929, 45.4619682], [10.5682892, 45.4619554], [10.5682818, 45.4619434], [10.5682711, 45.4619327], [10.5682574, 45.4619238], [10.5682572, 45.4618624], [10.5684228, 45.4617416], [10.5687357, 45.4615547], [10.5691256, 45.4613926], [10.569183, 45.4613756], [10.5692313, 45.461397], [10.5692887, 45.4613818], [10.569471, 45.4613334], [10.5696333, 45.4611539], [10.5697294, 45.4610868], [10.5699608, 45.4610317], [10.5704993, 45.4609364], [10.5706966, 45.4610149], [10.5707571, 45.4610152], [10.5708046, 45.4609736], [10.5708215, 45.4609064], [10.5708997, 45.4608435], [10.5710302, 45.4608306], [10.5712781, 45.4607593], [10.5713467, 45.46077], [10.5713823, 45.4607914], [10.5714178, 45.4608823], [10.5714331, 45.4608253], [10.5714534, 45.460795], [10.5714966, 45.4607611], [10.5716212, 45.4607059], [10.5727972, 45.4604866], [10.5730868, 45.4604093], [10.5733846, 45.4603592], [10.573412, 45.4603265], [10.5738602, 45.4602782], [10.5747445, 45.4602407], [10.5755183, 45.4602322], [10.576582, 45.4604184], [10.576685, 45.4605136], [10.5767348, 45.4606238], [10.5768529, 45.4606674], [10.5769746, 45.4606856], [10.5770684, 45.4604951], [10.5774204, 45.4605956], [10.5773023, 45.4607512], [10.5774834, 45.4608002], [10.5775305, 45.4609055], [10.5778912, 45.4609846], [10.5783792, 45.4612071], [10.5796914, 45.4611373], [10.5798884, 45.4611455], [10.5799013, 45.4612035], [10.5800335, 45.4612427], [10.5805204, 45.4613198], [10.5805913, 45.461239], [10.5807844, 45.4612809], [10.5810785, 45.4611863], [10.5815125, 45.4612848], [10.5815821, 45.4612401], [10.5816842, 45.4610903], [10.583095, 45.4611182], [10.5831754, 45.4610307], [10.5834792, 45.4610967], [10.5837086, 45.4610604], [10.5838807, 45.4611075], [10.5846908, 45.4614488], [10.584671, 45.4614741], [10.5847782, 45.4615153], [10.5847979, 45.4614901], [10.5872479, 45.4624551], [10.5874148, 45.4626438], [10.5876632, 45.462867], [10.58798, 45.4631946], [10.5880737, 45.463389], [10.5883044, 45.4636937], [10.5886048, 45.4638329], [10.5890447, 45.4639947], [10.5895436, 45.4642468], [10.5901712, 45.4646268], [10.5906486, 45.4646193], [10.5908873, 45.4645443], [10.5914802, 45.4648834], [10.5915159, 45.4653908], [10.591442, 45.4653982], [10.5914315, 45.4655313], [10.5911116, 45.4655315], [10.591477, 45.4657187], [10.5915475, 45.4661859], [10.5917862, 45.4664301], [10.5917479, 45.4664892], [10.5919957, 45.4666926], [10.5919905, 45.4668109], [10.592117, 45.4669071], [10.592091, 45.4669797], [10.5922172, 45.4670513], [10.5921961, 45.4671364], [10.5924156, 45.4671999], [10.5924836, 45.4673138], [10.5927128, 45.4674728], [10.5930503, 45.4676845], [10.5933094, 45.4678278], [10.5936145, 45.4679405], [10.5942981, 45.4683129], [10.5955377, 45.469]]]}}, {"type": "Feature", "properties": {"nome": "Lago di Garda"}, "geometry": {"type": "Polygon", "coordinates": [[[10.5955377, 45.469], [10.595313, 45.4690713], [10.5953361, 45.4692385], [10.5954129, 45.469518], [10.5955681, 45.4697251], [10.5957076, 45.4698797], [10.5957884, 45.4699114], [10.5959144, 45.4698414], [10.5960071, 45.4698197], [10.5961829, 45.4698864], [10.5965458, 45.4700401]]]}}, {"type": "Feature", "properties": {"nome": "Lago di Garda"}, "geometry": {"type": "Polygon", "coordinates": [[[10.5965458, 45.4700401], [10.5967736, 45.4702739], [10.5970184, 45.4704756], [10.5970933, 45.4705831], [10.5972288, 45.4706438]]]}}, {"type": "Feature", "properties": {"nome": "Lago di Garda"}, "geometry": {"type": "Polygon", "coordinates": [[[10.5972288, 45.4706438], [10.5973361, 45.4706918], [10.5975912, 45.4709116], [10.5977102, 45.4710647], [10.5978165, 45.4712079]]]}}, {"type": "Feature", "properties": {"nome": "Lago di Garda"}, "geometry": {"type": "Polygon", "coordinates": [[[10.5978165, 45.4712079], [10.5976546, 45.4713271], [10.5977041, 45.4714865], [10.5976708, 45.4717165], [10.5978301, 45.4719932], [10.598025, 45.4718548], [10.5981187, 45.4716859]]]}}, {"type": "Feature", "properties": {"nome": "Lago di Garda"}, "geometry": {"type": "Polygon", "coordinates": [[[10.5981187, 45.4716859], [10.5981926, 45.4716957], [10.5981979, 45.4716964], [10.598445, 45.4717303]]]}}, {"type": "Feature", "properties": {"nome": "Lago di Garda"}, "geometry": {"type": "Polygon", "coordinates": [[[10.598445, 45.4717303], [10.5985278, 45.4718846], [10.5986658, 45.4719723], [10.5986083, 45.4720066], [10.5985454, 45.4721315], [10.5986041, 45.4722149], [10.5986363, 45.4722695], [10.5986899, 45.4723635], [10.5989206, 45.4723729], [10.5990493, 45.4722337]]]}}, {"type": "Feature", "properties": {"nome": "Lago di Garda"}, "geometry": {"type": "Polygon", "coordinates": [[[10.5990493, 45.4722337], [10.5990834, 45.4722387], [10.5991602, 45.4722565], [10.5998714, 45.4724069], [10.6000096, 45.472442], [10.6000658, 45.472505], [10.6002079, 45.4725483], [10.600633, 45.4727846], [10.6010538, 45.4730459], [10.6011325, 45.4731323], [10.6009925, 45.4733526], [10.6010455, 45.4735466], [10.6011161, 45.4736767], [10.6012869, 45.4737448], [10.6013458, 45.473656], [10.6015077, 45.4737262], [10.6016725, 45.4736911], [10.6016725, 45.4735611], [10.6018322, 45.4734681], [10.6020316, 45.4735632], [10.601958, 45.4737985], [10.6022612, 45.4738955], [10.6024726, 45.4737075], [10.6027583, 45.4737784], [10.6030747, 45.4738832], [10.6033582, 45.4739691], [10.6036174, 45.4741209], [10.603731, 45.4742054], [10.604073, 45.4741158], [10.6042999, 45.4740896], [10.6045698, 45.4741377], [10.6048756, 45.4742038], [10.6052508, 45.4744098], [10.6052612, 45.4744441], [10.6053851, 45.4746735], [10.6056191, 45.474931], [10.606494, 45.4756723], [10.6068685, 45.4762267], [10.6068231, 45.476409], [10.6070871, 45.4769423], [10.6072047, 45.4769653], [10.6074389, 45.4769424], [10.607535, 45.4770015], [10.6077343, 45.4772846], [10.6079034, 45.4776679], [10.6080257, 45.4778863], [10.6079716, 45.4781381], [10.6080112, 45.4782712], [10.6080282, 45.4783481], [10.6080115, 45.4784777], [10.6080215, 45.4787695], [10.6080245, 45.4790397], [10.6077055, 45.4791044], [10.6077321, 45.4794694], [10.6074654, 45.4794941], [10.6073789, 45.4796346], [10.6072799, 45.4798299], [10.6072903, 45.4799709], [10.6073836, 45.4801633], [10.6074778, 45.480194], [10.6075158, 45.4803016], [10.6076403, 45.4803292], [10.6078766, 45.4803272], [10.6079275, 45.4802343], [10.608062, 45.4802568], [10.6080694, 45.4806859], [10.6080259, 45.480684], [10.6080282, 45.4808012], [10.6080714, 45.4808017], [10.6080771, 45.4811315], [10.608113, 45.4811346], [10.6083063, 45.4811514], [10.608301, 45.4812457], [10.6080872, 45.481225], [10.6080796, 45.4812712], [10.6078674, 45.4812777], [10.6078569, 45.481441], [10.6078555, 45.4817547], [10.6078045, 45.4818165], [10.6077693, 45.4820198], [10.607814, 45.4820984], [10.6078933, 45.4827543], [10.6079219, 45.483121], [10.6078803, 45.4832238], [10.6078973, 45.4833677], [10.6080556, 45.4838952], [10.6080971, 45.484038], [10.6081347, 45.4841766], [10.6081325, 45.4841892], [10.6081288, 45.4842099], [10.6080773, 45.4842709], [10.6080121, 45.4844053], [10.6080418, 45.4844635], [10.6080912, 45.4845315], [10.6081881, 45.4848641], [10.6081018, 45.4849007], [10.6080118, 45.4849209], [10.6079386, 45.4849714], [10.6078989, 45.4850278], [10.6079266, 45.485069], [10.6079314, 45.4851296], [10.6079902, 45.4851523], [10.6080514, 45.4851338], [10.608109, 45.485133], [10.6081344, 45.485107], [10.6081641, 45.4850487], [10.6082985, 45.485161], [10.6083222, 45.4852331], [10.6082965, 45.4853592], [10.6082867, 45.4854687], [10.6082946, 45.4854992], [10.6083697, 45.485527], [10.6084409, 45.4856101], [10.6084765, 45.4856129], [10.608512, 45.4859192], [10.6084863, 45.4859234], [10.6084844, 45.4860121], [10.6085397, 45.4860135], [10.6085872, 45.4863157], [10.6085832, 45.4864612], [10.6084994, 45.4866987], [10.608284, 45.4877855], [10.6079488, 45.4892054], [10.607709, 45.4902314], [10.6076195, 45.4904774], [10.6075714, 45.4904613], [10.6075372, 45.4905468], [10.6074955, 45.4905384], [10.6074617, 45.4906284], [10.6074952, 45.4906344], [10.607447, 45.4907669], [10.6074391, 45.4907885], [10.607432, 45.4908045], [10.6073283, 45.4910368], [10.6073752, 45.49106], [10.6072734, 45.4913133], [10.6072543, 45.4913666], [10.6072675, 45.4913698], [10.6072569, 45.4913915], [10.6072629, 45.4913933], [10.6073003, 45.4914012], [10.6081681, 45.4915775], [10.6081493, 45.4916983], [10.6082365, 45.4917526], [10.6083265, 45.4918105]]]}}, {"type": "Feature", "properties": {"nome": "Lago di Garda"}, "geometry": {"type": "Polygon", "coordinates": [[[10.6249433, 45.4620003], [10.6250806, 45.4623468], [10.6251511, 45.4625234], [10.6252332, 45.4625914], [10.6251607, 45.4626705], [10.6250817, 45.4626778], [10.6244114, 45.4625903], [10.6238625, 45.4625085], [10.6235917, 45.4625], [10.6227405, 45.4625421], [10.6226291, 45.462527], [10.6224949, 45.4623535], [10.6224239, 45.4623005], [10.6220221, 45.4623319], [10.6217152, 45.4623714], [10.6215198, 45.4624137], [10.6213362, 45.4625839], [10.6213188, 45.4626567], [10.6210513, 45.4627445], [10.6209599, 45.4628026], [10.6208105, 45.4628291], [10.6207875, 45.4628384], [10.6209202, 45.4630144], [10.6210396, 45.4630502], [10.6210289, 45.4630663], [10.6210184, 45.463082], [10.620873, 45.4630506], [10.620666, 45.4627369], [10.6202592, 45.4628052], [10.6200061, 45.462815], [10.6196053, 45.4629185], [10.6195934, 45.4630574], [10.6187988, 45.463347], [10.6186173, 45.4632186], [10.6184785, 45.4632497], [10.6184232, 45.4634868], [10.61808, 45.463741], [10.6177367, 45.4638195], [10.6176095, 45.4637789], [10.6176056, 45.4635598], [10.6172923, 45.4635726], [10.6168589, 45.4638284], [10.6168268, 45.4638538], [10.6167938, 45.4638968], [10.6168652, 45.4640623], [10.6164282, 45.464197], [10.6163759, 45.4642187], [10.6163228, 45.4642439], [10.6161913, 45.4642714], [10.6161211, 45.4643117], [10.6161395, 45.4643209], [10.6162061, 45.4643709], [10.6163213, 45.464409], [10.616603, 45.4643227], [10.616609, 45.4643121], [10.6166271, 45.4643121], [10.6166115, 45.4643371], [10.6163193, 45.4644271], [10.6162033, 45.46439], [10.6161683, 45.4643895], [10.6161237, 45.46439], [10.6160918, 45.4643968], [10.6160603, 45.4644222], [10.616013, 45.4644462], [10.6159632, 45.464479], [10.6159215, 45.4644964], [10.6158743, 45.4645141], [10.6158221, 45.4645146], [10.6157616, 45.4645141], [10.6156028, 45.4645578], [10.6155117, 45.4645869], [10.6154159, 45.4646333], [10.6154081, 45.4646424], [10.6153963, 45.4646481], [10.6153836, 45.4646286], [10.6153369, 45.4646474], [10.6153047, 45.4646599], [10.6152972, 45.4646959], [10.6152674, 45.4646987], [10.6152221, 45.4646915], [10.6151941, 45.464689], [10.6151788, 45.4647027], [10.6146321, 45.4649107], [10.6146045, 45.464934], [10.6145433, 45.4649584], [10.614486, 45.4650004], [10.6144639, 45.465042], [10.6144442, 45.4650739], [10.6144013, 45.4651132], [10.6143449, 45.4651083], [10.6142946, 45.4651132], [10.6142423, 45.4651192], [10.6142018, 45.4651234], [10.614161, 45.4651226], [10.6141166, 45.4651046], [10.6140757, 45.4651076], [10.614039, 45.4651128], [10.613982, 45.465128], [10.6139333, 45.4651488], [10.6138828, 45.4651741], [10.6138623, 45.4652005], [10.6138584, 45.4652245], [10.6138595, 45.4652493], [10.6138415, 45.4652804], [10.6137819, 45.4653316], [10.6137253, 45.4653853], [10.6136596, 45.4654363], [10.6136088, 45.4654628], [10.6135712, 45.4654789], [10.6135375, 45.4654961], [10.6135347, 45.4654855], [10.6135562, 45.4654584], [10.6135852, 45.4654266], [10.6136102, 45.4653962], [10.613632, 45.4653733], [10.6136456, 45.4653589], [10.6136609, 45.4653384], [10.6136696, 45.4653206], [10.6136784, 45.4652967], [10.6136724, 45.4652774], [10.613664, 45.4652601], [10.6136423, 45.4652479], [10.6136201, 45.4652492], [10.6135886, 45.4652626], [10.6135389, 45.4652937], [10.6134249, 45.4653577], [10.6133559, 45.4653981], [10.613304, 45.4654463], [10.6130372, 45.4656581], [10.6130135, 45.4656798], [10.612981, 45.4657073], [10.6129574, 45.4657391], [10.6129614, 45.4657644], [10.6129929, 45.4657965], [10.6130432, 45.4658158], [10.6130794, 45.4658322], [10.6131391, 45.4658578], [10.6131178, 45.4659073], [10.6130863, 45.4659207], [10.6130462, 45.4658851], [10.6129552, 45.4658741], [10.612903, 45.4658563], [10.6128527, 45.4658541], [10.6128025, 45.4658429], [10.6127373, 45.465868], [10.6126379, 45.4659254], [10.61248, 45.4660287], [10.6124289, 45.4661432], [10.6123449, 45.4662988], [10.61234, 45.4664049], [10.6123323, 45.4665066], [10.6125059, 45.466575], [10.6124839, 45.4665998], [10.612414, 45.4666678], [10.6124014, 45.4667097], [10.6123857, 45.4667491], [10.6124011, 45.4667638], [10.6124242, 45.4667714], [10.612426, 45.4667809], [10.6123883, 45.4667923], [10.6123556, 45.4667915], [10.612335, 45.4668133], [10.6122841, 45.4668951], [10.6122826, 45.4669587], [10.6123085, 45.4669884], [10.6123444, 45.4670823], [10.6123881, 45.4671808], [10.612358, 45.4672744], [10.6122782, 45.4673966], [10.6122611, 45.4674695], [10.6122326, 45.4675898], [10.6120437, 45.4677726], [10.611955, 45.4677959], [10.611824, 45.4678023], [10.6117147, 45.4678376], [10.6116624, 45.4678657], [10.6116248, 45.4679043], [10.6115087, 45.4680747], [10.6114507, 45.4681594], [10.6113826, 45.4683048], [10.6113809, 45.4683912], [10.6114096, 45.4684986], [10.6114177, 45.4685867], [10.6113577, 45.4686767], [10.6112961, 45.4687473], [10.6112391, 45.4688547], [10.6111855, 45.4689423], [10.6111308, 45.4689971], [10.6110768, 45.4690679], [10.6110744, 45.4691508], [10.6110469, 45.4692654], [10.610996, 45.4693667], [10.6109549, 45.4693923], [10.6109373, 45.4695181], [10.6109105, 45.469601], [10.610873, 45.4696871], [10.6108643, 45.469747], [10.6108842, 45.4698607], [10.6109174, 45.4699902], [10.610956, 45.4700826], [10.6110047, 45.4701586], [10.6110509, 45.4702129], [10.6110964, 45.4702357], [10.6111555, 45.4702658], [10.6111778, 45.4702932], [10.6111827, 45.4703247], [10.6111715, 45.4703537], [10.6111419, 45.4703842], [10.6111204, 45.4704049], [10.6111441, 45.4704379], [10.6111635, 45.4704963], [10.6111862, 45.4705478], [10.6111925, 45.4706462], [10.6111911, 45.4707131], [10.6113539, 45.4710157], [10.6114699, 45.4712], [10.6115294, 45.4713466], [10.611534, 45.4714187], [10.6115615, 45.4714189], [10.6115706, 45.4715523], [10.6115284, 45.4715535], [10.6115198, 45.4716498], [10.6114456, 45.4718197], [10.6114225, 45.4719033], [10.61137, 45.4720203], [10.6112768, 45.4721953], [10.6112112, 45.4723114], [10.6111597, 45.4723781], [10.611076, 45.4724927], [10.6110589, 45.4725272], [10.6111063, 45.4725318], [10.6110723, 45.4725977], [10.6111394, 45.4726613], [10.6112729, 45.4727292], [10.6114002, 45.4726169], [10.611418, 45.472609], [10.6114323, 45.4726052], [10.6114475, 45.4726032], [10.6114761, 45.4726046], [10.6115025, 45.4726124], [10.611524, 45.4726257], [10.6115351, 45.4726381], [10.6115417, 45.4726519], [10.6115435, 45.4726665], [10.6115397, 45.4726827], [10.6115298, 45.4726975], [10.6115148, 45.4727101], [10.6115023, 45.4727167], [10.6114884, 45.4727216], [10.6114194, 45.4727539], [10.6113879, 45.4727782], [10.6113762, 45.4727994], [10.6113705, 45.4728428], [10.6113391, 45.4729495], [10.6114082, 45.4730171], [10.6114289, 45.4730657], [10.611378, 45.473112], [10.6113411, 45.4732087], [10.6112491, 45.4733941], [10.6112514, 45.4736287], [10.6113411, 45.4737888], [10.6112909, 45.4741138], [10.6113043, 45.4741768], [10.6113319, 45.4742159], [10.6113252, 45.4742928], [10.611294, 45.4746501], [10.6111834, 45.4754077], [10.6113717, 45.4754675], [10.6114312, 45.4756314], [10.6113199, 45.4758828], [10.6115132, 45.4763029], [10.6115181, 45.4767057], [10.6111848, 45.4770038], [10.6110339, 45.4770119], [10.6110611, 45.4771863], [10.6110554, 45.4773183], [10.6109375, 45.4774494], [10.6106881, 45.4777053], [10.6106714, 45.4779575], [10.6107907, 45.4779909], [10.6107884, 45.4782957], [10.6106765, 45.478618], [10.6105699, 45.4788473], [10.6103327, 45.4793498], [10.6102489, 45.479531], [10.6101356, 45.4795241], [10.6099856, 45.4794693], [10.6099233, 45.4794781], [10.6099138, 45.4795339], [10.6100958, 45.4796152], [10.610144, 45.479674], [10.6100451, 45.4797667], [10.6098428, 45.4797647], [10.609805, 45.4804914], [10.6096958, 45.4805053], [10.6096288, 45.4806333], [10.6095953, 45.4809678], [10.6095622, 45.4809754], [10.6095268, 45.4812714], [10.6095608, 45.4812784], [10.6095414, 45.4813668], [10.6094591, 45.48154], [10.6095945, 45.4818214], [10.6094795, 45.4820795], [10.6093035, 45.4820593], [10.6092822, 45.482114], [10.6092754, 45.4821621], [10.6094577, 45.4821927], [10.6094405, 45.4826254], [10.6093133, 45.4828337], [10.6093602, 45.4831319], [10.6092445, 45.4834778], [10.609293, 45.4834772], [10.6098745, 45.4834214], [10.6098638, 45.4833862], [10.6099196, 45.4833782], [10.6100367, 45.4833661], [10.6100406, 45.4841892], [10.6099732, 45.4842074], [10.6098591, 45.4842381], [10.6099746, 45.484431], [10.6100708, 45.4845104], [10.6101872, 45.4845818], [10.6102654, 45.4846201], [10.6103357, 45.4846898], [10.6104216, 45.4849672], [10.6104775, 45.4851488], [10.6105767, 45.4853376], [10.6105658, 45.4855451], [10.6106217, 45.4857126], [10.6105643, 45.485825], [10.6105439, 45.4859162], [10.6104601, 45.4860036], [10.6104573, 45.4862045], [10.6106181, 45.4862542], [10.6106581, 45.4862895], [10.6108088, 45.4866721], [10.610665, 45.4879751], [10.610962, 45.4880194], [10.6110983, 45.4881633], [10.6111854, 45.4881645], [10.6112683, 45.4881878], [10.6113888, 45.4882765], [10.6113994, 45.4883547], [10.6113798, 45.4884318], [10.6113225, 45.4884878], [10.6112457, 45.4885322], [10.6111492, 45.4885618], [10.6109894, 45.4885428], [10.6108975, 45.4884773], [10.6108568, 45.4884033], [10.6108433, 45.4883346], [10.6108644, 45.4882628], [10.6109201, 45.488211], [10.6110041, 45.4881798], [10.6109412, 45.488137], [10.6108511, 45.4881005], [10.6107242, 45.4880737], [10.6106462, 45.4880923], [10.6105993, 45.488644], [10.6105941, 45.4887054], [10.6110427, 45.4888656], [10.6113565, 45.4888759], [10.6114398, 45.4888602], [10.6114509, 45.4887858], [10.6115157, 45.4887841], [10.6115565, 45.4888743], [10.611599, 45.4891097], [10.6106296, 45.4896554], [10.6094289, 45.490303], [10.6093992, 45.4903715], [10.6094924, 45.490536], [10.6095246, 45.4905777], [10.6095667, 45.4905811], [10.6095661, 45.4906178], [10.6094875, 45.4906766], [10.6092896, 45.4907452], [10.6090897, 45.490942], [10.6092253, 45.4913413], [10.6092868, 45.4915113], [10.6093064, 45.4915696], [10.6093284, 45.4915647], [10.6093681, 45.491685], [10.6092023, 45.4917322], [10.6091914, 45.4916939], [10.6090679, 45.4917119], [10.6090667, 45.4917498], [10.6089988, 45.4917581], [10.6089888, 45.4917851], [10.6088708, 45.4918013], [10.6087238, 45.4918909], [10.6087217, 45.4919133], [10.6087072, 45.492052], [10.6086548, 45.4920494], [10.6086012, 45.4920469], [10.6086157, 45.4919079], [10.6083531, 45.4918486], [10.6083265, 45.4918105]]]}}, {"type": "Feature", "properties": {"nome": "Lago di Garda"}, "geometry": {"type": "Polygon", "coordinates": [[[10.6254872, 45.4619036], [10.6250116, 45.4619941], [10.6249433, 45.4620003]]]}}, {"type": "Feature", "properties": {"nome": "Lago di Garda"}, "geometry": {"type": "Polygon", "coordinates": [[[10.6265859, 45.4617984], [10.6262043, 45.4618078], [10.6258695, 45.4618998], [10.6254872, 45.4619036]]]}}, {"type": "Feature", "properties": {"nome": "Lago di Garda"}, "geometry": {"type": "Polygon", "coordinates": [[[10.6271553, 45.4613833], [10.6272042, 45.4614508], [10.6272289, 45.4615723], [10.6271948, 45.4616549], [10.6271611, 45.4617084], [10.6270907, 45.4618441], [10.6269589, 45.4618574], [10.6265859, 45.4617984]]]}}, {"type": "Feature", "properties": {"nome": "Lago di Garda"}, "geometry": {"type": "Polygon", "coordinates": [[[10.6949789, 45.4436437], [10.6945961, 45.4432372], [10.6943834, 45.4430049], [10.6942893, 45.4430392], [10.6941956, 45.4429245], [10.6942784, 45.4428838], [10.6942192, 45.4428155], [10.6935468, 45.4420035], [10.693055, 45.4416254], [10.6930121, 45.441632], [10.6929889, 45.4416256], [10.6929149, 45.4415691], [10.6929078, 45.4415506], [10.6920503, 45.4408324], [10.69191, 45.4408221], [10.6915797, 45.4407982], [10.6910154, 45.440756], [10.6910131, 45.4407779], [10.6908185, 45.4407616], [10.6907654, 45.4407424], [10.6904108, 45.4403445], [10.6903446, 45.4403205], [10.6902723, 45.4403261], [10.6902125, 45.4403469], [10.6890106, 45.4409621], [10.6879796, 45.441592], [10.6870471, 45.4422234], [10.6861314, 45.4429632], [10.6852999, 45.4437059], [10.6846869, 45.4443662], [10.6843327, 45.4447291], [10.6844377, 45.4447845], [10.6844654, 45.4447845], [10.6844852, 45.4447935], [10.6844911, 45.4448067], [10.6844891, 45.4448212], [10.68424, 45.444953], [10.6842193, 45.4449662], [10.6839378, 45.4451134], [10.6838974, 45.4451344], [10.6835648, 45.4451647], [10.6834185, 45.4451749], [10.6828193, 45.4452571], [10.6821219, 45.4454152], [10.6818215, 45.4454679], [10.6811885, 45.4456636], [10.680931, 45.4458367], [10.680695, 45.4458894], [10.6804697, 45.4458894], [10.6800298, 45.4460023], [10.6793447, 45.4462311], [10.6793107, 45.4463199], [10.6791995, 45.4463986], [10.6790497, 45.4464476], [10.6788883, 45.4464518], [10.6787524, 45.4464164], [10.6785898, 45.4464562], [10.6782796, 45.4464962], [10.677369, 45.4467099], [10.6771116, 45.4468378], [10.6768594, 45.4469311], [10.6766198, 45.4470654], [10.6760582, 45.4471532], [10.6756178, 45.4472721], [10.6754527, 45.4473739], [10.6752585, 45.4474365], [10.6751379, 45.4475232], [10.6748279, 45.4476774], [10.6743144, 45.4478826], [10.6743057, 45.4479419], [10.674125, 45.4480375], [10.6740539, 45.4480188], [10.6735874, 45.448173], [10.6734551, 45.4482569], [10.673355, 45.4484273], [10.6729736, 45.4486126], [10.672745, 45.4488126], [10.6722702, 45.4495087], [10.6719716, 45.4498308], [10.6719693, 45.4498345], [10.6719409, 45.4500388], [10.6719476, 45.4501268], [10.671915, 45.4502166], [10.6720515, 45.4502871], [10.6719898, 45.4503494], [10.6719405, 45.4503993], [10.6719951, 45.4504253], [10.6722794, 45.4505693], [10.6723126, 45.4505867], [10.6719648, 45.4509379], [10.671947, 45.4509559], [10.671789, 45.4509311], [10.6711381, 45.4510964], [10.6707713, 45.4512475], [10.6704811, 45.4515501], [10.6704028, 45.4516966], [10.669831, 45.4519801], [10.6696228, 45.4521667], [10.66933, 45.4523062], [10.6691624, 45.45234], [10.6690787, 45.4524238], [10.668871, 45.4524789], [10.6682744, 45.4526924], [10.6682548, 45.4528042], [10.6680957, 45.4527816], [10.6666189, 45.4529821], [10.665746, 45.4530817], [10.6657553, 45.4531813], [10.6653884, 45.4532289], [10.665415, 45.453302], [10.6653171, 45.4534806], [10.6653429, 45.4534945], [10.6653175, 45.4535373], [10.6646739, 45.4536334], [10.6646191, 45.4534449], [10.6641747, 45.4534999], [10.6641209, 45.4533784], [10.6636333, 45.4533201], [10.6634804, 45.4532547], [10.6633384, 45.4532826], [10.6634929, 45.4534189], [10.6633506, 45.4535807], [10.6631922, 45.4536727], [10.662948, 45.4535223], [10.6626398, 45.4536917], [10.6623497, 45.4536326], [10.6623082, 45.45364], [10.6621465, 45.453669], [10.6622018, 45.453829], [10.6621304, 45.45384], [10.6620937, 45.4538457], [10.6615323, 45.4539324], [10.6606907, 45.4540754], [10.6598555, 45.4541837], [10.6598253, 45.4538347], [10.6596291, 45.4537717], [10.6593999, 45.453824], [10.6593523, 45.4537845], [10.6575121, 45.4539933], [10.6571831, 45.4541029], [10.6572475, 45.4542245], [10.6568995, 45.4543778], [10.6566003, 45.4543487], [10.6564206, 45.454402], [10.6562694, 45.4544408], [10.6561863, 45.4544895], [10.6561682, 45.454478], [10.6561994, 45.4544499], [10.6561621, 45.4544231], [10.6560559, 45.4544111], [10.6559176, 45.4543966], [10.6558481, 45.4543263], [10.6558188, 45.4542423], [10.6558868, 45.4541969], [10.6559336, 45.4542054], [10.6559678, 45.4541437], [10.6558151, 45.454106], [10.6557629, 45.4542427], [10.6558209, 45.4544014], [10.6558623, 45.4544499], [10.6559626, 45.4545081], [10.6555895, 45.4545901], [10.6554684, 45.4544669], [10.655223, 45.454462], [10.6551193, 45.4543602], [10.6550537, 45.454416], [10.6551228, 45.4545275], [10.655344, 45.4545857], [10.6553716, 45.454622], [10.6551159, 45.4545566], [10.6549535, 45.454622], [10.6547495, 45.4546206], [10.6544116, 45.4546974], [10.6543473, 45.454639], [10.6538695, 45.454717], [10.6536757, 45.45457], [10.6536598, 45.45452], [10.6537943, 45.4544812], [10.6537429, 45.454398], [10.6535649, 45.4544257], [10.6536045, 45.4545728], [10.653766, 45.4546946], [10.653875, 45.4547715], [10.6538761, 45.4547859], [10.6538047, 45.4548042], [10.6534848, 45.4547479], [10.6533327, 45.4547385], [10.6531763, 45.4548366], [10.6527182, 45.4547884], [10.6526259, 45.4544298], [10.6524911, 45.4545722], [10.6523917, 45.4546285], [10.6523847, 45.4548839], [10.652156, 45.4549277], [10.6517436, 45.4550066], [10.6510259, 45.4550083], [10.6508686, 45.455121], [10.650158, 45.455248], [10.6497928, 45.4551284], [10.6491667, 45.4552254], [10.6489912, 45.4552576], [10.6487353, 45.4552644], [10.6486457, 45.4553765], [10.6486897, 45.4556628], [10.6480035, 45.4559002], [10.647248, 45.4561456], [10.647198, 45.4564594], [10.6467336, 45.4567319], [10.6464756, 45.4566647], [10.6460405, 45.4566839], [10.6458323, 45.456661], [10.6457934, 45.456277], [10.645487, 45.4562939], [10.6452099, 45.4563935], [10.6449486, 45.4565073], [10.6449036, 45.4565168], [10.6448812, 45.4567359], [10.6446619, 45.4567725], [10.6444085, 45.4566633], [10.6441463, 45.4567227], [10.6437846, 45.4569801], [10.6440988, 45.4569813], [10.6442743, 45.4571486], [10.6441232, 45.4572764], [10.6432529, 45.4574406], [10.642843, 45.4577714], [10.6424399, 45.4582809], [10.6420946, 45.4586648], [10.6418768, 45.4588406], [10.6416419, 45.4591431], [10.64144, 45.4591781], [10.6412779, 45.459343], [10.6411933, 45.4594929], [10.6412842, 45.4595336], [10.6412404, 45.4598094], [10.6408545, 45.4601037], [10.6406756, 45.4602177], [10.6406704, 45.4604321], [10.6405818, 45.4605018], [10.6404202, 45.4605886], [10.6401703, 45.4605401], [10.6402249, 45.4602752], [10.6400903, 45.4602543], [10.6397694, 45.461003], [10.6398461, 45.4610239], [10.639921, 45.4610444], [10.6402182, 45.4611255], [10.6403006, 45.4615721], [10.6400559, 45.4617867], [10.6401492, 45.4622667], [10.6402711, 45.4626836], [10.639997, 45.4629436], [10.6397153, 45.4629542], [10.6394317, 45.4629131], [10.6395547, 45.4627073], [10.6394794, 45.4627048], [10.6394163, 45.4627027], [10.6393814, 45.4627461], [10.6393075, 45.4628378], [10.6392419, 45.4629303], [10.6393288, 45.4631965], [10.6390948, 45.4635792], [10.6387284, 45.4638218], [10.6381318, 45.4638071], [10.6381398, 45.4635042], [10.6377339, 45.4636706], [10.637324, 45.4637485], [10.6370007, 45.4635798], [10.6371096, 45.4631195], [10.6371263, 45.4630488], [10.6366932, 45.4628225], [10.636279, 45.4625704], [10.6358226, 45.4623156], [10.63562, 45.4622026], [10.6343664, 45.4619117], [10.6336446, 45.461712], [10.6334204, 45.4614699], [10.6325784, 45.4613198], [10.630796, 45.4611112], [10.6300955, 45.4611209], [10.630115, 45.461319], [10.6299694, 45.4613323], [10.6300118, 45.4614359], [10.6299611, 45.4614422], [10.6298567, 45.4614391], [10.6294422, 45.4614202], [10.6293997, 45.4614085], [10.6293779, 45.4614021], [10.629303, 45.4609297], [10.6290895, 45.4609276], [10.6286781, 45.4610009], [10.628731, 45.4612792], [10.6286622, 45.4614951], [10.6282891, 45.4615474], [10.6279782, 45.4614994], [10.6277698, 45.4613478], [10.6276786, 45.4612963], [10.6275857, 45.4612439], [10.6271227, 45.4613384], [10.6271553, 45.4613833]]]}}, {"type": "Feature", "properties": {"nome": "Lago di Garda"}, "geometry": {"type": "Polygon", "coordinates": [[[10.7231863, 45.4843571], [10.7231471, 45.4839453], [10.7227837, 45.4836242], [10.7228786, 45.4835255], [10.7224694, 45.4830041], [10.7220954, 45.482725], [10.7216407, 45.4822481], [10.721135, 45.4821147], [10.7210336, 45.4816471], [10.7201924, 45.4806892], [10.7195983, 45.4799599], [10.7187189, 45.4791821], [10.7182722, 45.4789487], [10.7181265, 45.4787682], [10.7179062, 45.4784231], [10.7178954, 45.478303], [10.717754, 45.4781694], [10.7174902, 45.4780454], [10.7172884, 45.4780292], [10.7166526, 45.478161], [10.7165094, 45.4782447], [10.7164377, 45.4782489], [10.7164288, 45.4782113], [10.7162975, 45.4782406], [10.7162855, 45.4781778], [10.716393, 45.4781568], [10.7159691, 45.477642], [10.7155304, 45.4768321], [10.71549, 45.4767613], [10.715521, 45.4767245], [10.7156046, 45.4767161], [10.7156476, 45.4767328], [10.7158033, 45.476691], [10.7158155, 45.4767339], [10.7162033, 45.4767004], [10.7164484, 45.4766518], [10.716457, 45.4766759], [10.7174178, 45.4764569], [10.7171907, 45.4764337], [10.7168439, 45.476095], [10.7165044, 45.4754802], [10.7164484, 45.4750852], [10.7158105, 45.4745541], [10.7157372, 45.4739701], [10.7158888, 45.4737954], [10.7155418, 45.4736489], [10.7154747, 45.4733088], [10.7156008, 45.4730901], [10.7153963, 45.4731073], [10.7153142, 45.4729006], [10.7154821, 45.4726861], [10.7149267, 45.4713364], [10.7149476, 45.471125], [10.7147255, 45.4705912], [10.7143596, 45.4698617], [10.7139273, 45.4690612], [10.7125847, 45.4680314], [10.7111685, 45.468233], [10.7100813, 45.4675676], [10.7101195, 45.467504], [10.7101878, 45.4674903], [10.7111253, 45.4676598], [10.7115279, 45.4676008], [10.7122938, 45.4674885], [10.7123745, 45.4670724], [10.7122901, 45.4668205], [10.7119906, 45.4666457], [10.7117971, 45.4660572], [10.7120888, 45.4657895], [10.712091, 45.4656306], [10.7120315, 45.4654738], [10.7117857, 45.4652886], [10.711509, 45.4653522], [10.7109904, 45.4646831], [10.7106511, 45.4637086], [10.7107474, 45.4635979], [10.7103675, 45.4630015], [10.7100607, 45.4629344], [10.7091879, 45.4620684], [10.7083111, 45.4612597], [10.7076403, 45.4606474], [10.7071879, 45.4604313], [10.7069695, 45.4600593], [10.7064976, 45.4598213], [10.7061427, 45.4596462], [10.7058595, 45.4592796], [10.7059672, 45.4591374], [10.7057142, 45.4590581], [10.7056887, 45.4591524], [10.7055463, 45.4591882], [10.7054671, 45.4591089], [10.7055221, 45.4590088], [10.705349, 45.4589672], [10.7050929, 45.4591346], [10.70475, 45.4590599], [10.7046302, 45.4589852], [10.7045647, 45.4589232], [10.7045195, 45.4588555], [10.7047312, 45.4587414], [10.704414, 45.4584278], [10.70388, 45.4581733], [10.7035604, 45.4579262], [10.7031057, 45.4579252], [10.7029526, 45.4578469], [10.7027867, 45.4579162], [10.7025347, 45.4577148], [10.7028517, 45.4573878], [10.7025058, 45.4571683], [10.7020981, 45.4567919], [10.7015738, 45.4566495], [10.7012831, 45.4563841], [10.7009601, 45.4562749], [10.7006947, 45.4562926], [10.6995455, 45.4553277], [10.6988696, 45.4550944], [10.6986792, 45.4551764], [10.6981624, 45.4550757], [10.697859, 45.4547154], [10.6978452, 45.4545596], [10.6977106, 45.4543944], [10.6976372, 45.4541196], [10.6979195, 45.4539125], [10.6978863, 45.4532335], [10.6974286, 45.4529642], [10.6970794, 45.452529], [10.697141, 45.4525018], [10.6975176, 45.4529204], [10.6978927, 45.4528244], [10.6978441, 45.4527164], [10.697669, 45.452404], [10.6974121, 45.4524733], [10.6973995, 45.4524537], [10.6975632, 45.4524086], [10.6970904, 45.4515181], [10.695271, 45.4481901], [10.6951638, 45.4481235], [10.694235, 45.4475463], [10.6942222, 45.4475383], [10.6942694, 45.4474774], [10.6931253, 45.4472649], [10.6931486, 45.4471992], [10.6949392, 45.4475572], [10.6952457, 45.4472171], [10.6955374, 45.4468936], [10.6945203, 45.4456311], [10.6943615, 45.4454133], [10.6939383, 45.4445955], [10.6949789, 45.4436437]]]}}, {"type": "Feature", "properties": {"nome": "Lago di Garda"}, "geometry": {"type": "Polygon", "coordinates": [[[10.7310496, 45.5087225], [10.7310879, 45.5086896], [10.7311686, 45.5086595], [10.7311817, 45.5083207], [10.7312031, 45.5082681], [10.7312316, 45.5082232], [10.7312703, 45.5081815], [10.7313288, 45.5081399], [10.7313319, 45.5079337], [10.7312396, 45.5078613], [10.731193, 45.5078148], [10.731158, 45.5077658], [10.7311339, 45.5077143], [10.7311053, 45.5076505], [10.7310649, 45.5075673], [10.7309477, 45.5071818], [10.7308304, 45.5068084], [10.7307551, 45.5065335], [10.7307271, 45.5065063], [10.7307121, 45.5064829], [10.7306994, 45.5064547], [10.7306948, 45.5064292], [10.730696, 45.5063981], [10.730712, 45.5063621], [10.7306809, 45.5061797], [10.7307199, 45.5060757], [10.7306886, 45.5060416], [10.7306761, 45.5060022], [10.7306773, 45.5059769], [10.7306949, 45.5059466], [10.7307136, 45.5059269], [10.7307417, 45.5059121], [10.7307827, 45.5058982], [10.7309212, 45.5055233], [10.7309255, 45.5053476], [10.7307483, 45.5053501], [10.7307498, 45.505323], [10.7307452, 45.5052873], [10.7308964, 45.5052926], [10.7309145, 45.5053004], [10.7310153, 45.505302], [10.7310181, 45.5052876], [10.731034, 45.5051933], [10.7310523, 45.5050488], [10.7310972, 45.5047508], [10.7311289, 45.5045399], [10.7312378, 45.5044539], [10.7312608, 45.5044357], [10.7312702, 45.5042254], [10.7313141, 45.5039212], [10.7312889, 45.5039184], [10.7313002, 45.5038817], [10.7313315, 45.5038857], [10.7313992, 45.503656], [10.7314386, 45.5036637], [10.7313898, 45.5038326], [10.7314579, 45.5038462], [10.7315158, 45.5036527], [10.7314811, 45.5035765], [10.731415, 45.5035709], [10.7314302, 45.5034996], [10.7313272, 45.5033994], [10.7311705, 45.5033218], [10.7310454, 45.5032528], [10.7308988, 45.5031988], [10.730713, 45.5031511], [10.7306257, 45.5031158], [10.7305666, 45.5030476], [10.7305558, 45.5029719], [10.7305931, 45.5028956], [10.7306501, 45.5027513], [10.730684, 45.5026134], [10.7307197, 45.5025237], [10.7307125, 45.5024002], [10.7308597, 45.5022558], [10.7311581, 45.5019632], [10.7312004, 45.5019629], [10.731309, 45.5019931], [10.7314138, 45.5020338], [10.7318288, 45.5021868], [10.7318664, 45.5021296], [10.7316955, 45.5020527], [10.7316987, 45.5020331], [10.731552, 45.5019622], [10.7315685, 45.5019338], [10.7319144, 45.5017174], [10.7319989, 45.5016556], [10.732022, 45.5015797], [10.7320358, 45.5014809], [10.7320577, 45.5014118], [10.7321383, 45.5013109], [10.7321562, 45.5012739], [10.7321452, 45.5011841], [10.7322591, 45.5011148], [10.7323065, 45.5010171], [10.7323273, 45.5009615], [10.7323498, 45.500915], [10.7324059, 45.5008716], [10.7324578, 45.500784], [10.7324987, 45.5006977], [10.7325051, 45.5006056], [10.7325104, 45.5005437], [10.7324601, 45.5005244], [10.7324897, 45.5004866], [10.7325498, 45.5005098], [10.7326299, 45.5004651], [10.732687, 45.5004173], [10.7327504, 45.5003801], [10.7327783, 45.5002677], [10.7327951, 45.5001955], [10.7327723, 45.5000359], [10.7327576, 45.4999148], [10.7327474, 45.4998193], [10.7327572, 45.4997523], [10.7326822, 45.4997418], [10.7326953, 45.499696], [10.7327797, 45.4997079], [10.7328728, 45.4996526], [10.7329456, 45.499534], [10.7329494, 45.4994286], [10.7329368, 45.4992595], [10.7329261, 45.4991537], [10.7329882, 45.4990347], [10.7329795, 45.4989343], [10.7329474, 45.4987916], [10.7329425, 45.4986371], [10.7326851, 45.4986319], [10.7326868, 45.4985909], [10.7329072, 45.4985945], [10.7329533, 45.4985625], [10.7329725, 45.4985143], [10.7329504, 45.4984761], [10.7329668, 45.4983884], [10.7329751, 45.4982972], [10.7329367, 45.4980176], [10.7328316, 45.4975331], [10.7323114, 45.4962018], [10.7320606, 45.4958591], [10.7317366, 45.4954265], [10.7311346, 45.4947179], [10.730414, 45.4940066], [10.7298687, 45.4935295], [10.7296394, 45.4934836], [10.7295779, 45.4934034], [10.7295255, 45.4933617], [10.7294176, 45.4932965], [10.7292951, 45.4932589], [10.7292035, 45.4932572], [10.729085, 45.49327], [10.7289212, 45.4932247], [10.7286828, 45.4931365], [10.7285937, 45.4930958], [10.7284352, 45.4930426], [10.7284073, 45.4929517], [10.7284439, 45.4928426], [10.7284649, 45.4927129], [10.7285218, 45.4925087], [10.7285853, 45.4922553], [10.7285719, 45.4919876], [10.7285168, 45.4918003], [10.7285, 45.4917821], [10.7284147, 45.4912591], [10.7282976, 45.4910134], [10.7281152, 45.4910425], [10.7280978, 45.4909998], [10.7282627, 45.490926], [10.7281462, 45.4906972], [10.7278028, 45.4903367], [10.7276995, 45.4903877], [10.7276445, 45.4903553], [10.7277263, 45.4902782], [10.7275727, 45.4902763], [10.7273897, 45.4901221], [10.7274538, 45.4900009], [10.7272026, 45.4898979], [10.7271979, 45.4895463], [10.7269636, 45.4894398], [10.7268336, 45.4889789], [10.7262789, 45.4886195], [10.726311, 45.488533], [10.7262242, 45.4884567], [10.7261751, 45.4883926], [10.7260807, 45.488058], [10.7259149, 45.4881051], [10.7257888, 45.4881433], [10.72572, 45.4881642], [10.7255544, 45.4878707], [10.7258907, 45.4877598], [10.7256885, 45.4875536], [10.7256134, 45.4874882], [10.7254187, 45.4874249], [10.7251038, 45.4870297], [10.7250078, 45.4869246], [10.724758, 45.4866445], [10.7246499, 45.4864998], [10.7246895, 45.4862876], [10.7240415, 45.4854211], [10.7238148, 45.4850374], [10.7238178, 45.4848801], [10.7231863, 45.4843571]]]}}, {"type": "Feature", "properties": {"nome": "Lago Maggiore"}, "geometry": {"type": "Polygon", "coordinates": [[[8.8009258, 46.1699541], [8.8009313, 46.1700384], [8.8009726, 46.1700372], [8.8010133, 46.1700477], [8.801038, 46.1700703], [8.8011843, 46.1700269], [8.8012679, 46.1700053], [8.8014312, 46.1699607], [8.8014962, 46.1700622], [8.8015336, 46.1701207], [8.8015513, 46.1701482], [8.8015606, 46.1701623], [8.801398, 46.1702128], [8.8013051, 46.1702417], [8.8012362, 46.1702631], [8.8012432, 46.1702818], [8.8012481, 46.1703066], [8.8012338, 46.1703308], [8.8012114, 46.170343], [8.8011682, 46.170357], [8.8013264, 46.1705812], [8.8015041, 46.170526], [8.8015179, 46.170543], [8.8015469, 46.1705788]]]}}, {"type": "Feature", "properties": {"nome": "Lago Maggiore"}, "geometry": {"type": "Polygon", "coordinates": [[[8.7960974, 46.149051], [8.7963894, 46.1491839], [8.7969961, 46.1495869], [8.7972405, 46.1495219], [8.7972823, 46.1493288], [8.7983808, 46.1494164], [8.7988939, 46.1493823], [8.800011, 46.1496936], [8.8024531, 46.1501364], [8.8028469, 46.1502513], [8.8033132, 46.1508314], [8.8038031, 46.1510126], [8.8039537, 46.1511313], [8.804263, 46.1518536], [8.80428, 46.1520649], [8.8045743, 46.1522385], [8.804753, 46.1524973], [8.8048779, 46.1528332], [8.8049735, 46.1532908], [8.8044564, 46.1539074], [8.8044813, 46.1539342], [8.8042808, 46.1540309], [8.8041314, 46.1540443], [8.8040291, 46.1540022], [8.8039752, 46.153984], [8.8039337, 46.1539859], [8.803859, 46.1540118], [8.8037429, 46.1540587], [8.8036516, 46.1540865], [8.8034469, 46.1541037], [8.8024921, 46.1541288], [8.8023478, 46.1537949], [8.8023214, 46.1537225], [8.8021941, 46.1536976], [8.8019909, 46.1537311], [8.8016988, 46.1538297], [8.801691, 46.1539315], [8.8017295, 46.1539639], [8.8019356, 46.1540376], [8.8021056, 46.1540673], [8.8021999, 46.1540918], [8.802228, 46.1541167], [8.8022301, 46.1541416], [8.8022052, 46.154177], [8.8021049, 46.1542311], [8.8019694, 46.154297], [8.8018955, 46.1542987], [8.8018616, 46.1542541], [8.8017565, 46.1541737], [8.8015427, 46.1542122], [8.8012988, 46.1542896], [8.8012469, 46.154313], [8.8011916, 46.1543508], [8.8012808, 46.1545075], [8.8012667, 46.1545338], [8.8009569, 46.1544442], [8.800866, 46.1545003], [8.8007284, 46.1546269], [8.8008069, 46.1548821], [8.8008143, 46.1549334], [8.8008724, 46.1549859], [8.8009389, 46.1550123], [8.8010178, 46.1550173], [8.8010951, 46.1549978], [8.8011421, 46.154966], [8.8011747, 46.154914], [8.8014215, 46.1546724], [8.8015152, 46.1546253], [8.8016023, 46.1545836], [8.8018187, 46.1545405], [8.8020994, 46.154485], [8.8022916, 46.1544246], [8.8023414, 46.1544289], [8.8023794, 46.1544562], [8.802461, 46.1544677], [8.8026719, 46.1544629], [8.8028572, 46.1544491], [8.8030847, 46.154438], [8.8031344, 46.1544543], [8.8033104, 46.1544892], [8.8033992, 46.154495], [8.8034456, 46.1545156], [8.8036023, 46.1545344], [8.8036645, 46.1545501], [8.803689, 46.1545669], [8.8036842, 46.1545854], [8.8036456, 46.1545961], [8.8034815, 46.1545769], [8.8034518, 46.1545942], [8.8034442, 46.1546258], [8.8034359, 46.1547379], [8.8034552, 46.1547924], [8.803485, 46.1548317], [8.8035323, 46.1548779], [8.8035496, 46.1548897], [8.8035641, 46.154894], [8.8035807, 46.1548923], [8.8036226, 46.1548916], [8.8036547, 46.1548727], [8.8036696, 46.1548547], [8.8037342, 46.1548365], [8.8038469, 46.1548313], [8.8039071, 46.1548406], [8.8039485, 46.1548777], [8.8039501, 46.1548971], [8.8039257, 46.1549306], [8.8038787, 46.1549455], [8.8038355, 46.1549668], [8.8037172, 46.1549949], [8.8036827, 46.1550034], [8.8036647, 46.1550247], [8.8036569, 46.1550679], [8.8036713, 46.1551004], [8.8036886, 46.1551153], [8.8036938, 46.1552276], [8.8036613, 46.1553351], [8.8036498, 46.1554602], [8.8036647, 46.1554845], [8.8037145, 46.1555022], [8.8037539, 46.1555362], [8.8037436, 46.155564], [8.80372, 46.155588], [8.8036654, 46.1556066], [8.8034109, 46.1556904], [8.8034888, 46.155828], [8.8034465, 46.1558623], [8.803297, 46.1559065], [8.8033198, 46.1559478], [8.8034042, 46.1559286], [8.8035706, 46.1562242], [8.8035057, 46.1563237], [8.8034928, 46.1564183], [8.8035102, 46.1565001], [8.8036034, 46.156586], [8.8035612, 46.1568605], [8.8035812, 46.1576993], [8.8036371, 46.1579447], [8.8037008, 46.1580554], [8.8040485, 46.1583092], [8.804325, 46.1583451], [8.8044796, 46.1582647], [8.8046233, 46.158246], [8.8047594, 46.1582627], [8.8048151, 46.1583231], [8.8048028, 46.1583772], [8.8048048, 46.1584035], [8.8047599, 46.158472], [8.8047419, 46.1585668], [8.8046749, 46.1585697], [8.8046417, 46.158586], [8.8046155, 46.1585677], [8.8046397, 46.1584461], [8.8039948, 46.1583565], [8.8038352, 46.1583381], [8.803694, 46.1583333], [8.803594, 46.1583371], [8.8033637, 46.1583499], [8.8031507, 46.1583546], [8.802971, 46.1583683], [8.8028204, 46.1583787], [8.8027091, 46.1583451], [8.8024334, 46.1583317], [8.8022038, 46.1584073], [8.8023767, 46.1587842], [8.8027403, 46.1589298], [8.8032073, 46.1590823], [8.8033709, 46.1592287], [8.8034151, 46.1592521], [8.8035009, 46.159289], [8.8039199, 46.159266], [8.8043953, 46.1592827], [8.8044463, 46.159318], [8.8045319, 46.1593344], [8.8045643, 46.1592363], [8.8046541, 46.1587713], [8.8046541, 46.1587464], [8.8045642, 46.1587081], [8.8045539, 46.1586827], [8.8045573, 46.1586612], [8.8046465, 46.1586669], [8.8047419, 46.1586851], [8.8047253, 46.1588168], [8.804726, 46.1588863], [8.8046424, 46.1591458], [8.8046437, 46.1592799], [8.8046686, 46.1593685], [8.8047198, 46.1596147], [8.8047454, 46.1597047], [8.8047316, 46.1597765], [8.804659, 46.1598972], [8.8046039, 46.1600369], [8.8046043, 46.1601094], [8.8046133, 46.1601654], [8.804652, 46.1602822], [8.8047067, 46.1603948], [8.8047163, 46.1604383], [8.8047064, 46.1605108], [8.8046595, 46.1610735], [8.8047047, 46.1616542], [8.8046514, 46.1618051], [8.8045642, 46.1619392], [8.8044414, 46.1620661], [8.8045291, 46.1628033], [8.8045642, 46.1629587], [8.8045947, 46.1630617], [8.8046544, 46.1631915], [8.8045167, 46.1636781], [8.8046099, 46.1636888], [8.8045804, 46.1637867], [8.8044809, 46.1638772], [8.8043823, 46.1640528], [8.8043411, 46.1644027], [8.8039098, 46.164441], [8.8036895, 46.164395], [8.8035619, 46.1643563], [8.80349, 46.1644615], [8.803474, 46.1644848], [8.8045038, 46.1648641], [8.8036063, 46.1661048], [8.8024576, 46.1676338], [8.8023574, 46.1677559], [8.8023075, 46.1677816], [8.8023097, 46.1677955], [8.8023007, 46.1678151], [8.8022805, 46.1678347], [8.8022548, 46.1678464], [8.8022267, 46.1678507], [8.8019171, 46.1682508], [8.8017174, 46.1685064], [8.8016299, 46.1686194], [8.8016484, 46.1686259], [8.8016328, 46.168646], [8.8016565, 46.1686557], [8.8015984, 46.1687351], [8.8015742, 46.1687261], [8.8015599, 46.1687442], [8.8015434, 46.1687378], [8.8014099, 46.1689234], [8.8013236, 46.1690625], [8.8012325, 46.1692249], [8.8012783, 46.1692572], [8.8012442, 46.1692811], [8.801205, 46.1692737], [8.8010997, 46.1694948], [8.8011507, 46.1695198], [8.8011793, 46.1695521], [8.801188, 46.1695867], [8.8011767, 46.1696216], [8.8011462, 46.1696485], [8.8010994, 46.1696775], [8.8010177, 46.1696971], [8.8009842, 46.1697817], [8.8009534, 46.169864], [8.8009258, 46.1699541]]]}}, {"type": "Feature", "properties": {"nome": "Lago Maggiore"}, "geometry": {"type": "Polygon", "coordinates": [[[8.7706351, 46.1522734], [8.7705796, 46.1521854], [8.7706129, 46.1520384], [8.7710153, 46.1512999], [8.7710796, 46.1511675], [8.7711051, 46.1511401], [8.7711427, 46.1511341], [8.7711836, 46.1511308], [8.7712278, 46.1511378], [8.7712721, 46.1511536], [8.7713438, 46.1511805], [8.7714189, 46.151129], [8.7714082, 46.1511213], [8.7715597, 46.1510177], [8.7716318, 46.1509325], [8.7716711, 46.1509188], [8.7716952, 46.1508865], [8.7717244, 46.1508718], [8.7717767, 46.1508623], [8.7718571, 46.1508567], [8.7718903, 46.1508382], [8.7718732, 46.1508145], [8.7718598, 46.1507838], [8.7718705, 46.1507638], [8.7719135, 46.1507399], [8.7719456, 46.150722], [8.7719671, 46.1507232], [8.7719822, 46.1507306], [8.7720087, 46.1507539], [8.7720509, 46.1507327], [8.7720432, 46.1507174], [8.7720422, 46.1507093], [8.7720496, 46.1506979], [8.772071, 46.1506837], [8.7721478, 46.150644], [8.7722082, 46.1506073], [8.7722028, 46.150578], [8.7722253, 46.1505439], [8.7722467, 46.1505183], [8.7723579, 46.1504213], [8.7723692, 46.1504125], [8.7723728, 46.1504096], [8.7724298, 46.1504439], [8.7725513, 46.1503525], [8.7725663, 46.1503413], [8.7726353, 46.1502895], [8.7725436, 46.1502365], [8.7725307, 46.150231], [8.772519, 46.1502292], [8.7725046, 46.1502301], [8.7724948, 46.150235], [8.7724831, 46.1502417], [8.7724663, 46.1502354], [8.7724596, 46.1502285], [8.7724576, 46.1502213], [8.7724606, 46.150215], [8.7724794, 46.1501874], [8.7725367, 46.1501339], [8.7726883, 46.1500078], [8.7729071, 46.1498497], [8.7729181, 46.1497373], [8.7729627, 46.1497033], [8.7729828, 46.1496893], [8.7731217, 46.1495884], [8.7732241, 46.1496355], [8.773621, 46.1493688], [8.7737866, 46.1492838], [8.7740133, 46.1491839], [8.7740341, 46.1490562], [8.7741441, 46.1490144], [8.7742567, 46.1491477], [8.7746718, 46.1490255], [8.774647, 46.1489461], [8.7750151, 46.1489103], [8.775567, 46.1487621], [8.7758884, 46.148633], [8.7758968, 46.1486287], [8.776288, 46.1483913], [8.7764829, 46.148279], [8.7768544, 46.1482284], [8.7770087, 46.1482762], [8.777065, 46.1483542], [8.777134, 46.1485006], [8.7774921, 46.1484602], [8.777417, 46.1482293], [8.7774573, 46.1481531], [8.7774874, 46.1480899], [8.7775659, 46.1480579], [8.7777946, 46.1480445], [8.7778683, 46.1480751], [8.7779454, 46.1481285], [8.7781017, 46.148095], [8.7781962, 46.1480723], [8.7784725, 46.1480114], [8.7787655, 46.147859], [8.7792825, 46.147453], [8.7794456, 46.1473335], [8.7793236, 46.1471188], [8.7795244, 46.1470479], [8.7800836, 46.1468801], [8.7802877, 46.1468291], [8.7806042, 46.1467353], [8.7811594, 46.1465624], [8.7819848, 46.1462019], [8.7820458, 46.1463432], [8.782357, 46.1463051], [8.7825555, 46.1462465], [8.7827714, 46.1461387], [8.7830664, 46.1459538], [8.7832032, 46.1458275], [8.7832327, 46.1457643], [8.7831999, 46.1457304], [8.7831107, 46.1456904], [8.7831402, 46.1456259], [8.7832421, 46.145617], [8.7833172, 46.1456379], [8.7833977, 46.1456779], [8.7834654, 46.1457648], [8.7835626, 46.1458372], [8.7837262, 46.1458981], [8.7838309, 46.1458818], [8.7839348, 46.1458447], [8.784034, 46.1457899], [8.784195, 46.1456751], [8.7843995, 46.1456231], [8.7845188, 46.1455826], [8.7845135, 46.1455515], [8.7846677, 46.1454818], [8.7846945, 46.1455659], [8.7850694, 46.1455065], [8.7853121, 46.1455325], [8.7854671, 46.1455449], [8.7855566, 46.1456154], [8.7858667, 46.1456159], [8.7861389, 46.1455339], [8.7867679, 46.1453959], [8.7871125, 46.1454591], [8.7874968, 46.1454121], [8.78783, 46.1454702], [8.7880915, 46.1454646], [8.7882585, 46.1455065], [8.7887239, 46.1455487], [8.7890866, 46.1455989], [8.7893951, 46.1456082], [8.7898712, 46.1454461], [8.7900428, 46.14546], [8.790246, 46.1455111], [8.7903211, 46.1455738], [8.7903231, 46.1456263], [8.7903989, 46.1456918], [8.7905793, 46.1457796], [8.7907603, 46.1458563], [8.7910413, 46.1459051], [8.7914906, 46.1459603], [8.7915918, 46.1459515], [8.7916904, 46.1459529], [8.7917615, 46.1459269], [8.7918808, 46.1458814], [8.7918587, 46.1457155], [8.792029, 46.1456821], [8.7922386, 46.1462057], [8.7922547, 46.1462266], [8.7923174, 46.146308], [8.7922508, 46.146511], [8.7920327, 46.1471757], [8.7923108, 46.1478675], [8.7944533, 46.1474615], [8.7945735, 46.1475557], [8.7943809, 46.1478708], [8.7939558, 46.1481174], [8.7939992, 46.148429], [8.794091, 46.148427], [8.794551, 46.1480292], [8.7947007, 46.1480113], [8.7948352, 46.1480582], [8.7949695, 46.1482006], [8.7951775, 46.1487576], [8.7953709, 46.1487274], [8.7953918, 46.1487848], [8.795273, 46.1488492], [8.7953322, 46.1489897], [8.795515, 46.1490532], [8.7959408, 46.1490004], [8.7960974, 46.149051]]]}}, {"type": "Feature", "properties": {"nome": "Lago Maggiore"}, "geometry": {"type": "Polygon", "coordinates": [[[8.7400669, 46.1488512], [8.7403694, 46.1489543], [8.7407707, 46.1491341], [8.7418226, 46.1493614], [8.7420542, 46.1495236], [8.7425238, 46.1498072], [8.7429195, 46.1498642], [8.743557, 46.1499531], [8.7442909, 46.1501641], [8.7453667, 46.1502794], [8.746178, 46.150633], [8.7464498, 46.1507329], [8.7465533, 46.1507726], [8.7466535, 46.1507743], [8.7467267, 46.1507796], [8.7468665, 46.1507802], [8.7470003, 46.1507761], [8.7470794, 46.1508058], [8.7471543, 46.1508886], [8.7473808, 46.1509481], [8.7475747, 46.1510194], [8.7476677, 46.1510274], [8.7480485, 46.1510602], [8.7480715, 46.151063], [8.7481191, 46.1509713], [8.748273, 46.1509989], [8.748284, 46.151019], [8.7483126, 46.1510214], [8.7483412, 46.1510159], [8.748346, 46.1509959], [8.7483718, 46.1509901], [8.7484308, 46.1509875], [8.7484623, 46.1509908], [8.748499, 46.1510368], [8.7485247, 46.1510432], [8.7487204, 46.1510112], [8.74897, 46.1509964], [8.7490226, 46.1509653], [8.7491219, 46.150951], [8.7492066, 46.1509782], [8.7495183, 46.1509357], [8.7496501, 46.1509621], [8.7497987, 46.1509627], [8.7499889, 46.1508967], [8.7501004, 46.150891], [8.7503551, 46.1509627], [8.7504035, 46.1509708], [8.7504418, 46.1509496], [8.7505722, 46.1509592], [8.7508134, 46.1509845], [8.75089, 46.1510248], [8.7509136, 46.1510391], [8.7509136, 46.1510592], [8.7510196, 46.1510977], [8.7513609, 46.1511927], [8.7515024, 46.1512128], [8.7516391, 46.1511869], [8.7517692, 46.1512064], [8.7518887, 46.1512306], [8.7519224, 46.151214], [8.7522334, 46.1512787], [8.752355, 46.1513126], [8.7526189, 46.1513706], [8.7527646, 46.1514169], [8.7529443, 46.1514957], [8.7529417, 46.1515193], [8.7530242, 46.1515265], [8.7531059, 46.1515741], [8.7531114, 46.1515671], [8.7531425, 46.151568], [8.7532052, 46.151589], [8.7532086, 46.1515761], [8.7532195, 46.1515694], [8.7532523, 46.1515718], [8.7532616, 46.1515881], [8.7532612, 46.1515927], [8.7532587, 46.1515989], [8.7532833, 46.1516062], [8.7533883, 46.1516484], [8.7534712, 46.15164], [8.753499, 46.1516604], [8.7535242, 46.1516578], [8.7536741, 46.1517581], [8.7537132, 46.1517785], [8.7537246, 46.1517936], [8.7537229, 46.1518274], [8.753754, 46.1518333], [8.7537995, 46.1518514], [8.7538874, 46.1519324], [8.7538891, 46.1519665], [8.7539177, 46.1520245], [8.7540364, 46.1520945], [8.7540916, 46.1521248], [8.7542788, 46.1522158], [8.7543159, 46.1522438], [8.7543352, 46.1522697], [8.7544329, 46.152305], [8.7544149, 46.1523444], [8.7545154, 46.1524109], [8.7546042, 46.152432], [8.7546896, 46.1524566], [8.7547683, 46.152466], [8.7549148, 46.1524695], [8.7550373, 46.1524663], [8.7550798, 46.1524657], [8.7551033, 46.1524642], [8.7551227, 46.1524735], [8.7551328, 46.1524791], [8.7551488, 46.1524753], [8.7551669, 46.1524788], [8.7551934, 46.1524942], [8.7551985, 46.1525278], [8.7552178, 46.1525546], [8.7552944, 46.1525899], [8.7554607, 46.1526951], [8.7555469, 46.1527202], [8.7555814, 46.1527473], [8.7556694, 46.1527908], [8.7557841, 46.1528173], [8.7561791, 46.1529426], [8.756294, 46.1529534], [8.7563226, 46.1529406], [8.7563403, 46.1529424], [8.7564021, 46.1529088], [8.7564202, 46.152884], [8.7564143, 46.1528674], [8.756424, 46.1528601], [8.7564497, 46.1528561], [8.7564956, 46.1528467], [8.7565099, 46.152852], [8.7564905, 46.1529386], [8.7564918, 46.1530007], [8.7565175, 46.153015], [8.756509, 46.1530289], [8.756751, 46.1531826], [8.7568053, 46.1531954], [8.7567973, 46.153215], [8.7568268, 46.1532237], [8.7570116, 46.1532523], [8.7570494, 46.153259], [8.7570625, 46.1532333], [8.757134, 46.1532631], [8.7571921, 46.1532925], [8.7573222, 46.1532342], [8.7574926, 46.1532447], [8.7575701, 46.1532601], [8.7576298, 46.1532657], [8.7576593, 46.153259], [8.7577233, 46.1532403], [8.7577632, 46.1532523], [8.7578217, 46.1532354], [8.7579392, 46.1532919], [8.7580128, 46.1533001], [8.7581084, 46.15328], [8.7582275, 46.1532464], [8.7584242, 46.1533498], [8.7585155, 46.1534167], [8.7585999, 46.153442], [8.7586887, 46.1534465], [8.7587531, 46.1534718], [8.7588714, 46.15348], [8.7589072, 46.1535039], [8.7589434, 46.1535155], [8.7590263, 46.1535596], [8.7591433, 46.153675], [8.7592022, 46.1537811], [8.7592696, 46.1538138], [8.7595002, 46.1538164], [8.7596483, 46.1538575], [8.7599484, 46.1540255], [8.7599122, 46.1540785], [8.7600751, 46.1541628], [8.7605338, 46.1541777], [8.7606079, 46.1541768], [8.7606235, 46.154173], [8.7606483, 46.1541593], [8.7606778, 46.1541523], [8.7607114, 46.1541511], [8.7607401, 46.1541669], [8.7607544, 46.1541791], [8.7610254, 46.1541459], [8.7612948, 46.1541603], [8.7616205, 46.1541086], [8.7617292, 46.1540814], [8.7618209, 46.1540182], [8.7618991, 46.1539575], [8.7619505, 46.1538578], [8.7619858, 46.1536578], [8.7619353, 46.1535523], [8.761909, 46.15349], [8.7619286, 46.1534473], [8.7619758, 46.1534155], [8.7619557, 46.1533312], [8.7619741, 46.1532858], [8.7620296, 46.1532275], [8.7621155, 46.1532013], [8.7622862, 46.1529224], [8.7628261, 46.1528098], [8.7632236, 46.1527858], [8.7634623, 46.1528267], [8.7637037, 46.1529742], [8.7641231, 46.1531859], [8.7650368, 46.1537215], [8.7650547, 46.1537319], [8.765255, 46.1538489], [8.7653995, 46.1539835], [8.7655223, 46.1541143], [8.7657339, 46.1542765], [8.7657548, 46.154264], [8.7657959, 46.1542636], [8.7658946, 46.1543045], [8.766245, 46.1544998], [8.7663362, 46.1545381], [8.7664567, 46.1545629], [8.7666351, 46.154586], [8.7665438, 46.1546438], [8.7665979, 46.1547188], [8.7666436, 46.1547466], [8.7667093, 46.1547557], [8.7667713, 46.1547483], [8.7673295, 46.1545077], [8.7671318, 46.1543634], [8.7671852, 46.1543297], [8.767263, 46.1543821], [8.7675865, 46.1542205], [8.7679466, 46.1540321], [8.7680492, 46.1541151], [8.7683593, 46.1539675], [8.7686645, 46.1538222], [8.7686948, 46.153808], [8.7687106, 46.1538004], [8.7687342, 46.1537894], [8.768764, 46.1537747], [8.7697403, 46.1533071], [8.7698318, 46.1532633], [8.7698574, 46.153251], [8.7699333, 46.1532147], [8.7699656, 46.1531992], [8.7700065, 46.1531743], [8.7705683, 46.1528297], [8.7705235, 46.1527911], [8.7703465, 46.1527466], [8.7701198, 46.1527236], [8.7701302, 46.1526988], [8.7702898, 46.1525206], [8.7703989, 46.1524347], [8.7704388, 46.1524045], [8.7705061, 46.1523455], [8.7706064, 46.1523274], [8.7706351, 46.1522734]]]}}, {"type": "Feature", "properties": {"nome": "Lago Maggiore"}, "geometry": {"type": "Polygon", "coordinates": [[[8.7192774, 46.132978], [8.7193081, 46.1329838], [8.7193203, 46.132986], [8.719371, 46.1329941], [8.7195056, 46.1330156], [8.719668, 46.1332397], [8.719679, 46.1332548], [8.7196726, 46.1333258], [8.7196965, 46.1334669], [8.719703, 46.1334858], [8.7198128, 46.1336977], [8.7198819, 46.1339192], [8.7200142, 46.1348883], [8.7206227, 46.1355076], [8.7209524, 46.1358329], [8.7220122, 46.1366221], [8.7225974, 46.1370797], [8.722991, 46.1375462], [8.723389, 46.1377918], [8.7236859, 46.1380925], [8.723926, 46.138231], [8.7241452, 46.1384714], [8.7252797, 46.1393833], [8.7253417, 46.1393429], [8.7257095, 46.1395786], [8.7258033, 46.139621], [8.7258244, 46.1396913], [8.725952, 46.1397827], [8.7260016, 46.1397732], [8.7261687, 46.13985], [8.726191, 46.1398604], [8.7261964, 46.1398632], [8.7263123, 46.1399059], [8.7263282, 46.1399119], [8.7263511, 46.1399204], [8.7264074, 46.1399289], [8.7264952, 46.1399793], [8.7264709, 46.1400028], [8.726404, 46.1400674], [8.726533, 46.1402586], [8.7266224, 46.1402444], [8.7266446, 46.1402408], [8.7266518, 46.1402397], [8.7267329, 46.1402344], [8.7267892, 46.140293], [8.726734, 46.1403814], [8.726753, 46.1404791], [8.7268512, 46.1405772], [8.7270104, 46.1406636], [8.7272177, 46.1407224], [8.7274098, 46.1408581], [8.7286515, 46.141639], [8.7288096, 46.1419294], [8.7291583, 46.1424959], [8.7300394, 46.1438198], [8.7300592, 46.1439815], [8.7301778, 46.14405], [8.7304586, 46.1440829], [8.7305535, 46.1441979], [8.7307828, 46.1442829], [8.7307452, 46.1443562], [8.7305861, 46.1444705], [8.7305912, 46.1445226], [8.730771, 46.1446883], [8.7309844, 46.1447844], [8.7311364, 46.144914], [8.7313918, 46.1453815], [8.7314432, 46.1455897], [8.7315895, 46.1457815], [8.73189, 46.1459404], [8.7321392, 46.1459458], [8.7322042, 46.1459712], [8.7324199, 46.1460554], [8.7328628, 46.1464664], [8.7332327, 46.1466775], [8.7332803, 46.1468837], [8.7334243, 46.147035], [8.7336428, 46.1470317], [8.7340725, 46.1473594], [8.7344542, 46.1476804], [8.7346726, 46.1478633], [8.7348743, 46.1479448], [8.7371189, 46.1485435], [8.7378199, 46.1486017], [8.7378295, 46.1485701], [8.7380095, 46.1485602], [8.7382448, 46.1486167], [8.7384152, 46.1486832], [8.738408, 46.1487232], [8.7386625, 46.148773], [8.7388161, 46.1488545], [8.7390826, 46.1488978], [8.7391978, 46.1488163], [8.7392987, 46.1488379], [8.73969, 46.1488163], [8.7400669, 46.1488512]]]}}, {"type": "Feature", "properties": {"nome": "Lago Maggiore"}, "geometry": {"type": "Polygon", "coordinates": [[[8.6967915, 46.1020129], [8.6967341, 46.1021168], [8.6967954, 46.1021154], [8.6969888, 46.1022914], [8.6969493, 46.102324], [8.6970261, 46.1023866], [8.6969892, 46.1024307], [8.6972935, 46.1027619], [8.6973381, 46.1029018], [8.6972473, 46.1035605], [8.6972759, 46.1037347], [8.6973183, 46.103835], [8.6974491, 46.103901], [8.6975491, 46.1040294], [8.6977789, 46.1045154], [8.6978622, 46.1045936], [8.6981638, 46.1047135], [8.6983368, 46.104869], [8.6983774, 46.1052284], [8.6987982, 46.1055692], [8.698827, 46.1055911], [8.6989097, 46.1055603], [8.6989955, 46.1055884], [8.6990795, 46.1055526], [8.6992838, 46.105607], [8.6998667, 46.1063706], [8.7000325, 46.1064344], [8.7003189, 46.1064602], [8.700474, 46.1068964], [8.7005682, 46.10723], [8.7007617, 46.1076434], [8.7012848, 46.1082599], [8.7017032, 46.1087748], [8.7019699, 46.1090567], [8.7022053, 46.1093586], [8.7023856, 46.1094877], [8.7040935, 46.1113711], [8.7050211, 46.1116013], [8.7058284, 46.1117645], [8.7059767, 46.1117823], [8.7061072, 46.1117371], [8.7063761, 46.1118139], [8.7066311, 46.1118536], [8.7067972, 46.1118618], [8.7068763, 46.111903], [8.7069343, 46.1120474], [8.7075505, 46.1128199], [8.7072559, 46.1129118], [8.7074319, 46.1131681], [8.7076059, 46.1131187], [8.707766, 46.1133325], [8.7076948, 46.1141097], [8.7075548, 46.1141684], [8.7073522, 46.1146552], [8.7074016, 46.1147168], [8.7075157, 46.1147644], [8.7075173, 46.1148456], [8.7075183, 46.1148964], [8.707631, 46.1150129], [8.7077773, 46.1150924], [8.7081549, 46.1156132], [8.7082063, 46.1158626], [8.7082558, 46.1160298], [8.7083744, 46.1161792], [8.7084614, 46.1161875], [8.7086472, 46.1165424], [8.7089596, 46.1168755], [8.7088825, 46.1169056], [8.708924, 46.1169563], [8.7090229, 46.1169262], [8.7093353, 46.1170454], [8.7095271, 46.117484], [8.7096892, 46.1175991], [8.709879, 46.117828], [8.7099541, 46.1179061], [8.7101374, 46.1179791], [8.7101297, 46.1180101], [8.7101235, 46.1180353], [8.710426, 46.1181476], [8.7107265, 46.1181778], [8.7107997, 46.118149], [8.7122924, 46.1187726], [8.7125337, 46.1188767], [8.7126483, 46.1189179], [8.7127432, 46.1189809], [8.7126918, 46.1190439], [8.7126666, 46.1191004], [8.7128401, 46.1193153], [8.7130181, 46.1194729], [8.7132355, 46.1194894], [8.7138999, 46.1202083], [8.7140323, 46.1202815], [8.7140448, 46.1204452], [8.7139849, 46.1206529], [8.7140482, 46.1206885], [8.7140442, 46.1208694], [8.7139627, 46.1210466], [8.713909, 46.1211432], [8.7138768, 46.1212023], [8.7137756, 46.1212004], [8.7136435, 46.1213171], [8.7135033, 46.1215239], [8.7135228, 46.1215825], [8.7135316, 46.1216497], [8.7134122, 46.1217116], [8.7133072, 46.1224158], [8.7133354, 46.1225139], [8.713384, 46.1225994], [8.7134021, 46.1226363], [8.7133793, 46.1226384], [8.7133468, 46.1226131], [8.7133102, 46.1226328], [8.7134048, 46.1227325], [8.7134185, 46.1227249], [8.7135278, 46.1227964], [8.71351, 46.1228106], [8.7136412, 46.1228967], [8.7137239, 46.1229441], [8.7137629, 46.1229694], [8.7137831, 46.1229825], [8.713989, 46.1230916], [8.7141826, 46.1232002], [8.7143089, 46.123124], [8.7147112, 46.1234085], [8.71489, 46.1234341], [8.7149484, 46.1235261], [8.7149068, 46.1235754], [8.7149926, 46.1236479], [8.7150268, 46.1236261], [8.7150516, 46.1236154], [8.7151026, 46.1236707], [8.7150966, 46.1237901], [8.7150382, 46.1238738], [8.7150409, 46.1239305], [8.715169, 46.1240513], [8.7152991, 46.1245077], [8.7155315, 46.1248799], [8.7155808, 46.1251126], [8.7156831, 46.1255961], [8.7157832, 46.1260695], [8.7158234, 46.1262595], [8.7158423, 46.1263487], [8.7159069, 46.126654], [8.7159558, 46.1268851], [8.7159883, 46.1270385], [8.7160351, 46.1272597], [8.7161432, 46.1277705], [8.7162104, 46.1280884], [8.7162162, 46.1281159], [8.7162333, 46.1281967], [8.7163239, 46.1284368], [8.7167438, 46.1290139], [8.7168446, 46.1293266], [8.7169694, 46.1299219], [8.717243, 46.1303244], [8.7175118, 46.130647], [8.7175405, 46.1309863], [8.7177805, 46.1313455], [8.7182785, 46.1319725], [8.7183515, 46.1320841], [8.7183149, 46.1322923], [8.7188292, 46.1328092], [8.7191133, 46.1328401], [8.7192774, 46.132978]]]}}, {"type": "Feature", "properties": {"nome": "Lago Maggiore"}, "geometry": {"type": "Polygon", "coordinates": [[[8.6567005, 45.9993887], [8.6567038, 45.9994031], [8.656644, 45.9994974], [8.6567544, 45.9999205], [8.6569807, 46.0002218], [8.6570119, 46.0002633], [8.6570012, 46.0004776], [8.6570434, 46.0007047], [8.6573046, 46.0010142], [8.6574932, 46.0011575], [8.6575939, 46.001234], [8.6579745, 46.0015693], [8.658189, 46.001848], [8.6582277, 46.002093], [8.6581435, 46.0023919], [8.6584306, 46.0028101], [8.6587966, 46.0032879], [8.6589629, 46.0040645], [8.6592864, 46.0042508], [8.6591915, 46.0045277], [8.6591791, 46.0045638], [8.6593632, 46.0049296], [8.6596152, 46.0054305], [8.6606068, 46.0063973], [8.6612765, 46.0070502], [8.6616655, 46.0074295], [8.6631741, 46.0083418], [8.6639083, 46.0090547], [8.6644703, 46.0095935], [8.6648537, 46.0097762], [8.665047, 46.0099108], [8.6669379, 46.0112273], [8.6677723, 46.0119734], [8.6683624, 46.0121124], [8.6698076, 46.0134999], [8.6700552, 46.0135837], [8.67013, 46.0138671], [8.6702684, 46.0140038], [8.6704087, 46.0144391], [8.6706582, 46.0147833], [8.6711621, 46.0154785], [8.6715677, 46.0160781], [8.6721496, 46.0167857], [8.6721274, 46.0170918], [8.6722787, 46.0172992], [8.6725785, 46.0175219], [8.6730507, 46.0182959], [8.6731338, 46.0183577], [8.6731986, 46.018635], [8.6733459, 46.0187526], [8.6733944, 46.0189329], [8.6738461, 46.0192408], [8.6747143, 46.0198746], [8.6747781, 46.0198942], [8.6752964, 46.0202568], [8.6754648, 46.0203187], [8.6760225, 46.0206523], [8.6763074, 46.0206322], [8.6772271, 46.020433], [8.677562, 46.0203371], [8.6776526, 46.0203112], [8.6778209, 46.0202108], [8.6781684, 46.019818], [8.6785145, 46.0195079], [8.6788498, 46.019286], [8.6794481, 46.0188841], [8.6798555, 46.0185474], [8.6800284, 46.0184368], [8.6802006, 46.0184261], [8.6804356, 46.018497], [8.6806357, 46.0185063], [8.6813806, 46.0186592], [8.6818064, 46.0188407], [8.6820913, 46.018982], [8.6820518, 46.0190358], [8.6818149, 46.0189661], [8.681631, 46.0192627], [8.6816113, 46.0193555], [8.6819286, 46.0194325], [8.6821551, 46.0194883], [8.6824027, 46.0191456], [8.6822097, 46.0190854], [8.6822432, 46.0190336], [8.6823427, 46.0189192], [8.6825224, 46.0189886], [8.6825293, 46.0189913], [8.6825911, 46.0190151], [8.6832984, 46.0192578], [8.6836164, 46.0194269], [8.6836855, 46.0195006], [8.6838524, 46.0196785], [8.6837081, 46.0197257], [8.6844405, 46.0206868], [8.684974, 46.0210901], [8.68591, 46.0218902], [8.6859726, 46.0219043], [8.6860146, 46.0220017], [8.6859425, 46.022039], [8.6859868, 46.0221905], [8.6862219, 46.0224734], [8.6862509, 46.0225019], [8.6861966, 46.0225395], [8.6859907, 46.0226966], [8.6862514, 46.0228068], [8.6863803, 46.0228395], [8.6864288, 46.0228436], [8.6864689, 46.022837], [8.6865436, 46.0227901], [8.686587, 46.0228329], [8.686677, 46.0228386], [8.6871007, 46.022815], [8.6877233, 46.0229311], [8.6880962, 46.0228865], [8.6890532, 46.022908], [8.6903175, 46.0231112], [8.6906096, 46.0231841], [8.6913627, 46.0232521], [8.691798, 46.0232914], [8.6942507, 46.0236947], [8.6943581, 46.0237152], [8.695655, 46.0236747], [8.6959449, 46.0239269], [8.6968341, 46.0240085], [8.6972893, 46.0243557], [8.6981959, 46.0243495], [8.6984695, 46.0246654], [8.6987139, 46.0247353], [8.6989697, 46.0248084], [8.6995165, 46.0247557], [8.7000884, 46.0247006], [8.7002431, 46.0248987], [8.700277, 46.0249692], [8.7003901, 46.0250721], [8.7005985, 46.0251025], [8.7006775, 46.0251075], [8.7017751, 46.0255871], [8.7023334, 46.025855], [8.7026312, 46.0262201], [8.7029819, 46.0264429], [8.7033582, 46.0264769], [8.7043206, 46.0265638], [8.7045891, 46.0267696], [8.7046305, 46.0268356], [8.7046669, 46.0268936], [8.7047977, 46.027102], [8.704959, 46.0273591], [8.7056746, 46.0279627], [8.7069269, 46.0286945], [8.7073983, 46.029097], [8.7080838, 46.0293833], [8.7086906, 46.0294538], [8.7091591, 46.0293817], [8.7096796, 46.0296254], [8.7096983, 46.029781], [8.7098747, 46.029912], [8.7106049, 46.0304541], [8.7106205, 46.030912], [8.7106317, 46.0312418], [8.7109374, 46.0325581], [8.7111053, 46.0327532], [8.7110928, 46.0330123], [8.7109964, 46.0331706], [8.7110881, 46.0336539], [8.71086, 46.03449], [8.710637, 46.035139], [8.710745, 46.0353399], [8.7108381, 46.035513], [8.7111444, 46.0360571], [8.7108333, 46.0366797], [8.7098968, 46.0368929], [8.7096956, 46.0370306], [8.7094139, 46.0376003], [8.7083627, 46.0379618], [8.7079295, 46.0383057], [8.7077354, 46.0384598], [8.7076728, 46.0385841], [8.7074995, 46.0387102], [8.707389, 46.0388672], [8.7074432, 46.0389764], [8.7074716, 46.0390336], [8.7075255, 46.0391421], [8.7075366, 46.0391645], [8.7074724, 46.0394223], [8.7077781, 46.0400155], [8.7074404, 46.0405701], [8.7072351, 46.0408345], [8.7071691, 46.0409194], [8.7072605, 46.0413494], [8.7071218, 46.0414534], [8.7071745, 46.0418698], [8.7071395, 46.0421881], [8.7070147, 46.0423862], [8.7069948, 46.0431581], [8.7067845, 46.0434452], [8.7066669, 46.044016], [8.7062809, 46.0448895], [8.7055868, 46.0457497], [8.7054968, 46.0462314], [8.7054164, 46.0466027], [8.7055574, 46.0469347], [8.7051136, 46.0473684], [8.705073, 46.047421], [8.704953, 46.047512], [8.7048649, 46.0476902], [8.7051093, 46.0481038], [8.7049542, 46.0482282], [8.7051221, 46.0487363], [8.7050998, 46.049253], [8.7053102, 46.0497149], [8.706056, 46.050184], [8.7060987, 46.0505216], [8.706072, 46.0509528], [8.7062651, 46.0513474], [8.706249, 46.0519606], [8.706632, 46.0526686], [8.706933, 46.0530785], [8.7066251, 46.0535524], [8.7067297, 46.0536697], [8.7066222, 46.0538092], [8.7063, 46.0538919], [8.7062486, 46.0539522], [8.7062439, 46.0540224], [8.70613, 46.0541523], [8.7059946, 46.0541107], [8.7042755, 46.0562669], [8.7039929, 46.0565552], [8.7040627, 46.0571233], [8.7042243, 46.0572025], [8.704256, 46.0576108], [8.7036628, 46.058172], [8.7033926, 46.0583543], [8.7031076, 46.0583311], [8.7029097, 46.0584689], [8.7030118, 46.0586113], [8.7028024, 46.0587526], [8.7015196, 46.0589724], [8.7012874, 46.0590163], [8.7010853, 46.0591874], [8.7012155, 46.0592548], [8.7011142, 46.0593585], [8.7010695, 46.0593382], [8.7008728, 46.05961], [8.7007977, 46.0598817], [8.7008812, 46.0599187], [8.7008068, 46.0600325], [8.700794, 46.0605146], [8.70067, 46.061031], [8.70077, 46.0610493], [8.7007577, 46.0610878], [8.7006856, 46.0610761], [8.7006864, 46.0615926], [8.7005471, 46.0619035], [8.7005858, 46.0619313], [8.7005414, 46.0621299], [8.7005792, 46.0621413], [8.7005482, 46.0622256], [8.7003247, 46.0622093], [8.7002965, 46.0623472], [8.700185, 46.0628719], [8.7002276, 46.0630096], [8.70042, 46.0629836], [8.7004311, 46.0628997], [8.7005295, 46.0625737], [8.7006027, 46.0624443], [8.7006366, 46.0623238], [8.7006821, 46.0623165], [8.7007165, 46.0624284], [8.7004931, 46.0630138], [8.7006426, 46.0630431], [8.7006355, 46.0630754], [8.7004846, 46.0630523], [8.7005642, 46.0633196], [8.700615, 46.06349], [8.7007078, 46.0639563], [8.7006976, 46.0640261], [8.7006835, 46.0640757], [8.7005293, 46.0645919], [8.7009446, 46.0646241], [8.700942, 46.0646367], [8.7009392, 46.0646505], [8.700524, 46.0646201], [8.7003305, 46.0654266], [8.7007287, 46.0654981], [8.7007187, 46.0655259], [8.7003197, 46.0654536], [8.7000772, 46.065976], [8.7000714, 46.0661588], [8.7001931, 46.0661191], [8.7001645, 46.0660614], [8.7002032, 46.0660545], [8.7002562, 46.0661578], [8.7002229, 46.0661653], [8.700188, 46.0661485], [8.7000669, 46.0661876], [8.7001531, 46.0662858], [8.7002452, 46.0663363], [8.7003519, 46.0662696], [8.7003609, 46.0662799], [8.7002394, 46.0663659], [8.7001589, 46.0663174], [8.6996951, 46.066567], [8.6998106, 46.0666553], [8.7001453, 46.0664762], [8.7001842, 46.0664855], [8.7002462, 46.0664522], [8.7002636, 46.0664629], [8.7002039, 46.0664973], [8.7002334, 46.0665217], [8.70027, 46.0665499], [8.7003802, 46.066485], [8.7004192, 46.066462], [8.7004366, 46.0664734], [8.7003149, 46.0665525], [8.7003371, 46.0665989], [8.7003592, 46.066645], [8.7003726, 46.0667223], [8.7004209, 46.0668023], [8.7004544, 46.0668358], [8.7005053, 46.06686], [8.700544, 46.0668662], [8.7005554, 46.066897], [8.7005139, 46.0669248], [8.7005526, 46.0670182], [8.7006056, 46.067046], [8.7007745, 46.0670143], [8.7007889, 46.067054], [8.7006131, 46.0670956], [8.7003457, 46.0670765], [8.7002851, 46.0672119], [8.700209, 46.067257], [8.6999885, 46.0672829], [8.6998761, 46.0672854], [8.6994548, 46.0673135], [8.6994965, 46.0675758], [8.6999145, 46.0675372], [8.7001396, 46.067524], [8.7004237, 46.0675051], [8.7004881, 46.0674693], [8.7006484, 46.067254], [8.7008926, 46.0673148], [8.7007043, 46.0673921], [8.7006212, 46.0674918], [8.7005159, 46.0675719], [8.7003701, 46.0676014], [8.7003691, 46.0676204], [8.7003681, 46.067638], [8.700364, 46.0676745], [8.700309, 46.0678324], [8.7002537, 46.0680388], [8.7003667, 46.0680627], [8.7003595, 46.0681044], [8.7001419, 46.0680687], [8.7001246, 46.0680885], [8.7001095, 46.0681057], [8.699704, 46.0685692], [8.6996292, 46.0687887], [8.6992164, 46.0690344], [8.6988543, 46.0690605], [8.6987399, 46.0690514], [8.6985269, 46.0690344], [8.6979742, 46.0689005], [8.697254, 46.0686575], [8.6950672, 46.0678982], [8.6949548, 46.068122], [8.6948573, 46.0683325], [8.6949166, 46.0683624], [8.6969767, 46.0691146], [8.6977163, 46.0695132], [8.6978408, 46.069737], [8.6981907, 46.0702094], [8.6977352, 46.0703556], [8.6971449, 46.0706305], [8.6968616, 46.0708181], [8.6964024, 46.0709904], [8.6949856, 46.0714113], [8.6938401, 46.071926], [8.692998, 46.0723913], [8.6929429, 46.0726454], [8.6930108, 46.0729736], [8.6932297, 46.0733078], [8.6932133, 46.0734354], [8.6933985, 46.0737109], [8.6936294, 46.0738679], [8.6936105, 46.0740085], [8.6937849, 46.074221], [8.6940242, 46.0744328], [8.6943509, 46.0746821], [8.6946282, 46.074969], [8.6948015, 46.075196], [8.6948256, 46.0752325], [8.6949335, 46.0753959], [8.6950391, 46.0755551], [8.6951244, 46.0757271], [8.6952398, 46.07595], [8.6953621, 46.0761055], [8.6953621, 46.0763057], [8.6953835, 46.0764635], [8.6953308, 46.076557], [8.6953057, 46.0766116], [8.6951228, 46.0767091], [8.6949857, 46.0767229], [8.6939915, 46.0772777], [8.693857, 46.0774479], [8.6939478, 46.0775627], [8.6939163, 46.0776703], [8.6937715, 46.0776796], [8.6937599, 46.0778001], [8.6940147, 46.0781354], [8.6938643, 46.0784078], [8.6934709, 46.0786045], [8.6934861, 46.0787232], [8.6936455, 46.0790117], [8.6934721, 46.0793204], [8.6935002, 46.0793989], [8.6931847, 46.0797486], [8.6930652, 46.0800108], [8.6930977, 46.0801394], [8.6930216, 46.0802348], [8.6930892, 46.0806844], [8.6929507, 46.0815994], [8.6931518, 46.0817853], [8.6932655, 46.0823984], [8.6931882, 46.0825631], [8.693266, 46.0826796], [8.6932209, 46.0829834], [8.6931513, 46.0830772], [8.6930489, 46.0830857], [8.6928115, 46.0832192], [8.6927828, 46.083293], [8.6928673, 46.0834095], [8.6928068, 46.0835424], [8.6926397, 46.0836295], [8.6923005, 46.0842445], [8.6921768, 46.0844205], [8.6920786, 46.0848351], [8.6919434, 46.08496], [8.6916773, 46.085173], [8.691534, 46.0854201], [8.6913375, 46.0856814], [8.6912243, 46.0860033], [8.6913459, 46.0863848], [8.6915023, 46.0868989], [8.6916327, 46.0873435], [8.6916413, 46.0873728], [8.6915949, 46.0878868], [8.6915779, 46.0879474], [8.6915558, 46.088026], [8.6915081, 46.0881961], [8.6914096, 46.0887101], [8.6914558, 46.0891399], [8.6914739, 46.0893084], [8.691483, 46.0893936], [8.6916198, 46.0895505], [8.691529, 46.0897199], [8.6915023, 46.0898185], [8.6916497, 46.0901477], [8.6917488, 46.0906925], [8.6917231, 46.0908317], [8.6918265, 46.0911598], [8.6917397, 46.0912722], [8.6915486, 46.0913525], [8.6911085, 46.091469], [8.6908538, 46.0916175], [8.6907959, 46.0917541], [8.6909059, 46.0918625], [8.690946, 46.0920144], [8.6910483, 46.092098], [8.6910472, 46.092184], [8.6909964, 46.0922251], [8.6910115, 46.0923612], [8.6910492, 46.0924823], [8.6911731, 46.0925708], [8.6912749, 46.0926338], [8.6913743, 46.0926879], [8.6915264, 46.0927481], [8.6916415, 46.0927775], [8.6917649, 46.0928023], [8.6918848, 46.0928263], [8.6919722, 46.0928931], [8.6920468, 46.0930441], [8.6921923, 46.0931821], [8.692409, 46.0933045], [8.6928814, 46.093678], [8.6930889, 46.0944004], [8.6932684, 46.0949505], [8.6932801, 46.0949996], [8.6933379, 46.0952436], [8.6934595, 46.0954885], [8.6936853, 46.0959784], [8.6941906, 46.0963632], [8.6942962, 46.0966557], [8.6942321, 46.0968881], [8.6940755, 46.0969732], [8.694323, 46.0974092], [8.6943476, 46.0976399], [8.6943227, 46.0978499], [8.6941855, 46.0980075], [8.6939806, 46.0981668], [8.6937163, 46.0984193], [8.693685, 46.0986941], [8.6937043, 46.0988305], [8.6937837, 46.0989559], [8.694007, 46.0991473], [8.6943725, 46.0992861], [8.6948346, 46.0995384], [8.6947201, 46.0997215], [8.6947565, 46.0999375], [8.6948607, 46.1002426], [8.6952429, 46.1005598], [8.6956995, 46.1005746], [8.6960617, 46.1006807], [8.6962762, 46.1010195], [8.6965555, 46.1011588], [8.6969171, 46.1011531], [8.6971618, 46.1012983], [8.6971451, 46.1017884], [8.6969511, 46.1019008], [8.6967915, 46.1020129]]]}}, {"type": "Feature", "properties": {"nome": "Lago Maggiore"}, "geometry": {"type": "Polygon", "coordinates": [[[8.5702207, 45.932325], [8.5703925, 45.9324598], [8.5705405, 45.9325759], [8.5707623, 45.9324433], [8.5711942, 45.9322891], [8.571573, 45.9321981], [8.5720574, 45.9319959], [8.573516, 45.9315207], [8.5741977, 45.9312164], [8.5743646, 45.9313721], [8.5743536, 45.9314025], [8.5745341, 45.9315816], [8.5745549, 45.9316044], [8.5745666, 45.9316235], [8.5745725, 45.9316432], [8.5745756, 45.9316647], [8.5747092, 45.9328006], [8.5747109, 45.9328248], [8.5747098, 45.9328478], [8.5747029, 45.9328783], [8.5746883, 45.9329301], [8.5746887, 45.9329378], [8.5746938, 45.9329473], [8.5746984, 45.9329582], [8.5746957, 45.9329691], [8.5746887, 45.9329762], [8.5746732, 45.9329821], [8.5746581, 45.9329839], [8.5746426, 45.9329816], [8.5746276, 45.9329747], [8.5746196, 45.9329648], [8.57462, 45.9329548], [8.5746275, 45.9329423], [8.5746386, 45.9329368], [8.5746476, 45.9329279], [8.5746536, 45.9329149], [8.5746665, 45.9328682], [8.5746727, 45.9328436], [8.5746759, 45.9328197], [8.5746765, 45.9327943], [8.5745703, 45.9319511], [8.5745348, 45.9316513], [8.5745267, 45.9316303], [8.5745106, 45.9316103], [8.5743366, 45.9314263], [8.5727991, 45.9321655], [8.5738759, 45.9332489], [8.5739232, 45.9333022], [8.5740401, 45.9333139], [8.5740376, 45.9333278], [8.5741836, 45.9333415], [8.5741851, 45.9333344], [8.5742329, 45.9333399], [8.5742292, 45.9333639], [8.5740332, 45.9333438], [8.5740295, 45.93336], [8.5743389, 45.9333911], [8.5744224, 45.9333919], [8.5744799, 45.9333821], [8.5745269, 45.93337], [8.5745558, 45.9333598], [8.5745709, 45.9333475], [8.5745811, 45.9333369], [8.5746009, 45.9333329], [8.5746229, 45.9333386], [8.5746331, 45.933351], [8.5746323, 45.9333641], [8.5746223, 45.9333741], [8.5746025, 45.9333786], [8.5745837, 45.9333864], [8.5745542, 45.9334103], [8.5745336, 45.9334398], [8.5745227, 45.9334918], [8.5745863, 45.9334991], [8.5745825, 45.9335218], [8.5745781, 45.9335405], [8.5745241, 45.9335356], [8.574495, 45.9336697], [8.5745492, 45.933677], [8.5745457, 45.9336961], [8.5745409, 45.9337185], [8.5744731, 45.9337117], [8.5744639, 45.9337855], [8.5744668, 45.9338471], [8.574477, 45.9338846], [8.5744964, 45.9339176], [8.5745312, 45.9339387], [8.5745771, 45.9339549], [8.5746761, 45.9339664], [8.5746741, 45.9339771], [8.5749461, 45.9340006], [8.574942, 45.934021], [8.5746724, 45.933995], [8.57467, 45.9340117], [8.5747389, 45.9340549], [8.5748072, 45.9341155], [8.5748771, 45.9342], [8.5748936, 45.9342132], [8.5749168, 45.9342216], [8.5749557, 45.9342286], [8.5749556, 45.9342354], [8.5751038, 45.9342543], [8.5751056, 45.9342477], [8.5751659, 45.9342549], [8.5751595, 45.9342791], [8.575099, 45.934273], [8.5751003, 45.9342675], [8.5749525, 45.9342515], [8.5749524, 45.934256], [8.5748702, 45.9342591], [8.5748774, 45.9342818], [8.5748861, 45.9343274], [8.5748848, 45.9343734], [8.5748788, 45.9344333], [8.5748604, 45.9344896], [8.5748281, 45.9345432], [8.5747883, 45.9345971], [8.5747406, 45.9346374], [8.5746859, 45.9346723], [8.5746427, 45.9346948], [8.5745963, 45.9347125], [8.5745691, 45.9347205], [8.5745219, 45.9347269], [8.5744781, 45.9347274], [8.574435, 45.9347206], [8.5744058, 45.9347135], [8.5743769, 45.9347042], [8.574346, 45.9346919], [8.5743658, 45.9346714], [8.5744049, 45.9346868], [8.5744238, 45.9347032], [8.5744653, 45.9347115], [8.5745121, 45.9347126], [8.5745441, 45.9347085], [8.5745404, 45.9346667], [8.5745446, 45.9346327], [8.574553, 45.9346005], [8.5745671, 45.9345707], [8.574593, 45.9345393], [8.5746662, 45.9344387], [8.5746821, 45.9343931], [8.5746854, 45.9343417], [8.5746723, 45.9342846], [8.5746438, 45.9342324], [8.5745937, 45.9341823], [8.5745199, 45.9341368], [8.5744306, 45.9341145], [8.5740706, 45.9340939], [8.5739383, 45.9341577], [8.5735663, 45.9343372], [8.5735844, 45.9343561], [8.5739854, 45.9347482], [8.5740736, 45.9347091], [8.5741289, 45.9347651], [8.5742788, 45.9349317], [8.5745507, 45.9351105], [8.5752906, 45.9354648], [8.575414, 45.9355166], [8.5755048, 45.9354188], [8.5757901, 45.9355972], [8.5757651, 45.9356166], [8.5757237, 45.93568], [8.5757836, 45.935707], [8.5757112, 45.9357797], [8.5756856, 45.9358438], [8.5763192, 45.9361108], [8.5764182, 45.9359934], [8.576717, 45.9361121], [8.5766064, 45.9362349], [8.5781235, 45.9369054], [8.5782577, 45.9368708], [8.5786644, 45.9368853], [8.5802872, 45.9373257], [8.5798669, 45.9377965], [8.5801106, 45.9379331], [8.5802323, 45.9380014], [8.5809732, 45.9376467], [8.5811272, 45.937648], [8.5814714, 45.9381731], [8.5812499, 45.9382676], [8.581272, 45.9382946], [8.5819611, 45.9391348], [8.5822408, 45.9391821], [8.5830419, 45.9391331], [8.5842267, 45.9390588], [8.5851317, 45.9391698], [8.585808, 45.9393418], [8.5875533, 45.9395911], [8.5880667, 45.9396999], [8.5883648, 45.9397897], [8.5889209, 45.9397079], [8.5895346, 45.9399203], [8.5901579, 45.940533], [8.5905668, 45.9409701], [8.5908568, 45.9412802], [8.5910429, 45.9412798], [8.5911401, 45.9414123], [8.5911737, 45.9414581], [8.5914743, 45.941868], [8.5915721, 45.9418071], [8.5916088, 45.9418296], [8.5916605, 45.9418613], [8.5917263, 45.9419017], [8.5921288, 45.9421489], [8.5923498, 45.9422641], [8.5925583, 45.9423728], [8.5927897, 45.9422341], [8.5930614, 45.9423119], [8.5933108, 45.9423832], [8.5934535, 45.9426489], [8.5939738, 45.9429263], [8.5940564, 45.9429608], [8.5942307, 45.9430198], [8.5943446, 45.9431874], [8.5945013, 45.9432699], [8.5947068, 45.9433781], [8.5951567, 45.9435258], [8.5952723, 45.9433958], [8.5963078, 45.9436855], [8.5965402, 45.9438729], [8.5967396, 45.9440678], [8.5968016, 45.9441036], [8.5977815, 45.9446691], [8.5986875, 45.9450159], [8.5989174, 45.9450529], [8.6000737, 45.9455661], [8.6006555, 45.9458766], [8.6015837, 45.9467635], [8.6027291, 45.9476065], [8.6032555, 45.9480227], [8.6034811, 45.9481584], [8.6040262, 45.9486323], [8.60414, 45.9486824], [8.6043533, 45.9489348], [8.6047083, 45.9491975], [8.6060034, 45.9498363], [8.6066313, 45.9502902], [8.6068779, 45.9504857], [8.6071767, 45.9507226], [8.6073819, 45.9508853], [8.6075579, 45.950973], [8.6075303, 45.9510044], [8.6083749, 45.9514484], [8.6088716, 45.9514715], [8.6089565, 45.9515884], [8.6098079, 45.9520979], [8.6100869, 45.9523086], [8.6101559, 45.9524088], [8.6105694, 45.9526007], [8.6109529, 45.9526417], [8.6113394, 45.9528369], [8.61135, 45.9529586], [8.6116499, 45.9531284], [8.6119716, 45.9531005], [8.6121254, 45.9532522], [8.6120632, 45.9533185], [8.61409, 45.9543567], [8.6142523, 45.9542909], [8.6150497, 45.9547973], [8.6154408, 45.9550457], [8.6160677, 45.9554437], [8.616607, 45.9557824], [8.61676, 45.9558012], [8.6169544, 45.9559048], [8.6171275, 45.9559971], [8.617215, 45.9559996], [8.6172947, 45.9559878], [8.6174359, 45.9561323], [8.6174618, 45.9563405], [8.6175642, 45.9564082], [8.6176851, 45.9564805], [8.6178854, 45.9566404], [8.6180885, 45.9568265], [8.6183326, 45.9570023], [8.6182317, 45.9570716], [8.6182017, 45.9570987], [8.6185387, 45.9573013], [8.6186002, 45.9572648], [8.6187086, 45.9572893], [8.6189021, 45.9574063], [8.6195281, 45.9577922], [8.6198887, 45.9580479], [8.6198958, 45.9581209], [8.6202384, 45.9583771], [8.6205412, 45.9584519], [8.6206935, 45.9585169], [8.6206978, 45.9586691], [8.6210486, 45.9589895], [8.6216569, 45.959582], [8.6216043, 45.9596287], [8.6217362, 45.9598245], [8.6218614, 45.9599063], [8.6219233, 45.9605514], [8.6220893, 45.9610595], [8.6221727, 45.961257], [8.622206, 45.96132], [8.6224644, 45.9623412], [8.6225101, 45.9623542], [8.6225551, 45.9624562], [8.6229201, 45.963283], [8.6230294, 45.9635305], [8.6231524, 45.9635061], [8.6231898, 45.9635533], [8.6231731, 45.963877], [8.6232343, 45.9641099], [8.6232454, 45.9643041], [8.6234567, 45.964853], [8.6236013, 45.965054], [8.623725, 45.9652193], [8.6238224, 45.9653855], [8.6239655, 45.9655555], [8.6241495, 45.9658404], [8.6249282, 45.9666154], [8.6250051, 45.9668104], [8.6250669, 45.9672113], [8.6254068, 45.9674945], [8.6261281, 45.9677881], [8.6263677, 45.9679537], [8.6268369, 45.9694057], [8.6271929, 45.9696998], [8.6273179, 45.9697788], [8.6275307, 45.970109], [8.6276172, 45.9707227], [8.6279253, 45.9711623], [8.6279704, 45.9712267], [8.6280691, 45.9713675], [8.6284218, 45.9718603], [8.629246, 45.9724823], [8.6294851, 45.9727056], [8.6304208, 45.9735791], [8.6317681, 45.9746222], [8.6331476, 45.9759296], [8.6350123, 45.9769106], [8.6350337, 45.9769219], [8.6352668, 45.9773389], [8.6352859, 45.9777096], [8.6354467, 45.9776728], [8.6354557, 45.9777152], [8.6354666, 45.9777669], [8.6354952, 45.9779021], [8.6355057, 45.9782132], [8.6356832, 45.9785358], [8.6357138, 45.9785661], [8.6372295, 45.9800645], [8.6386379, 45.9813464], [8.6396816, 45.9818679], [8.6407685, 45.9826823], [8.6407825, 45.9827374], [8.6408753, 45.983104], [8.6409255, 45.9835984], [8.6410665, 45.9836496], [8.6409936, 45.983708], [8.6408727, 45.9843742], [8.6411964, 45.985088], [8.6412529, 45.9851878], [8.6413553, 45.985369], [8.6415087, 45.9855823], [8.6420781, 45.986001], [8.642636, 45.986403], [8.6428534, 45.9865979], [8.6430495, 45.9869414], [8.6430718, 45.9869805], [8.6435748, 45.9875473], [8.6440264, 45.9878634], [8.6442217, 45.9880684], [8.6442506, 45.9881475], [8.6443049, 45.9882956], [8.6443102, 45.9884377], [8.6454224, 45.9893391], [8.6459049, 45.9896626], [8.6460645, 45.9896425], [8.6461685, 45.9896169], [8.6462415, 45.9896413], [8.6462715, 45.9896917], [8.6462606, 45.9897428], [8.6468924, 45.9900907], [8.6469611, 45.9900776], [8.6470472, 45.9900973], [8.6470921, 45.9901478], [8.6470649, 45.990195], [8.6479071, 45.9906478], [8.6481012, 45.9906177], [8.6481219, 45.990599], [8.6481753, 45.9906249], [8.648185, 45.9906166], [8.6482252, 45.9906402], [8.6482476, 45.9906533], [8.6482147, 45.9906736], [8.6482305, 45.9906836], [8.6487065, 45.9909436], [8.6486924, 45.9909643], [8.6483848, 45.9908104], [8.6482313, 45.9908164], [8.6481994, 45.9909116], [8.6485558, 45.9910607], [8.6489153, 45.9910462], [8.6494703, 45.9912538], [8.6503133, 45.9911226], [8.6508067, 45.9912436], [8.6508077, 45.991293], [8.6506216, 45.9913748], [8.6507321, 45.9915201], [8.6508853, 45.9914513], [8.6508255, 45.991358], [8.6509206, 45.9913248], [8.6509233, 45.9914478], [8.6513041, 45.9919919], [8.6513793, 45.9921664], [8.6514869, 45.9924158], [8.6516973, 45.9929037], [8.6524116, 45.9936101], [8.6527415, 45.9939288], [8.6528439, 45.9939571], [8.6533485, 45.9944207], [8.6541767, 45.9953684], [8.654313, 45.9954131], [8.6545653, 45.9957371], [8.65452, 45.995823], [8.6545479, 45.9959871], [8.6547017, 45.9961806], [8.6547825, 45.9961705], [8.6548338, 45.9962385], [8.6547962, 45.9962637], [8.6548389, 45.9963187], [8.6548441, 45.9964508], [8.6550237, 45.9966472], [8.6551302, 45.9966946], [8.6552737, 45.9968348], [8.6553828, 45.9970413], [8.6558217, 45.9976021], [8.6558785, 45.9978077], [8.6562334, 45.998368], [8.6562318, 45.9985338], [8.6562308, 45.9986431], [8.656188, 45.9987202], [8.6562289, 45.9988436], [8.6564532, 45.9991104], [8.6565203, 45.9991247], [8.6566089, 45.9991734], [8.6566858, 45.9993251], [8.6567005, 45.9993887]]]}}, {"type": "Feature", "properties": {"nome": "Lago Maggiore"}, "geometry": {"type": "Polygon", "coordinates": [[[8.5543053, 45.9203549], [8.5543851, 45.9203309], [8.5546353, 45.9202554], [8.5547486, 45.9197163], [8.554596, 45.9194552], [8.5555812, 45.918557], [8.5556684, 45.9185856], [8.5562793, 45.9182106], [8.5563824, 45.9181473], [8.5563105, 45.9180882], [8.5565725, 45.9178894], [8.5564932, 45.9178424], [8.5565165, 45.9176882], [8.5564529, 45.9175867], [8.5565219, 45.9173318], [8.5565981, 45.9172572], [8.5568841, 45.9169773], [8.5571317, 45.9168506], [8.5573513, 45.9168591], [8.5576085, 45.9168831], [8.5579255, 45.916833], [8.5582607, 45.9166798], [8.5586633, 45.9162564], [8.5586254, 45.9161967], [8.5592347, 45.915817], [8.5593489, 45.915854], [8.5598033, 45.9156275], [8.5607592, 45.9156421], [8.5610304, 45.9157931], [8.5610631, 45.9158273], [8.5613406, 45.916118], [8.5614056, 45.9166326], [8.5615778, 45.9166331], [8.5616498, 45.916999], [8.561323, 45.9174039], [8.5613339, 45.9180902], [8.5615334, 45.91838], [8.5616885, 45.9190142], [8.5642157, 45.9219228], [8.5641497, 45.922265], [8.5646423, 45.923221], [8.5658375, 45.9240414], [8.5660554, 45.9245579], [8.5660502, 45.9248228], [8.5664225, 45.92511], [8.5664251, 45.925154], [8.5664321, 45.925275], [8.5664397, 45.925406], [8.5664374, 45.9255887], [8.5664365, 45.9256586], [8.5662609, 45.9257166], [8.5662607, 45.9257263], [8.5662726, 45.9258193], [8.5662058, 45.9260169], [8.5662256, 45.9266049], [8.5663939, 45.9267484], [8.566411, 45.926855], [8.5664054, 45.9268673], [8.5663895, 45.9271529], [8.5668077, 45.9275684], [8.5670399, 45.927799], [8.5672644, 45.9280219], [8.5674958, 45.9282518], [8.5676738, 45.9284286], [8.5682188, 45.9285262], [8.5685332, 45.9285825], [8.568685, 45.9286097], [8.5690095, 45.9286677], [8.5690495, 45.9286749], [8.5696534, 45.928783], [8.5696249, 45.9289684], [8.5697961, 45.9291632], [8.5699725, 45.929099], [8.5697903, 45.9288942], [8.5699286, 45.9288322], [8.5710509, 45.9292589], [8.5713321, 45.9293683], [8.5716237, 45.9294818], [8.5716619, 45.9295206], [8.5717272, 45.9295869], [8.5717908, 45.9296515], [8.5719008, 45.9297363], [8.5720363, 45.9297774], [8.5721435, 45.9297529], [8.5722138, 45.9297086], [8.5722544, 45.9297282], [8.5725783, 45.9298849], [8.5730437, 45.9300185], [8.5731989, 45.930145], [8.5732692, 45.9303071], [8.5732509, 45.9305436], [8.5731008, 45.9306864], [8.5728411, 45.9308263], [8.5723728, 45.9310016], [8.5719404, 45.9313139], [8.5710918, 45.9317948], [8.5708724, 45.9319498], [8.5705945, 45.9321462], [8.5702207, 45.932325]]]}}, {"type": "Feature", "properties": {"nome": "Lago Maggiore"}, "geometry": {"type": "Polygon", "coordinates": [[[8.5535598, 45.9203016], [8.5535466, 45.9202952], [8.5535484, 45.9202846], [8.5535655, 45.9202775], [8.553829, 45.920295], [8.554022, 45.9204404], [8.5543053, 45.9203549]]]}}, {"type": "Feature", "properties": {"nome": "Lago Maggiore"}, "geometry": {"type": "Polygon", "coordinates": [[[8.5537763, 45.9206694], [8.5537995, 45.92067], [8.5538072, 45.9205605], [8.5538139, 45.9204641], [8.5539829, 45.9204567], [8.5538032, 45.9203111], [8.5535598, 45.9203016]]]}}, {"type": "Feature", "properties": {"nome": "Lago Maggiore"}, "geometry": {"type": "Polygon", "coordinates": [[[8.5533713, 45.9203018], [8.5532202, 45.9203472], [8.553138, 45.9204194], [8.5533847, 45.9208541], [8.5537727, 45.9207335], [8.5537763, 45.9206694]]]}}, {"type": "Feature", "properties": {"nome": "Lago Maggiore"}, "geometry": {"type": "Polygon", "coordinates": [[[8.6002794, 45.7251624], [8.5997406, 45.7251696], [8.5997163, 45.7251418], [8.5996615, 45.7251153], [8.5995823, 45.7251007], [8.5993854, 45.7250275], [8.5993514, 45.7250216], [8.5992894, 45.7250212], [8.5990894, 45.7250103], [8.5989731, 45.7250529], [8.5986496, 45.7250473], [8.5986385, 45.725048], [8.5985301, 45.7250545], [8.5983409, 45.7250658], [8.5981456, 45.725101], [8.5980215, 45.7251611], [8.5979479, 45.725206], [8.5978051, 45.7252044], [8.5978222, 45.7249565], [8.5976627, 45.7249475], [8.5976503, 45.7250585], [8.5970874, 45.7250145], [8.5967444, 45.7256947], [8.5967937, 45.725759], [8.5968138, 45.7258118], [8.5969501, 45.7258878], [8.5970591, 45.7259357], [8.5971856, 45.7259799], [8.5972964, 45.7260289], [8.5973929, 45.7260466], [8.5974811, 45.7260631], [8.5975658, 45.7260689], [8.5976413, 45.7260707], [8.5977143, 45.7260585], [8.5977864, 45.7260431], [8.5978453, 45.7260296], [8.5978987, 45.726023], [8.5978974, 45.7260416], [8.5978321, 45.7260621], [8.5977671, 45.7260811], [8.5976792, 45.7260965], [8.5976071, 45.7260977], [8.5975258, 45.7260962], [8.5975213, 45.7260961], [8.5974401, 45.7260865], [8.5973104, 45.7260878], [8.5971892, 45.7260645], [8.5970732, 45.7260228], [8.5969572, 45.725986], [8.5967937, 45.7259136], [8.5966697, 45.7258265], [8.5965568, 45.7258031], [8.5959443, 45.7254583], [8.5951951, 45.7250366], [8.595053, 45.7245944], [8.5942568, 45.7242174], [8.5941005, 45.7239439], [8.5941133, 45.7238375], [8.5940359, 45.7238138], [8.5939821, 45.7239308], [8.5935526, 45.7238839], [8.5925181, 45.7234954], [8.5922462, 45.7234416], [8.5920714, 45.7234933], [8.5916729, 45.7234443], [8.5915192, 45.723343], [8.5913512, 45.7234066], [8.591125, 45.7233747], [8.5910897, 45.7233251], [8.5910908, 45.7232422], [8.5909197, 45.7232794], [8.5908049, 45.7232829], [8.5907101, 45.7232466], [8.5905573, 45.7232992], [8.5902944, 45.7232593], [8.5902971, 45.7233221], [8.5902421, 45.7233218], [8.5902139, 45.7233217], [8.5902032, 45.7232374], [8.5895668, 45.723124], [8.5895514, 45.7231776], [8.5895272, 45.7231709], [8.5895064, 45.7231653], [8.5895081, 45.7231067], [8.589018, 45.7230287], [8.589001, 45.7230852], [8.5887077, 45.7229994], [8.5882639, 45.7229669], [8.5881965, 45.7229648], [8.5878147, 45.7229531], [8.5872287, 45.7229645], [8.5871121, 45.7229668], [8.587016, 45.7230505], [8.5868449, 45.7231136], [8.5864096, 45.7231921], [8.5865912, 45.7233811], [8.5865466, 45.7234032], [8.5863448, 45.7232023], [8.5861404, 45.7232092], [8.5860137, 45.7231917], [8.5858823, 45.7231375], [8.5858139, 45.7230748], [8.5851394, 45.7224279], [8.5849807, 45.7225202], [8.584898, 45.7225683], [8.5856284, 45.7232879], [8.5856978, 45.723401], [8.5858371, 45.7234183], [8.5859872, 45.7234382], [8.5860915, 45.7234747], [8.5861904, 45.7235449], [8.5862596, 45.7236328], [8.5862584, 45.7236777], [8.5862239, 45.7236925], [8.5861494, 45.7236623], [8.5860274, 45.7235943], [8.585971, 45.723552], [8.5858476, 45.7235311], [8.5856376, 45.7234971], [8.5854269, 45.7234853], [8.5851235, 45.7235928], [8.5848654, 45.7236243], [8.5848844, 45.7236703], [8.58467, 45.7237818], [8.5843432, 45.7243081], [8.5842265, 45.7245262], [8.5840171, 45.7248849], [8.5831256, 45.7264121], [8.5830485, 45.7265442], [8.5834356, 45.7272342], [8.5840624, 45.7283512], [8.582564, 45.7278377], [8.5825428, 45.7278741], [8.582099, 45.7277121], [8.5819824, 45.7278846], [8.5820058, 45.7279436], [8.5823963, 45.7280629], [8.582611, 45.7281018], [8.5826948, 45.728117], [8.5840864, 45.728468], [8.584113, 45.7284747], [8.5840593, 45.7285235], [8.5838446, 45.7284674], [8.5832884, 45.728604], [8.5831963, 45.7287114], [8.5830174, 45.7289198], [8.5829007, 45.7291209], [8.5828524, 45.7295794], [8.5829199, 45.729896], [8.5829323, 45.7299542], [8.5821745, 45.7308133], [8.5817245, 45.7313234], [8.5815963, 45.7314687], [8.5814756, 45.7316055], [8.581299, 45.7318057], [8.5807573, 45.7321462], [8.5806889, 45.7322301], [8.5798306, 45.7321108], [8.5797645, 45.7323302], [8.5807178, 45.7324607], [8.5808722, 45.7323228], [8.580892, 45.7323409], [8.5806747, 45.7325788], [8.5804481, 45.7331313], [8.5804391, 45.7331533], [8.5802857, 45.7337919], [8.5802819, 45.7338076], [8.5805303, 45.7349955], [8.5807182, 45.7351349], [8.5795447, 45.7365456], [8.579543, 45.7372038], [8.5799123, 45.7373243], [8.5799751, 45.7374769], [8.5798866, 45.7376914], [8.5801666, 45.7377845], [8.5802232, 45.7381634], [8.5790907, 45.7383354], [8.5787481, 45.7388106], [8.5777467, 45.7401993], [8.5766896, 45.7407314], [8.5760942, 45.7412663], [8.5749465, 45.7415176], [8.5736909, 45.74166], [8.5721942, 45.7420978], [8.5705307, 45.743416], [8.5708553, 45.7437762], [8.5702498, 45.7442438], [8.5702623, 45.7445929], [8.5699525, 45.7447199], [8.5696468, 45.7446918], [8.5691923, 45.7448347], [8.5686771, 45.7452129], [8.5683303, 45.745199], [8.5679102, 45.7454262], [8.5678133, 45.7456139], [8.5672401, 45.7460818], [8.5669048, 45.7458861], [8.5667893, 45.7460152], [8.5671135, 45.7462516], [8.566954, 45.7463969], [8.5660936, 45.7462778], [8.5660529, 45.7465196], [8.5660128, 45.7467575], [8.5660216, 45.7467838], [8.5660268, 45.7467992], [8.5660388, 45.7468352], [8.5662108, 45.7468033], [8.5664617, 45.7468163], [8.566656, 45.7468687], [8.5663658, 45.7469154], [8.5660728, 45.7469685], [8.5661294, 45.7471192], [8.5667546, 45.747032], [8.5667628, 45.7470559], [8.5668465, 45.7472984], [8.5659424, 45.7474765], [8.5660215, 45.7478419], [8.5662553, 45.7478137], [8.5662462, 45.7476893], [8.5663747, 45.7476603], [8.5664703, 45.7476812], [8.566512, 45.7478018], [8.5667736, 45.7477762], [8.5667274, 45.7474285], [8.566972, 45.747407], [8.5670277, 45.7478865], [8.5670769, 45.7483107], [8.5666858, 45.748031], [8.5662341, 45.7480539], [8.5662931, 45.7486114], [8.5665139, 45.7490056], [8.5667675, 45.7490615], [8.5667905, 45.7491221], [8.566887, 45.7493764], [8.5676425, 45.7504514], [8.5678429, 45.7511682], [8.5679802, 45.7511241], [8.5680057, 45.751176], [8.5680211, 45.7512074], [8.5680229, 45.7512177], [8.5680945, 45.7516404], [8.5680077, 45.7524035], [8.567934, 45.7525903], [8.5678583, 45.7527822], [8.5678272, 45.7531592], [8.567949, 45.7535203], [8.5681771, 45.7538008], [8.5684092, 45.7540075], [8.5684454, 45.7540331], [8.5686856, 45.7542738], [8.5688896, 45.7546604], [8.5687936, 45.7548016], [8.568749, 45.7548386], [8.5687145, 45.7548365], [8.5686689, 45.7548337], [8.5685065, 45.7548836], [8.5682981, 45.7548594], [8.5678635, 45.7547172], [8.5676735, 45.754627], [8.5674497, 45.7545385], [8.5672724, 45.7545077], [8.5668137, 45.7544282], [8.5663102, 45.7544462], [8.5662499, 45.7544604], [8.5644422, 45.7548879], [8.5643014, 45.7549542], [8.5637384, 45.7552191], [8.5637031, 45.7552634], [8.5634791, 45.755576], [8.5631141, 45.7558085], [8.5628705, 45.7558876], [8.5625758, 45.7559659], [8.5620209, 45.7561343], [8.5616188, 45.7562562], [8.5615987, 45.7562623], [8.5613471, 45.7558467], [8.5611689, 45.7558901], [8.5609522, 45.755941], [8.5611577, 45.7563926], [8.5608305, 45.7564558], [8.5612569, 45.7575861], [8.5617052, 45.7587737], [8.561506, 45.7588064], [8.5617859, 45.7595806], [8.5620437, 45.7598659], [8.5622089, 45.7599029], [8.5623716, 45.7600482], [8.5625311, 45.760273], [8.5626264, 45.7602611], [8.5626417, 45.7603116], [8.5626287, 45.7604183], [8.5626027, 45.7604183], [8.5624855, 45.7609132], [8.5625064, 45.76092], [8.5624855, 45.7609859], [8.5624562, 45.7610404], [8.5624237, 45.7610381], [8.5622122, 45.7613423], [8.5622388, 45.7613476], [8.5620722, 45.7615784], [8.5620855, 45.7616347], [8.5620527, 45.7616942], [8.5619941, 45.761726], [8.561916, 45.7617328], [8.561414, 45.7622444], [8.5613238, 45.7621891], [8.5604289, 45.7630722], [8.5603506, 45.7631288], [8.560263, 45.7631366], [8.5601848, 45.7631222], [8.5597803, 45.763316], [8.5597094, 45.7633564], [8.5596469, 45.763392], [8.5593883, 45.7635551], [8.5594553, 45.7636347], [8.5595755, 45.7636151], [8.5596056, 45.7636096], [8.5596332, 45.7635966], [8.5596416, 45.7636033], [8.5596326, 45.763623], [8.5595923, 45.763632], [8.5596698, 45.7637098], [8.5596498, 45.7637283], [8.5595519, 45.7636506], [8.5594698, 45.7636538], [8.5593811, 45.7637033], [8.5592964, 45.7637374], [8.5591489, 45.7637944], [8.5590058, 45.7637399], [8.5589215, 45.7637854], [8.5578341, 45.7643976], [8.5578846, 45.7644627], [8.5574096, 45.7647507], [8.557551, 45.7648846], [8.5571811, 45.7648892], [8.5567443, 45.7651454], [8.5565469, 45.7652331], [8.5562352, 45.7653715], [8.5562076, 45.7653841], [8.5537113, 45.7661333], [8.5535044, 45.7662809], [8.5533333, 45.7667376], [8.5531409, 45.7671673], [8.5530315, 45.7674118], [8.5525914, 45.767734], [8.5510325, 45.7682775], [8.5488972, 45.769314], [8.5485426, 45.7697632], [8.547044, 45.7710488], [8.5472551, 45.7712226], [8.5456319, 45.7722465], [8.5455718, 45.7725478], [8.5453891, 45.7728328], [8.5453776, 45.7735743], [8.5452443, 45.7741925], [8.5452981, 45.7743725], [8.545077, 45.7746462], [8.5449853, 45.7746893], [8.5436423, 45.7753213], [8.5434049, 45.7756393], [8.5435875, 45.7759855], [8.5432565, 45.7765272], [8.5426625, 45.7769858], [8.5426428, 45.777001], [8.5425132, 45.777834], [8.5426022, 45.7779957], [8.5426569, 45.7782132], [8.5425103, 45.7783763], [8.5425743, 45.7791207], [8.5425323, 45.7802592], [8.5423207, 45.7806616], [8.5423054, 45.780795], [8.5423208, 45.7808482], [8.5423157, 45.780917], [8.5424198, 45.7809995], [8.5422257, 45.7812628], [8.5420648, 45.7819429], [8.5421702, 45.782126], [8.5421588, 45.7821684], [8.5421525, 45.7821922], [8.5421446, 45.7822216], [8.542131, 45.7822724], [8.5419853, 45.7824208], [8.5419295, 45.7833779], [8.5418743, 45.7837497], [8.5418706, 45.7837744], [8.5415667, 45.7840652], [8.5409875, 45.7846195], [8.5409423, 45.7849452], [8.5409583, 45.7853396], [8.5410844, 45.7855252], [8.5409889, 45.785997], [8.5406015, 45.7869825], [8.5404799, 45.7869862], [8.5404946, 45.7871598], [8.5405094, 45.7875615], [8.5405801, 45.7875564], [8.5406329, 45.7875628], [8.5406749, 45.7875826], [8.5407031, 45.7876069], [8.5407095, 45.7876403], [8.5407214, 45.7877343], [8.5407143, 45.7877477], [8.5407043, 45.7877582], [8.5406857, 45.7877651], [8.5406375, 45.787767], [8.540671, 45.7879274], [8.5406748, 45.7879481], [8.540689, 45.7880127], [8.5408666, 45.7880523], [8.5408192, 45.7881566], [8.5408214, 45.7881929], [8.5408694, 45.7882512], [8.5408208, 45.7882745], [8.5408388, 45.7883365], [8.5407628, 45.7884402], [8.540774, 45.7884502], [8.5407804, 45.7884651], [8.5407836, 45.7884818], [8.540786, 45.7884973], [8.5407912, 45.7885343], [8.540799, 45.7885898], [8.5408101, 45.7886681], [8.5408181, 45.7886678], [8.5408241, 45.7886676], [8.5408417, 45.7886671], [8.5408677, 45.7886662], [8.5408736, 45.7887542], [8.540816, 45.7887561], [8.5408174, 45.7889637], [8.5408116, 45.7889842], [8.5407961, 45.7890055], [8.5407851, 45.7890135], [8.5407733, 45.7890192], [8.5407488, 45.7890257], [8.5407272, 45.7890289], [8.5407052, 45.789028], [8.5407024, 45.7890393], [8.5406995, 45.7890511], [8.5408249, 45.7890666], [8.540816, 45.7891165], [8.5408106, 45.7891426], [8.5408046, 45.7891715], [8.5408002, 45.789188], [8.540678, 45.7891694], [8.540674, 45.7891806], [8.54067, 45.7891916], [8.5406903, 45.7891993], [8.5407098, 45.7892094], [8.5407221, 45.7892179], [8.540732, 45.7892291], [8.5407406, 45.7892434], [8.5407442, 45.7892546], [8.5407444, 45.7892633], [8.5407235, 45.7893116], [8.5407089, 45.7893429], [8.5406285, 45.7895159], [8.5406433, 45.7895203], [8.5406525, 45.7895275], [8.5406561, 45.7895363], [8.5406551, 45.7895419], [8.5406518, 45.7895485], [8.5406473, 45.7895528], [8.5406414, 45.7895567], [8.5406342, 45.7895592], [8.5406262, 45.78956], [8.5406095, 45.7895581], [8.5406041, 45.7895686], [8.5406019, 45.7895728], [8.5405844, 45.7896067], [8.5405641, 45.7896461], [8.5405442, 45.7896847], [8.5404438, 45.7898795], [8.5404284, 45.7899093], [8.5404159, 45.7899336], [8.5402434, 45.7901898], [8.5400252, 45.7905137], [8.5399996, 45.7906563], [8.5398869, 45.7912835], [8.5398698, 45.791379], [8.5398646, 45.791408], [8.5398395, 45.7916929], [8.5400712, 45.7922135], [8.5401827, 45.7921961], [8.5404119, 45.7923894], [8.5406574, 45.7924019], [8.5408991, 45.7925415], [8.5411437, 45.7926828], [8.5416636, 45.7931933], [8.5416865, 45.7932158], [8.5417337, 45.7933335], [8.5413979, 45.7934225], [8.5407036, 45.7939769], [8.5406124, 45.7941768], [8.5404958, 45.7942168], [8.5403794, 45.7943792], [8.5403499, 45.7946111], [8.5403288, 45.7946453], [8.5401111, 45.7949981], [8.5402127, 45.7950299], [8.5400562, 45.7953148], [8.5388539, 45.7956647], [8.5381201, 45.7963142], [8.5380023, 45.7965442], [8.5379781, 45.7967256], [8.5379053, 45.7973677], [8.53783, 45.7980327], [8.5378171, 45.7981469], [8.537772, 45.7986334], [8.5377795, 45.798665], [8.5378652, 45.7990242], [8.5379469, 45.7990719], [8.5387158, 45.7995209], [8.5389259, 45.7996436], [8.5399284, 45.8000777], [8.5401317, 45.8000749], [8.540637, 45.8000681], [8.5409474, 45.800183], [8.540993, 45.8001393], [8.5410144, 45.8001501], [8.5410318, 45.8001479], [8.5410494, 45.8001496], [8.5410652, 45.8001552], [8.5410776, 45.800164], [8.5410854, 45.8001751], [8.5410876, 45.8001871], [8.5411081, 45.8001974], [8.5410712, 45.8002329], [8.541147, 45.8002647], [8.5414707, 45.8006318], [8.5415774, 45.8007613], [8.5415308, 45.8008824], [8.5413289, 45.8014075], [8.5413277, 45.8015516], [8.5413274, 45.8015857], [8.5413258, 45.8017692], [8.5413246, 45.8019171], [8.541415, 45.8020015], [8.5417366, 45.8030898], [8.5416649, 45.8035095], [8.5414896, 45.8040666], [8.5414175, 45.8042959], [8.5414148, 45.8044577], [8.5414104, 45.8047159], [8.541107, 45.8053157], [8.5410807, 45.8054473], [8.5409892, 45.8059057], [8.541087, 45.80635], [8.5410869, 45.806395], [8.5418645, 45.8068233], [8.5427531, 45.8071439], [8.543205, 45.8074425], [8.5436625, 45.8077605], [8.5436745, 45.8078171], [8.5437845, 45.8083362], [8.5439579, 45.8087347], [8.5444199, 45.8091129], [8.5442677, 45.809717], [8.5436021, 45.8104878], [8.5437122, 45.8111628], [8.5441066, 45.8118846], [8.5447409, 45.8124027], [8.545145, 45.8136286], [8.5452667, 45.8140756], [8.5452877, 45.8141527], [8.5457221, 45.8147577], [8.546394, 45.8153822], [8.5464868, 45.8154685], [8.5466905, 45.8156448], [8.5468953, 45.8158219], [8.5469554, 45.8158523], [8.5473015, 45.8160271], [8.5476605, 45.816018], [8.5478125, 45.8159099], [8.5478493, 45.815989], [8.5479533, 45.8160103], [8.5479812, 45.8160161], [8.5483418, 45.815978], [8.5483802, 45.8159496], [8.5484466, 45.8158901], [8.5485785, 45.8157757], [8.5485138, 45.8157317], [8.5485322, 45.8157196], [8.5489399, 45.8154503], [8.5489662, 45.8154329], [8.5488796, 45.8152297], [8.5488218, 45.8151787], [8.54884, 45.8151562], [8.5493504, 45.8148009], [8.5498491, 45.8144682], [8.5499433, 45.8144026], [8.5513086, 45.8136997], [8.553657, 45.8136274], [8.5566175, 45.8141556], [8.5570298, 45.8141949], [8.55752, 45.8142134], [8.5580074, 45.8142943], [8.5581686, 45.8142711], [8.5587981, 45.814504], [8.5587206, 45.8146989], [8.55914, 45.8152526], [8.5592229, 45.815362], [8.5595332, 45.8157717], [8.5595705, 45.8157949], [8.560419, 45.8163232], [8.5610645, 45.817032], [8.5618744, 45.8179116], [8.5619564, 45.8180006], [8.5620496, 45.8181019], [8.5625276, 45.8183712], [8.5628669, 45.8186013], [8.5631219, 45.8188503], [8.5632097, 45.8189361], [8.5634502, 45.8191671], [8.5637347, 45.8192691], [8.5647224, 45.8199545], [8.5649705, 45.8201545], [8.5653229, 45.8204385], [8.5658143, 45.8208042], [8.5662941, 45.8213228], [8.5667283, 45.8220363], [8.5669285, 45.8226734], [8.566951, 45.8232799], [8.5670305, 45.8233693], [8.5668984, 45.8236629], [8.5668942, 45.824375], [8.5669984, 45.8243848], [8.5669942, 45.8246599], [8.56708, 45.8246689], [8.5670851, 45.8248445], [8.5670811, 45.8248546], [8.5669942, 45.8250704], [8.5670065, 45.8253608], [8.5669682, 45.8256127], [8.5668254, 45.8265508], [8.5669649, 45.8265997], [8.5669998, 45.8267679], [8.5666721, 45.8272872], [8.5665321, 45.8276422], [8.5667937, 45.8277572], [8.5666287, 45.8279054], [8.5664734, 45.8282125], [8.5661887, 45.8288052], [8.5662636, 45.8288325], [8.566203, 45.8289304], [8.5660566, 45.8291669], [8.565882, 45.829116], [8.5655042, 45.8297015], [8.5654137, 45.8298418], [8.5654762, 45.8298783], [8.5653063, 45.830365], [8.5651728, 45.8304643], [8.5651829, 45.8306921], [8.565304, 45.8308644], [8.5655513, 45.8309847], [8.5659417, 45.8310082], [8.5660878, 45.8311732], [8.5661201, 45.8312097], [8.5661474, 45.8315846], [8.5662078, 45.8316417], [8.5668872, 45.8322846], [8.5675587, 45.83292], [8.5675792, 45.8329208], [8.5676987, 45.8329254], [8.5684805, 45.8337262], [8.5684517, 45.8337986], [8.5686564, 45.8340451], [8.5691778, 45.8342268], [8.5693462, 45.8344694], [8.5693434, 45.8346843], [8.5694125, 45.834791], [8.5697851, 45.8353668], [8.5698718, 45.8355007], [8.5706058, 45.8360725], [8.571171, 45.836564], [8.5712468, 45.8365506], [8.5715324, 45.8368338], [8.5716004, 45.8368121], [8.5716634, 45.8369014], [8.5718511, 45.8371676], [8.571934, 45.837476], [8.5718687, 45.837531], [8.5720235, 45.8378034], [8.5720834, 45.8379032], [8.5722585, 45.8380925], [8.5722746, 45.8381099], [8.5723388, 45.8381793], [8.5729101, 45.838797], [8.5730418, 45.8387504], [8.5732001, 45.8388867], [8.5733135, 45.8390067], [8.5732256, 45.8390518], [8.5735454, 45.8396432], [8.5736036, 45.8396534], [8.573691, 45.8398283], [8.5738631, 45.8404059], [8.5739611, 45.8404502], [8.574043, 45.8408143], [8.5738614, 45.8410557], [8.5738299, 45.8411689], [8.5738218, 45.8411981], [8.5738132, 45.8412594], [8.5736431, 45.8412417], [8.5734231, 45.8422363], [8.573489, 45.8422669], [8.5735941, 45.8423636], [8.5736698, 45.8424333], [8.5735911, 45.8428157], [8.5734238, 45.8428307], [8.5733133, 45.8432857], [8.573067, 45.8434952], [8.5726742, 45.8442852], [8.5727009, 45.8446828], [8.5728736, 45.8449862], [8.5728395, 45.8452253], [8.5728202, 45.8453798], [8.5727154, 45.8455393], [8.5721301, 45.846148], [8.5716068, 45.8470577], [8.5712314, 45.84779], [8.5713552, 45.8478466], [8.5712392, 45.8482648], [8.5712425, 45.8483256], [8.5712671, 45.848775], [8.571112, 45.8491994], [8.5709539, 45.8496319], [8.5704686, 45.8499169], [8.5701014, 45.8507268], [8.5700687, 45.8511928], [8.5700341, 45.8516847], [8.5701324, 45.8517586], [8.5700762, 45.8521735], [8.5698668, 45.8524591], [8.569864, 45.8528907], [8.5697248, 45.8537202], [8.5696398, 45.8540516], [8.5694217, 45.8543725], [8.5692857, 45.8550814], [8.5689426, 45.8559935], [8.5688476, 45.8562459], [8.5688179, 45.8563514], [8.5686654, 45.8568938], [8.5686112, 45.8570863], [8.5687186, 45.8571854], [8.5686636, 45.857609], [8.5686591, 45.8576442], [8.5686325, 45.8578489], [8.5684477, 45.8582281], [8.5683904, 45.8587495], [8.5684556, 45.8589468], [8.5684205, 45.8594588], [8.5681041, 45.8597971], [8.5680418, 45.8600273], [8.5677488, 45.8611097], [8.5677435, 45.8615119], [8.5679351, 45.8616946], [8.5677986, 45.8620073], [8.5678839, 45.8625892], [8.5678516, 45.8630155], [8.5676779, 45.863299], [8.567611, 45.864121], [8.5673378, 45.8648759], [8.5669211, 45.8655253], [8.5667783, 45.8661827], [8.5665536, 45.8665301], [8.566388, 45.8667862], [8.5663316, 45.8669092], [8.5661838, 45.8669765], [8.5660605, 45.8672196], [8.5659835, 45.8676687], [8.5657547, 45.8678957], [8.5651883, 45.8696228], [8.5649864, 45.8701303], [8.5649476, 45.8702304], [8.5648869, 45.870387], [8.5648071, 45.8705932], [8.5645104, 45.8709303], [8.5643922, 45.8710647], [8.5643361, 45.8711284], [8.5644242, 45.8712803], [8.5644509, 45.8713263], [8.5641692, 45.8715381], [8.5639145, 45.8717297], [8.5631057, 45.8720314], [8.5628857, 45.8723112], [8.5626426, 45.8728177], [8.5622635, 45.8733606], [8.5616868, 45.8736909], [8.5611723, 45.874063], [8.5595538, 45.8758852], [8.5595799, 45.8760041], [8.558866, 45.8766791], [8.5581951, 45.8774083], [8.5578559, 45.8776279], [8.5562686, 45.8786554], [8.555538, 45.8792274], [8.5554388, 45.879305], [8.5553524, 45.8793566], [8.5534394, 45.8804984], [8.5526527, 45.880968], [8.5508687, 45.8813623], [8.5505777, 45.8814266], [8.5497173, 45.8817265], [8.5480596, 45.8824248], [8.547374, 45.8827035], [8.5466899, 45.8829816], [8.5462939, 45.8830317], [8.5461348, 45.8830945], [8.5457195, 45.8831474], [8.5455948, 45.8831633], [8.5452989, 45.883201], [8.545188, 45.883298], [8.5451531, 45.8832812], [8.5450941, 45.8833447], [8.5450673, 45.8833317], [8.5450163, 45.8833877], [8.5449439, 45.8833503], [8.5449252, 45.8833727], [8.5448661, 45.8833447], [8.5447803, 45.8833653], [8.5446221, 45.8834194], [8.5445577, 45.883468], [8.5444833, 45.8835979], [8.5444578, 45.8835776], [8.5443866, 45.8835692], [8.5443366, 45.8833182], [8.5431245, 45.8834693], [8.5426676, 45.8836104], [8.5426011, 45.8836356], [8.5420441, 45.8838148], [8.5415701, 45.8840014], [8.541446, 45.884048], [8.541456, 45.8840604], [8.5414896, 45.8840541], [8.5415169, 45.8840547], [8.5415407, 45.8840595], [8.541566, 45.88407], [8.5415831, 45.884082], [8.541596, 45.8840967], [8.5416028, 45.8841108], [8.5416055, 45.8841274], [8.541604, 45.8841397], [8.5416004, 45.8841499], [8.5415937, 45.8841612], [8.5415836, 45.8841722], [8.5415694, 45.8841828], [8.5417063, 45.8843546], [8.5419405, 45.8846288], [8.5418926, 45.8846445], [8.5417009, 45.8847352], [8.5414615, 45.8848369], [8.5413137, 45.8846732], [8.5408072, 45.8848883], [8.5410374, 45.8851654], [8.5404822, 45.8853499], [8.5404278, 45.885368], [8.5400396, 45.8852919], [8.5388682, 45.8857097], [8.538812, 45.8856613], [8.5382264, 45.8857182], [8.5377498, 45.885729], [8.5372704, 45.8857954], [8.5372126, 45.8857031], [8.5368802, 45.8857668], [8.5365106, 45.8858674], [8.5360749, 45.8860534], [8.5359773, 45.8860522], [8.5351914, 45.8863637], [8.534864, 45.8865323], [8.5347966, 45.886567], [8.5345046, 45.8867171], [8.5344598, 45.8867956], [8.5332988, 45.8874535], [8.5318818, 45.8883233], [8.5317671, 45.8882438], [8.5312424, 45.8885939], [8.5311893, 45.8886294], [8.5311193, 45.8885731], [8.530709, 45.8887833], [8.5308526, 45.8889151], [8.5303424, 45.8891525], [8.5292871, 45.8896308], [8.5290792, 45.8895665], [8.5288693, 45.8896468], [8.5289537, 45.8897659], [8.5289621, 45.8898069], [8.5289345, 45.8898444], [8.5288701, 45.8898621], [8.5288132, 45.8898358], [8.5287212, 45.8896938], [8.5278743, 45.8899391], [8.5276973, 45.8900119], [8.5276543, 45.890051], [8.5277174, 45.890129], [8.5277128, 45.890167], [8.5276677, 45.8901911], [8.5276101, 45.8901936], [8.5275637, 45.8901591], [8.5274881, 45.8900744], [8.5271327, 45.8903358], [8.5268551, 45.8905384], [8.5266016, 45.8906989], [8.5265654, 45.8907101], [8.5261953, 45.8907409], [8.5260317, 45.8907633], [8.5258077, 45.8908511], [8.5257232, 45.8908744], [8.525632, 45.8909612], [8.525447, 45.8911134], [8.5253763, 45.8911349], [8.5253006, 45.8911244], [8.52528, 45.8911485], [8.5252461, 45.8911676], [8.525192, 45.8911721], [8.5251406, 45.8911618], [8.5249524, 45.8910718], [8.5249606, 45.8910594], [8.5249873, 45.8910167], [8.5249675, 45.8910084], [8.5246497, 45.8907767], [8.5246751, 45.8907211], [8.5246978, 45.8906848], [8.5246445, 45.8906763], [8.5245768, 45.8906655], [8.524535, 45.8907502], [8.5243942, 45.8907148], [8.5241327, 45.8906], [8.5242091, 45.8904249], [8.5239682, 45.8903513], [8.5239257, 45.8903901], [8.523181, 45.8900878], [8.5230669, 45.8901554], [8.5229349, 45.8901418], [8.5228022, 45.8901282], [8.5226253, 45.8900474], [8.5224425, 45.8900206], [8.5221252, 45.8900746], [8.5219585, 45.8901089], [8.5219223, 45.8901273], [8.5211071, 45.8905412], [8.5208267, 45.8906353], [8.52076, 45.8905608], [8.5205895, 45.8905813], [8.5202474, 45.8907691], [8.5201093, 45.8908631], [8.5195105, 45.8913769], [8.5194333, 45.8914511], [8.5189954, 45.8921128], [8.5189241, 45.8923235], [8.519007, 45.8923352], [8.5189951, 45.8923662], [8.5189732, 45.8924594], [8.518945, 45.8926032], [8.5189406, 45.8926567], [8.5189895, 45.8926563], [8.5189734, 45.8927917], [8.5190454, 45.8927956], [8.5190043, 45.892927], [8.518945, 45.8929968], [8.5188688, 45.8930092], [8.5187468, 45.8930138], [8.5186216, 45.8930764], [8.5184397, 45.8930838], [8.5183217, 45.893154], [8.5178576, 45.8932369], [8.5173829, 45.8933106], [8.5169645, 45.893417], [8.5166587, 45.8935281], [8.5166708, 45.8935496], [8.5167137, 45.8935963], [8.5165635, 45.8937447], [8.5165071, 45.893712], [8.5162134, 45.8940396], [8.5161062, 45.8941451], [8.5161558, 45.8941768], [8.5160941, 45.8942347], [8.5160311, 45.8942039], [8.5159506, 45.8942674], [8.5156837, 45.894651], [8.5156341, 45.8947621], [8.5157172, 45.8948069], [8.5152091, 45.8957076], [8.5151155, 45.8956973], [8.514958, 45.8960098], [8.5148828, 45.8961703], [8.5149818, 45.8961927], [8.5149785, 45.896257], [8.5149745, 45.8963339], [8.5149661, 45.8963918], [8.5146494, 45.8966624], [8.5145359, 45.8966859], [8.5143842, 45.8967361], [8.5142315, 45.8968193], [8.5139722, 45.8969685], [8.5135245, 45.8974629], [8.5121892, 45.8986773], [8.5120553, 45.8989228], [8.5120347, 45.8990823], [8.5121662, 45.8991414], [8.5118873, 45.8993524], [8.5118463, 45.8993834], [8.5113499, 45.899592], [8.5110208, 45.8997314], [8.5101326, 45.9005078], [8.5100633, 45.9010147], [8.5100389, 45.901193], [8.5095749, 45.9013459], [8.5093734, 45.9015251], [8.509221, 45.9017831], [8.5090156, 45.9021306], [8.508972, 45.902256], [8.5087698, 45.9028375], [8.5087433, 45.9032405], [8.5088885, 45.9035921], [8.5089098, 45.9036436], [8.508892, 45.903661], [8.5088695, 45.903683], [8.508064, 45.9044701], [8.5077537, 45.9045936], [8.5077242, 45.9045938], [8.5076223, 45.9045944], [8.5075935, 45.9045946], [8.5072491, 45.9046642], [8.5072858, 45.9047733], [8.5071318, 45.9049006], [8.5070985, 45.9048376], [8.5071476, 45.904769], [8.5071586, 45.9046947], [8.5071292, 45.904614], [8.507076, 45.9045784], [8.5064286, 45.9047852], [8.5063647, 45.9048572], [8.5064555, 45.9049173], [8.5063379, 45.9050975], [8.5061512, 45.9056079], [8.5061334, 45.9058117], [8.5061293, 45.9062712], [8.5061261, 45.906407], [8.5061207, 45.9064569], [8.5061117, 45.9065396], [8.505929, 45.9065378], [8.5058768, 45.9067272], [8.5058199, 45.907109], [8.5058187, 45.9073309], [8.505746, 45.9073304], [8.5057264, 45.907805], [8.505812, 45.9078289], [8.5058061, 45.9079477], [8.5057458, 45.9079617], [8.5057346, 45.908178], [8.5057789, 45.9082211], [8.5058258, 45.908505], [8.5059103, 45.9086195], [8.5060623, 45.908734], [8.5060209, 45.9087836], [8.5061905, 45.9088566], [8.506372, 45.9089348], [8.5064404, 45.9089021], [8.5067488, 45.9090589], [8.5070865, 45.909503], [8.5069121, 45.9096391], [8.5070026, 45.9099239], [8.5069275, 45.9106741], [8.5069073, 45.9107279], [8.5066463, 45.9114251], [8.5066916, 45.9121074], [8.5063909, 45.9125071], [8.5060294, 45.9128942], [8.5055141, 45.9131281], [8.5053151, 45.913326], [8.50501, 45.9140761], [8.5047322, 45.9142742], [8.5046689, 45.9143578], [8.5045862, 45.9144672], [8.5045322, 45.91449], [8.5042174, 45.9146225], [8.5039526, 45.9145293], [8.5039357, 45.9145385], [8.5033943, 45.9148344], [8.503044, 45.915716], [8.5029118, 45.9157816], [8.5006601, 45.9168987], [8.5002568, 45.9168184], [8.4989688, 45.9172932], [8.4987582, 45.917539], [8.498597, 45.9176661], [8.4985684, 45.9179654], [8.4977147, 45.9184828], [8.4975419, 45.9185875], [8.4965088, 45.9192137], [8.495575, 45.9196973], [8.4923686, 45.9220267], [8.4906489, 45.9236272], [8.4890277, 45.9246232], [8.4886232, 45.9247689], [8.4885702, 45.9247168], [8.4884229, 45.9247208], [8.4883652, 45.9246703], [8.4882668, 45.9247219], [8.4880983, 45.9250023], [8.4864331, 45.9258045], [8.4855216, 45.926158], [8.485293, 45.926193], [8.4852501, 45.9261814], [8.4851781, 45.9260693], [8.4848328, 45.9261698], [8.4845238, 45.9263397], [8.4836242, 45.9269924], [8.4826614, 45.9273898], [8.4820374, 45.9277814], [8.4816357, 45.9278658], [8.4813406, 45.9279275], [8.4807189, 45.9281712], [8.4806081, 45.9282146], [8.4805596, 45.9283859], [8.4805599, 45.928543], [8.4807612, 45.9287764], [8.4810721, 45.9291045], [8.4812008, 45.929305], [8.4812806, 45.9292903], [8.4813799, 45.929433], [8.4814043, 45.9294772], [8.481362, 45.9295032], [8.4813164, 45.9295757], [8.4813441, 45.9295746], [8.4814059, 45.9295678], [8.4815461, 45.930337], [8.4818409, 45.9306928], [8.4820879, 45.9309904], [8.4820702, 45.9311526], [8.4824004, 45.9314742], [8.4827914, 45.9317776], [8.4828935, 45.9317793], [8.4830891, 45.931862], [8.4829631, 45.9319621], [8.4833738, 45.9322613], [8.4833977, 45.9322816], [8.4836492, 45.9324955], [8.4837192, 45.932541], [8.4842133, 45.9328782], [8.484627, 45.9329104], [8.4847551, 45.9329204], [8.4851248, 45.9329491], [8.4855624, 45.933308], [8.4858405, 45.9334366], [8.4859519, 45.933351], [8.4861499, 45.9334897], [8.4861186, 45.9335693], [8.4863758, 45.9340655], [8.4870854, 45.93478], [8.4871109, 45.9348701], [8.4877075, 45.935331], [8.4881806, 45.9356128], [8.4884414, 45.935726], [8.4887101, 45.9357897], [8.4889634, 45.9357234], [8.4891811, 45.9355993], [8.4895212, 45.9353872], [8.4898498, 45.9353775], [8.4900118, 45.9353728], [8.4901839, 45.9353672], [8.490332, 45.93532], [8.4904649, 45.9353632], [8.490667, 45.9353756], [8.490756, 45.9353158], [8.4907933, 45.9352475], [8.4908708, 45.9352426], [8.4909564, 45.9352944], [8.4910616, 45.9353679], [8.491221, 45.935388], [8.4913895, 45.9353629], [8.4916901, 45.9352878], [8.4919273, 45.935166], [8.4920663, 45.9350875], [8.4924333, 45.9349874], [8.4927326, 45.9350474], [8.4929242, 45.9350891], [8.4931387, 45.9352543], [8.4932615, 45.935339], [8.4932941, 45.9354915], [8.4933788, 45.9356014], [8.4939461, 45.9363385], [8.4952088, 45.9371293], [8.495729, 45.937276], [8.4961657, 45.9376244], [8.4968818, 45.9380507], [8.4970481, 45.9381211], [8.497236, 45.9381718], [8.4978665, 45.938342], [8.4988385, 45.9384606], [8.499663, 45.9382472], [8.5003389, 45.9381987], [8.5006128, 45.9380907], [8.5010433, 45.9379118], [8.5011168, 45.9377473], [8.5020837, 45.9376404], [8.502609, 45.9374917], [8.5028771, 45.9372032], [8.5033457, 45.9372405], [8.5035649, 45.9371686], [8.5043942, 45.9368966], [8.5047117, 45.9367925], [8.506191, 45.9368184], [8.5072598, 45.9367451], [8.507383, 45.9369127], [8.5072928, 45.9370933], [8.5072043, 45.9371411], [8.5073553, 45.9372661], [8.5075415, 45.9372892], [8.5076169, 45.9372309], [8.5078526, 45.9372221], [8.5080629, 45.9374868], [8.5086681, 45.9378342], [8.5088535, 45.9381496], [8.5088864, 45.9382057], [8.5089395, 45.9382834], [8.5093611, 45.9389001], [8.5099478, 45.938534], [8.5098049, 45.9383378], [8.5098601, 45.9382697], [8.510102, 45.9382885], [8.5102588, 45.9381989], [8.5111055, 45.9386575], [8.5114087, 45.9389454], [8.5114403, 45.9393283], [8.5119147, 45.9394592], [8.5120489, 45.9394962], [8.5126047, 45.9394859], [8.5130879, 45.9397414], [8.5140415, 45.9394814], [8.5146028, 45.9392301], [8.5148774, 45.9386347], [8.5166003, 45.9375999], [8.5179817, 45.9375518], [8.5192219, 45.937072], [8.5214884, 45.9362084], [8.5221641, 45.9363081], [8.5226932, 45.9362233], [8.52285, 45.9361291], [8.5229, 45.9360991], [8.5230594, 45.9360035], [8.523124, 45.9359648], [8.5235257, 45.9358417], [8.5239049, 45.9354963], [8.5240068, 45.9354351], [8.5244811, 45.9351505], [8.5267799, 45.9345127], [8.529554, 45.9341099], [8.5298765, 45.9339577], [8.5303449, 45.9337366], [8.530396, 45.9337125], [8.5312644, 45.9333891], [8.5315988, 45.9332198], [8.5318449, 45.9332454], [8.5324779, 45.9327749], [8.5325232, 45.9327758], [8.5339781, 45.9327033], [8.5361126, 45.9322197], [8.5366452, 45.9317144], [8.5368776, 45.9315843], [8.5369535, 45.931597], [8.5373318, 45.9316697], [8.5376384, 45.9316684], [8.537979, 45.9314546], [8.5379262, 45.931385], [8.5379725, 45.9312913], [8.5380431, 45.9311941], [8.5384415, 45.9311592], [8.5391381, 45.9309498], [8.5391886, 45.9309733], [8.5399152, 45.9308502], [8.5403162, 45.9306287], [8.5408152, 45.9300149], [8.5407739, 45.9299981], [8.5407402, 45.9299285], [8.5407632, 45.9299255], [8.540788, 45.9299788], [8.5409763, 45.9300637], [8.5410621, 45.929958], [8.5408349, 45.9298547], [8.5408231, 45.9298493], [8.5408684, 45.9298003], [8.5411447, 45.9295011], [8.54174, 45.9288566], [8.541901, 45.9286823], [8.5419941, 45.9285815], [8.5421128, 45.9284726], [8.5422592, 45.9283989], [8.5426568, 45.9282738], [8.5436615, 45.9278024], [8.5437215, 45.927745], [8.5438551, 45.9276171], [8.5439542, 45.9274497], [8.54415, 45.9271008], [8.5445905, 45.9266507], [8.5445436, 45.9266087], [8.5448026, 45.9263723], [8.5452213, 45.9261581], [8.5452554, 45.9260896], [8.5453021, 45.9260587], [8.5453551, 45.9260907], [8.5457754, 45.925821], [8.5457093, 45.9257345], [8.5456993, 45.9256805], [8.5457332, 45.925685], [8.5457958, 45.925691], [8.5461207, 45.9255182], [8.5465137, 45.9253093], [8.5474854, 45.9241571], [8.5475008, 45.9241298], [8.5475514, 45.9240402], [8.5478188, 45.9235669], [8.547818, 45.9231329], [8.5478995, 45.9227535], [8.5483867, 45.9221402], [8.5488322, 45.9216763], [8.5496059, 45.9211719], [8.549704, 45.9210524], [8.5499467, 45.9209783], [8.5501757, 45.9209261], [8.5508983, 45.9209399], [8.5509085, 45.9209925], [8.551436, 45.9209981], [8.5514696, 45.9210191], [8.5519307, 45.9209435], [8.5524083, 45.9208521], [8.5526359, 45.9207085], [8.5525871, 45.9205822], [8.5533222, 45.9202872], [8.5533557, 45.9202817], [8.5533684, 45.9202849], [8.5533763, 45.9202945], [8.5533713, 45.9203018]]]}}, {"type": "Feature", "properties": {"nome": "Lago Maggiore"}, "geometry": {"type": "Polygon", "coordinates": [[[8.6185457, 45.726179], [8.6176386, 45.7239774], [8.6175528, 45.7239822], [8.6174928, 45.7238794], [8.6174755, 45.7238496], [8.6171568, 45.7238744], [8.616954, 45.7239163], [8.6167892, 45.7239335], [8.6164262, 45.724024], [8.6164177, 45.7240279], [8.6162913, 45.7240863], [8.6161537, 45.7241075], [8.6155596, 45.7242791], [8.6150118, 45.7242324], [8.6141204, 45.7242831], [8.6130945, 45.7244478], [8.613066, 45.7244267], [8.6129687, 45.7244276], [8.6129486, 45.7244536], [8.6129109, 45.7244646], [8.6128008, 45.7244602], [8.6127266, 45.724474], [8.6126899, 45.7244786], [8.6125565, 45.7244954], [8.6124244, 45.7245121], [8.6123572, 45.7245165], [8.6123511, 45.7245531], [8.6122525, 45.7245559], [8.6122414, 45.7246065], [8.6121474, 45.7246087], [8.6119195, 45.7246013], [8.6119046, 45.7245997], [8.6117391, 45.7245964], [8.6115545, 45.7245793], [8.6115316, 45.7245547], [8.6114765, 45.7245413], [8.6113371, 45.7245451], [8.6112002, 45.7246306], [8.6111159, 45.7246326], [8.6109326, 45.7246539], [8.6107093, 45.7246848], [8.61026, 45.7247747], [8.6102252, 45.7247654], [8.6101206, 45.7247562], [8.6100061, 45.7247691], [8.6099839, 45.7247715], [8.6099907, 45.7247371], [8.6098131, 45.7247302], [8.6097996, 45.7247472], [8.6097358, 45.7247557], [8.6095919, 45.7247436], [8.6094979, 45.7247375], [8.6091244, 45.7247099], [8.6086598, 45.7247942], [8.6080898, 45.7247641], [8.6075788, 45.7246965], [8.6063461, 45.7245797], [8.6059287, 45.7245402], [8.6059027, 45.7245921], [8.605645, 45.7246107], [8.6052796, 45.7246443], [8.605285, 45.7247931], [8.6049627, 45.7248961], [8.6048395, 45.7247485], [8.6046245, 45.7248282], [8.6044441, 45.7248935], [8.6042524, 45.7249304], [8.6039519, 45.7249533], [8.6033094, 45.7249013], [8.6031609, 45.7248878], [8.6029962, 45.7249043], [8.6029137, 45.7249447], [8.6028891, 45.7250012], [8.6027787, 45.7249921], [8.6026436, 45.7249364], [8.6025237, 45.7249262], [8.6024287, 45.7249396], [8.6023298, 45.7249962], [8.6017391, 45.7249266], [8.6016991, 45.7251179], [8.601613, 45.7251316], [8.6014331, 45.7253728], [8.6011519, 45.7252703], [8.601157, 45.7251884], [8.6011042, 45.7251447], [8.6010241, 45.7251074], [8.6002794, 45.7251624]]]}}, {"type": "Feature", "properties": {"nome": "Lago Maggiore"}, "geometry": {"type": "Polygon", "coordinates": [[[8.6198769, 45.7280663], [8.6198707, 45.7280348], [8.6198487, 45.7280209], [8.619739, 45.727846], [8.6196398, 45.7277233], [8.6196477, 45.7274937], [8.6196642, 45.7272148], [8.6195577, 45.7269851], [8.6193806, 45.7266947], [8.6190923, 45.7264934], [8.6188781, 45.7265912], [8.618668, 45.7265596], [8.618495, 45.7264302], [8.6185457, 45.726179]]]}}, {"type": "Feature", "properties": {"nome": "Lago Maggiore"}, "geometry": {"type": "Polygon", "coordinates": [[[8.6185516, 45.7293879], [8.6187625, 45.729343], [8.6190788, 45.7292644], [8.6193127, 45.7292063], [8.6195005, 45.7288617], [8.6194411, 45.7288435], [8.6194705, 45.728785], [8.6195459, 45.7287898], [8.6196237, 45.7287001], [8.6195885, 45.7286729], [8.6196142, 45.7286272], [8.619634, 45.7285921], [8.6197255, 45.7286014], [8.6198713, 45.7284219], [8.619878, 45.7283904], [8.619914, 45.728214], [8.6199409, 45.7281576], [8.6199597, 45.7281183], [8.6198769, 45.7280663]]]}}, {"type": "Feature", "properties": {"nome": "Lago Maggiore"}, "geometry": {"type": "Polygon", "coordinates": [[[8.6184678, 45.7293962], [8.6184063, 45.7293328], [8.6184486, 45.7293186], [8.6185183, 45.7293012], [8.6185516, 45.7293879]]]}}, {"type": "Feature", "properties": {"nome": "Lago Maggiore"}, "geometry": {"type": "Polygon", "coordinates": [[[8.6171751, 45.7296864], [8.6173299, 45.7296382], [8.6174887, 45.7296174], [8.6176177, 45.7295737], [8.6177538, 45.7295233], [8.618201, 45.7293686], [8.6182669, 45.7294458], [8.6184678, 45.7293962]]]}}, {"type": "Feature", "properties": {"nome": "Lago Maggiore"}, "geometry": {"type": "Polygon", "coordinates": [[[8.6167103, 45.7296001], [8.6168028, 45.7296987], [8.6169843, 45.7296857], [8.6171751, 45.7296864]]]}}, {"type": "Feature", "properties": {"nome": "Lago Maggiore"}, "geometry": {"type": "Polygon", "coordinates": [[[8.6156297, 45.7291886], [8.615729, 45.7292321], [8.6159037, 45.7293087], [8.6160797, 45.7292511], [8.6162477, 45.7294101], [8.6163482, 45.7293867], [8.6165283, 45.7294063], [8.6167103, 45.7296001]]]}}, {"type": "Feature", "properties": {"nome": "Lago Maggiore"}, "geometry": {"type": "Polygon", "coordinates": [[[8.6101281, 45.7267791], [8.6102136, 45.7267162], [8.6110373, 45.7264519], [8.6112835, 45.7264401], [8.6116206, 45.7265625], [8.6121168, 45.7265822], [8.6122933, 45.7266143], [8.6124887, 45.7267005], [8.6126368, 45.726881], [8.6129471, 45.7270845], [8.613022, 45.7271658], [8.6131316, 45.7273462], [8.6133998, 45.7275901], [8.6134809, 45.7276452], [8.6136412, 45.7277574], [8.6139169, 45.7279517], [8.6141228, 45.7280381], [8.614553, 45.7283388], [8.6145766, 45.7284175], [8.6142586, 45.7286191], [8.6143135, 45.7286647], [8.6143672, 45.7287094], [8.6146671, 45.7285529], [8.6147121, 45.7285486], [8.614759, 45.728564], [8.6148567, 45.7285962], [8.615027, 45.7287409], [8.6152625, 45.7289203], [8.6154567, 45.7290489], [8.6156297, 45.7291886]]]}}, {"type": "Feature", "properties": {"nome": "Lago Maggiore"}, "geometry": {"type": "Polygon", "coordinates": [[[8.6050247, 45.7279215], [8.6050321, 45.7278785], [8.6050352, 45.727836], [8.6050251, 45.7277904], [8.6050503, 45.7277191], [8.6050921, 45.7277102], [8.6051245, 45.7276698], [8.6051563, 45.7276344], [8.6052239, 45.7275761], [8.6052939, 45.7275165], [8.6053107, 45.7274635], [8.6053721, 45.7274187], [8.6053916, 45.7273782], [8.6054688, 45.7273305], [8.605562, 45.7272359], [8.6056371, 45.7271267], [8.6056807, 45.7269292], [8.6063525, 45.7268262], [8.6069994, 45.7267905], [8.608286, 45.7265979], [8.6085675, 45.7266013], [8.6088699, 45.7266474], [8.6093464, 45.7266821], [8.6097139, 45.7267215], [8.6098669, 45.7267925], [8.609993, 45.7268187], [8.6100733, 45.7268057], [8.6101281, 45.7267791]]]}}, {"type": "Feature", "properties": {"nome": "Lago Maggiore"}, "geometry": {"type": "Polygon", "coordinates": [[[8.604799, 45.7297269], [8.6047157, 45.7296661], [8.6048167, 45.7292136], [8.6049431, 45.7290822], [8.6050083, 45.7288949], [8.6049517, 45.7287008], [8.6048884, 45.7285763], [8.6050472, 45.7283638], [8.6050528, 45.7281131], [8.6050247, 45.7279215]]]}}, {"type": "Feature", "properties": {"nome": "Lago Maggiore"}, "geometry": {"type": "Polygon", "coordinates": [[[8.6056544, 45.731671], [8.6056414, 45.7316266], [8.6055348, 45.7312619], [8.6055262, 45.7312374], [8.60539, 45.7308507], [8.6053761, 45.7308348], [8.6051539, 45.7305804], [8.6049128, 45.7301385], [8.6046231, 45.72994], [8.6048163, 45.7298277], [8.604799, 45.7297269]]]}}, {"type": "Feature", "properties": {"nome": "Lago Maggiore"}, "geometry": {"type": "Polygon", "coordinates": [[[8.6066904, 45.7327741], [8.6064658, 45.7326681], [8.6059249, 45.732481], [8.6057781, 45.7321058], [8.605774, 45.7319519], [8.6056544, 45.731671]]]}}, {"type": "Feature", "properties": {"nome": "Lago Maggiore"}, "geometry": {"type": "Polygon", "coordinates": [[[8.6069215, 45.733294], [8.6068571, 45.7330861], [8.6067874, 45.7329176], [8.6067472, 45.7328465], [8.6066904, 45.7327741]]]}}, {"type": "Feature", "properties": {"nome": "Lago Maggiore"}, "geometry": {"type": "Polygon", "coordinates": [[[8.6053709, 45.7350449], [8.6053079, 45.735002], [8.6053849, 45.7349657], [8.6056073, 45.7348765], [8.6057505, 45.73485], [8.6058745, 45.7348054], [8.6059291, 45.7347205], [8.6059613, 45.7345034], [8.6059748, 45.7344389], [8.6060043, 45.7344183], [8.6060875, 45.7344071], [8.6061088, 45.7344041], [8.606117, 45.7343677], [8.6060955, 45.7343116], [8.6061331, 45.7342348], [8.6062697, 45.7339717], [8.6063515, 45.7338966], [8.606198, 45.7338324], [8.6062221, 45.733806], [8.6062409, 45.7337855], [8.6064171, 45.7338364], [8.6064655, 45.733792], [8.6068813, 45.7334269], [8.6069215, 45.733294]]]}}, {"type": "Feature", "properties": {"nome": "Lago Maggiore"}, "geometry": {"type": "Polygon", "coordinates": [[[8.6031263, 45.7351986], [8.6033615, 45.7353053], [8.6036536, 45.7349871], [8.6039704, 45.7351277], [8.6038145, 45.7353023], [8.6035603, 45.735576], [8.6041089, 45.7358344], [8.604141, 45.735803], [8.6043921, 45.7355578], [8.6044064, 45.7355428], [8.6045998, 45.7353411], [8.6046446, 45.7352943], [8.6046327, 45.735254], [8.6048588, 45.7351003], [8.60493, 45.7351409], [8.6049764, 45.7351673], [8.6050183, 45.7351897], [8.605045, 45.7352178], [8.6051971, 45.7351371], [8.6053709, 45.7350449]]]}}, {"type": "Feature", "properties": {"nome": "Lago Maggiore"}, "geometry": {"type": "Polygon", "coordinates": [[[8.6022174, 45.7347553], [8.6023038, 45.7349011], [8.6022924, 45.734928], [8.6025403, 45.7350909], [8.6026028, 45.7351091], [8.6027169, 45.735114], [8.6028271, 45.7351712], [8.6031263, 45.7351986]]]}}, {"type": "Feature", "properties": {"nome": "Lago Maggiore"}, "geometry": {"type": "Polygon", "coordinates": [[[8.6005158, 45.734055], [8.6008284, 45.7341961], [8.6009248, 45.734252], [8.6010888, 45.7342535], [8.6010925, 45.7342182], [8.6011871, 45.734223], [8.6011814, 45.7342771], [8.60147, 45.7342514], [8.6017901, 45.7342029], [8.6018533, 45.7343189], [8.6019543, 45.7343553], [8.6019829, 45.7343959], [8.6019767, 45.7345939], [8.6020071, 45.734612], [8.6020489, 45.7346076], [8.6020944, 45.7345358], [8.6021409, 45.7345405], [8.6022319, 45.7346308], [8.6022174, 45.7347553]]]}}, {"type": "Feature", "properties": {"nome": "Lago Maggiore"}, "geometry": {"type": "Polygon", "coordinates": [[[8.5998339, 45.7337376], [8.5998705, 45.7337325], [8.6000644, 45.7337703], [8.6000878, 45.7337749], [8.6001085, 45.7338053], [8.6001164, 45.7338169], [8.6000892, 45.7338729], [8.6001391, 45.7338904], [8.600168, 45.7338623], [8.6002148, 45.7338876], [8.6005158, 45.734055]]]}}, {"type": "Feature", "properties": {"nome": "Lago Maggiore"}, "geometry": {"type": "Polygon", "coordinates": [[[8.5990554, 45.7337045], [8.5992842, 45.7337579], [8.5994826, 45.7337843], [8.5996172, 45.733776], [8.5997407, 45.7337505], [8.5998339, 45.7337376]]]}}, {"type": "Feature", "properties": {"nome": "Lago Maggiore"}, "geometry": {"type": "Polygon", "coordinates": [[[8.5988731, 45.7336588], [8.5989355, 45.7336696], [8.5990554, 45.7337045]]]}}, {"type": "Feature", "properties": {"nome": "Lago Maggiore"}, "geometry": {"type": "Polygon", "coordinates": [[[8.5976736, 45.7360085], [8.5975742, 45.7359826], [8.5973145, 45.7359663], [8.5973054, 45.7356056], [8.5973199, 45.7354053], [8.5974272, 45.7353291], [8.5974821, 45.7353239], [8.5975272, 45.7352847], [8.5974447, 45.7352277], [8.5975105, 45.7351688], [8.5975313, 45.7348164], [8.5974365, 45.7347329], [8.5977632, 45.7346774], [8.597815, 45.7344435], [8.5978278, 45.7343601], [8.5977431, 45.7342724], [8.5977272, 45.7340895], [8.597854, 45.7340679], [8.5978261, 45.7339538], [8.5980563, 45.7337964], [8.5982528, 45.7337791], [8.5983086, 45.7337026], [8.5981058, 45.7336053], [8.5979391, 45.7334022], [8.5980036, 45.7332775], [8.5981562, 45.7332256], [8.59819, 45.7331234], [8.5983222, 45.7330684], [8.5984449, 45.7330454], [8.5985522, 45.7331063], [8.5986312, 45.7332533], [8.5987835, 45.7334557], [8.5988287, 45.7336265], [8.5988731, 45.7336588]]]}}, {"type": "Feature", "properties": {"nome": "Lago Maggiore"}, "geometry": {"type": "Polygon", "coordinates": [[[8.5970673, 45.7385898], [8.5968545, 45.7385698], [8.5966052, 45.7384428], [8.5967236, 45.7382348], [8.5965576, 45.7379963], [8.5967987, 45.7379743], [8.5969712, 45.7379979], [8.596823, 45.7378836], [8.5967885, 45.7377324], [8.596888, 45.7376265], [8.5969595, 45.7375262], [8.5968871, 45.7374653], [8.5969875, 45.7374143], [8.5970272, 45.7373256], [8.5970442, 45.7372596], [8.597026, 45.7371815], [8.5970189, 45.7371208], [8.5970691, 45.7370818], [8.5970982, 45.737026], [8.5970852, 45.7369529], [8.5972174, 45.7368929], [8.59741, 45.7367886], [8.5975319, 45.736725], [8.5975148, 45.7366394], [8.5974416, 45.7366014], [8.5973924, 45.7361361], [8.597664, 45.7361432]]]}}, {"type": "Feature", "properties": {"nome": "Lago Maggiore"}, "geometry": {"type": "Polygon", "coordinates": [[[8.5967289, 45.7405762], [8.5968323, 45.7402382], [8.5970127, 45.7396263], [8.5970324, 45.7395023], [8.5970279, 45.739241], [8.5969313, 45.7390304], [8.5970316, 45.7387053]]]}}, {"type": "Feature", "properties": {"nome": "Lago Maggiore"}, "geometry": {"type": "Polygon", "coordinates": [[[8.5971154, 45.7421287], [8.5970866, 45.7420824], [8.5970938, 45.7418749], [8.5970395, 45.7418188], [8.597039, 45.7416262], [8.597039, 45.7416106], [8.5969372, 45.7414572], [8.5968938, 45.7413423], [8.5968847, 45.7413181], [8.5968726, 45.741286], [8.5968369, 45.7411851], [8.5965731, 45.7409204], [8.5964668, 45.7408036], [8.5964812, 45.7406173], [8.5967289, 45.7405762]]]}}, {"type": "Feature", "properties": {"nome": "Lago Maggiore"}, "geometry": {"type": "Polygon", "coordinates": [[[8.596623, 45.7427903], [8.5963596, 45.7427535], [8.5965918, 45.7426312], [8.59666, 45.7424988], [8.5966606, 45.7423256], [8.5967113, 45.742262], [8.5967372, 45.7422396], [8.5969528, 45.7422043], [8.5971154, 45.7421287]]]}}, {"type": "Feature", "properties": {"nome": "Lago Maggiore"}, "geometry": {"type": "Polygon", "coordinates": [[[8.5960413, 45.7445158], [8.5961331, 45.7444651], [8.5961736, 45.7444112], [8.5961562, 45.7443841], [8.5960056, 45.7443206], [8.59594, 45.7442754], [8.5959274, 45.7442393], [8.5959751, 45.7440865], [8.5959724, 45.744019], [8.5960081, 45.7439741], [8.5961547, 45.7439206], [8.5961999, 45.7438893], [8.5962793, 45.743795], [8.5962948, 45.7436556], [8.5963535, 45.7435343], [8.5963735, 45.7433754], [8.5961806, 45.7432868], [8.5961493, 45.7431161], [8.5962509, 45.7430481], [8.5965445, 45.7430466], [8.596623, 45.7427903]]]}}, {"type": "Feature", "properties": {"nome": "Lago Maggiore"}, "geometry": {"type": "Polygon", "coordinates": [[[8.5960798, 45.7451971], [8.5960124, 45.7451706], [8.595901, 45.7450827], [8.5949845, 45.7450374], [8.5949933, 45.7449856], [8.5959962, 45.7450327], [8.595973, 45.7449905], [8.5959062, 45.7449465], [8.5958893, 45.7448935], [8.5959088, 45.7448534], [8.5959651, 45.7447376], [8.5960272, 45.744703], [8.5960413, 45.7445158]]]}}, {"type": "Feature", "properties": {"nome": "Lago Maggiore"}, "geometry": {"type": "Polygon", "coordinates": [[[8.595153, 45.7466035], [8.5952105, 45.7465674], [8.595269, 45.7464927], [8.5952683, 45.7464104], [8.5952213, 45.7463385], [8.5952352, 45.7462859], [8.5954146, 45.7462807], [8.5954631, 45.7462403], [8.5954619, 45.7461728], [8.5954339, 45.7461191], [8.595424, 45.7460819], [8.5954017, 45.7459988], [8.5954857, 45.7458599], [8.5956275, 45.7457529], [8.5958382, 45.7455624], [8.5959607, 45.7453232], [8.5960798, 45.7451971]]]}}, {"type": "Feature", "properties": {"nome": "Lago Maggiore"}, "geometry": {"type": "Polygon", "coordinates": [[[8.595372, 45.7476067], [8.5953892, 45.7475677], [8.595372, 45.7475046], [8.5954085, 45.7473517], [8.5953976, 45.7472932], [8.5954301, 45.7472438], [8.5955188, 45.7472036], [8.5955352, 45.7471586], [8.5951807, 45.7468379], [8.5951088, 45.7467926], [8.5950882, 45.746743], [8.595153, 45.7466035]]]}}, {"type": "Feature", "properties": {"nome": "Lago Maggiore"}, "geometry": {"type": "Polygon", "coordinates": [[[8.5951773, 45.7477559], [8.5953111, 45.7477024], [8.5953435, 45.747671], [8.595372, 45.7476067]]]}}, {"type": "Feature", "properties": {"nome": "Lago Maggiore"}, "geometry": {"type": "Polygon", "coordinates": [[[8.5943977, 45.7491771], [8.5944809, 45.748955], [8.5944704, 45.748847], [8.5945388, 45.7487302], [8.5945488, 45.7486717], [8.5946527, 45.7485326], [8.5946663, 45.7484201], [8.594757, 45.7483215], [8.5947734, 45.7482765], [8.5948016, 45.7481641], [8.5947652, 45.7480785], [8.5947863, 45.7480515], [8.5948973, 45.7480429], [8.5949328, 45.7480206], [8.5950172, 45.7478994], [8.5951773, 45.7477559]]]}}, {"type": "Feature", "properties": {"nome": "Lago Maggiore"}, "geometry": {"type": "Polygon", "coordinates": [[[8.5941346, 45.7501718], [8.5941609, 45.750097], [8.5942162, 45.7500027], [8.5942198, 45.7499442], [8.5942718, 45.7498723], [8.5942917, 45.7497824], [8.5943502, 45.7496926], [8.5943264, 45.7496565], [8.5942093, 45.7496156], [8.5941503, 45.7495569], [8.5941394, 45.7495163], [8.5941687, 45.749458], [8.5943061, 45.7493459], [8.5943613, 45.7492741], [8.5943977, 45.7491771]]]}}, {"type": "Feature", "properties": {"nome": "Lago Maggiore"}, "geometry": {"type": "Polygon", "coordinates": [[[8.5938141, 45.7509143], [8.5938878, 45.7507348], [8.5939604, 45.7505334], [8.5940174, 45.7503755], [8.5940452, 45.7503296], [8.5941052, 45.7502304], [8.594126, 45.7501961], [8.5941346, 45.7501718]]]}}, {"type": "Feature", "properties": {"nome": "Lago Maggiore"}, "geometry": {"type": "Polygon", "coordinates": [[[8.5931822, 45.7518773], [8.5933536, 45.7517367], [8.593305, 45.7514616], [8.5933677, 45.7513317], [8.593473, 45.7512554], [8.5935431, 45.7510713], [8.5936205, 45.7509579], [8.5938141, 45.7509143]]]}}, {"type": "Feature", "properties": {"nome": "Lago Maggiore"}, "geometry": {"type": "Polygon", "coordinates": [[[8.5916495, 45.7535944], [8.5918608, 45.7535442], [8.5921164, 45.7534955], [8.5922701, 45.7532517], [8.5924654, 45.7530129], [8.5926038, 45.7528893], [8.592776, 45.7527565], [8.5928503, 45.7526792], [8.5929307, 45.7525586], [8.5929836, 45.7523737], [8.5930446, 45.7520969], [8.5931822, 45.7518773]]]}}, {"type": "Feature", "properties": {"nome": "Lago Maggiore"}, "geometry": {"type": "Polygon", "coordinates": [[[8.5909583, 45.7536055], [8.5910637, 45.7535991], [8.5911113, 45.7535333], [8.5914443, 45.753556], [8.5916495, 45.7535944]]]}}, {"type": "Feature", "properties": {"nome": "Lago Maggiore"}, "geometry": {"type": "Polygon", "coordinates": [[[8.5840026, 45.7581205], [8.5839437, 45.7580325], [8.5840871, 45.7578854], [8.584325, 45.7574955], [8.5844275, 45.7564734], [8.5842829, 45.7560829], [8.5842809, 45.7559119], [8.5842524, 45.7558578], [8.584063, 45.7558166], [8.5839433, 45.7554876], [8.5839471, 45.7551951], [8.5840146, 45.7549838], [8.5838726, 45.7548393], [8.5843103, 45.7543369], [8.5843956, 45.7543102], [8.5846929, 45.7546356], [8.585177, 45.754905], [8.585505, 45.7549968], [8.5859748, 45.7549765], [8.586174, 45.7548522], [8.5864211, 45.7548798], [8.5865165, 45.7550729], [8.5867386, 45.7551492], [8.586985, 45.7551121], [8.5871698, 45.7549916], [8.5873774, 45.754915], [8.5874797, 45.7545464], [8.5875428, 45.7544971], [8.5876193, 45.7544868], [8.587739, 45.7544708], [8.5878562, 45.7544937], [8.5878879, 45.7545478], [8.5878308, 45.7546646], [8.5878898, 45.7547278], [8.5880108, 45.7546698], [8.5880992, 45.7546701], [8.5881742, 45.7549157], [8.588562, 45.7548551], [8.5894445, 45.7542159], [8.5899321, 45.7539116], [8.5903143, 45.7537375], [8.5905732, 45.7537159], [8.5908083, 45.7536583], [8.5909583, 45.7536055]]]}}, {"type": "Feature", "properties": {"nome": "Lago Maggiore"}, "geometry": {"type": "Polygon", "coordinates": [[[8.5816514, 45.7608232], [8.5818892, 45.7607803], [8.5820148, 45.7607276], [8.5825391, 45.7608454], [8.5825463, 45.7608081], [8.5825621, 45.7607268], [8.5826115, 45.7606567], [8.5826748, 45.7605201], [8.5821179, 45.7603508], [8.5821557, 45.7601957], [8.5824869, 45.7602198], [8.5824766, 45.7601244], [8.5822614, 45.7599695], [8.5820872, 45.7598027], [8.5820838, 45.7596549], [8.5822518, 45.7594732], [8.582423, 45.7593658], [8.5826163, 45.7593035], [8.582689, 45.7592588], [8.5829891, 45.7588954], [8.5830664, 45.7588731], [8.5832143, 45.7588602], [8.5834601, 45.7588881], [8.5835213, 45.7588613], [8.5835643, 45.7587925], [8.5837149, 45.7585515], [8.583753, 45.7583941], [8.5837214, 45.758331], [8.5835422, 45.7582178], [8.58352, 45.7581682], [8.5835507, 45.7581549], [8.5836453, 45.7581777], [8.5836488, 45.7581417], [8.5836088, 45.7581146], [8.5836139, 45.7580831], [8.5837345, 45.758079], [8.5838297, 45.7580209], [8.5838586, 45.7580255], [8.5839624, 45.7581204], [8.5840026, 45.7581205]]]}}, {"type": "Feature", "properties": {"nome": "Lago Maggiore"}, "geometry": {"type": "Polygon", "coordinates": [[[8.5801388, 45.7626157], [8.5803031, 45.7626874], [8.5807127, 45.7628662], [8.5808437, 45.7627128], [8.580926, 45.7626726], [8.5809633, 45.7626277], [8.5809386, 45.7624881], [8.5809468, 45.762475], [8.5809695, 45.7624387], [8.5810082, 45.7624254], [8.5810837, 45.7624391], [8.5811464, 45.7624259], [8.5811467, 45.7623944], [8.5810311, 45.7623669], [8.5810297, 45.7623489], [8.5810519, 45.7622556], [8.5810811, 45.7621331], [8.5810972, 45.7619171], [8.5811361, 45.7618768], [8.5812437, 45.7616657], [8.5813294, 45.7616075], [8.5813162, 45.7614792], [8.5812177, 45.7612832], [8.5812746, 45.7610674], [8.5814023, 45.7607012], [8.5816514, 45.7608232]]]}}, {"type": "Feature", "properties": {"nome": "Lago Maggiore"}, "geometry": {"type": "Polygon", "coordinates": [[[8.5787253, 45.7671918], [8.5787036, 45.7670747], [8.5786287, 45.7669979], [8.5786161, 45.7669529], [8.5786764, 45.7666336], [8.5787369, 45.7664943], [8.5787406, 45.7664313], [8.5786964, 45.7663231], [8.5787217, 45.7661702], [8.5786837, 45.7660936], [8.5787096, 45.7660355], [8.5787274, 45.7659955], [8.5788495, 45.7658466], [8.578979, 45.7657211], [8.5790678, 45.7656674], [8.5790844, 45.765609], [8.5789256, 45.7655544], [8.5787404, 45.7653917], [8.5786552, 45.7651709], [8.5786373, 45.7649953], [8.5785993, 45.7649142], [8.5784533, 45.7648731], [8.5783783, 45.7648008], [8.5782579, 45.7647779], [8.5780175, 45.764687], [8.5779619, 45.7645878], [8.5778264, 45.7644433], [8.5778291, 45.7642993], [8.577852, 45.7642499], [8.5779185, 45.7641601], [8.5780124, 45.7640749], [8.578415, 45.7637614], [8.5785041, 45.7636717], [8.5787611, 45.7632676], [8.5788542, 45.763079], [8.5789509, 45.7630433], [8.5789897, 45.763012], [8.5790437, 45.7628907], [8.579123, 45.762819], [8.5791573, 45.7627426], [8.5794725, 45.7625639], [8.5795786, 45.7625519], [8.5799283, 45.7625474], [8.5800881, 45.7625935], [8.5801388, 45.7626157]]]}}, {"type": "Feature", "properties": {"nome": "Lago Maggiore"}, "geometry": {"type": "Polygon", "coordinates": [[[8.5804646, 45.7684898], [8.5803508, 45.7684443], [8.580263, 45.768363], [8.580186, 45.7683402], [8.5801457, 45.7683491], [8.5801229, 45.7683895], [8.5800571, 45.7683848], [8.5800092, 45.7683306], [8.5798395, 45.7682444], [8.5797414, 45.7682396], [8.5796967, 45.7682079], [8.5796083, 45.7681986], [8.5795237, 45.7681173], [8.5794321, 45.7681124], [8.5792741, 45.7679633], [8.5792496, 45.7678012], [8.5791949, 45.767801], [8.5790724, 45.7678456], [8.5790242, 45.7678409], [8.5789762, 45.7678092], [8.5789207, 45.76771], [8.5787975, 45.7676376], [8.5786866, 45.7674121], [8.5786743, 45.7673446], [8.5787253, 45.7671918]]]}}, {"type": "Feature", "properties": {"nome": "Lago Maggiore"}, "geometry": {"type": "Polygon", "coordinates": [[[8.5830947, 45.7692817], [8.5830387, 45.7693092], [8.5829792, 45.7693135], [8.5828492, 45.769286], [8.5826403, 45.7692763], [8.5824959, 45.7692307], [8.5823029, 45.7692435], [8.5822645, 45.7692209], [8.5822362, 45.769124], [8.582109, 45.7691159], [8.5820813, 45.7692157], [8.5820299, 45.7692778], [8.5815109, 45.7693636], [8.5811911, 45.7692377], [8.5810186, 45.7690921], [8.5807261, 45.7689902], [8.5807248, 45.7689542], [8.5806032, 45.7688728], [8.5805587, 45.7688006], [8.5804933, 45.7685169], [8.5804646, 45.7684898]]]}}, {"type": "Feature", "properties": {"nome": "Lago Maggiore"}, "geometry": {"type": "Polygon", "coordinates": [[[8.5796074, 45.7713957], [8.5797128, 45.7714201], [8.5797977, 45.7714201], [8.5799263, 45.7713949], [8.5800723, 45.7713647], [8.5802009, 45.7713572], [8.5803329, 45.7713809], [8.5804992, 45.7713847], [8.5805874, 45.7713012], [8.5805743, 45.7711003], [8.5807191, 45.7709731], [8.5809069, 45.7707934], [8.5810648, 45.7706651], [8.5813253, 45.7705577], [8.5814058, 45.7704043], [8.5815155, 45.7703208], [8.5818481, 45.7702385], [8.5822963, 45.7701873], [8.5825537, 45.7702022], [8.5828241, 45.7702213], [8.5830551, 45.7702896], [8.58318, 45.7703473], [8.5833804, 45.7704602], [8.5835997, 45.7705399], [8.5838031, 45.7706397], [8.5839309, 45.770693], [8.5841472, 45.7707477], [8.5843482, 45.7708111], [8.5845591, 45.7708542], [8.5846756, 45.7706095], [8.5846013, 45.7704953], [8.5844928, 45.7704905], [8.5843135, 45.7705274], [8.5843306, 45.7705884], [8.5842208, 45.770606], [8.5841096, 45.770462], [8.5842784, 45.7704295], [8.5842661, 45.7703958], [8.5842859, 45.7703508], [8.5844208, 45.7701776], [8.5843925, 45.770101], [8.5842953, 45.7699791], [8.5838676, 45.769766], [8.5830947, 45.7692817]]]}}, {"type": "Feature", "properties": {"nome": "Lago Maggiore"}, "geometry": {"type": "Polygon", "coordinates": [[[8.5643223, 45.7841763], [8.5645349, 45.7838258], [8.5645602, 45.7836683], [8.5644877, 45.7834881], [8.5645952, 45.783304], [8.5645299, 45.7832317], [8.5645354, 45.7831417], [8.5644924, 45.7830875], [8.5644945, 45.7830201], [8.564407, 45.7826381], [8.5643872, 45.7825516], [8.5642554, 45.7823396], [8.5642366, 45.7822765], [8.5642619, 45.7820703], [8.5642984, 45.7817727], [8.5642586, 45.7815116], [8.5641733, 45.7813087], [8.5640157, 45.7811101], [8.5639159, 45.7809207], [8.5638563, 45.780718], [8.5638335, 45.7805469], [8.5637749, 45.7804431], [8.5637905, 45.7802947], [8.5637591, 45.7802001], [8.5637871, 45.7801057], [8.5637878, 45.7800202], [8.5636875, 45.7798938], [8.5636786, 45.7797902], [8.5635422, 45.7797262], [8.5632873, 45.7796218], [8.5632785, 45.7795361], [8.5632594, 45.7793251], [8.563287, 45.7792892], [8.5633913, 45.7793166], [8.563417, 45.7793167], [8.5634429, 45.7792943], [8.5634514, 45.7792358], [8.5634182, 45.7791592], [8.5634655, 45.7790739], [8.5635257, 45.7787816], [8.5636632, 45.778341], [8.5637978, 45.7779096], [8.5638582, 45.7777928], [8.5639343, 45.7777211], [8.564244, 45.7775873], [8.564412, 45.7775478], [8.5645747, 45.7774929], [8.5647506, 45.7773642], [8.5649893, 45.7770726], [8.5651806, 45.7769232], [8.5653919, 45.7768395], [8.5654767, 45.776785], [8.5655964, 45.7767418], [8.5656257, 45.7766924], [8.5656576, 45.7765171], [8.5657144, 45.7764543], [8.5659389, 45.7763156], [8.5662178, 45.7762177], [8.5662841, 45.7761729], [8.5663328, 45.7761146], [8.5664146, 45.7759349], [8.5665333, 45.7755483], [8.5666152, 45.7753551], [8.5667839, 45.7751577], [8.5672724, 45.7747726], [8.5675143, 45.7744537], [8.5675583, 45.7743956], [8.567597, 45.7743078], [8.5676058, 45.7742878], [8.5676407, 45.7739234], [8.567679, 45.7737615], [8.5678509, 45.7733571], [8.5679672, 45.7728626], [8.5680436, 45.7727593], [8.5681095, 45.7725571], [8.5683577, 45.7721866], [8.5683819, 45.7720758], [8.5684872, 45.771933], [8.5685403, 45.7718712], [8.5685489, 45.7718612], [8.5687094, 45.7718933], [8.5689685, 45.771548], [8.5687198, 45.7714591], [8.5690473, 45.7710022], [8.568845, 45.7709358], [8.568971, 45.7707344], [8.5688456, 45.7706922], [8.5687898, 45.7706574], [8.568781, 45.770636], [8.568791, 45.7706221], [8.5688005, 45.7706088], [8.5688278, 45.7705731], [8.5687792, 45.770557], [8.5688844, 45.7704539], [8.5690223, 45.7703868], [8.5691781, 45.770311], [8.5694359, 45.7702183], [8.5697213, 45.7701665], [8.5698801, 45.7701731], [8.5700705, 45.7701725], [8.5705485, 45.7702062], [8.5708054, 45.7702694], [8.5707971, 45.7704153], [8.5711313, 45.770475], [8.5714358, 45.7704791], [8.5715106, 45.7703388], [8.5724842, 45.7704266], [8.5727138, 45.7704587], [8.5727355, 45.7704597], [8.5730652, 45.7704618], [8.5729861, 45.7705679], [8.5731111, 45.7706132], [8.5731805, 45.7705177], [8.573326, 45.7704992], [8.573083, 45.7708768], [8.5737198, 45.7710879], [8.5739596, 45.7707565], [8.5740567, 45.7707525], [8.5741373, 45.7707493], [8.574227, 45.7708234], [8.5742226, 45.7708637], [8.5742943, 45.7708855], [8.5743249, 45.7708342], [8.5745108, 45.7707269], [8.5745957, 45.7707182], [8.5748664, 45.7707239], [8.5752124, 45.7707025], [8.5755397, 45.7707155], [8.5756623, 45.7707898], [8.5765068, 45.7707363], [8.5765399, 45.7707349], [8.5767056, 45.7707276], [8.5768467, 45.7707675], [8.577299, 45.7708701], [8.5773181, 45.7708744], [8.5774526, 45.7709101], [8.5775057, 45.7709949], [8.5776418, 45.7710607], [8.5777097, 45.7707569], [8.5777418, 45.7707644], [8.57767, 45.7710868], [8.5777739, 45.7711441], [8.5778882, 45.7707258], [8.5779238, 45.7707283], [8.5779069, 45.7707986], [8.5788038, 45.77093], [8.5787994, 45.7709493], [8.5779015, 45.7708186], [8.5778157, 45.771112], [8.577831, 45.7711139], [8.5790483, 45.7712662], [8.5791819, 45.7707471], [8.5789522, 45.7707137], [8.5789648, 45.7706428], [8.5782914, 45.7705574], [8.5782946, 45.770538], [8.5790001, 45.7706305], [8.578985, 45.7706961], [8.5792128, 45.7707295], [8.5790821, 45.7712704], [8.5790901, 45.7713134], [8.5794422, 45.7713551], [8.5795502, 45.7713824], [8.5796074, 45.7713957]]]}}, {"type": "Feature", "properties": {"nome": "Lago Maggiore"}, "geometry": {"type": "Polygon", "coordinates": [[[8.5686598, 45.7961117], [8.5686524, 45.7960233], [8.5686633, 45.7960051], [8.5687008, 45.7959427], [8.568792, 45.795917], [8.5688174, 45.7958196], [8.568579, 45.7958274], [8.5685915, 45.7957752], [8.5687302, 45.7957742], [8.5687935, 45.7957255], [8.5687886, 45.7956358], [8.5687365, 45.7955649], [8.5687474, 45.7954074], [8.5687805, 45.7953388], [8.5688128, 45.7946531], [8.5687615, 45.7944968], [8.5686974, 45.7943722], [8.5685869, 45.7941017], [8.5685086, 45.7940385], [8.5684459, 45.793988], [8.568304, 45.7938736], [8.5680995, 45.7934879], [8.5679325, 45.7930372], [8.5677166, 45.7926674], [8.5673755, 45.7923909], [8.5671969, 45.7922784], [8.5671696, 45.7922654], [8.5670062, 45.7922306], [8.566766, 45.7920184], [8.5667409, 45.7917726], [8.5668488, 45.791539], [8.5668719, 45.79133], [8.5668901, 45.7911648], [8.566857, 45.7908684], [8.5667165, 45.7905963], [8.5665148, 45.7902192], [8.5664928, 45.7900707], [8.5664369, 45.7898949], [8.5663356, 45.7897617], [8.5662411, 45.7896376], [8.566181, 45.7895069], [8.5660124, 45.7892632], [8.5659677, 45.7892225], [8.5658474, 45.7891861], [8.565715, 45.7890461], [8.5656031, 45.7889601], [8.5655653, 45.7888565], [8.565569, 45.7887935], [8.5656263, 45.7886587], [8.565693, 45.7885644], [8.5657573, 45.7883622], [8.5657451, 45.7882766], [8.5656209, 45.7881141], [8.5655746, 45.7878575], [8.5654412, 45.7876499], [8.5652162, 45.7874241], [8.5650938, 45.7873294], [8.5650291, 45.7872794], [8.565, 45.7872478], [8.5649334, 45.7871755], [8.564811, 45.7869995], [8.5647109, 45.7868128], [8.5645162, 45.7864448], [8.5644603, 45.7861791], [8.5644128, 45.7860934], [8.5643826, 45.7860667], [8.5643617, 45.7860482], [8.5643495, 45.7859582], [8.5642536, 45.785775], [8.5642291, 45.7857282], [8.5642477, 45.7856113], [8.5641435, 45.7853634], [8.5641199, 45.7852539], [8.5641124, 45.7852192], [8.5640976, 45.7848502], [8.5641012, 45.7848029], [8.5641209, 45.7845442], [8.564162, 45.7844229], [8.5643223, 45.7841763]]]}}, {"type": "Feature", "properties": {"nome": "Lago Maggiore"}, "geometry": {"type": "Polygon", "coordinates": [[[8.5685635, 45.7971135], [8.5684715, 45.7971121], [8.5684737, 45.7970529], [8.568274, 45.7970467], [8.5682704, 45.797109], [8.5682275, 45.7971084], [8.5682325, 45.7970468], [8.5682327, 45.7970295], [8.5682378, 45.7965102], [8.5682395, 45.7964435], [8.5682414, 45.7963676], [8.5684941, 45.7963721], [8.5686263, 45.7962635], [8.5686598, 45.7961117]]]}}, {"type": "Feature", "properties": {"nome": "Lago Maggiore"}, "geometry": {"type": "Polygon", "coordinates": [[[8.5685092, 45.7983947], [8.568387, 45.7984636], [8.5683128, 45.7985083], [8.5680034, 45.7985093], [8.5678785, 45.7982323], [8.5678224, 45.7982234], [8.5679075, 45.7978179], [8.5680209, 45.7977836], [8.5681869, 45.797285], [8.5681992, 45.797287], [8.5682115, 45.7972891], [8.5680979, 45.7976262], [8.568353, 45.7976614]]]}}, {"type": "Feature", "properties": {"nome": "Lago Maggiore"}, "geometry": {"type": "Polygon", "coordinates": [[[8.5733385, 45.8005864], [8.5732997, 45.8006133], [8.5731917, 45.8006399], [8.5728657, 45.8006229], [8.5728063, 45.8007709], [8.5726243, 45.8008511], [8.5724097, 45.800881], [8.5721737, 45.8008099], [8.5719913, 45.8007183], [8.572149, 45.8006205], [8.5718661, 45.8004216], [8.5717467, 45.8004995], [8.5716713, 45.8004812], [8.5713422, 45.8003817], [8.5712215, 45.8004135], [8.5710981, 45.8003499], [8.5711527, 45.8002804], [8.5707815, 45.8001221], [8.5707578, 45.7999583], [8.5702791, 45.7998231], [8.5701898, 45.799652], [8.5701356, 45.7995754], [8.570019, 45.7994759], [8.569993, 45.7994365], [8.5698854, 45.7992729], [8.5691498, 45.7989191], [8.5690298, 45.7988422], [8.5686894, 45.7985529], [8.5686434, 45.7985247]]]}}, {"type": "Feature", "properties": {"nome": "Lago Maggiore"}, "geometry": {"type": "Polygon", "coordinates": [[[8.5847639, 45.7976714], [8.5845787, 45.7977602], [8.5843287, 45.7978631], [8.5843154, 45.7979216], [8.5842621, 45.7979619], [8.5842166, 45.7979708], [8.584138, 45.7979665], [8.5840772, 45.7979432], [8.5839999, 45.7979482], [8.5839498, 45.7979968], [8.583905, 45.7980776], [8.5837494, 45.7981361], [8.5835779, 45.7982519], [8.583529, 45.7983278], [8.5834833, 45.7984271], [8.5834184, 45.7985124], [8.5834203, 45.7986199], [8.5832671, 45.7986682], [8.5832015, 45.7987579], [8.5828678, 45.7988152], [8.5826597, 45.7988141], [8.5825134, 45.7988592], [8.5822952, 45.7988613], [8.5819227, 45.7989271], [8.5817005, 45.7989472], [8.5814849, 45.7989599], [8.5814359, 45.7988946], [8.5811088, 45.7989536], [8.5807603, 45.7990653], [8.5806554, 45.7991588], [8.5803691, 45.7993249], [8.5802448, 45.7993829], [8.5799594, 45.7994764], [8.5797964, 45.7995523], [8.5799443, 45.7997192], [8.5799834, 45.7998583], [8.5798519, 45.799998], [8.5797134, 45.8000658], [8.5794988, 45.8001509], [8.5793193, 45.7999526], [8.5792219, 45.7998797], [8.5790266, 45.7999087], [8.5787013, 45.800088], [8.5783822, 45.8002312], [8.5781922, 45.8002665], [8.57817, 45.8002259], [8.5780896, 45.8002166], [8.5779892, 45.8003063], [8.5779782, 45.8006148], [8.578057, 45.80075], [8.5778674, 45.8009168], [8.5775411, 45.8009174], [8.5774774, 45.8007056], [8.5772442, 45.8007532], [8.5771457, 45.8006047], [8.5768898, 45.8006218], [8.5768846, 45.8008184], [8.5766685, 45.8009153], [8.5764272, 45.8009255], [8.5763008, 45.8008497], [8.5762575, 45.8006384], [8.5762229, 45.8005339], [8.5761053, 45.8005605], [8.5759381, 45.800562], [8.5759453, 45.8007614], [8.5757416, 45.8008022], [8.5756436, 45.8009953], [8.5755977, 45.8010766], [8.5754387, 45.801098], [8.5751493, 45.8010262], [8.5750138, 45.800963], [8.5749576, 45.8008893], [8.5750453, 45.8005431], [8.5747555, 45.8005015], [8.5747705, 45.8006439], [8.5745798, 45.8006449], [8.5745615, 45.8005147], [8.5744084, 45.8005175], [8.5743058, 45.800519], [8.5741322, 45.800539], [8.5740588, 45.8005466], [8.5739799, 45.8005547], [8.5735542, 45.8006099], [8.5733993, 45.8006012], [8.5733385, 45.8005864]]]}}, {"type": "Feature", "properties": {"nome": "Lago Maggiore"}, "geometry": {"type": "Polygon", "coordinates": [[[8.5857979, 45.7977785], [8.5856184, 45.7976833], [8.585514, 45.7976739], [8.5854549, 45.7976482], [8.5853357, 45.7976373], [8.5852576, 45.7976227], [8.5851764, 45.7976412], [8.5850302, 45.7976329], [8.5847639, 45.7976714]]]}}, {"type": "Feature", "properties": {"nome": "Lago Maggiore"}, "geometry": {"type": "Polygon", "coordinates": [[[8.5861922, 45.7978838], [8.5859987, 45.7978346], [8.5857979, 45.7977785]]]}}, {"type": "Feature", "properties": {"nome": "Lago Maggiore"}, "geometry": {"type": "Polygon", "coordinates": [[[8.5888392, 45.7985774], [8.5885819, 45.7987563], [8.5884461, 45.7988221], [8.588283, 45.7988614], [8.5881778, 45.7988913], [8.5880384, 45.7988763], [8.5878238, 45.798824], [8.5877031, 45.798843], [8.5876635, 45.7988867], [8.5876434, 45.7988979], [8.5876192, 45.7989129], [8.5875944, 45.7989264], [8.5875629, 45.7989362], [8.5875284, 45.798938], [8.5874963, 45.798929], [8.5874636, 45.7989147], [8.5874234, 45.7988867], [8.5874234, 45.7988362], [8.5874791, 45.7987547], [8.5873678, 45.7986145], [8.5872919, 45.7986061], [8.5872222, 45.7986744], [8.5871701, 45.7987413], [8.5869904, 45.7985797], [8.5869188, 45.7985265], [8.5869038, 45.798469], [8.5869769, 45.7984353], [8.5870592, 45.7983951], [8.587069, 45.7983726], [8.5870468, 45.798332], [8.5869571, 45.7982777], [8.5868591, 45.7982638], [8.5868211, 45.7981872], [8.5867187, 45.7981058], [8.5865769, 45.7981368], [8.5864084, 45.7980867], [8.5863571, 45.798064], [8.5864123, 45.7979922], [8.5864174, 45.7979562], [8.586387, 45.7979381], [8.5861922, 45.7978838]]]}}, {"type": "Feature", "properties": {"nome": "Lago Maggiore"}, "geometry": {"type": "Polygon", "coordinates": [[[8.5929472, 45.799293], [8.5921672, 45.8000157], [8.5917465, 45.8001312], [8.5912275, 45.7999694], [8.5906498, 45.7994342], [8.5904795, 45.7989508], [8.5901622, 45.7986409], [8.5896872, 45.7984316], [8.5894654, 45.7984038], [8.5891483, 45.7984387], [8.5888392, 45.7985774]]]}}, {"type": "Feature", "properties": {"nome": "Lago Maggiore"}, "geometry": {"type": "Polygon", "coordinates": [[[8.5963587, 45.799551], [8.5961501, 45.7990928], [8.595957, 45.7989712], [8.5946462, 45.7988478], [8.5932302, 45.798935]]]}}, {"type": "Feature", "properties": {"nome": "Lago Maggiore"}, "geometry": {"type": "Polygon", "coordinates": [[[8.5974681, 45.8003789], [8.5966464, 45.8000684], [8.5964084, 45.7997624], [8.5963587, 45.799551]]]}}, {"type": "Feature", "properties": {"nome": "Lago Maggiore"}, "geometry": {"type": "Polygon", "coordinates": [[[8.6015563, 45.802676], [8.6013477, 45.8023548], [8.6012102, 45.802076], [8.6010363, 45.8019166], [8.6007644, 45.8017713], [8.6006542, 45.8016878], [8.6005703, 45.8016219], [8.6004109, 45.8015344], [8.5993038, 45.8010773], [8.5991616, 45.8010961], [8.5988707, 45.8011347], [8.5986149, 45.8009686], [8.598759, 45.8008708], [8.5990025, 45.8009101], [8.5990727, 45.800793], [8.5990565, 45.8006927], [8.598873, 45.8006286], [8.5986548, 45.8006539], [8.5984941, 45.8009096], [8.598301, 45.8007735], [8.5980067, 45.8005464], [8.5978298, 45.8005024], [8.5974681, 45.8003789]]]}}, {"type": "Feature", "properties": {"nome": "Lago Maggiore"}, "geometry": {"type": "Polygon", "coordinates": [[[8.6041272, 45.805158], [8.6038253, 45.8050508], [8.6033793, 45.8049123], [8.6032653, 45.8048988], [8.6030802, 45.8048504], [8.6029192, 45.8047856], [8.6028043, 45.8045682], [8.602595, 45.8043305], [8.6025697, 45.8043018], [8.6024554, 45.8040854], [8.6015563, 45.802676]]]}}, {"type": "Feature", "properties": {"nome": "Lago Maggiore"}, "geometry": {"type": "Polygon", "coordinates": [[[8.6061929, 45.8063102], [8.6061684, 45.8061105], [8.6059844, 45.8059613], [8.6059299, 45.8059341], [8.6055849, 45.8058114], [8.6053536, 45.8057655], [8.605214, 45.80572], [8.6050766, 45.8056424], [8.6049643, 45.8055301], [8.6046335, 45.8054524], [8.6045966, 45.8054342], [8.6045267, 45.805317], [8.6044307, 45.8052356], [8.6043102, 45.8052172], [8.6041272, 45.805158]]]}}, {"type": "Feature", "properties": {"nome": "Lago Maggiore"}, "geometry": {"type": "Polygon", "coordinates": [[[8.6062938, 45.8064043], [8.6062046, 45.8063459], [8.6061929, 45.8063102]]]}}, {"type": "Feature", "properties": {"nome": "Lago Maggiore"}, "geometry": {"type": "Polygon", "coordinates": [[[8.6071125, 45.8078347], [8.6070987, 45.807653], [8.6071096, 45.8074472], [8.6070966, 45.8072569], [8.6071141, 45.8071698], [8.6068581, 45.8067147], [8.6067685, 45.8066416], [8.6065252, 45.8065445]]]}}, {"type": "Feature", "properties": {"nome": "Lago Maggiore"}, "geometry": {"type": "Polygon", "coordinates": [[[8.60772, 45.8109146], [8.6078166, 45.8108785], [8.6078695, 45.810736], [8.6078889, 45.8105855], [8.6078526, 45.8105498], [8.6078247, 45.8105319], [8.6077482, 45.8104852], [8.6078224, 45.810134], [8.6078195, 45.8098621], [8.6078094, 45.8096786], [8.607743, 45.8094498], [8.607671, 45.8093751], [8.6074531, 45.8093107], [8.6074734, 45.8092385], [8.6075934, 45.8092206], [8.6076041, 45.8091014], [8.6075794, 45.8089401], [8.6075051, 45.8087752], [8.6074007, 45.8086708], [8.6071903, 45.8085218], [8.6071175, 45.8083855], [8.6070289, 45.8082444], [8.6070293, 45.8081014], [8.6070222, 45.8079262], [8.6071125, 45.8078347]]]}}, {"type": "Feature", "properties": {"nome": "Lago Maggiore"}, "geometry": {"type": "Polygon", "coordinates": [[[8.6072143, 45.8132143], [8.6072228, 45.8131842], [8.6073329, 45.8127911], [8.6069832, 45.8127363], [8.6069864, 45.8127276], [8.6069888, 45.8127212], [8.6071949, 45.8121718], [8.6074794, 45.812226], [8.6075862, 45.8119677], [8.6076278, 45.8118745], [8.6076537, 45.8114877], [8.6075341, 45.8114936], [8.6075399, 45.8113984], [8.6076297, 45.8113945], [8.6076464, 45.8112805], [8.6076932, 45.8110705], [8.60772, 45.8109146]]]}}, {"type": "Feature", "properties": {"nome": "Lago Maggiore"}, "geometry": {"type": "Polygon", "coordinates": [[[8.6111637, 45.8215933], [8.6107709, 45.8213605], [8.6104451, 45.8211499], [8.6102403, 45.8209978], [8.6098899, 45.8208089], [8.6093856, 45.8205654], [8.609152, 45.8204591], [8.608888, 45.8203645], [8.6089393, 45.8203106], [8.6087746, 45.8202837], [8.6086708, 45.8202413], [8.6085875, 45.8201825], [8.6084253, 45.8201414], [8.6083404, 45.8200916], [8.608245, 45.819958], [8.6081022, 45.8198612], [8.6080603, 45.8198701], [8.607989, 45.819835], [8.6079189, 45.8198471], [8.6078836, 45.8198244], [8.6078193, 45.8198224], [8.6077313, 45.8197519], [8.6076066, 45.819692], [8.6073407, 45.8194624], [8.6072013, 45.8193854], [8.6069364, 45.8192016], [8.6065514, 45.818974], [8.6064792, 45.8188236], [8.6065282, 45.818762], [8.6065498, 45.8186675], [8.606499, 45.8185728], [8.606477, 45.8184312], [8.6064564, 45.8183767], [8.6063672, 45.8183248], [8.6062969, 45.8182481], [8.6062404, 45.8181189], [8.6062454, 45.8180057], [8.6062386, 45.8179165], [8.6063086, 45.8178415], [8.6064535, 45.8177948], [8.6065105, 45.8177467], [8.6065524, 45.8176145], [8.6065672, 45.817565], [8.6065489, 45.8174665], [8.6066498, 45.8174039], [8.6067072, 45.8173244], [8.6067093, 45.8172685], [8.6067554, 45.8171599], [8.606844, 45.8170717], [8.6068717, 45.8168236], [8.6068728, 45.8167069], [8.6069952, 45.8166626], [8.6070304, 45.8166182], [8.607062, 45.8165451], [8.6070344, 45.8164776], [8.6070532, 45.8164066], [8.6071884, 45.8163375], [8.6072401, 45.8161544], [8.6072554, 45.8160375], [8.6072683, 45.816014], [8.6072921, 45.8159703], [8.6072927, 45.8157881], [8.6072951, 45.8157486], [8.6073683, 45.8157149], [8.6073847, 45.8156909], [8.6074012, 45.8156256], [8.6074025, 45.8155729], [8.6073415, 45.8155719], [8.6072873, 45.8155664], [8.6072636, 45.8155262], [8.6072685, 45.815499], [8.6072731, 45.8154741], [8.6072747, 45.8154533], [8.6072975, 45.8154226], [8.6073454, 45.8153984], [8.6073528, 45.8153734], [8.6073595, 45.8153511], [8.607141, 45.8153945], [8.6071316, 45.8153305], [8.6070784, 45.8152779], [8.6070553, 45.8152125], [8.6069674, 45.8147412], [8.6069028, 45.8143946], [8.6069448, 45.8141028], [8.6070881, 45.8137], [8.6071315, 45.8136393], [8.607084, 45.8136218], [8.607076, 45.8135192], [8.607178, 45.8134245], [8.607141, 45.8132875], [8.6070642, 45.8131909], [8.6072143, 45.8132143]]]}}, {"type": "Feature", "properties": {"nome": "Lago Maggiore"}, "geometry": {"type": "Polygon", "coordinates": [[[8.6115875, 45.8221735], [8.6114607, 45.8219365], [8.6114059, 45.8217736], [8.6111637, 45.8215933]]]}}, {"type": "Feature", "properties": {"nome": "Lago Maggiore"}, "geometry": {"type": "Polygon", "coordinates": [[[8.6139405, 45.8256022], [8.6133988, 45.8257533], [8.6128578, 45.8257918], [8.6124846, 45.8257769], [8.6123139, 45.8257313], [8.6122213, 45.8256815], [8.6121734, 45.8256273], [8.6121198, 45.8254696], [8.6119121, 45.8252528], [8.6118292, 45.8251355], [8.6117598, 45.8249599], [8.6117534, 45.8248246], [8.6118886, 45.8246186], [8.6120069, 45.824517], [8.6120011, 45.8244881], [8.6120017, 45.824444], [8.6118807, 45.824369], [8.6117468, 45.8242643], [8.6116677, 45.8241632], [8.6117063, 45.8241581], [8.6117848, 45.8242605], [8.611917, 45.8243535], [8.6120084, 45.824409], [8.6120986, 45.8243535], [8.6120989, 45.824313], [8.6120101, 45.8241191], [8.6119997, 45.8239931], [8.6120393, 45.8236242], [8.6119876, 45.8234125], [8.6119867, 45.8233135], [8.611955, 45.8232504], [8.6120168, 45.8229131], [8.6119723, 45.822759], [8.6118251, 45.8224804], [8.6115875, 45.8221735]]]}}, {"type": "Feature", "properties": {"nome": "Lago Maggiore"}, "geometry": {"type": "Polygon", "coordinates": [[[8.6184183, 45.8235374], [8.6182554, 45.8234857], [8.6179669, 45.8234778], [8.6177031, 45.8234537], [8.6173343, 45.82364], [8.6170302, 45.8237291], [8.6165645, 45.8238252], [8.6159509, 45.8241379], [8.6158212, 45.8242725], [8.6154737, 45.8244917], [8.6151871, 45.8247517], [8.6150096, 45.8248186], [8.6149062, 45.8248812], [8.6147229, 45.825101], [8.6143824, 45.8252303], [8.6141701, 45.82545], [8.6139405, 45.8256022]]]}}, {"type": "Feature", "properties": {"nome": "Lago Maggiore"}, "geometry": {"type": "Polygon", "coordinates": [[[8.6232461, 45.8251949], [8.6226891, 45.8254127], [8.622184, 45.8253555], [8.6217034, 45.8250994], [8.6212575, 45.8249584], [8.620763, 45.824763], [8.6205121, 45.8244965], [8.6201678, 45.8242523], [8.6199228, 45.8242757], [8.6195873, 45.8241874], [8.6191345, 45.8239951], [8.6187861, 45.8239542], [8.6186333, 45.8237239], [8.6184183, 45.8235374]]]}}, {"type": "Feature", "properties": {"nome": "Lago Maggiore"}, "geometry": {"type": "Polygon", "coordinates": [[[8.6233598, 45.8257894], [8.6233492, 45.8255734], [8.6233476, 45.8253153], [8.6233315, 45.8252606], [8.6232461, 45.8251949]]]}}, {"type": "Feature", "properties": {"nome": "Lago Maggiore"}, "geometry": {"type": "Polygon", "coordinates": [[[8.6246799, 45.8264288], [8.6245536, 45.8265453], [8.6245136, 45.8267432], [8.6244345, 45.8267834], [8.6243507, 45.8267452], [8.6242258, 45.8268435], [8.6240826, 45.8268596], [8.6239406, 45.8267007], [8.6236083, 45.8264662], [8.6234302, 45.8263655], [8.6231677, 45.8263895], [8.6230134, 45.826289], [8.6229429, 45.826147], [8.6230515, 45.8259474], [8.6233598, 45.8257894]]]}}, {"type": "Feature", "properties": {"nome": "Lago Maggiore"}, "geometry": {"type": "Polygon", "coordinates": [[[8.6252298, 45.8255352], [8.6250275, 45.82571], [8.624972, 45.8258178], [8.6248995, 45.826083], [8.6247391, 45.82624], [8.6246799, 45.8264288]]]}}, {"type": "Feature", "properties": {"nome": "Lago Maggiore"}, "geometry": {"type": "Polygon", "coordinates": [[[8.625571, 45.8247032], [8.6252631, 45.8248264], [8.6253247, 45.8250078], [8.6253262, 45.8252671], [8.6253018, 45.825351], [8.6252759, 45.8254652], [8.6252298, 45.8255352]]]}}, {"type": "Feature", "properties": {"nome": "Lago Maggiore"}, "geometry": {"type": "Polygon", "coordinates": [[[8.6255303, 45.8254124], [8.6255173, 45.8252973], [8.6257238, 45.8253311], [8.6259041, 45.8253026], [8.6260123, 45.8252624], [8.6259401, 45.8250865], [8.6260195, 45.8250647], [8.6258921, 45.8248469], [8.6258151, 45.8248654], [8.6257226, 45.8247277], [8.625571, 45.8247032]]]}}, {"type": "Feature", "properties": {"nome": "Lago Maggiore"}, "geometry": {"type": "Polygon", "coordinates": [[[8.6267009, 45.828458], [8.6265713, 45.8281838], [8.6264689, 45.8280642], [8.6263935, 45.8278905], [8.6262454, 45.8276271], [8.6260701, 45.8273737], [8.6259188, 45.8272405], [8.6257085, 45.8271096], [8.6256025, 45.8270568], [8.6252285, 45.8269475], [8.6250909, 45.8269308], [8.6249675, 45.8269029], [8.6248524, 45.826877], [8.6247884, 45.8268572], [8.6246578, 45.8268339], [8.6245795, 45.8267659], [8.6247403, 45.8265325], [8.6250045, 45.8262634], [8.6251178, 45.8259173], [8.625172, 45.8258395], [8.6252816, 45.8257379], [8.625362, 45.825514], [8.6254251, 45.8254459], [8.6255303, 45.8254124]]]}}, {"type": "Feature", "properties": {"nome": "Lago Maggiore"}, "geometry": {"type": "Polygon", "coordinates": [[[8.6267517, 45.830419], [8.6267745, 45.8303831], [8.6267243, 45.8302655], [8.626743, 45.8300454], [8.6265781, 45.8298525], [8.6266511, 45.8296361], [8.6268153, 45.8295822], [8.6267785, 45.8293075], [8.6267705, 45.8290555], [8.6267642, 45.8290375], [8.6267906, 45.8288508], [8.6267255, 45.828609], [8.6267009, 45.828458]]]}}, {"type": "Feature", "properties": {"nome": "Lago Maggiore"}, "geometry": {"type": "Polygon", "coordinates": [[[8.6243291, 45.8329988], [8.6244836, 45.8328371], [8.6246755, 45.8326628], [8.6247839, 45.8325048], [8.6248088, 45.8321119], [8.624895, 45.8320549], [8.6249694, 45.8319786], [8.6251339, 45.8318727], [8.625374, 45.8316235], [8.6256013, 45.831516], [8.6255661, 45.8314241], [8.6255552, 45.8312741], [8.6256514, 45.8311577], [8.625736, 45.830983], [8.6260838, 45.8306759], [8.6260721, 45.8304975], [8.6263413, 45.8302036], [8.6266285, 45.8302399], [8.6267517, 45.830419]]]}}, {"type": "Feature", "properties": {"nome": "Lago Maggiore"}, "geometry": {"type": "Polygon", "coordinates": [[[8.6237532, 45.8348105], [8.6236413, 45.8345829], [8.62341, 45.8344457], [8.6232932, 45.8344619], [8.6232197, 45.8344024], [8.6233169, 45.8343174], [8.6233495, 45.834201], [8.623134, 45.8339458], [8.6229753, 45.8337505], [8.6228418, 45.8336359], [8.6228124, 45.8334558], [8.6228469, 45.8333525], [8.6229861, 45.8332315], [8.6229584, 45.8331638], [8.6231977, 45.8329937], [8.6234697, 45.8329577], [8.6235884, 45.8327515], [8.6237658, 45.8326248], [8.6240868, 45.8329912], [8.6243291, 45.8329988]]]}}, {"type": "Feature", "properties": {"nome": "Lago Maggiore"}, "geometry": {"type": "Polygon", "coordinates": [[[8.6233151, 45.8364863], [8.6236151, 45.8359453], [8.623767, 45.8358309], [8.623916, 45.8355799], [8.6235354, 45.8350829], [8.6236889, 45.8349232], [8.6237532, 45.8348105]]]}}, {"type": "Feature", "properties": {"nome": "Lago Maggiore"}, "geometry": {"type": "Polygon", "coordinates": [[[8.6227564, 45.8386633], [8.6224433, 45.8385533], [8.6221261, 45.838358], [8.6220167, 45.8382718], [8.6218653, 45.8380966], [8.621697, 45.8377495], [8.6217491, 45.8376552], [8.6218867, 45.8377817], [8.6220216, 45.8380612], [8.6221096, 45.8381587], [8.6222458, 45.838297], [8.6224394, 45.8384092], [8.6227685, 45.8385409], [8.6228203, 45.8384961], [8.6227299, 45.8377145], [8.6228131, 45.8377331], [8.6228658, 45.8378743], [8.6230075, 45.8380132], [8.6232688, 45.8380841], [8.6233854, 45.838192], [8.6235876, 45.8380233], [8.6233574, 45.8378805], [8.6230228, 45.8376573], [8.6230188, 45.8375988], [8.6230122, 45.8375039], [8.6230321, 45.8374148], [8.623055, 45.8374065], [8.6231432, 45.8373748], [8.6236035, 45.8372761], [8.6238335, 45.8373266], [8.6238778, 45.8374501], [8.6238268, 45.8378605], [8.6240046, 45.8378609], [8.6240614, 45.8374894], [8.6240238, 45.8373202], [8.6239866, 45.8372128], [8.623793, 45.8371654], [8.6234642, 45.8371442], [8.623083, 45.8369816], [8.6230854, 45.8369143], [8.6231838, 45.8368721], [8.623258, 45.8365133], [8.6233151, 45.8364863]]]}}, {"type": "Feature", "properties": {"nome": "Lago Maggiore"}, "geometry": {"type": "Polygon", "coordinates": [[[8.6223619, 45.8396656], [8.6224318, 45.8396138], [8.6225267, 45.8395436], [8.6225939, 45.8395238], [8.6226359, 45.8394582], [8.6226511, 45.8393519], [8.6226145, 45.839274], [8.6224174, 45.8392643], [8.6224218, 45.8392181], [8.6225366, 45.8391502], [8.6225798, 45.8390668], [8.6226367, 45.838986], [8.6226837, 45.8388757], [8.6227134, 45.8388059], [8.6227564, 45.8386633]]]}}, {"type": "Feature", "properties": {"nome": "Lago Maggiore"}, "geometry": {"type": "Polygon", "coordinates": [[[8.6199121, 45.84673], [8.6198851, 45.8466804], [8.6197225, 45.8466294], [8.6195883, 45.8465308], [8.6196111, 45.8464904], [8.6197364, 45.846381], [8.6197141, 45.8462523], [8.6197253, 45.8461288], [8.6196613, 45.8460338], [8.619623, 45.8458761], [8.619579, 45.8456621], [8.6194913, 45.8455083], [8.6195932, 45.8453607], [8.6195822, 45.8452977], [8.6196598, 45.845253], [8.6198354, 45.8452311], [8.6198919, 45.8451998], [8.6199289, 45.8451005], [8.6199288, 45.844993], [8.6200976, 45.8447866], [8.6202073, 45.844742], [8.6203346, 45.8447244], [8.62035, 45.8445895], [8.6204391, 45.8444396], [8.6204873, 45.8444035], [8.6206172, 45.8443609], [8.6205854, 45.8442816], [8.6206214, 45.8442142], [8.6206126, 45.8440954], [8.6207119, 45.8439293], [8.6208349, 45.8438262], [8.6208772, 45.8437588], [8.6209968, 45.8436963], [8.6211331, 45.8435303], [8.62113, 45.8435123], [8.6210576, 45.8435075], [8.6210132, 45.8433296], [8.6212164, 45.8431716], [8.6214848, 45.8430307], [8.6216059, 45.8428884], [8.6216383, 45.8428616], [8.621585, 45.8426547], [8.6216245, 45.842532], [8.6216941, 45.8424618], [8.6219737, 45.8422958], [8.6219835, 45.8422733], [8.6219156, 45.8421053], [8.621881, 45.8419579], [8.6218087, 45.8419396], [8.621653, 45.8420207], [8.6214684, 45.841956], [8.6215322, 45.8417981], [8.6214884, 45.8416955], [8.6213641, 45.8417249], [8.6212348, 45.8415864], [8.6212937, 45.8414718], [8.621449, 45.8413578], [8.6213789, 45.8412315], [8.6213072, 45.8411188], [8.6213095, 45.8410243], [8.6214717, 45.8408314], [8.6216006, 45.8407219], [8.6216106, 45.8405258], [8.6215127, 45.8404895], [8.6214857, 45.8404264], [8.6214945, 45.8403816], [8.6216316, 45.8402829], [8.6216011, 45.8401964], [8.62164, 45.8401082], [8.6216593, 45.839986], [8.6218254, 45.8399506], [8.6218449, 45.8399192], [8.6218212, 45.8398516], [8.6218472, 45.8398157], [8.6220227, 45.8398118], [8.62216, 45.8397358], [8.6222502, 45.8397148], [8.6223619, 45.8396656]]]}}, {"type": "Feature", "properties": {"nome": "Lago Maggiore"}, "geometry": {"type": "Polygon", "coordinates": [[[8.6197244, 45.8480659], [8.619657, 45.8480206], [8.6191452, 45.8477668], [8.6189754, 45.8476491], [8.6189745, 45.8475456], [8.6191422, 45.8472672], [8.6193741, 45.846782], [8.6194326, 45.8466968], [8.6198216, 45.8467488], [8.6199121, 45.84673]]]}}, {"type": "Feature", "properties": {"nome": "Lago Maggiore"}, "geometry": {"type": "Polygon", "coordinates": [[[8.6197071, 45.8482278], [8.6197592, 45.8481425], [8.6197244, 45.8480659]]]}}, {"type": "Feature", "properties": {"nome": "Lago Maggiore"}, "geometry": {"type": "Polygon", "coordinates": [[[8.6190469, 45.85039], [8.6189652, 45.8503222], [8.6189622, 45.8502907], [8.6190232, 45.8501942], [8.6191275, 45.8501383], [8.6191729, 45.8500845], [8.6192113, 45.8499287], [8.6192015, 45.8499001], [8.6190542, 45.8497825], [8.6188926, 45.849872], [8.6186604, 45.8499251], [8.6185823, 45.8498123], [8.6184521, 45.8497759], [8.6184382, 45.8496903], [8.6185053, 45.8495132], [8.6188774, 45.8495029], [8.6188053, 45.8494486], [8.618688, 45.8494257], [8.6186527, 45.8494031], [8.6185656, 45.8493254], [8.6185347, 45.8492424], [8.6185529, 45.8491687], [8.6186176, 45.8491194], [8.6188298, 45.8491015], [8.6188915, 45.8490844], [8.6189207, 45.8490575], [8.6188941, 45.8489494], [8.618805, 45.8487916], [8.6188568, 45.8487468], [8.6188147, 45.8486336], [8.6185815, 45.8486145], [8.6183433, 45.8485637], [8.6181056, 45.8484461], [8.6181661, 45.848313], [8.6186431, 45.848323], [8.6192279, 45.8482585], [8.6195265, 45.8481929], [8.6197071, 45.8482278]]]}}, {"type": "Feature", "properties": {"nome": "Lago Maggiore"}, "geometry": {"type": "Polygon", "coordinates": [[[8.6188382, 45.8514828], [8.6189921, 45.851266], [8.6191423, 45.851064], [8.6188413, 45.8510193], [8.6189191, 45.8509431], [8.6189697, 45.8508293], [8.6190161, 45.850792], [8.6190813, 45.8507682], [8.6191692, 45.8506335], [8.6190749, 45.8505342], [8.6190469, 45.85039]]]}}, {"type": "Feature", "properties": {"nome": "Lago Maggiore"}, "geometry": {"type": "Polygon", "coordinates": [[[8.6198417, 45.8527689], [8.6200637, 45.8526245], [8.6200203, 45.8525259], [8.6199176, 45.8523608], [8.6197814, 45.8522545], [8.619641, 45.8521392], [8.6195729, 45.852102], [8.6193491, 45.8520717], [8.6192642, 45.8520469], [8.6189498, 45.8518793], [8.6188584, 45.8518159], [8.618833, 45.8517663], [8.6188189, 45.8517078], [8.6188382, 45.8514828]]]}}, {"type": "Feature", "properties": {"nome": "Lago Maggiore"}, "geometry": {"type": "Polygon", "coordinates": [[[8.6190159, 45.8539621], [8.6191201, 45.853815], [8.6191686, 45.8537927], [8.6192594, 45.8536391], [8.6193005, 45.8531501], [8.6194149, 45.8530282], [8.6195572, 45.8529692], [8.6197271, 45.8528579], [8.6198417, 45.8527689]]]}}, {"type": "Feature", "properties": {"nome": "Lago Maggiore"}, "geometry": {"type": "Polygon", "coordinates": [[[8.6172717, 45.853385], [8.6174644, 45.853431], [8.6177319, 45.8534206], [8.6177902, 45.8533616], [8.6178183, 45.8533739], [8.6179522, 45.8534327], [8.6179747, 45.8534463], [8.6178903, 45.8535405], [8.6179956, 45.8536001], [8.6180225, 45.8536954], [8.617991, 45.8537973], [8.6181912, 45.8538175], [8.6182032, 45.8539169], [8.6184919, 45.8539612], [8.618682, 45.8540256], [8.6188546, 45.8540408], [8.6190159, 45.8539621]]]}}, {"type": "Feature", "properties": {"nome": "Lago Maggiore"}, "geometry": {"type": "Polygon", "coordinates": [[[8.607812, 45.860765], [8.6079677, 45.8606159], [8.6081214, 45.8606812], [8.6082352, 45.8605613], [8.6082824, 45.8604552], [8.6083233, 45.8603577], [8.6083636, 45.8602608], [8.6083398, 45.8597161], [8.6083748, 45.8596552], [8.6084469, 45.8595995], [8.608626, 45.8595462], [8.6087096, 45.8593947], [8.6087487, 45.8593088], [8.6089317, 45.8592872], [8.6090601, 45.859227], [8.6091765, 45.859043], [8.6092161, 45.8589723], [8.6093198, 45.8588826], [8.6094238, 45.858748], [8.6098368, 45.8584731], [8.6097481, 45.8584252], [8.6098517, 45.8583446], [8.6099721, 45.8583743], [8.6101371, 45.8583448], [8.6102143, 45.8580714], [8.6105813, 45.857796], [8.6106661, 45.857704], [8.6107427, 45.8575692], [8.6107878, 45.8573264], [8.6107812, 45.8570452], [8.6107076, 45.8568266], [8.6105509, 45.856664], [8.6105433, 45.856601], [8.61079, 45.8563514], [8.6106235, 45.8561872], [8.6105933, 45.8561241], [8.6104069, 45.856073], [8.610218, 45.8559248], [8.6102324, 45.8556998], [8.6102171, 45.8555755], [8.6102902, 45.855473], [8.6102782, 45.8553177], [8.6102825, 45.8551028], [8.6101685, 45.8548456], [8.6100598, 45.8547028], [8.6100191, 45.8545414], [8.6101031, 45.8543591], [8.6102066, 45.8543961], [8.6101517, 45.8544701], [8.6101205, 45.8546027], [8.6102106, 45.8547564], [8.6103487, 45.8548459], [8.6107304, 45.8549411], [8.6108674, 45.8549236], [8.6109831, 45.8548065], [8.6111237, 45.8546665], [8.6112638, 45.854779], [8.6113534, 45.8547819], [8.6115347, 45.8547707], [8.6116762, 45.8546586], [8.6120799, 45.8544174], [8.6122482, 45.8543682], [8.6124277, 45.8541301], [8.6126454, 45.8540264], [8.6130378, 45.8540834], [8.6131216, 45.8539734], [8.6129982, 45.8538918], [8.6130351, 45.8538655], [8.6131279, 45.8537572], [8.6130849, 45.8536896], [8.6131142, 45.8536537], [8.6131707, 45.8536314], [8.613189, 45.8535459], [8.6132247, 45.8535056], [8.6135357, 45.8533436], [8.6139013, 45.8532473], [8.6139348, 45.8533649], [8.6141184, 45.853298], [8.6141754, 45.8531784], [8.6143894, 45.85318], [8.6144208, 45.8532526], [8.6153099, 45.8532431], [8.6154565, 45.8532918], [8.6159227, 45.8533309], [8.615979, 45.8533356], [8.6161722, 45.8532954], [8.6165758, 45.8533074], [8.6167904, 45.8532854], [8.6169645, 45.8533076], [8.6172717, 45.853385]]]}}, {"type": "Feature", "properties": {"nome": "Lago Maggiore"}, "geometry": {"type": "Polygon", "coordinates": [[[8.6057244, 45.8650214], [8.60587, 45.8647069], [8.6060154, 45.8639469], [8.6059717, 45.8636759], [8.6059757, 45.8636497], [8.6059091, 45.863501], [8.6058759, 45.8631769], [8.6058818, 45.8630239], [8.6058081, 45.8627491], [8.6058869, 45.8622994], [8.605972, 45.8621107], [8.6060689, 45.8619701], [8.6062919, 45.8617248], [8.6063858, 45.8616531], [8.6067144, 45.8614574], [8.6066996, 45.8614282], [8.606724, 45.861255], [8.6068306, 45.8612342], [8.6069613, 45.8612952], [8.6070518, 45.8612955], [8.6071608, 45.8612682], [8.6075288, 45.8610183], [8.6077074, 45.8608624], [8.607812, 45.860765]]]}}, {"type": "Feature", "properties": {"nome": "Lago Maggiore"}, "geometry": {"type": "Polygon", "coordinates": [[[8.6056964, 45.8653363], [8.6057247, 45.8652194], [8.6057244, 45.8650214]]]}}, {"type": "Feature", "properties": {"nome": "Lago Maggiore"}, "geometry": {"type": "Polygon", "coordinates": [[[8.5979704, 45.876217], [8.5982582, 45.8760873], [8.5984215, 45.8759934], [8.5985601, 45.8757242], [8.5987676, 45.8755325], [8.5990056, 45.875406], [8.5991137, 45.8752098], [8.5994342, 45.8749351], [8.5996624, 45.8747784], [8.5997549, 45.8746797], [8.6002017, 45.8741368], [8.6005862, 45.8737557], [8.6007002, 45.8735716], [8.6008075, 45.8734415], [8.6010742, 45.8732668], [8.6011924, 45.8732134], [8.6013977, 45.8730719], [8.601564, 45.8728232], [8.6018124, 45.8725451], [8.6019661, 45.8722306], [8.6021641, 45.8720153], [8.6024684, 45.8715799], [8.6027787, 45.871203], [8.6029701, 45.8710102], [8.6031362, 45.8707498], [8.6035233, 45.8702157], [8.6035595, 45.8701123], [8.6035591, 45.8699413], [8.6035786, 45.8699099], [8.6036516, 45.8698481], [8.6037468, 45.869807], [8.6038832, 45.8696545], [8.6039669, 45.8694342], [8.6039758, 45.8693173], [8.6039632, 45.8692677], [8.603893, 45.869173], [8.6038774, 45.8691009], [8.604087, 45.8688497], [8.6042323, 45.8685622], [8.6042842, 45.8685173], [8.6043245, 45.868513], [8.6043823, 45.8685312], [8.6045091, 45.8683697], [8.604569, 45.8681811], [8.6045853, 45.8678434], [8.6047062, 45.8673668], [8.604767, 45.8672005], [8.6048403, 45.8670659], [8.6050779, 45.8667336], [8.6053116, 45.8664735], [8.6053873, 45.8662442], [8.6055628, 45.8660244], [8.6055913, 45.865867], [8.6055663, 45.8658415], [8.6054836, 45.8658351], [8.6054712, 45.8657675], [8.6056096, 45.865552], [8.6056964, 45.8653363]]]}}, {"type": "Feature", "properties": {"nome": "Lago Maggiore"}, "geometry": {"type": "Polygon", "coordinates": [[[8.5965314, 45.8777654], [8.5965269, 45.8777132], [8.5966181, 45.8775638], [8.5966292, 45.8774267], [8.5967112, 45.8773264], [8.596788, 45.877262], [8.5968853, 45.8771805], [8.5969204, 45.8771566], [8.5969461, 45.8770659], [8.5969189, 45.8769912], [8.5968099, 45.8769372], [8.5968511, 45.8768968], [8.5968943, 45.8767079], [8.5969452, 45.8765731], [8.5971364, 45.8764679], [8.5973568, 45.8763566], [8.5976447, 45.8763143], [8.5978033, 45.8762629], [8.5979704, 45.876217]]]}}, {"type": "Feature", "properties": {"nome": "Lago Maggiore"}, "geometry": {"type": "Polygon", "coordinates": [[[8.5966706, 45.8798033], [8.596581, 45.8797309], [8.5965832, 45.8796499], [8.5966693, 45.8795377], [8.5968308, 45.8790433], [8.5968743, 45.8785934], [8.5967298, 45.8782959], [8.5967452, 45.8781744], [8.5966851, 45.8780167], [8.5966242, 45.8779805], [8.5965635, 45.8779083], [8.596538, 45.8778416], [8.5965314, 45.8777654]]]}}, {"type": "Feature", "properties": {"nome": "Lago Maggiore"}, "geometry": {"type": "Polygon", "coordinates": [[[8.5992819, 45.8863597], [8.5993642, 45.8862934], [8.5994017, 45.886226], [8.5994237, 45.8860821], [8.5995822, 45.8857632], [8.599708, 45.8853001], [8.5997407, 45.8852327], [8.5999187, 45.8851253], [8.5999464, 45.8850759], [8.5999346, 45.8849274], [8.5999595, 45.8848195], [8.6001234, 45.8845492], [8.6001838, 45.8843163], [8.6001616, 45.8841492], [8.6001026, 45.8839605], [8.600039, 45.8838432], [8.599997, 45.8836316], [8.6000914, 45.8832629], [8.600066, 45.8829928], [8.6000171, 45.8828486], [8.6000224, 45.8828253], [8.6000084, 45.8827752], [8.5999956, 45.8827295], [8.5998157, 45.8823876], [8.5995914, 45.8821143], [8.5994355, 45.8819445], [8.5993102, 45.8819831], [8.5992346, 45.8819808], [8.5991931, 45.8819446], [8.5991842, 45.8818975], [8.5992056, 45.8818637], [8.5992493, 45.8818439], [8.5993441, 45.8818174], [8.5995001, 45.881798], [8.5995615, 45.8817225], [8.5996166, 45.8816518], [8.5992268, 45.8810811], [8.5991854, 45.8810237], [8.598913, 45.8811261], [8.5988138, 45.8811665], [8.5988057, 45.8811583], [8.5987852, 45.8811376], [8.5987492, 45.8811105], [8.598854, 45.8810438], [8.5985825, 45.8808511], [8.5983039, 45.8806639], [8.5976082, 45.8802195], [8.5971378, 45.88003], [8.5968955, 45.8798896], [8.5966706, 45.8798033]]]}}, {"type": "Feature", "properties": {"nome": "Lago Maggiore"}, "geometry": {"type": "Polygon", "coordinates": [[[8.5984602, 45.8874422], [8.5984969, 45.8873796], [8.5985418, 45.887303], [8.5987899, 45.8870788], [8.5988632, 45.8869666], [8.5989748, 45.8869019], [8.5990658, 45.8868139], [8.5991554, 45.8864917], [8.5992086, 45.8864188], [8.5992819, 45.8863597]]]}}, {"type": "Feature", "properties": {"nome": "Lago Maggiore"}, "geometry": {"type": "Polygon", "coordinates": [[[8.5963061, 45.8997605], [8.5961662, 45.8994899], [8.5960128, 45.8993184], [8.5959284, 45.8991786], [8.5959093, 45.8991112], [8.5958919, 45.8990498], [8.5958786, 45.8988268], [8.5960123, 45.8985926], [8.5960692, 45.8984741], [8.5960647, 45.8983791], [8.5960639, 45.8983619], [8.5960924, 45.8983585], [8.5962557, 45.898353], [8.5962734, 45.8981523], [8.5962766, 45.8981156], [8.5960977, 45.8981184], [8.5960915, 45.8981022], [8.5960817, 45.8980768], [8.5960587, 45.8980007], [8.5960307, 45.8980025], [8.5959737, 45.8980063], [8.5959369, 45.8979317], [8.5959655, 45.897914], [8.5960036, 45.8978903], [8.5959198, 45.8976557], [8.5958427, 45.8976388], [8.5957982, 45.897629], [8.5957542, 45.8975347], [8.5957382, 45.8974592], [8.5957616, 45.89738], [8.5956594, 45.8971651], [8.5956559, 45.8971568], [8.5955181, 45.8968321], [8.5954218, 45.8966724], [8.5955384, 45.8966515], [8.5954475, 45.8964799], [8.5953077, 45.8963165], [8.5952085, 45.8961775], [8.5950903, 45.8960521], [8.5949925, 45.8959824], [8.5947053, 45.8958572], [8.5945672, 45.8959231], [8.5945727, 45.8959598], [8.5945831, 45.8960286], [8.594522, 45.896073], [8.5943996, 45.8960767], [8.5943233, 45.8960295], [8.5943422, 45.8959244], [8.5943764, 45.8959032], [8.5945315, 45.8959029], [8.5947735, 45.8957519], [8.5948746, 45.8956597], [8.5947217, 45.8954873], [8.5945862, 45.8955514], [8.5944714, 45.8955245], [8.5944282, 45.8954244], [8.5944712, 45.895383], [8.5943344, 45.8953048], [8.5942142, 45.895229], [8.5940463, 45.8952118], [8.5939768, 45.8951584], [8.5938954, 45.8952252], [8.5937152, 45.8951945], [8.5936868, 45.8950996], [8.5937327, 45.8949916], [8.5937293, 45.894909], [8.5938386, 45.8948446], [8.5939745, 45.8946397], [8.5940201, 45.8945769], [8.5941662, 45.8944924], [8.5941021, 45.8943975], [8.5937986, 45.8940046], [8.5936804, 45.8938736], [8.5935519, 45.8938146], [8.5933965, 45.8936881], [8.5932753, 45.8935211], [8.5933068, 45.8932337], [8.5933708, 45.8931786], [8.5932305, 45.8927419], [8.5932351, 45.8921885], [8.5932446, 45.8919347], [8.5933338, 45.891688], [8.5934829, 45.8914341], [8.5936236, 45.8912595], [8.5937471, 45.8911298], [8.5939077, 45.8910257], [8.5941031, 45.8910142], [8.594261, 45.8910749], [8.5943566, 45.8910142], [8.5943067, 45.890991], [8.594349, 45.8908527], [8.5944957, 45.8907927], [8.5950449, 45.8907824], [8.5953805, 45.890759], [8.595687, 45.8906112], [8.595838, 45.8905408], [8.5960146, 45.8903584], [8.5961758, 45.8901658], [8.5964059, 45.8899368], [8.5965992, 45.8897125], [8.5967498, 45.8895665], [8.5969498, 45.8895159], [8.5972327, 45.8893326], [8.5975462, 45.8892007], [8.5979325, 45.8889409], [8.5979642, 45.8888497], [8.5980787, 45.888765], [8.5981667, 45.8887754], [8.5982333, 45.888453], [8.5983407, 45.8882012], [8.5984194, 45.8879685], [8.5984766, 45.8878562], [8.5984279, 45.8876761], [8.5984558, 45.8875707], [8.5984602, 45.8874422]]]}}, {"type": "Feature", "properties": {"nome": "Lago Maggiore"}, "geometry": {"type": "Polygon", "coordinates": [[[8.6089223, 45.9065608], [8.6087339, 45.906556], [8.6083228, 45.9065815], [8.6081462, 45.9066516], [8.6076601, 45.9066913], [8.607471, 45.9067606], [8.6066043, 45.9071513], [8.6064866, 45.9071789], [8.6062531, 45.9071243], [8.6060315, 45.9072212], [8.6058069, 45.9073202], [8.6057423, 45.9072733], [8.6054418, 45.9073109], [8.6053465, 45.9073756], [8.6052136, 45.9073739], [8.6051868, 45.9072221], [8.6049013, 45.9071582], [8.6041389, 45.9070206], [8.6037184, 45.9070553], [8.6035395, 45.9070546], [8.6034329, 45.9070146], [8.6033131, 45.906937], [8.6031939, 45.9071079], [8.60309, 45.90681], [8.6028855, 45.9067823], [8.6027018, 45.9067816], [8.6024449, 45.9068397], [8.6021087, 45.9069174], [8.6018718, 45.9069908], [8.6019385, 45.9070392], [8.6021398, 45.9070465], [8.6021538, 45.9070761], [8.6018993, 45.9070903], [8.6017568, 45.9070015], [8.6014029, 45.9070064], [8.6011498, 45.9070145], [8.6009213, 45.9069731], [8.6002892, 45.9067908], [8.6001462, 45.9067318], [8.6001139, 45.9065309], [8.5998013, 45.906285], [8.599575, 45.9061537], [8.5994759, 45.9060318], [8.5994022, 45.9058903], [8.5994868, 45.9058589], [8.5993656, 45.9056918], [8.5991461, 45.9054782], [8.5990216, 45.9053274], [8.5989458, 45.9049518], [8.5984642, 45.9048311], [8.5982768, 45.9045756], [8.5983543, 45.9044617], [8.5983782, 45.9042772], [8.5983621, 45.9040477], [8.5981461, 45.9034696], [8.5980397, 45.9027144], [8.5978195, 45.9021871], [8.5972989, 45.9015237], [8.5971356, 45.9013701], [8.5968199, 45.9011394], [8.5966678, 45.9009683], [8.5963717, 45.9007103], [8.596255, 45.9005838], [8.5962174, 45.9004634], [8.5962773, 45.900444], [8.5962584, 45.9004013], [8.5963237, 45.9003265], [8.5963977, 45.9003208], [8.5963214, 45.900242], [8.5962465, 45.9002059], [8.5962003, 45.9001562], [8.5962613, 45.9001266], [8.596287, 45.9001796], [8.5963643, 45.9002116], [8.5964007, 45.900271], [8.5964674, 45.9002966], [8.5964611, 45.9002259], [8.5964339, 45.9001866], [8.5964367, 45.9001116], [8.5963704, 45.9001162], [8.5963739, 45.9000732], [8.5963938, 45.9000543], [8.5963319, 45.8999045], [8.59632, 45.899837], [8.5963061, 45.8997605]]]}}, {"type": "Feature", "properties": {"nome": "Lago Maggiore"}, "geometry": {"type": "Polygon", "coordinates": [[[8.6119348, 45.9066754], [8.6117822, 45.9066796], [8.6109379, 45.9066585], [8.6102995, 45.9066971], [8.6099942, 45.9066919], [8.6096863, 45.9066548], [8.6089223, 45.9065608]]]}}, {"type": "Feature", "properties": {"nome": "Lago Maggiore"}, "geometry": {"type": "Polygon", "coordinates": [[[8.6140186, 45.9073488], [8.6139059, 45.9072593], [8.6138386, 45.9071416], [8.6136577, 45.906991], [8.6136245, 45.9069545], [8.6134576, 45.9067712], [8.6134066, 45.906732], [8.6133031, 45.9066357], [8.6128802, 45.9065831], [8.6128578, 45.9066314], [8.61283, 45.9066309], [8.6126044, 45.9066265], [8.6122126, 45.9066677], [8.6119348, 45.9066754]]]}}, {"type": "Feature", "properties": {"nome": "Lago Maggiore"}, "geometry": {"type": "Polygon", "coordinates": [[[8.6142998, 45.9190511], [8.6141023, 45.9189287], [8.6139204, 45.918892], [8.6138396, 45.918853], [8.613742, 45.9188059], [8.6132386, 45.918651], [8.6130998, 45.918587], [8.6129643, 45.918452], [8.6129493, 45.9183938], [8.6129091, 45.9182376], [8.6128899, 45.9181631], [8.6127823, 45.9180417], [8.6125639, 45.9178475], [8.6123971, 45.9177254], [8.6119803, 45.9175666], [8.6118659, 45.9175066], [8.6117577, 45.9174126], [8.6116115, 45.9171433], [8.6114522, 45.9170826], [8.6114296, 45.9170605], [8.6114032, 45.9170118], [8.611367, 45.9168081], [8.6113547, 45.9167316], [8.6113648, 45.916622], [8.6112157, 45.9163301], [8.6111554, 45.9161816], [8.6110625, 45.9160416], [8.6110055, 45.9159428], [8.611033, 45.9158659], [8.6109285, 45.9157266], [8.6107752, 45.9153745], [8.6106961, 45.9152122], [8.6106858, 45.9150375], [8.6107494, 45.9149065], [8.6110463, 45.9147189], [8.6111384, 45.9146832], [8.611616, 45.9146039], [8.6118933, 45.9146049], [8.611961, 45.9145917], [8.6120435, 45.9145515], [8.6120696, 45.914527], [8.6122254, 45.9143807], [8.6123872, 45.9142737], [8.6128785, 45.9140539], [8.6131221, 45.9140338], [8.6133836, 45.9137919], [8.6137384, 45.9137206], [8.6139624, 45.9137304], [8.6140505, 45.9136888], [8.6141309, 45.9136167], [8.6143113, 45.9133668], [8.6143139, 45.9131621], [8.6144712, 45.9130682], [8.6145403, 45.9130564], [8.615238, 45.9129367], [8.6152635, 45.9129323], [8.6153635, 45.9130496], [8.6154608, 45.9130592], [8.6163455, 45.9128926], [8.6166563, 45.9127882], [8.6169429, 45.9123601], [8.617232, 45.9119512], [8.617565, 45.911497], [8.6177804, 45.9111663], [8.6178014, 45.9111129], [8.6177193, 45.9110379], [8.6176993, 45.9109711], [8.6177022, 45.9109071], [8.6177268, 45.9108435], [8.6177947, 45.9107712], [8.6178906, 45.9106876], [8.6182113, 45.9105322], [8.6182571, 45.9105169], [8.6183325, 45.9104718], [8.6183575, 45.9104229], [8.6183833, 45.910285], [8.6183857, 45.9101658], [8.618518, 45.909987], [8.6186846, 45.9098222], [8.6187693, 45.9098092], [8.6187593, 45.9098692], [8.6185696, 45.9100495], [8.6189413, 45.9101856], [8.6190931, 45.910056], [8.6192479, 45.90986], [8.6192967, 45.9096141], [8.6192457, 45.9094979], [8.6189954, 45.9095133], [8.6189963, 45.9094818], [8.6189912, 45.9094174], [8.6186898, 45.9094301], [8.6186548, 45.9094687], [8.6187271, 45.9095608], [8.6187873, 45.909667], [8.6187255, 45.9097136], [8.6183193, 45.9092317], [8.6182655, 45.9092544], [8.6182495, 45.9092309], [8.6182308, 45.9092101], [8.6182861, 45.9091866], [8.6181782, 45.9090668], [8.6181298, 45.9090876], [8.6181096, 45.9090671], [8.6180911, 45.9090476], [8.6181333, 45.9090271], [8.6180268, 45.9088956], [8.6178374, 45.9089752], [8.6178476, 45.9089869], [8.6177709, 45.9090191], [8.6177283, 45.9089701], [8.6178039, 45.9089383], [8.6178195, 45.9089563], [8.6180158, 45.9088738], [8.6178074, 45.9086535], [8.6177227, 45.9086776], [8.6169543, 45.9079494], [8.6169274, 45.907921], [8.6168952, 45.9078908], [8.6168512, 45.9078494], [8.6168289, 45.9078284], [8.6165192, 45.9075521], [8.6164176, 45.9074695], [8.6163758, 45.9074452], [8.6163198, 45.9074195], [8.6162273, 45.9073861], [8.616161, 45.9073673], [8.6161012, 45.9073583], [8.6160644, 45.9073681], [8.616035, 45.9073686], [8.6159883, 45.9073695], [8.6159024, 45.9073789], [8.6158696, 45.9073862], [8.6158393, 45.9073999], [8.6158176, 45.9074148], [8.6158043, 45.907432], [8.6156523, 45.9074382], [8.6155973, 45.9074676], [8.6155721, 45.9074783], [8.6155469, 45.9074844], [8.6154997, 45.9074864], [8.6154526, 45.9074866], [8.6153043, 45.907524], [8.6152716, 45.9075506], [8.6152159, 45.907596], [8.6149838, 45.907657], [8.6149126, 45.9076715], [8.6148764, 45.9076695], [8.614834, 45.9076677], [8.614552, 45.9076557], [8.6144312, 45.9076245], [8.6142822, 45.9075527], [8.6141153, 45.9074165], [8.6140186, 45.9073488]]]}}, {"type": "Feature", "properties": {"nome": "Lago Maggiore"}, "geometry": {"type": "Polygon", "coordinates": [[[8.6224676, 45.9242829], [8.6221053, 45.9242186], [8.6217322, 45.9240822], [8.621368, 45.9238665], [8.6206092, 45.9235156], [8.6201422, 45.923218], [8.6198626, 45.9230764], [8.6195228, 45.9229744], [8.6192705, 45.9228987], [8.6189489, 45.922785], [8.618629, 45.9226534], [8.6183173, 45.9225037], [8.6180354, 45.9224679], [8.6178648, 45.9224082], [8.6177242, 45.9224354], [8.6176015, 45.9223538], [8.6174475, 45.9222468], [8.6173214, 45.9221129], [8.6171101, 45.9221327], [8.6169439, 45.9221494], [8.6168848, 45.922048], [8.6167912, 45.9218885], [8.6166845, 45.9218686], [8.6164802, 45.9217372], [8.6165284, 45.9215534], [8.6166023, 45.9213904], [8.6165984, 45.9213358], [8.6165683, 45.921282], [8.6162972, 45.9209775], [8.6159266, 45.9206319], [8.6156967, 45.920404], [8.6155449, 45.9204187], [8.6154466, 45.9203467], [8.6152982, 45.9201166], [8.6150706, 45.9199313], [8.6149283, 45.9197532], [8.6147783, 45.9195342], [8.6147152, 45.9193449], [8.6146503, 45.9192556], [8.6145794, 45.919195], [8.6144215, 45.919117], [8.6142998, 45.9190511]]]}}, {"type": "Feature", "properties": {"nome": "Lago Maggiore"}, "geometry": {"type": "Polygon", "coordinates": [[[8.6332606, 45.9278162], [8.6331259, 45.9276946], [8.6331187, 45.9275453], [8.6329898, 45.9274469], [8.6325399, 45.9272206], [8.631946, 45.9268184], [8.6317082, 45.9267241], [8.6314939, 45.9266912], [8.6313325, 45.9267087], [8.6310075, 45.9268608], [8.6307187, 45.9268825], [8.6304417, 45.92685], [8.6300477, 45.9266911], [8.6298298, 45.9264923], [8.6295295, 45.9263247], [8.6289491, 45.9260796], [8.62839, 45.925794], [8.628307, 45.9256802], [8.6282911, 45.9255653], [8.6282535, 45.925474], [8.6281949, 45.925411], [8.6280979, 45.9253603], [8.6279467, 45.9253109], [8.6277566, 45.9252832], [8.6275936, 45.9252963], [8.6272127, 45.9253757], [8.6270128, 45.9253705], [8.6268663, 45.925343], [8.6266814, 45.9252748], [8.6263553, 45.9251026], [8.6261643, 45.9249759], [8.6259955, 45.9248988], [8.6255483, 45.9247532], [8.625323, 45.9247073], [8.6251154, 45.9246333], [8.6248576, 45.924569], [8.6247541, 45.9245205], [8.6245321, 45.9243624], [8.6241731, 45.9242981], [8.6239884, 45.9242078], [8.6237725, 45.9241662], [8.6237043, 45.9242514], [8.6236314, 45.9242962], [8.6235435, 45.9244173], [8.6233792, 45.9243987], [8.6232938, 45.9244029], [8.6231953, 45.9244251], [8.6230255, 45.9245055], [8.6229451, 45.9245073], [8.6228371, 45.9244643], [8.6226551, 45.9243567], [8.6224676, 45.9242829]]]}}, {"type": "Feature", "properties": {"nome": "Lago Maggiore"}, "geometry": {"type": "Polygon", "coordinates": [[[8.634082, 45.928314], [8.6338476, 45.9283346], [8.633599, 45.9282181], [8.6334556, 45.9282042], [8.6333753, 45.9281545], [8.633318, 45.9280463], [8.6332606, 45.9278162]]]}}, {"type": "Feature", "properties": {"nome": "Lago Maggiore"}, "geometry": {"type": "Polygon", "coordinates": [[[8.6355319, 45.9292147], [8.635471, 45.9291595], [8.6353697, 45.9291232], [8.6350322, 45.9290946], [8.634889, 45.9290473], [8.6347922, 45.9289855], [8.6347649, 45.9289629], [8.6347295, 45.9289009], [8.6347113, 45.9287298], [8.6345438, 45.9284548], [8.6344347, 45.928369], [8.634082, 45.928314]]]}}, {"type": "Feature", "properties": {"nome": "Lago Maggiore"}, "geometry": {"type": "Polygon", "coordinates": [[[8.6388676, 45.9319636], [8.6386388, 45.9318503], [8.6383195, 45.9316921], [8.6381043, 45.931561], [8.6379741, 45.9315111], [8.6378129, 45.9314971], [8.6377583, 45.93147], [8.637637, 45.9313426], [8.6374761, 45.9312352], [8.6372804, 45.9310681], [8.6372059, 45.9309592], [8.6371878, 45.9309328], [8.6370453, 45.9307839], [8.6369612, 45.9305767], [8.6368868, 45.930514], [8.6367779, 45.9304562], [8.6366649, 45.9304164], [8.6366447, 45.9304093], [8.6366054, 45.9304054], [8.6365319, 45.930398], [8.6363142, 45.9304039], [8.6360909, 45.9302772], [8.635953, 45.9301598], [8.6357844, 45.9300514], [8.6357203, 45.9299927], [8.6356517, 45.929889], [8.6356442, 45.9297953], [8.635673, 45.929583], [8.635653, 45.929439], [8.635613, 45.9293277], [8.6356017, 45.9293104], [8.6355319, 45.9292147]]]}}, {"type": "Feature", "properties": {"nome": "Lago Maggiore"}, "geometry": {"type": "Polygon", "coordinates": [[[8.6418344, 45.9351453], [8.6410961, 45.9346655], [8.6409283, 45.9344445], [8.6404698, 45.9340247], [8.6402965, 45.9339027], [8.6401265, 45.9337492], [8.6398457, 45.9335459], [8.639618, 45.9333518], [8.6396038, 45.9333067], [8.6396303, 45.9331431], [8.6396044, 45.9330398], [8.6394182, 45.9328382], [8.6393337, 45.9326895], [8.6392441, 45.9323337], [8.6391498, 45.9322029], [8.6390344, 45.9320901], [8.6389682, 45.9320399], [8.6388676, 45.9319636]]]}}, {"type": "Feature", "properties": {"nome": "Lago Maggiore"}, "geometry": {"type": "Polygon", "coordinates": [[[8.6536527, 45.9394666], [8.6535414, 45.9395224], [8.6533856, 45.93968], [8.6532573, 45.939767], [8.6532005, 45.9398343], [8.6530822, 45.9399195], [8.6527397, 45.9400265], [8.6524897, 45.9400393], [8.6524331, 45.9400571], [8.6522664, 45.9401557], [8.6521324, 45.9401778], [8.6519843, 45.9401369], [8.6518392, 45.9400672], [8.651731, 45.9398852], [8.651397, 45.9398009], [8.6499365, 45.9397076], [8.6498194, 45.9397663], [8.6497208, 45.9397975], [8.6496195, 45.9397905], [8.6494761, 45.9397428], [8.6492993, 45.9396433], [8.6492342, 45.9394856], [8.6490974, 45.9394492], [8.6488621, 45.939426], [8.64878, 45.9393943], [8.6485407, 45.9392496], [8.6484669, 45.9391864], [8.6482185, 45.9389382], [8.648179, 45.9388644], [8.6481436, 45.9387985], [8.6479763, 45.938735], [8.6477771, 45.938622], [8.6476787, 45.9385388], [8.6476104, 45.9384685], [8.6475968, 45.9384282], [8.6475947, 45.9384009], [8.6476501, 45.9383021], [8.6476521, 45.9382436], [8.647617, 45.9381805], [8.6473343, 45.9379799], [8.6472188, 45.9378979], [8.6471208, 45.9378506], [8.6467266, 45.937728], [8.646446, 45.9375269], [8.6463222, 45.9374603], [8.6461479, 45.9374338], [8.6458915, 45.9373969], [8.6456648, 45.9373335], [8.6454926, 45.937279], [8.645359, 45.9372872], [8.6451732, 45.9372869], [8.6450512, 45.937217], [8.6449084, 45.9371085], [8.6447433, 45.9369528], [8.6446364, 45.936768], [8.6442077, 45.9364923], [8.6440421, 45.9364064], [8.6438829, 45.9363519], [8.6437013, 45.9362921], [8.6434713, 45.9362605], [8.6433517, 45.9361974], [8.643294, 45.9361567], [8.6432297, 45.9360663], [8.6430091, 45.9361016], [8.6428459, 45.9360695], [8.6427211, 45.9359839], [8.6425233, 45.9358936], [8.6424032, 45.9357672], [8.642132, 45.9355639], [8.6419265, 45.9352749], [8.6418344, 45.9351453]]]}}, {"type": "Feature", "properties": {"nome": "Lago Maggiore"}, "geometry": {"type": "Polygon", "coordinates": [[[8.6558252, 45.9401792], [8.655694, 45.9400078], [8.6555014, 45.9398678], [8.6550416, 45.9396415], [8.6548598, 45.939578], [8.6544442, 45.9395003], [8.6539703, 45.9394675], [8.653735, 45.9394578], [8.6536527, 45.9394666]]]}}, {"type": "Feature", "properties": {"nome": "Lago Maggiore"}, "geometry": {"type": "Polygon", "coordinates": [[[8.6604207, 45.9471374], [8.6602898, 45.9471053], [8.6602902, 45.9470596], [8.660405, 45.9470349], [8.6604385, 45.9469574], [8.6604079, 45.9469517], [8.6604219, 45.9469121], [8.6607021, 45.9469591], [8.6607113, 45.9469257], [8.6607188, 45.9469074], [8.6606998, 45.9468998], [8.6607771, 45.9468155], [8.6609072, 45.9466739], [8.6610346, 45.9465759], [8.6611468, 45.9465611], [8.6612166, 45.9465487], [8.6612626, 45.9465272], [8.6612426, 45.9465146], [8.6612284, 45.9464986], [8.6612232, 45.9464859], [8.6612132, 45.9461761], [8.6612115, 45.9460268], [8.6612686, 45.9460263], [8.6612739, 45.9464222], [8.6614065, 45.9464316], [8.6614228, 45.9464327], [8.66146, 45.9459931], [8.6613637, 45.9459876], [8.6613771, 45.9459186], [8.6614096, 45.9457681], [8.6614492, 45.9455671], [8.6614296, 45.9454191], [8.6612376, 45.9451352], [8.66111, 45.9451643], [8.6610591, 45.9450713], [8.6612133, 45.9450248], [8.6611032, 45.9446275], [8.6611224, 45.9444632], [8.6611597, 45.944143], [8.6611555, 45.9440138], [8.6611156, 45.9438535], [8.6610727, 45.9436813], [8.660811, 45.9431199], [8.6607794, 45.943052], [8.6607002, 45.9430595], [8.6606402, 45.9428434], [8.6606345, 45.9426843], [8.6604409, 45.9425929], [8.6602941, 45.9425604], [8.6601112, 45.9425198], [8.6598997, 45.9424558], [8.6595696, 45.9423081], [8.6592685, 45.9421416], [8.659055, 45.941986], [8.6590106, 45.9418271], [8.6589807, 45.94172], [8.6587971, 45.9415659], [8.6587635, 45.9415377], [8.6585584, 45.9414622], [8.6582082, 45.9413631], [8.6578063, 45.9414077], [8.657642, 45.9414259], [8.6571018, 45.9413168], [8.6569879, 45.9412681], [8.6568624, 45.9411767], [8.6566477, 45.9409421], [8.6563781, 45.9406058], [8.6560968, 45.940324], [8.6560518, 45.9403014], [8.6559375, 45.9402785], [8.6558252, 45.9401792]]]}}, {"type": "Feature", "properties": {"nome": "Lago Maggiore"}, "geometry": {"type": "Polygon", "coordinates": [[[8.661151, 45.9491694], [8.6611708, 45.9490974], [8.6612214, 45.9489121], [8.661226, 45.9487935], [8.6611738, 45.9486996], [8.6610302, 45.9485348], [8.6609347, 45.9484153], [8.6609189, 45.9483201], [8.6610946, 45.9481779], [8.6610808, 45.9480471], [8.6610708, 45.9479607], [8.6609795, 45.9477892], [8.6609297, 45.9477478], [8.6608169, 45.947654], [8.6607429, 45.9476306], [8.6607349, 45.9475858], [8.6607819, 45.9475344], [8.6607563, 45.9475187], [8.6606759, 45.9475392], [8.660574, 45.9474702], [8.6605428, 45.9473886], [8.660548, 45.9473568], [8.6605539, 45.9473212], [8.6605727, 45.9472953], [8.6605009, 45.9472504], [8.6604144, 45.9471958], [8.6604207, 45.9471374]]]}}, {"type": "Feature", "properties": {"nome": "Lago Maggiore"}, "geometry": {"type": "Polygon", "coordinates": [[[8.6610004, 45.9503062], [8.6609668, 45.95013], [8.6608844, 45.9498733], [8.6608823, 45.9497023], [8.6609217, 45.9495764], [8.6611371, 45.9493017], [8.661151, 45.9491694]]]}}, {"type": "Feature", "properties": {"nome": "Lago Maggiore"}, "geometry": {"type": "Polygon", "coordinates": [[[8.6606133, 45.9509737], [8.6605547, 45.9507465], [8.6605956, 45.9505941], [8.6606852, 45.9505116], [8.6609599, 45.9504578], [8.6610004, 45.9503062]]]}}, {"type": "Feature", "properties": {"nome": "Lago Maggiore"}, "geometry": {"type": "Polygon", "coordinates": [[[8.6607246, 45.9515024], [8.6607237, 45.9513673], [8.6606431, 45.9511828], [8.6606133, 45.9509737]]]}}, {"type": "Feature", "properties": {"nome": "Lago Maggiore"}, "geometry": {"type": "Polygon", "coordinates": [[[8.6623613, 45.9540796], [8.6622535, 45.9539371], [8.6620701, 45.9537983], [8.6619671, 45.953672], [8.6619084, 45.9534715], [8.6617959, 45.9532915], [8.6617253, 45.9532328], [8.6617032, 45.9531472], [8.6615008, 45.9530161], [8.6615207, 45.9528784], [8.6615665, 45.9527896], [8.6614258, 45.9526089], [8.6612754, 45.9524372], [8.6611643, 45.9524365], [8.6610464, 45.9524118], [8.6609629, 45.9523531], [8.6608479, 45.9522159], [8.660807, 45.9520558], [8.6607423, 45.9516995], [8.6607246, 45.9515024]]]}}, {"type": "Feature", "properties": {"nome": "Lago Maggiore"}, "geometry": {"type": "Polygon", "coordinates": [[[8.6682111, 45.956796], [8.6678296, 45.9565981], [8.6670352, 45.9562384], [8.6662018, 45.9558285], [8.6657842, 45.9555639], [8.665617, 45.9555066], [8.665359, 45.9554574], [8.6652679, 45.9554422], [8.6652128, 45.9554685], [8.6651471, 45.9554312], [8.6651671, 45.9554115], [8.6650983, 45.9553458], [8.6646834, 45.9551291], [8.6642398, 45.9548509], [8.6636111, 45.9545206], [8.6626884, 45.9541751], [8.6624944, 45.9541483], [8.6623613, 45.9540796]]]}}, {"type": "Feature", "properties": {"nome": "Lago Maggiore"}, "geometry": {"type": "Polygon", "coordinates": [[[8.676379, 45.9608998], [8.6762256, 45.9608831], [8.6761042, 45.9608633], [8.675929, 45.9608243], [8.6757266, 45.960769], [8.6756507, 45.9607544], [8.6755783, 45.9607569], [8.6754393, 45.9607735], [8.6753495, 45.9607734], [8.6752842, 45.9607734], [8.6750876, 45.9607374], [8.6750326, 45.9607097], [8.6748807, 45.9606424], [8.6745876, 45.9605026], [8.674627, 45.9604711], [8.6747809, 45.9603482], [8.6745928, 45.9602218], [8.6745382, 45.9601811], [8.6743359, 45.9599183], [8.6741896, 45.9599414], [8.6741327, 45.9598867], [8.6741048, 45.9598598], [8.6741603, 45.9598349], [8.674154, 45.9597584], [8.6740767, 45.9597078], [8.6739062, 45.9597545], [8.673769, 45.9596564], [8.6736472, 45.9595679], [8.6737179, 45.9594931], [8.6736288, 45.9593048], [8.6732069, 45.9590284], [8.6730759, 45.958944], [8.6727185, 45.9588215], [8.6723158, 45.9586688], [8.6721821, 45.9586598], [8.6719262, 45.9586032], [8.6715218, 45.9583271], [8.6711283, 45.9582319], [8.6708263, 45.9581516], [8.6705771, 45.9581404], [8.6703584, 45.9578541], [8.6701332, 45.9577983], [8.6698374, 45.9577285], [8.6694629, 45.9575342], [8.6691309, 45.9572641], [8.6686542, 45.9570819], [8.6683442, 45.9568651], [8.6682111, 45.956796]]]}}, {"type": "Feature", "properties": {"nome": "Lago Maggiore"}, "geometry": {"type": "Polygon", "coordinates": [[[8.6944662, 45.9685491], [8.6940946, 45.9683476], [8.6937157, 45.9682124], [8.6934355, 45.9681249], [8.6932956, 45.968034], [8.6929404, 45.9678854], [8.6926707, 45.9677622], [8.6924503, 45.9676062], [8.6920201, 45.967371], [8.6909825, 45.9668917], [8.6907331, 45.9668451], [8.6904589, 45.9667151], [8.6903375, 45.9665386], [8.6900258, 45.9664295], [8.6896368, 45.9663394], [8.6893804, 45.9663095], [8.6891685, 45.9662682], [8.6888696, 45.9662113], [8.688752, 45.9661794], [8.6886651, 45.9661297], [8.6880916, 45.965696], [8.6879453, 45.9656011], [8.6877683, 45.9655196], [8.6876656, 45.9654158], [8.6876514, 45.9653663], [8.6875936, 45.9653256], [8.6870765, 45.9650539], [8.6868874, 45.9649546], [8.6868059, 45.9649539], [8.6865245, 45.9649516], [8.6860126, 45.9650046], [8.6856922, 45.9650377], [8.6853829, 45.9651124], [8.685325, 45.9650942], [8.6852654, 45.9650716], [8.6852365, 45.96504], [8.6851478, 45.9650487], [8.6851331, 45.9650802], [8.6849643, 45.9650773], [8.6849702, 45.9650117], [8.6849185, 45.9650587], [8.6842607, 45.9648852], [8.6842181, 45.9647631], [8.6835438, 45.9645402], [8.6827462, 45.9643312], [8.6824796, 45.964287], [8.6822595, 45.9642767], [8.6822112, 45.964273], [8.6821286, 45.9641646], [8.6820052, 45.9640881], [8.6817928, 45.9640363], [8.6816481, 45.9639457], [8.6816158, 45.9639673], [8.68142, 45.9638331], [8.6813005, 45.9638041], [8.6812815, 45.9638258], [8.6811637, 45.9637558], [8.6811793, 45.9637345], [8.6810867, 45.9637142], [8.6810289, 45.9636601], [8.6809146, 45.9635047], [8.6808704, 45.9634074], [8.6806453, 45.9631229], [8.6803633, 45.9624341], [8.6803453, 45.9623016], [8.6803244, 45.9622525], [8.6803744, 45.9622048], [8.6803268, 45.9621069], [8.6802594, 45.9619415], [8.6800906, 45.9617552], [8.6800565, 45.9617036], [8.6803225, 45.9616629], [8.6802614, 45.961547], [8.6801503, 45.9614273], [8.6800059, 45.9612999], [8.679854, 45.9612158], [8.6796348, 45.9613033], [8.6794464, 45.9611924], [8.6794083, 45.9611641], [8.6793874, 45.9611486], [8.6793669, 45.9611334], [8.6793231, 45.9611034], [8.6791753, 45.9610729], [8.6790215, 45.9610596], [8.6789158, 45.9610776], [8.6779385, 45.9610043], [8.6772858, 45.9609608], [8.6765514, 45.9609113], [8.676379, 45.9608998]]]}}, {"type": "Feature", "properties": {"nome": "Lago Maggiore"}, "geometry": {"type": "Polygon", "coordinates": [[[8.6950668, 45.9689995], [8.694818, 45.9687897], [8.6946801, 45.9686712], [8.6944662, 45.9685491]]]}}, {"type": "Feature", "properties": {"nome": "Lago Maggiore"}, "geometry": {"type": "Polygon", "coordinates": [[[8.6982316, 45.9716196], [8.6979059, 45.9713403], [8.6975248, 45.9710707], [8.6973559, 45.970917], [8.6970748, 45.9707295], [8.696837, 45.970533], [8.696624, 45.9703525], [8.6961386, 45.9699708], [8.695865, 45.9697419], [8.6957337, 45.9696188], [8.6956108, 45.9695113], [8.6954837, 45.9693338], [8.6950668, 45.9689995]]]}}, {"type": "Feature", "properties": {"nome": "Lago Maggiore"}, "geometry": {"type": "Polygon", "coordinates": [[[8.714488, 45.9893222], [8.7140526, 45.9892264], [8.7138278, 45.9891775], [8.7134866, 45.9891093], [8.7132001, 45.9890921], [8.7129029, 45.9890957], [8.7123927, 45.9891218], [8.7118391, 45.9891377], [8.7115971, 45.9890966], [8.7115057, 45.9890279], [8.7114445, 45.9890052], [8.711381, 45.9889793], [8.7112766, 45.9889316], [8.711234, 45.9888201], [8.711301, 45.9886583], [8.7112465, 45.9885861], [8.7112483, 45.9885209], [8.7112485, 45.9885141], [8.7113118, 45.9884378], [8.7115043, 45.9883574], [8.7115397, 45.9882981], [8.7115955, 45.9882046], [8.7117049, 45.9878857], [8.7117548, 45.9876605], [8.7117439, 45.9874802], [8.7116688, 45.9874542], [8.7117189, 45.9873411], [8.7117846, 45.9873476], [8.7117529, 45.9872184], [8.7116322, 45.9872174], [8.7116349, 45.9871274], [8.7117493, 45.9871263], [8.7117514, 45.98708], [8.711726, 45.9869944], [8.7116656, 45.9869238], [8.7113999, 45.9866965], [8.7113392, 45.9866198], [8.7112724, 45.9864504], [8.7112896, 45.9863302], [8.7113709, 45.9862323], [8.7113934, 45.9861153], [8.7115136, 45.9857682], [8.7116411, 45.9858077], [8.711714, 45.9852573], [8.711823, 45.9850867], [8.7119007, 45.9847224], [8.7120488, 45.9844888], [8.7120835, 45.9843404], [8.7121644, 45.9841404], [8.7121574, 45.9840796], [8.7121, 45.9839579], [8.7120926, 45.9838229], [8.7119912, 45.9837797], [8.7119598, 45.9836234], [8.7119334, 45.9834712], [8.7120209, 45.9833367], [8.7120122, 45.9832676], [8.7119844, 45.9832195], [8.7119492, 45.9832095], [8.7118419, 45.983162], [8.7117575, 45.9830706], [8.7117017, 45.9829599], [8.7116479, 45.9828718], [8.7116042, 45.9827685], [8.7115819, 45.9827054], [8.7114761, 45.9825836], [8.7114205, 45.9824034], [8.7113725, 45.9823178], [8.7112811, 45.982205], [8.7110774, 45.9820557], [8.7109695, 45.9819181], [8.7109525, 45.9818329], [8.7109694, 45.9816461], [8.7108532, 45.9815582], [8.710828, 45.9815182], [8.7108689, 45.9813323], [8.7108629, 45.9811081], [8.7108072, 45.9811077], [8.7107652, 45.9810446], [8.7109043, 45.9810113], [8.7108734, 45.9808601], [8.7107151, 45.9808894], [8.7107134, 45.9806534], [8.7105701, 45.98052], [8.7106399, 45.9803526], [8.710593, 45.9802149], [8.7105092, 45.9801052], [8.7105094, 45.980006], [8.7103043, 45.979547], [8.7101583, 45.9792473], [8.7101512, 45.9792337], [8.710026, 45.9790895], [8.7098327, 45.9789216], [8.7092616, 45.9786595], [8.7089046, 45.9785203], [8.7087599, 45.9785028], [8.7086864, 45.978479], [8.7085845, 45.9784461], [8.7084264, 45.9783719], [8.708046, 45.9780551], [8.7078207, 45.9778523], [8.7077006, 45.9776942], [8.707495, 45.9774235], [8.7071809, 45.9772163], [8.7071327, 45.9771891], [8.7070739, 45.9771592], [8.7069401, 45.9770913], [8.7068108, 45.9770172], [8.7067658, 45.9769811], [8.7066498, 45.9769171], [8.7064743, 45.9768813], [8.7062979, 45.9768322], [8.7061553, 45.9767715], [8.7061111, 45.9767291], [8.7060501, 45.9766831], [8.7058377, 45.9764342], [8.705757, 45.9762966], [8.7056781, 45.9760728], [8.7056045, 45.9757784], [8.7055629, 45.9756247], [8.7053675, 45.9754168], [8.7052947, 45.9753704], [8.7050454, 45.9752032], [8.7048009, 45.9750675], [8.7045941, 45.9749185], [8.7042686, 45.9747276], [8.7038891, 45.9744942], [8.7034578, 45.9742767], [8.7032705, 45.9741962], [8.7028415, 45.9740255], [8.7025519, 45.9739793], [8.7022256, 45.9739273], [8.7021729, 45.9739086], [8.7020541, 45.9738664], [8.7017532, 45.9736998], [8.7015299, 45.9735591], [8.701378, 45.9734139], [8.7013312, 45.9733611], [8.7010596, 45.9730866], [8.7004421, 45.972702], [8.7001528, 45.9725829], [8.6999334, 45.9725562], [8.6995627, 45.9723906], [8.6994312, 45.9722633], [8.6991771, 45.9720645], [8.6990691, 45.9722351], [8.698877, 45.9720858], [8.6986309, 45.9720233], [8.698559, 45.9719484], [8.6982823, 45.9716603], [8.6982316, 45.9716196]]]}}, {"type": "Feature", "properties": {"nome": "Lago Maggiore"}, "geometry": {"type": "Polygon", "coordinates": [[[8.7247667, 45.997213], [8.7247079, 45.9972207], [8.7244949, 45.997263], [8.7242614, 45.9972743], [8.7241098, 45.9972587], [8.7240296, 45.9972436], [8.7232907, 45.9969499], [8.7225718, 45.9961544], [8.7223775, 45.9963083], [8.7222651, 45.9963558], [8.7221754, 45.9964277], [8.7221348, 45.996401], [8.7222359, 45.9963203], [8.7222007, 45.9962955], [8.722192, 45.9962893], [8.7225485, 45.9959984], [8.7225721, 45.9959721], [8.7225817, 45.9959423], [8.7225489, 45.9958641], [8.7225286, 45.995842], [8.7224755, 45.9957841], [8.7224039, 45.9957437], [8.7218673, 45.9956111], [8.7218396, 45.9955643], [8.7218601, 45.9953483], [8.7216514, 45.9951937], [8.7214859, 45.9951067], [8.7214803, 45.9950074], [8.7214755, 45.9949217], [8.7214986, 45.9947931], [8.7214706, 45.9948336], [8.7210241, 45.9945391], [8.7207969, 45.9943155], [8.7206826, 45.994202], [8.7206441, 45.9941613], [8.7205201, 45.9941025], [8.7204148, 45.994047], [8.7202827, 45.9939167], [8.7202692, 45.9937571], [8.720148, 45.9936508], [8.7200382, 45.9936331], [8.7198572, 45.9933379], [8.7196176, 45.9931616], [8.7196002, 45.9931144], [8.7195474, 45.9926975], [8.7195945, 45.9925814], [8.7193444, 45.9921457], [8.7192145, 45.9921234], [8.7190504, 45.9920373], [8.7190022, 45.9919876], [8.7189386, 45.9916544], [8.7188777, 45.9915234], [8.7186807, 45.9912788], [8.7188143, 45.9911828], [8.7185864, 45.9909629], [8.718361, 45.9907244], [8.7180365, 45.9904486], [8.7177844, 45.9904021], [8.7175143, 45.9903454], [8.7173098, 45.9902561], [8.7161863, 45.9898006], [8.7157724, 45.9896781], [8.7154781, 45.9895669], [8.715123, 45.989505], [8.7147967, 45.9894051], [8.714488, 45.9893222]]]}}, {"type": "Feature", "properties": {"nome": "Lago Maggiore"}, "geometry": {"type": "Polygon", "coordinates": [[[8.7277071, 45.9968231], [8.7261562, 45.9970403], [8.7247667, 45.997213]]]}}, {"type": "Feature", "properties": {"nome": "Lago Maggiore"}, "geometry": {"type": "Polygon", "coordinates": [[[8.7448492, 46.0060748], [8.7440951, 46.0052216], [8.7437508, 46.0049735], [8.7438202, 46.0049202], [8.7433651, 46.0046214], [8.7431634, 46.0045548], [8.7430176, 46.0044426], [8.7427236, 46.0042615], [8.7425157, 46.0041473], [8.7422738, 46.0040124], [8.7422655, 46.0039127], [8.742328, 46.0038972], [8.7423577, 46.0039919], [8.7427643, 46.0041822], [8.7428514, 46.004128], [8.742842, 46.0041034], [8.7429522, 46.0040383], [8.7429759, 46.0040506], [8.7430511, 46.0040038], [8.7427245, 46.0036009], [8.7424261, 46.0037178], [8.7423074, 46.003804], [8.7422757, 46.0037749], [8.7423644, 46.0036809], [8.7421716, 46.0034735], [8.7419966, 46.003546], [8.7419754, 46.0035212], [8.7416988, 46.0036168], [8.7416637, 46.0035688], [8.7419562, 46.0034707], [8.7419155, 46.0034233], [8.7421008, 46.0033419], [8.7421668, 46.0033129], [8.7415404, 46.0025715], [8.7414635, 46.0024919], [8.7412804, 46.0023583], [8.7411538, 46.0022706], [8.7410093, 46.0022201], [8.7408105, 46.0021615], [8.7406356, 46.0021082], [8.7405553, 46.0021672], [8.7405321, 46.0021551], [8.7405238, 46.002162], [8.7404703, 46.0021349], [8.7404791, 46.0021274], [8.7404543, 46.002115], [8.7405102, 46.0020486], [8.7404087, 46.002017], [8.7403256, 46.0019911], [8.7401104, 46.0019167], [8.7398171, 46.0018113], [8.7396712, 46.001751], [8.7395563, 46.0018609], [8.7395414, 46.0018533], [8.7396545, 46.001745], [8.7394473, 46.0016619], [8.7390877, 46.0014893], [8.7389345, 46.0016669], [8.7388832, 46.0016456], [8.739038, 46.0014661], [8.7389991, 46.0014464], [8.7385995, 46.0012343], [8.7371977, 46.0006087], [8.7371425, 46.0005871], [8.7368796, 46.0004602], [8.7367114, 46.0003887], [8.7366575, 46.0004285], [8.7366259, 46.0004098], [8.7366142, 46.0004187], [8.7365293, 46.0003829], [8.7363711, 46.0002778], [8.7363848, 46.0002581], [8.7363516, 46.0002395], [8.7363748, 46.0002167], [8.7361579, 46.0001077], [8.7361164, 46.0000884], [8.735868, 45.9999677], [8.7357547, 45.9999247], [8.7354932, 45.9998414], [8.7352964, 45.9997903], [8.7350996, 45.9997573], [8.7347019, 45.9997743], [8.7346546, 45.9997758], [8.7346214, 45.9997664], [8.7345887, 45.9997449], [8.7345752, 45.9997096], [8.7345383, 45.9996546], [8.7339445, 45.9990181], [8.7339306, 45.9989888], [8.7339295, 45.9989632], [8.7339441, 45.9989311], [8.7339626, 45.9989082], [8.7339863, 45.9988935], [8.7340058, 45.9988883], [8.7340165, 45.9988836], [8.7340287, 45.9988813], [8.7340413, 45.9988816], [8.7340533, 45.9988843], [8.7340642, 45.9988897], [8.7340722, 45.9988972], [8.7340766, 45.998906], [8.7340768, 45.9989153], [8.734073, 45.9989242], [8.7340431, 45.9989653], [8.7340719, 45.9989957], [8.7346242, 45.9995784], [8.7347039, 45.9996625], [8.7347198, 45.9996625], [8.7353016, 45.9996628], [8.7353193, 45.9996628], [8.7353646, 45.9996004], [8.735398, 45.9995543], [8.7351727, 45.9993132], [8.7346206, 45.9987259], [8.734609, 45.9987294], [8.7345965, 45.9987302], [8.7345843, 45.9987283], [8.7345735, 45.9987239], [8.7345651, 45.9987174], [8.7345601, 45.9987095], [8.7345587, 45.9987009], [8.7345612, 45.9986924], [8.7345673, 45.9986849], [8.7345764, 45.998679], [8.7344834, 45.99858], [8.7338559, 45.9979737], [8.7336675, 45.9980882], [8.7334587, 45.9981091], [8.7331668, 45.998061], [8.7330831, 45.99802], [8.7330175, 45.9979782], [8.7329917, 45.9979836], [8.7329688, 45.9979769], [8.73296, 45.9979654], [8.7329955, 45.9979296], [8.7330441, 45.9979246], [8.7330959, 45.9979363], [8.7331382, 45.9979631], [8.7331545, 45.9980009], [8.7332519, 45.9980388], [8.7333858, 45.9980502], [8.7336049, 45.998004], [8.7337731, 45.9978735], [8.7336313, 45.9977613], [8.7337961, 45.9976817], [8.7336038, 45.9975067], [8.7335825, 45.9974843], [8.7335423, 45.9974415], [8.7334399, 45.9973567], [8.7333361, 45.9973226], [8.7332057, 45.9973882], [8.7330149, 45.9972916], [8.732669, 45.9975343], [8.7329921, 45.9978102], [8.7329613, 45.997826], [8.7329356, 45.9978392], [8.7328135, 45.9977119], [8.7327529, 45.9977121], [8.7325096, 45.9975284], [8.7314495, 45.9971752], [8.7314691, 45.9971235], [8.7325482, 45.9974932], [8.7327573, 45.9973399], [8.7327086, 45.9972965], [8.7327484, 45.997264], [8.7325134, 45.9971528], [8.732453, 45.9971258], [8.7324739, 45.9970973], [8.7323691, 45.9970789], [8.7323567, 45.997014], [8.732132, 45.9969898], [8.7317607, 45.9969493], [8.7316463, 45.9970866], [8.7315216, 45.9970387], [8.7314881, 45.9970259], [8.7314376, 45.9969705], [8.7306666, 45.9968648], [8.7301515, 45.9968423], [8.7301396, 45.9969164], [8.7300379, 45.9969328], [8.7299669, 45.9970272], [8.7298397, 45.9971009], [8.7295927, 45.9971744], [8.7292895, 45.9971381], [8.7288696, 45.9970179], [8.7286845, 45.9970216], [8.7281912, 45.9969245], [8.7277071, 45.9968231]]]}}, {"type": "Feature", "properties": {"nome": "Lago Maggiore"}, "geometry": {"type": "Polygon", "coordinates": [[[8.7508462, 46.0216122], [8.7508513, 46.0215537], [8.7508986, 46.0214593], [8.7508878, 46.0213288], [8.750775, 46.0212056], [8.7506735, 46.020572], [8.7506606, 46.0201358], [8.750716, 46.0200369], [8.7507979, 46.0199023], [8.750899, 46.0199203], [8.7510252, 46.0198079], [8.7512534, 46.0196685], [8.7512499, 46.019444], [8.7512378, 46.0192549], [8.7512931, 46.0189915], [8.7513814, 46.0189413], [8.7514897, 46.0189044], [8.7515657, 46.0188821], [8.7516986, 46.0187584], [8.7518264, 46.0187251], [8.7519641, 46.0186219], [8.7521344, 46.0184602], [8.7521918, 46.0182623], [8.7522027, 46.0179923], [8.7521518, 46.0177987], [8.7520335, 46.017551], [8.7517599, 46.017469], [8.7516674, 46.0172959], [8.7517197, 46.0170645], [8.7518845, 46.0169197], [8.7518158, 46.016745], [8.7513098, 46.0157177], [8.7511945, 46.0155827], [8.7510887, 46.015204], [8.7509813, 46.0151054], [8.7509619, 46.0149466], [8.7503626, 46.0139493], [8.7501401, 46.0137808], [8.7497704, 46.0135222], [8.7495055, 46.0134027], [8.7494301, 46.013272], [8.7496343, 46.013127], [8.7496492, 46.0130551], [8.7495862, 46.0127039], [8.7495509, 46.0126409], [8.7493914, 46.0125685], [8.7493705, 46.0125415], [8.7493921, 46.012411], [8.7493763, 46.012339], [8.7493298, 46.0122624], [8.7489675, 46.0120367], [8.7488904, 46.01196], [8.7488201, 46.0117799], [8.7488038, 46.0114558], [8.7488921, 46.0112429], [8.7487919, 46.0108708], [8.7487026, 46.0107964], [8.7485822, 46.010562], [8.7485162, 46.0101699], [8.7482903, 46.0096817], [8.7481702, 46.00947], [8.7477222, 46.008977], [8.747316, 46.0084887], [8.7469024, 46.0081399], [8.7468214, 46.0080716], [8.7467343, 46.0081114], [8.7460446, 46.0075319], [8.7457846, 46.0072804], [8.7455861, 46.0070263], [8.745306, 46.0066247], [8.7450314, 46.006303], [8.7448492, 46.0060748]]]}}, {"type": "Feature", "properties": {"nome": "Lago Maggiore"}, "geometry": {"type": "Polygon", "coordinates": [[[8.7205695, 46.0814318], [8.7206657, 46.0812791], [8.7207261, 46.0808383], [8.7208105, 46.0806776], [8.7209829, 46.080551], [8.7210987, 46.0800383], [8.7212366, 46.0797583], [8.7213066, 46.0796698], [8.721395, 46.0796161], [8.7215964, 46.0797472], [8.7216487, 46.0798065], [8.7217159, 46.0798422], [8.7218598, 46.0798904], [8.7219707, 46.0799019], [8.7220612, 46.0799156], [8.722074, 46.0799185], [8.7221454, 46.079935], [8.7223522, 46.0799177], [8.7225308, 46.0798797], [8.7226994, 46.0797997], [8.7227528, 46.0797265], [8.7227104, 46.0795737], [8.72293, 46.0793952], [8.7228056, 46.0793769], [8.7228106, 46.0793471], [8.7229333, 46.0793357], [8.7230103, 46.0792668], [8.7230569, 46.0791266], [8.7231915, 46.0790027], [8.7232964, 46.0789311], [8.7234532, 46.078608], [8.7235758, 46.078317], [8.7236219, 46.0781641], [8.7237197, 46.0779627], [8.7236309, 46.0776466], [8.7236613, 46.0773767], [8.7236891, 46.0770539], [8.7238891, 46.0767651], [8.7241314, 46.0764075], [8.7241889, 46.0762977], [8.7244111, 46.0760951], [8.7245422, 46.0758982], [8.7246984, 46.0757787], [8.724915, 46.0755792], [8.725063, 46.075404], [8.725341, 46.0751092], [8.7256339, 46.0746941], [8.725775, 46.0745999], [8.7259886, 46.0745553], [8.7260698, 46.074479], [8.7264472, 46.0743222], [8.7267454, 46.0741653], [8.7269856, 46.0740297], [8.7280861, 46.0733368], [8.7283238, 46.0731425], [8.7285171, 46.0728715], [8.7285015, 46.0727875], [8.7287139, 46.072484], [8.7289285, 46.072435], [8.7290938, 46.0723633], [8.7292659, 46.0722076], [8.7293829, 46.0719566], [8.7295149, 46.0717274], [8.7298302, 46.071377], [8.7298173, 46.0712525], [8.7300765, 46.0711418], [8.7302809, 46.0710256], [8.7303321, 46.0708785], [8.730418, 46.0707603], [8.7306703, 46.0705249], [8.7308209, 46.0704205], [8.7309719, 46.0703127], [8.7311707, 46.0698804], [8.7311811, 46.0698577], [8.7312689, 46.0696668], [8.7312912, 46.0696184], [8.7314359, 46.0692605], [8.7316635, 46.0686972], [8.7316881, 46.0686661], [8.7317627, 46.0685718], [8.7318375, 46.0685379], [8.7318046, 46.0682039], [8.7317883, 46.0680886], [8.7317279, 46.0678226], [8.7317151, 46.0677664], [8.7317112, 46.0677492], [8.7316016, 46.06774], [8.7314733, 46.0671908], [8.7316371, 46.0670779], [8.7316172, 46.0669873], [8.7316007, 46.066912], [8.731694, 46.0666782], [8.7317008, 46.0666152], [8.7316742, 46.0659307], [8.7316178, 46.0657175], [8.7315723, 46.0654359], [8.7313785, 46.0650536], [8.7312454, 46.0644957], [8.7310901, 46.0642335], [8.7310441, 46.0640534], [8.7310024, 46.0639678], [8.7305897, 46.0634107], [8.7305453, 46.0632607], [8.7304084, 46.0631611], [8.7302153, 46.0629807], [8.7301801, 46.0629086], [8.7300305, 46.0627643], [8.7297662, 46.0626153], [8.7297607, 46.062521], [8.7296851, 46.0623541], [8.7297063, 46.0623137], [8.7297744, 46.0622553], [8.7298432, 46.0622204], [8.729792, 46.0619583], [8.7298333, 46.0618003], [8.7298423, 46.0615849], [8.729814, 46.0614319], [8.7297562, 46.0613418], [8.7295284, 46.0613366], [8.7294512, 46.0612511], [8.7294408, 46.0612124], [8.7294419, 46.0611836], [8.7296668, 46.0610349], [8.7297055, 46.0608062], [8.7296414, 46.060698], [8.7296577, 46.0606666], [8.7299355, 46.0603656], [8.730025, 46.0602443], [8.7300486, 46.0600553], [8.7301383, 46.05988], [8.7301713, 46.0597361], [8.7301954, 46.0594256], [8.730299, 46.0592382], [8.7303606, 46.0590344], [8.7303963, 46.058994], [8.7306816, 46.0588056], [8.7308906, 46.0586874], [8.7311929, 46.058343], [8.7313509, 46.0580959], [8.7313883, 46.058033], [8.7314347, 46.0577946], [8.7314641, 46.0577361], [8.7315805, 46.0575448], [8.7317342, 46.0573587], [8.7317701, 46.0572778], [8.7317759, 46.0571978], [8.7317178, 46.0570661], [8.7316706, 46.0568006], [8.73161, 46.0566519], [8.7316331, 46.056544], [8.7317469, 46.0563957], [8.731961, 46.0562431], [8.7321252, 46.0560275], [8.7322721, 46.0559147], [8.7324099, 46.0558306], [8.7324768, 46.0556172], [8.7322871, 46.0553952], [8.7322951, 46.0552694], [8.7324139, 46.0551325], [8.7324011, 46.0548338], [8.7324646, 46.0546897], [8.7325917, 46.0545159], [8.7327866, 46.0542468], [8.7330385, 46.0539503], [8.7331335, 46.0538004], [8.7332013, 46.0535948], [8.733195, 46.0534312], [8.7332939, 46.0532533], [8.7333659, 46.0530779], [8.7336889, 46.0527636], [8.733845, 46.0525704], [8.734016, 46.0522827], [8.7340392, 46.052163], [8.7340285, 46.0520442], [8.733828, 46.0517686], [8.733891, 46.0515845], [8.7337058, 46.0515131], [8.7333319, 46.0514038], [8.7332674, 46.0512383], [8.7332669, 46.0509533], [8.7331229, 46.0508454], [8.7330859, 46.0505112], [8.7329084, 46.0502453], [8.7326949, 46.0501267], [8.7327977, 46.0500645], [8.7328337, 46.0499799], [8.7326983, 46.0498192], [8.732474, 46.0497176], [8.7323114, 46.0496316], [8.7321555, 46.049368], [8.7319109, 46.0490073], [8.7318354, 46.0487863], [8.7318614, 46.0486262], [8.7319351, 46.0484318], [8.7319527, 46.04826], [8.7320049, 46.0481476], [8.732159, 46.0478338], [8.7322306, 46.0476707], [8.7323062, 46.0473112], [8.7323674, 46.0472291], [8.7323399, 46.0470982], [8.7324002, 46.0470044], [8.7322262, 46.0469232], [8.7321431, 46.0468177], [8.7321483, 46.0467124], [8.7322444, 46.0465904], [8.7324105, 46.0465323], [8.7326341, 46.0464344], [8.7329871, 46.0463592], [8.733405, 46.0462228], [8.7336224, 46.0461434], [8.733731, 46.0460177], [8.7337478, 46.0460094], [8.7337729, 46.045997], [8.7338846, 46.0459173], [8.7339712, 46.0458815], [8.733896, 46.0456986], [8.7338426, 46.0455958], [8.7337975, 46.0455242], [8.7333378, 46.044941], [8.7332681, 46.0449025], [8.7331807, 46.0449227], [8.7330986, 46.0448089], [8.7330788, 46.0447863], [8.7327624, 46.0443288], [8.732399, 46.0438233], [8.7323863, 46.0437675], [8.7322659, 46.0436611], [8.7321597, 46.0435264], [8.7322008, 46.0433728], [8.7322112, 46.0432295], [8.7320515, 46.0430067], [8.7320838, 46.0428557], [8.7321063, 46.0426705], [8.7322123, 46.0426048], [8.7321141, 46.0422547], [8.7319322, 46.0416522], [8.7316102, 46.0411486], [8.7315408, 46.0405408], [8.7316166, 46.0400792], [8.7317206, 46.0397724], [8.7317648, 46.0396375], [8.7319606, 46.0393302], [8.7322263, 46.0391533], [8.7322399, 46.0391443], [8.7322036, 46.039029], [8.7323282, 46.0389025], [8.7325321, 46.0387647], [8.7327063, 46.0387367], [8.7329705, 46.0385123], [8.7331293, 46.0384162], [8.7332587, 46.0383805], [8.7336296, 46.0381697], [8.7339039, 46.0378634], [8.7339519, 46.0378718], [8.734222, 46.037672], [8.7348277, 46.037407], [8.735453, 46.0372373], [8.7359619, 46.0370311], [8.7362314, 46.0369691], [8.7368459, 46.0368102], [8.7370744, 46.0367749], [8.7373706, 46.0366545], [8.7375798, 46.036632], [8.7379125, 46.0365192], [8.7383143, 46.0364411], [8.7386699, 46.0363888], [8.7391915, 46.0362779], [8.7395498, 46.0362325], [8.7395564, 46.036167], [8.7395766, 46.0361633], [8.739626, 46.0361505], [8.7396685, 46.0361653], [8.7396883, 46.0361688], [8.7396813, 46.0362431], [8.7397598, 46.0362523], [8.7401972, 46.0362718], [8.7403688, 46.0362656], [8.7404065, 46.0362642], [8.7405182, 46.0362453], [8.7406063, 46.0362447], [8.7407673, 46.036258], [8.7407772, 46.0362623], [8.7408092, 46.036276], [8.7410107, 46.036273], [8.7411549, 46.0362767], [8.7415704, 46.0362691], [8.7420697, 46.0360623], [8.7421275, 46.0360591], [8.7421524, 46.036068], [8.7421381, 46.0360867], [8.7420782, 46.0360875], [8.741667, 46.0362748], [8.7418796, 46.0364925], [8.7419994, 46.0365447], [8.7420179, 46.0365242], [8.7424226, 46.0360666], [8.742228, 46.036015], [8.7422233, 46.0360082], [8.7422231, 46.0360014], [8.7422307, 46.0359956], [8.7422419, 46.0359936], [8.742441, 46.0360412], [8.7427638, 46.0356439], [8.7427373, 46.0355833], [8.7426777, 46.0354402], [8.7425285, 46.0353431], [8.7424739, 46.0352952], [8.7424795, 46.0352174], [8.7425933, 46.0351184], [8.7427417, 46.0351144], [8.7429688, 46.035052], [8.7430745, 46.0350328], [8.7431559, 46.0349667], [8.7433453, 46.0348636], [8.743386, 46.0348007], [8.7433863, 46.0347377], [8.7434139, 46.0347017], [8.7435338, 46.03463], [8.7439831, 46.0342303], [8.7440317, 46.0341944], [8.7442015, 46.0341363], [8.744294, 46.0340555], [8.7443928, 46.0339972], [8.7445031, 46.0339376], [8.744434, 46.0338172], [8.7445134, 46.0337544], [8.7446411, 46.0337411], [8.7448544, 46.0336809], [8.7451341, 46.0336566], [8.7453572, 46.0336301], [8.7455006, 46.0335497], [8.7456455, 46.0335063], [8.7457976, 46.0335089], [8.7461265, 46.0333485], [8.7461552, 46.0332537], [8.7462717, 46.0331607], [8.7464382, 46.0331777], [8.7465273, 46.0331239], [8.7466138, 46.0329261], [8.7467469, 46.0327778], [8.7467885, 46.032645], [8.7467655, 46.0326024], [8.7463808, 46.0323181], [8.7463618, 46.0321569], [8.7465016, 46.0320759], [8.7464714, 46.0318754], [8.7464733, 46.0315785], [8.7463991, 46.0314856], [8.7464187, 46.0314406], [8.746516, 46.0313553], [8.7465758, 46.0313375], [8.7467859, 46.0313199], [8.746883, 46.0312751], [8.7470041, 46.0312708], [8.7470848, 46.0312634], [8.747196, 46.0312496], [8.7471898, 46.031175], [8.7474711, 46.0312213], [8.7475659, 46.0307768], [8.7476465, 46.0306736], [8.7477391, 46.0305433], [8.7478899, 46.0302695], [8.747822, 46.0301822], [8.7479398, 46.0301118], [8.7480687, 46.0301322], [8.748112, 46.0299784], [8.7481764, 46.0297955], [8.748244, 46.0296967], [8.7482087, 46.0295722], [8.7483368, 46.0294464], [8.7483539, 46.0293005], [8.7483316, 46.0291329], [8.7483379, 46.0288205], [8.74829, 46.0287661], [8.7478529, 46.0286039], [8.7477642, 46.0285682], [8.7477399, 46.0284265], [8.7476972, 46.0283295], [8.7477317, 46.0282482], [8.7478228, 46.0282553], [8.7478909, 46.0281181], [8.7479847, 46.0280588], [8.7481261, 46.0280253], [8.7480976, 46.0279411], [8.7480438, 46.0278972], [8.7480764, 46.0277151], [8.7481937, 46.0275225], [8.748306, 46.0273268], [8.7485102, 46.0271088], [8.748672, 46.027116], [8.748853, 46.0270849], [8.7488882, 46.0270618], [8.7489873, 46.026992], [8.7490108, 46.026894], [8.7489667, 46.0268156], [8.7487666, 46.0266347], [8.7487096, 46.0263838], [8.7486939, 46.0262795], [8.7486301, 46.02626], [8.748559, 46.0261513], [8.7490294, 46.0260228], [8.7497516, 46.0257443], [8.7497613, 46.0256411], [8.7500171, 46.025625], [8.7503199, 46.025532], [8.7503429, 46.0253455], [8.7504015, 46.0252586], [8.7505838, 46.0252233], [8.7507702, 46.0251195], [8.7507909, 46.0251399], [8.7506282, 46.0252273], [8.7507786, 46.0253674], [8.7509974, 46.025254], [8.7508407, 46.0250884], [8.7508646, 46.0250745], [8.7509502, 46.0251249], [8.7510483, 46.0249932], [8.7511262, 46.0248452], [8.7510591, 46.0246893], [8.7507702, 46.024489], [8.7507792, 46.024242], [8.750864, 46.0240853], [8.7510074, 46.0239451], [8.7511248, 46.0237233], [8.7512742, 46.0234266], [8.7514111, 46.0231539], [8.751579, 46.0230711], [8.7516368, 46.0230222], [8.7517451, 46.0228793], [8.7517686, 46.0227878], [8.7517727, 46.0226655], [8.7516688, 46.0226217], [8.7516704, 46.0225935], [8.7516855, 46.0225624], [8.751825, 46.0224797], [8.7518153, 46.0220171], [8.751744, 46.0219965], [8.751604, 46.021949], [8.7512889, 46.0219281], [8.7510566, 46.0218646], [8.7508713, 46.0217475], [8.7508578, 46.0217101], [8.7508719, 46.0216393], [8.7508462, 46.0216122]]]}}, {"type": "Feature", "properties": {"nome": "Lago Maggiore"}, "geometry": {"type": "Polygon", "coordinates": [[[8.7211263, 46.0841919], [8.7208748, 46.0838647], [8.7207653, 46.0836464], [8.72063, 46.083214], [8.7205471, 46.0826648], [8.7204511, 46.0824665], [8.7205333, 46.0821407], [8.7205024, 46.0819132], [8.7205687, 46.0815983], [8.7205695, 46.0814318]]]}}, {"type": "Feature", "properties": {"nome": "Lago Maggiore"}, "geometry": {"type": "Polygon", "coordinates": [[[8.729076, 46.0901227], [8.7289584, 46.0900414], [8.7286633, 46.0898227], [8.7285052, 46.0897055], [8.7283757, 46.0896308], [8.7282689, 46.0895394], [8.7279841, 46.089234], [8.7276756, 46.0890673], [8.7276024, 46.0889317], [8.727443, 46.0887919], [8.7273699, 46.0886946], [8.7272759, 46.088632], [8.7271667, 46.0886139], [8.7270255, 46.0885301], [8.7269646, 46.0884606], [8.7268342, 46.0884609], [8.7267124, 46.0884079], [8.7266312, 46.0883931], [8.7265785, 46.0883492], [8.7264418, 46.0883013], [8.7263786, 46.0882318], [8.7261481, 46.0880783], [8.7255012, 46.087789], [8.7253642, 46.0877122], [8.7245585, 46.0871121], [8.724423, 46.0870848], [8.7243044, 46.0869097], [8.7241887, 46.0868796], [8.7240863, 46.0868411], [8.7238859, 46.0868011], [8.7238837, 46.0867347], [8.723564, 46.0865721], [8.7233621, 46.0864887], [8.7231798, 46.0864073], [8.7229964, 46.0863558], [8.7228296, 46.0862893], [8.7226021, 46.0860612], [8.7222788, 46.0858853], [8.7221889, 46.0857433], [8.7219959, 46.0855354], [8.721954, 46.0854948], [8.721879, 46.0852921], [8.7217502, 46.0851026], [8.7215063, 46.0849465], [8.7213477, 46.0848843], [8.7214237, 46.084707], [8.7212901, 46.0847459], [8.7212295, 46.0845657], [8.7211638, 46.0844531], [8.7211263, 46.0841919]]]}}, {"type": "Feature", "properties": {"nome": "Lago Maggiore"}, "geometry": {"type": "Polygon", "coordinates": [[[8.7303175, 46.0914535], [8.7299279, 46.0911639], [8.7297811, 46.0910871], [8.7296762, 46.0909737], [8.729424, 46.0907722], [8.7292534, 46.090555], [8.7291165, 46.0904423], [8.7290845, 46.0903747], [8.7290459, 46.0901659], [8.729076, 46.0901227]]]}}, {"type": "Feature", "properties": {"nome": "Lago Maggiore"}, "geometry": {"type": "Polygon", "coordinates": [[[8.7337335, 46.0939264], [8.7335995, 46.0937921], [8.7334806, 46.0936721], [8.733343, 46.0935771], [8.7332801, 46.0934829], [8.7331564, 46.0932899], [8.7330486, 46.0931862], [8.7327584, 46.0930101], [8.7324508, 46.0926175], [8.7323488, 46.0924634], [8.7321438, 46.0923744], [8.7318829, 46.092118], [8.7316412, 46.0919773], [8.7314781, 46.0919], [8.7309714, 46.091706], [8.7305048, 46.0915656], [8.730371, 46.0914933], [8.7303175, 46.0914535]]]}}, {"type": "Feature", "properties": {"nome": "Lago Maggiore"}, "geometry": {"type": "Polygon", "coordinates": [[[8.7363704, 46.0982199], [8.7359856, 46.0978406], [8.7358977, 46.0976244], [8.7357418, 46.0974171], [8.735687, 46.097381], [8.7356535, 46.097291], [8.7357092, 46.0967916], [8.7355979, 46.0960488], [8.7355228, 46.0958552], [8.7354544, 46.0954841], [8.735248, 46.0951616], [8.7348206, 46.0949358], [8.7345306, 46.0947147], [8.7343399, 46.0945376], [8.734273, 46.0944667], [8.7337335, 46.0939264]]]}}, {"type": "Feature", "properties": {"nome": "Lago Maggiore"}, "geometry": {"type": "Polygon", "coordinates": [[[8.7560709, 46.1049106], [8.7559203, 46.1048943], [8.7558937, 46.1048727], [8.7558304, 46.1048271], [8.7557806, 46.1047737], [8.7557189, 46.1046883], [8.7556048, 46.1045264], [8.7554074, 46.1043761], [8.7553131, 46.1042697], [8.7552556, 46.1041703], [8.7551269, 46.1040787], [8.7550288, 46.1040273], [8.7549085, 46.1039832], [8.7547399, 46.103948], [8.7544929, 46.1039193], [8.7542083, 46.1039053], [8.7537425, 46.1039081], [8.7531341, 46.1039436], [8.7528288, 46.1039762], [8.7528025, 46.10397], [8.7527384, 46.103921], [8.7526584, 46.1038842], [8.7526264, 46.1038702], [8.752588, 46.1038534], [8.7525596, 46.103843], [8.7525423, 46.1038367], [8.7524802, 46.1037861], [8.7524564, 46.1037792], [8.7524349, 46.1037872], [8.7523259, 46.1037345], [8.7523298, 46.1037153], [8.7521918, 46.1037087], [8.7518196, 46.103409], [8.7516328, 46.1033094], [8.7514665, 46.1032415], [8.7513143, 46.1031957], [8.750781, 46.1032165], [8.7502274, 46.1032682], [8.7497173, 46.1033125], [8.7491535, 46.1033525], [8.7488669, 46.1033528], [8.7485757, 46.1033456], [8.7483119, 46.1033086], [8.747957, 46.1032468], [8.7477509, 46.1032087], [8.7476211, 46.1031957], [8.7473846, 46.1031703], [8.7472097, 46.1031425], [8.7471201, 46.1030705], [8.7466425, 46.1032127], [8.746263, 46.1032051], [8.7450796, 46.1033084], [8.7446768, 46.1033166], [8.7443128, 46.1033519], [8.744104, 46.1033875], [8.7437529, 46.1034048], [8.7434975, 46.1033862], [8.7420739, 46.1034644], [8.7417276, 46.1034778], [8.7411358, 46.1033459], [8.7409489, 46.1032961], [8.740412, 46.1033036], [8.7401081, 46.1032894], [8.739791, 46.1033113], [8.7394844, 46.1032886], [8.7389984, 46.1033367], [8.7384989, 46.1032727], [8.7382922, 46.1032093], [8.738063, 46.1030957], [8.7378437, 46.1029699], [8.7376342, 46.102803], [8.7374767, 46.1025957], [8.7371448, 46.1022285], [8.7370447, 46.1020438], [8.7370322, 46.1018912], [8.7369034, 46.1017485], [8.736508, 46.1014721], [8.7364754, 46.1013413], [8.7364091, 46.101167], [8.7365044, 46.1007156], [8.7364377, 46.1003751], [8.7363602, 46.1000269], [8.7363169, 46.0995873], [8.7362499, 46.0993982], [8.7362745, 46.0993217], [8.7362899, 46.0991327], [8.7361961, 46.0987951], [8.7361412, 46.0986392], [8.7361693, 46.0984138], [8.7361154, 46.0983879], [8.7361567, 46.0982962], [8.7361712, 46.098264], [8.736354, 46.0982793], [8.7363704, 46.0982199]]]}}, {"type": "Feature", "properties": {"nome": "Lago Maggiore"}, "geometry": {"type": "Polygon", "coordinates": [[[8.7560709, 46.1049106], [8.7564645, 46.1049452], [8.7568592, 46.1049182], [8.7574538, 46.1049059], [8.7578983, 46.1048288], [8.7579776, 46.1048151], [8.7585227, 46.1048176], [8.7585771, 46.104835], [8.7588907, 46.1049354], [8.7596163, 46.1053476], [8.7606084, 46.1058826], [8.7609423, 46.1060627], [8.7613105, 46.1062207], [8.7619124, 46.1064949], [8.7622835, 46.1066983], [8.7625597, 46.1068885], [8.7629131, 46.1073252], [8.7633915, 46.1076698], [8.7636254, 46.1078383], [8.7637425, 46.1079227], [8.7640809, 46.108392], [8.7641574, 46.1084981], [8.7642964, 46.1087888], [8.7647925, 46.1090844], [8.7650141, 46.1093112], [8.7650649, 46.1093361], [8.7655023, 46.1095501], [8.7657237, 46.1097679], [8.7665334, 46.1099671], [8.7667361, 46.1100169], [8.7672036, 46.1103578], [8.7676908, 46.1109791], [8.7678318, 46.1110854], [8.7680188, 46.1111686], [8.7683007, 46.1112148], [8.7689669, 46.1115893], [8.7693652, 46.111935], [8.7696624, 46.1123333], [8.7697668, 46.1124796], [8.7698765, 46.112457], [8.7699027, 46.1125239], [8.7696783, 46.1125779], [8.7697743, 46.1127777], [8.7698682, 46.1127568], [8.770011, 46.1129926], [8.7700732, 46.1130858], [8.7702567, 46.1135551], [8.7703762, 46.1136823], [8.7714854, 46.1143162], [8.7717825, 46.1144817], [8.771919, 46.1146132], [8.7719538, 46.1146797], [8.7721388, 46.1150335], [8.7734901, 46.1162266], [8.7738289, 46.116434], [8.7747995, 46.1168705], [8.7755205, 46.1172578], [8.7762159, 46.117497], [8.776933, 46.1179851], [8.7778786, 46.1182995], [8.7782495, 46.1185452], [8.7790591, 46.1189557], [8.7795999, 46.1193766], [8.7798876, 46.1195037], [8.7804643, 46.1199191], [8.7812996, 46.1204706], [8.7821886, 46.121002], [8.782378, 46.1212162], [8.7824276, 46.121394], [8.7824101, 46.1215253], [8.7822527, 46.1218001], [8.7823023, 46.1219415], [8.7822265, 46.1220768], [8.7822702, 46.1222991], [8.7823926, 46.1225274], [8.7829843, 46.1230203], [8.7832059, 46.1233901], [8.7832959, 46.1234743], [8.7833225, 46.1234992], [8.783509, 46.1235315], [8.7837597, 46.1235315], [8.7840421, 46.1235121], [8.784178, 46.1235028], [8.7855913, 46.1234158], [8.7858679, 46.1234601], [8.7860412, 46.1234416], [8.7860959, 46.1233409], [8.7861521, 46.1233513], [8.786549, 46.1234742], [8.7865787, 46.1235027], [8.7865887, 46.1235987], [8.7865341, 46.1236414], [8.7865004, 46.1236595], [8.7867139, 46.1239241], [8.787322, 46.1241231], [8.7877341, 46.124261], [8.7886564, 46.1247924], [8.7891434, 46.1251114], [8.7893969, 46.1254214], [8.7894276, 46.1254438], [8.789924, 46.1258065], [8.790374, 46.1263679], [8.7906048, 46.126545], [8.7912668, 46.1267323], [8.7915493, 46.1269071], [8.7919244, 46.1270573], [8.7926764, 46.1271202], [8.7933551, 46.127355], [8.7941668, 46.1274775], [8.7952362, 46.1278155], [8.7955502, 46.1279539], [8.7957297, 46.1281451], [8.7961778, 46.1283691], [8.796542, 46.1284475], [8.7974137, 46.1289993], [8.7977124, 46.1290434], [8.7979703, 46.1291635], [8.7979635, 46.1292536], [8.7981586, 46.1294147], [8.7981881, 46.1297112], [8.7982948, 46.1298697], [8.7984526, 46.1300121], [8.7986055, 46.1305167], [8.798566, 46.1307496], [8.7985581, 46.1308757], [8.7985936, 46.1309497], [8.798653, 46.1309935], [8.7987953, 46.1310483], [8.7991156, 46.1312648], [8.799345, 46.1313745], [8.799602, 46.1314073], [8.8001337, 46.1314919], [8.8001592, 46.1314223], [8.8005584, 46.1316559], [8.8010135, 46.1318483], [8.8015325, 46.1321826], [8.8015586, 46.1322099], [8.8018941, 46.1323587], [8.8025783, 46.1325842], [8.802557, 46.1326654], [8.8029791, 46.1327278], [8.8029806, 46.1327844], [8.8037198, 46.1329432], [8.803933, 46.1331017], [8.804021, 46.1330544], [8.8040685, 46.1330615], [8.8041188, 46.1330846], [8.8041822, 46.1331314], [8.8042399, 46.1331899], [8.8042703, 46.1332462], [8.8042988, 46.1333062], [8.8042541, 46.1333261], [8.8042807, 46.1333575], [8.8044709, 46.1335818], [8.8045058, 46.133568], [8.8047877, 46.1337931], [8.8050917, 46.1340166], [8.8054113, 46.1342689], [8.8056109, 46.1345735], [8.8061961, 46.135099], [8.8063444, 46.1351102], [8.8063661, 46.1351366], [8.8061899, 46.1353122], [8.8066232, 46.1354609], [8.8070519, 46.1356739], [8.8075511, 46.1359246], [8.8085701, 46.136255], [8.81002, 46.1366342], [8.8104084, 46.1366384], [8.8109034, 46.1367371], [8.810852, 46.1368549], [8.8116349, 46.1370166], [8.8116835, 46.1369108], [8.8120193, 46.1369877], [8.8120402, 46.1369443], [8.8123303, 46.1370115], [8.8123461, 46.1370152], [8.8123286, 46.1370892], [8.8127585, 46.1372036], [8.8130201, 46.1372646], [8.8134368, 46.1376695], [8.8133799, 46.1377223], [8.8134724, 46.1377995], [8.8134027, 46.1378588], [8.8136466, 46.138034], [8.813787, 46.1379576], [8.8139319, 46.1380575], [8.8141549, 46.1380755], [8.8144107, 46.1381569], [8.8144339, 46.1382043], [8.8153519, 46.1381706], [8.8163495, 46.1384435], [8.8189097, 46.1391438], [8.8198658, 46.1393381], [8.8233499, 46.1399486], [8.8243087, 46.1399413], [8.8253434, 46.139863], [8.8266182, 46.1399139], [8.8275755, 46.1400991], [8.8280853, 46.1402485], [8.8291955, 46.1404381], [8.8296713, 46.1405726], [8.8308883, 46.1406413], [8.8310238, 46.1406872], [8.8312239, 46.140755], [8.8331175, 46.1408108], [8.8333298, 46.1408092], [8.8334646, 46.1408695], [8.8345019, 46.1409439], [8.835133, 46.1410783], [8.8363617, 46.1415231], [8.8366731, 46.1417079], [8.8371947, 46.1418311], [8.8376192, 46.1419751], [8.8375926, 46.1420527], [8.8381205, 46.1422505], [8.8383173, 46.1425044], [8.8382573, 46.1428235], [8.8382133, 46.1429875], [8.83826, 46.1430781], [8.8383656, 46.1432914], [8.838754, 46.1435449], [8.8392275, 46.1437552], [8.8404367, 46.1444889], [8.8409371, 46.1447211], [8.8411988, 46.1448027], [8.8413114, 46.1448064], [8.841754, 46.1448334], [8.8421001, 46.1448906], [8.8421267, 46.1447919], [8.8429592, 46.1448152], [8.8429795, 46.1448342], [8.84343, 46.1448068], [8.8434282, 46.144771], [8.8437802, 46.1447246], [8.8437695, 46.144679], [8.8441128, 46.1446149], [8.8441303, 46.1446326], [8.8441437, 46.1446395], [8.8441812, 46.1446433], [8.8444193, 46.144621], [8.8447063, 46.1446121], [8.8448893, 46.1446224], [8.8449564, 46.1446293], [8.8450717, 46.1446512], [8.8453211, 46.1447193], [8.8453312, 46.1447041], [8.8453894, 46.1447077], [8.8454533, 46.1447116], [8.8456517, 46.1447366], [8.8457859, 46.1447617], [8.8458771, 46.1447933], [8.8459589, 46.1448286], [8.8461667, 46.1448937], [8.8464687, 46.145005], [8.8466267, 46.1450349], [8.8468507, 46.1450321], [8.8470371, 46.1450219], [8.8471827, 46.145038], [8.8473335, 46.1450758], [8.8477065, 46.1452367], [8.8482857, 46.1454809], [8.8486696, 46.1456702], [8.848733, 46.145619], [8.8488874, 46.1456846], [8.84881, 46.1457634], [8.8489683, 46.1458489], [8.8493062, 46.1459821], [8.8499519, 46.1461544], [8.8500144, 46.14607], [8.8535639, 46.1470046], [8.8537585, 46.1470438], [8.8538506, 46.1470266], [8.8542682, 46.1472792], [8.8544323, 46.1474522], [8.8546109, 46.147752], [8.854724, 46.147877], [8.8549658, 46.1480782], [8.8551835, 46.1481945], [8.8552478, 46.1482585], [8.8552866, 46.1483488], [8.8553088, 46.148434], [8.8553078, 46.1485054], [8.8552886, 46.1485856], [8.8552855, 46.1486812], [8.855562, 46.1491877], [8.8555885, 46.1493251], [8.8555938, 46.1493722], [8.8555925, 46.1494157], [8.8556045, 46.1494524], [8.8556302, 46.1494828], [8.8556655, 46.1495059], [8.8557081, 46.1495197], [8.8557593, 46.1495285], [8.8558034, 46.1495318], [8.8558446, 46.1495323], [8.8558904, 46.1495303], [8.8559388, 46.1495231], [8.8559884, 46.1495088], [8.8560308, 46.1494885], [8.8560755, 46.1494669], [8.8561584, 46.1494286], [8.8562585, 46.1493925], [8.8565569, 46.1493034], [8.8570396, 46.1491245], [8.8575583, 46.1488643], [8.8578075, 46.1487883], [8.8585587, 46.1487564], [8.8593189, 46.1488425], [8.8595094, 46.1488611], [8.8596594, 46.1488883], [8.8601312, 46.1489411], [8.8607551, 46.1490523], [8.8609092, 46.1491095], [8.8611268, 46.1491964], [8.8616157, 46.1493306], [8.8623295, 46.1494007], [8.8627935, 46.1495235], [8.8644896, 46.1497334], [8.8649264, 46.1497053], [8.8656474, 46.149752], [8.8657056, 46.1498017], [8.8657105, 46.1499878], [8.8655829, 46.1500569], [8.8655534, 46.1501698], [8.8655334, 46.1505274]]]}}, {"type": "Feature", "properties": {"nome": "Lago Maggiore"}, "geometry": {"type": "Polygon", "coordinates": [[[8.8619567, 46.1560091], [8.8623684, 46.1559818], [8.8623233, 46.155429], [8.8583155, 46.1552246], [8.8575802, 46.1549765], [8.8569536, 46.1549277], [8.8559804, 46.1545935], [8.855724, 46.1544393], [8.8554929, 46.1543657], [8.8550903, 46.154315], [8.8549194, 46.1542137], [8.8548819, 46.1540162], [8.8552422, 46.153872], [8.855325, 46.1537803], [8.8554018, 46.1535386], [8.8552961, 46.1534295], [8.8553769, 46.1532985], [8.8554164, 46.1530186], [8.8559533, 46.1524031], [8.8562187, 46.1522287], [8.8562731, 46.1520078], [8.8561723, 46.1518849], [8.8562821, 46.1517925], [8.8564295, 46.1513022], [8.8564238, 46.1511279], [8.8565421, 46.1510012], [8.8575273, 46.1507761], [8.858386, 46.1507199], [8.8585682, 46.1505356], [8.8586943, 46.1505315], [8.8587992, 46.1504358], [8.8595078, 46.1504538], [8.8603714, 46.1506589], [8.8612753, 46.1510703], [8.8619749, 46.1516373], [8.8626084, 46.1523482], [8.8626608, 46.1524717], [8.8627579, 46.1531164], [8.8627528, 46.153516], [8.8629525, 46.1531311], [8.8630178, 46.1531528], [8.863186, 46.153398], [8.8632636, 46.1535941], [8.8632893, 46.1539312], [8.8633895, 46.1540531], [8.8634118, 46.154312], [8.8637465, 46.1547351], [8.8635839, 46.1550008], [8.863619, 46.1551074], [8.8638811, 46.1552282], [8.8639782, 46.155227], [8.8636902, 46.1550561], [8.8638361, 46.1547448], [8.8639802, 46.1546584], [8.8643759, 46.1546426], [8.8644066, 46.1545801], [8.8642506, 46.1545047], [8.8638872, 46.1545192], [8.8637389, 46.1544428], [8.8636884, 46.1543418], [8.8636258, 46.1538315], [8.8634838, 46.1533889], [8.8631688, 46.1530384], [8.8630424, 46.1525132], [8.8630676, 46.1524024], [8.863434, 46.1524693], [8.8636703, 46.1524616], [8.8636388, 46.1523897], [8.8635151, 46.1523513], [8.8630822, 46.1523106], [8.8631439, 46.1521026], [8.8631437, 46.1517387], [8.8630049, 46.151435], [8.8630005, 46.1512661], [8.8631744, 46.1511209], [8.8636021, 46.151031], [8.8637652, 46.1510911], [8.8639264, 46.1512739], [8.8637998, 46.151438], [8.8637935, 46.151555], [8.8638793, 46.1516189], [8.8647932, 46.1515294], [8.8653736, 46.1516556], [8.8654367, 46.1515936], [8.8655173, 46.1508153], [8.8655334, 46.1505274]]]}}, {"type": "Feature", "properties": {"nome": "Lago Maggiore"}, "geometry": {"type": "Polygon", "coordinates": [[[8.8617396, 46.1565693], [8.8614023, 46.1565259], [8.8607682, 46.1564889], [8.8589344, 46.1563616], [8.8584743, 46.1566696], [8.8582445, 46.1565662], [8.8583004, 46.1564289], [8.8581625, 46.1564299], [8.8581221, 46.1565107], [8.857989, 46.1565752], [8.8577618, 46.1566421], [8.8569046, 46.1567417], [8.8568362, 46.1566653], [8.8569929, 46.1565921], [8.8572038, 46.1564711], [8.8579075, 46.1562315], [8.8580593, 46.156033], [8.8581961, 46.1559342], [8.8585817, 46.1560072], [8.8596254, 46.1560104], [8.8601085, 46.1560298], [8.8607749, 46.1559756], [8.8610181, 46.1559771], [8.8615116, 46.1560134], [8.8619567, 46.1560091]]]}}, {"type": "Feature", "properties": {"nome": "Lago Maggiore"}, "geometry": {"type": "Polygon", "coordinates": [[[8.8578071, 46.1675307], [8.857787, 46.1672014], [8.8576161, 46.166889], [8.8574602, 46.166604], [8.857491, 46.1665235], [8.8578353, 46.1663714], [8.8578598, 46.1663187], [8.8578479, 46.1661077], [8.8577328, 46.1658167], [8.8573138, 46.1656861], [8.8570986, 46.1653308], [8.8569372, 46.1651978], [8.8566826, 46.1651174], [8.8558893, 46.1652335], [8.8557041, 46.1652331], [8.8554682, 46.1651218], [8.8559955, 46.1648363], [8.8569137, 46.1649417], [8.8572015, 46.1646547], [8.8573986, 46.1645173], [8.8575597, 46.1644901], [8.8576364, 46.1645998], [8.8578367, 46.1645837], [8.8579303, 46.1646995], [8.8581329, 46.1650542], [8.858193, 46.1654403], [8.8582947, 46.1655155], [8.8583663, 46.1653796], [8.8582729, 46.1649264], [8.858096, 46.1645985], [8.857246, 46.1637787], [8.856756, 46.1634592], [8.8562193, 46.1631834], [8.8554857, 46.1629083], [8.855296, 46.1628995], [8.8551254, 46.1629517], [8.8550198, 46.1630478], [8.8547508, 46.1636725], [8.8542509, 46.1638579], [8.8539219, 46.1638658], [8.8532647, 46.1637378], [8.8530871, 46.1636133], [8.8531218, 46.1634718], [8.8536304, 46.1634121], [8.8536992, 46.1633159], [8.8534861, 46.1631356], [8.8537217, 46.1629154], [8.8542393, 46.1627793], [8.8543365, 46.1627171], [8.8543393, 46.1626142], [8.854233, 46.1625355], [8.8545472, 46.1619597], [8.8547026, 46.1618168], [8.8549822, 46.1618133], [8.8554188, 46.1619374], [8.8558922, 46.1622097], [8.8561965, 46.1623155], [8.8566114, 46.1628455], [8.8566559, 46.1628336], [8.8563852, 46.1623941], [8.8564082, 46.1623335], [8.8576488, 46.1626725], [8.858397, 46.163033], [8.8589751, 46.1642455], [8.8591238, 46.1644866], [8.8593474, 46.1646205], [8.8599067, 46.1648159], [8.8604498, 46.1651852], [8.8604991, 46.1651908], [8.8604973, 46.1651189], [8.8603643, 46.1649856], [8.859256, 46.1643428], [8.8588087, 46.1631284], [8.858848, 46.1630946], [8.8602232, 46.1636954], [8.8612934, 46.1640697], [8.8617596, 46.1643203], [8.8618202, 46.1643105], [8.861813, 46.1641333], [8.8619386, 46.1641336], [8.8623821, 46.164262], [8.8642112, 46.1643388], [8.864274, 46.1642264], [8.8643337, 46.1641195], [8.8628806, 46.1639477], [8.8614797, 46.1635917], [8.861301, 46.163472], [8.8609562, 46.1634926], [8.8607751, 46.1633133], [8.8603822, 46.1631596], [8.8596378, 46.1626133], [8.8591826, 46.1623569], [8.8591567, 46.162268], [8.859217, 46.1622327], [8.8600386, 46.1626036], [8.8600815, 46.1625649], [8.8585971, 46.1618098], [8.8582008, 46.161548], [8.8580129, 46.1614931], [8.8576104, 46.1612047], [8.8571837, 46.1610385], [8.8568484, 46.1607988], [8.8567107, 46.1607777], [8.8564014, 46.1605799], [8.8561602, 46.1605397], [8.8559214, 46.160342], [8.8552382, 46.1602625], [8.8550108, 46.1601662], [8.8547532, 46.1601771], [8.8544217, 46.1602956], [8.8542131, 46.1602711], [8.8539558, 46.1600994], [8.8541568, 46.1600245], [8.8547808, 46.1596384], [8.8551646, 46.1598082], [8.8561243, 46.1600915], [8.8571786, 46.1605398], [8.8589495, 46.1606768], [8.8595768, 46.1609028], [8.8598924, 46.1610905], [8.860762, 46.1610705], [8.8609797, 46.1609796], [8.8615708, 46.1605583], [8.8619863, 46.1603552], [8.8624934, 46.1601913], [8.8629464, 46.1603323], [8.8633937, 46.1604076], [8.8633181, 46.1601899], [8.8629849, 46.1600727], [8.862424, 46.1600105], [8.8615372, 46.160413], [8.8614481, 46.1600723], [8.8614472, 46.1597907], [8.8615413, 46.159677], [8.8621974, 46.1592666], [8.8623548, 46.1590982], [8.8624888, 46.1586763], [8.8628983, 46.1579964], [8.8629248, 46.1577711], [8.8628152, 46.157589], [8.8627522, 46.1576069], [8.862364, 46.1586059], [8.8622735, 46.1585603], [8.8620653, 46.1578269], [8.8620091, 46.1577575], [8.8619058, 46.1577678], [8.8618947, 46.158234], [8.8621601, 46.1587299], [8.8621138, 46.1589411], [8.8619565, 46.1591167], [8.8614445, 46.1594398], [8.8612615, 46.1596203], [8.8611752, 46.1597851], [8.8611574, 46.1599967], [8.8611975, 46.1603921], [8.8611438, 46.1605682], [8.8609731, 46.1607233], [8.8607561, 46.1608457], [8.8605182, 46.1609072], [8.8601097, 46.1608826], [8.8593235, 46.1605237], [8.8592345, 46.1604375], [8.8592332, 46.160388], [8.8598306, 46.1602096], [8.8603706, 46.1599644], [8.8605867, 46.1598087], [8.8605324, 46.1597122], [8.8599393, 46.1600553], [8.859095, 46.1603016], [8.8590261, 46.160289], [8.8594915, 46.159118], [8.8594294, 46.1583775], [8.8595677, 46.1575723], [8.8594569, 46.157293], [8.8595007, 46.1572385], [8.8597512, 46.1571569], [8.8596549, 46.1570722], [8.8594778, 46.1570939], [8.8589503, 46.1573085], [8.8589163, 46.1577963], [8.8589389, 46.1579455], [8.8591741, 46.1583584], [8.8592547, 46.1589423], [8.8592149, 46.1592092], [8.8590012, 46.1596213], [8.8586827, 46.1599567], [8.8583417, 46.1601494], [8.8581095, 46.1602108], [8.8573439, 46.1602594], [8.857024, 46.1601855], [8.8561243, 46.1597484], [8.8554167, 46.1595103], [8.8550039, 46.159457], [8.8544338, 46.1594707], [8.8543194, 46.1593876], [8.8543602, 46.1591597], [8.8549803, 46.1589115], [8.8553565, 46.1586338], [8.8555875, 46.158527], [8.8558758, 46.1584648], [8.8559765, 46.1583791], [8.8559667, 46.1580023], [8.8558367, 46.157679], [8.8556916, 46.1574924], [8.8554198, 46.1574698], [8.8547363, 46.1577968], [8.8542587, 46.1577703], [8.8541108, 46.1578372], [8.8540724, 46.1577987], [8.8541731, 46.1577129], [8.8541428, 46.1576288], [8.8544184, 46.1574369], [8.8547258, 46.1573941], [8.854743, 46.1573354], [8.8546394, 46.1573042], [8.8542005, 46.1573292], [8.8541524, 46.1572778], [8.8543088, 46.1571784], [8.8548947, 46.157054], [8.8553432, 46.1570419], [8.8573296, 46.1571924], [8.8573845, 46.1571463], [8.8570826, 46.1570461], [8.8571095, 46.1570002], [8.8575465, 46.1569038], [8.8594214, 46.1567243], [8.8598991, 46.1567572], [8.8601162, 46.1568325], [8.8602928, 46.1567913], [8.8605276, 46.1568338], [8.8608013, 46.1569278], [8.8608047, 46.1570577], [8.8609823, 46.1570555], [8.8611281, 46.1569107], [8.8615025, 46.1569255], [8.8616364, 46.1569344], [8.861715, 46.1568253], [8.8617396, 46.1565693]]]}}, {"type": "Feature", "properties": {"nome": "Lago Maggiore"}, "geometry": {"type": "Polygon", "coordinates": [[[8.8594225, 46.170885], [8.8594321, 46.1706369], [8.8594138, 46.1704092], [8.8593485, 46.1701161], [8.8591808, 46.1696957], [8.8590238, 46.1695537], [8.8587738, 46.1688796], [8.8584379, 46.1681838], [8.8581159, 46.1679059], [8.8578071, 46.1675307]]]}}, {"type": "Feature", "properties": {"nome": "Lago Maggiore"}, "geometry": {"type": "Polygon", "coordinates": [[[8.8437436, 46.1736132], [8.8438542, 46.1736248], [8.8439153, 46.1735821], [8.8441965, 46.1733075], [8.8443376, 46.1731637], [8.8443995, 46.1731237], [8.8444747, 46.1731098], [8.844593, 46.173151], [8.8446601, 46.1731665], [8.844695, 46.1731671], [8.8447311, 46.1731478], [8.8448041, 46.1730784], [8.8448234, 46.1730233], [8.8448518, 46.1729085], [8.8447757, 46.172851], [8.8447561, 46.1728183], [8.8447987, 46.1727824], [8.8449716, 46.1726475], [8.8450765, 46.1725645], [8.8450857, 46.1725142], [8.8450633, 46.1724643], [8.8450633, 46.1724531], [8.8451215, 46.1723897], [8.8452263, 46.1723713], [8.8456078, 46.1719284], [8.8457289, 46.1717967], [8.8457876, 46.1716785], [8.8461087, 46.1713258], [8.8461513, 46.1713112], [8.846238, 46.1713499], [8.8462928, 46.1713034], [8.8463157, 46.1711785], [8.8465869, 46.1709347], [8.8467598, 46.1709071], [8.8470427, 46.1709377], [8.8472305, 46.1709316], [8.8475265, 46.1709658], [8.8479788, 46.1711273], [8.8482165, 46.171018], [8.8482479, 46.1709636], [8.848133, 46.1708349], [8.8477551, 46.1706728], [8.8477136, 46.1705547], [8.8476467, 46.1703935], [8.8478335, 46.1702658], [8.8479211, 46.1701237], [8.84817, 46.1699657], [8.8485803, 46.1697515], [8.8487282, 46.1695782], [8.8489263, 46.1693461], [8.8492401, 46.1690102], [8.8495722, 46.1683527], [8.8497179, 46.1682074], [8.8497599, 46.1681655], [8.8497694, 46.168156], [8.8501251, 46.1678014], [8.8500847, 46.1676913], [8.8504924, 46.1672656], [8.8508807, 46.1668601], [8.8509358, 46.1668025], [8.8518131, 46.1657317], [8.8518249, 46.1657183], [8.8521036, 46.1654024], [8.8523034, 46.1651852], [8.8523698, 46.165113], [8.8524652, 46.1651123], [8.8525107, 46.1651119], [8.8526913, 46.1651935], [8.8529234, 46.1652726], [8.8529655, 46.1652246], [8.8540183, 46.1655916], [8.8545123, 46.1658263], [8.8545062, 46.1659841], [8.8543217, 46.1663026], [8.8543118, 46.1663321], [8.8543118, 46.1663598], [8.854322, 46.166393], [8.8543783, 46.166508], [8.8550126, 46.1668012], [8.8552312, 46.1668964], [8.8552823, 46.1669113], [8.8553162, 46.1669171], [8.8553465, 46.166914], [8.8553787, 46.1669059], [8.8554319, 46.1668854], [8.8556643, 46.1667219], [8.8557462, 46.1666622], [8.8557637, 46.1666495], [8.8558294, 46.1665988], [8.8559122, 46.166535], [8.8559157, 46.1665323], [8.8559374, 46.1665143], [8.8559435, 46.166518], [8.8561659, 46.1666521], [8.8564951, 46.1668507], [8.8564973, 46.1668534], [8.8566513, 46.1671007], [8.8568139, 46.1676918], [8.8569016, 46.1680107], [8.8571882, 46.1684456], [8.8574658, 46.1686787], [8.8579016, 46.1694681], [8.8580049, 46.1695582], [8.858076, 46.1696251], [8.8582596, 46.1699343], [8.8586109, 46.1708925], [8.8587324, 46.1713295], [8.8588792, 46.1719193], [8.8589911, 46.1720987], [8.8590841, 46.1721763], [8.8591438, 46.1721475], [8.8591176, 46.1720852], [8.859126, 46.1719044], [8.8590366, 46.1714056], [8.8590234, 46.1712392], [8.8591604, 46.1708813], [8.8593037, 46.1708801], [8.8594225, 46.170885]]]}}, {"type": "Feature", "properties": {"nome": "Lago Maggiore"}, "geometry": {"type": "Polygon", "coordinates": [[[8.8434399, 46.1738654], [8.8436344, 46.173633], [8.8437436, 46.1736132]]]}}, {"type": "Feature", "properties": {"nome": "Lago Maggiore"}, "geometry": {"type": "Polygon", "coordinates": [[[8.8103471, 46.1715572], [8.8104542, 46.1714651], [8.8109562, 46.1716207], [8.8115312, 46.1717869], [8.8124941, 46.17198], [8.8126872, 46.1720168], [8.8130667, 46.1720211], [8.8134088, 46.1720358], [8.8137473, 46.172064], [8.8142797, 46.1721904], [8.8146252, 46.1722345], [8.814951, 46.1722252], [8.815267, 46.1722718], [8.815475, 46.1722831], [8.8155643, 46.172291], [8.8157651, 46.1722429], [8.8159626, 46.1723542], [8.8160331, 46.1723934], [8.816358, 46.1724768], [8.8169056, 46.1726213], [8.817077, 46.1726758], [8.8173813, 46.1727784], [8.8174974, 46.1728454], [8.8175804, 46.1728588], [8.8177365, 46.1728549], [8.8179565, 46.172827], [8.8180624, 46.1728781], [8.8180798, 46.1729292], [8.8186418, 46.1729598], [8.8187879, 46.172905], [8.8188235, 46.1728355], [8.8188416, 46.1728001], [8.8195519, 46.1731158], [8.8196339, 46.1731547], [8.819676, 46.1732035], [8.8196442, 46.1732289], [8.8201489, 46.173441], [8.820664, 46.1735617], [8.821157, 46.1736885], [8.8212178, 46.1737005], [8.8212545, 46.1737292], [8.8212946, 46.1737943], [8.8214377, 46.1738293], [8.8215684, 46.1739351], [8.8216583, 46.1740572], [8.8218454, 46.1741235], [8.8220178, 46.1742817], [8.8220848, 46.1743014], [8.8222335, 46.1744005], [8.822322, 46.1744412], [8.8225958, 46.1745695], [8.8227548, 46.1746288], [8.8228634, 46.1746738], [8.8229525, 46.1747007], [8.8231925, 46.1747992], [8.8237372, 46.1750455], [8.8239852, 46.1751539], [8.8241929, 46.1751809], [8.8241445, 46.1752828], [8.8242143, 46.1752958], [8.8242717, 46.175301], [8.8243595, 46.1752981], [8.8243817, 46.1751809], [8.8245981, 46.1751708], [8.8247469, 46.175091], [8.8249673, 46.1751612], [8.8251505, 46.1751421], [8.8254333, 46.1751239], [8.8254381, 46.1751019], [8.8254934, 46.1750999], [8.8258543, 46.1750133], [8.8260438, 46.1749592], [8.8262011, 46.1749121], [8.8263338, 46.1748912], [8.8264096, 46.1749295], [8.8265714, 46.1750112], [8.8265948, 46.1751588], [8.8267186, 46.175212], [8.8268361, 46.1752594], [8.8269523, 46.1753297], [8.8269281, 46.1753757], [8.8269128, 46.1754111], [8.826926, 46.1754475], [8.8270221, 46.1754973], [8.8271673, 46.1755686], [8.8272537, 46.1756136], [8.8272917, 46.1756462], [8.8273712, 46.1756749], [8.8273927, 46.1756807], [8.8274217, 46.1756936], [8.8274397, 46.175729], [8.8274272, 46.1757625], [8.8274929, 46.1758109], [8.8276153, 46.1758985], [8.8279492, 46.1760886], [8.8281684, 46.1764338], [8.8282915, 46.1765774], [8.8283426, 46.1766468], [8.8284298, 46.1767057], [8.8285003, 46.1767703], [8.8285611, 46.1768378], [8.8286427, 46.1768718], [8.8288031, 46.1769623], [8.8288363, 46.1770667], [8.8289891, 46.1772136], [8.8292048, 46.1774142], [8.8293058, 46.1775779], [8.8293327, 46.1776335], [8.8293956, 46.1776766], [8.8294433, 46.1776895], [8.8294745, 46.1776967], [8.8295471, 46.1777187], [8.8295713, 46.1777603], [8.8295671, 46.177791], [8.8295996, 46.1778073], [8.8296632, 46.1778288], [8.8296999, 46.1778815], [8.829704, 46.1779289], [8.8297697, 46.177993], [8.8298644, 46.1780572], [8.8299439, 46.1780849], [8.8300082, 46.1781534], [8.8301064, 46.1781984], [8.8302378, 46.178332], [8.8303263, 46.1783655], [8.8304168, 46.1784861], [8.83043, 46.1785158], [8.8305005, 46.1785517], [8.830692, 46.1787887], [8.8312334, 46.1791113], [8.8313945, 46.1791673], [8.8316897, 46.1793689], [8.8318268, 46.1794562], [8.8318632, 46.1794512], [8.8319227, 46.1794613], [8.8320015, 46.1795068], [8.8322877, 46.1796576], [8.8327011, 46.1798282], [8.8332377, 46.1798462], [8.8336401, 46.1798998], [8.8342942, 46.1798974], [8.8347164, 46.179765], [8.8351693, 46.1796541], [8.8354301, 46.1796274], [8.8356376, 46.1795954], [8.8358812, 46.1794181], [8.8363739, 46.1792487], [8.836714, 46.1791147], [8.8373218, 46.1791032], [8.8374511, 46.1791027], [8.8376647, 46.1790118], [8.8379572, 46.1789495], [8.8381404, 46.1789375], [8.8385393, 46.1789466], [8.8394043, 46.1790347], [8.8394036, 46.1789476], [8.8395073, 46.1789419], [8.8395163, 46.1790328], [8.839658, 46.1790046], [8.8397354, 46.1790653], [8.8399634, 46.178997], [8.8401243, 46.1788355], [8.8402678, 46.1786891], [8.8404779, 46.1786136], [8.8406332, 46.1784903], [8.8406377, 46.1784267], [8.8409088, 46.1782837], [8.8408593, 46.1782797], [8.840831, 46.1782661], [8.8407993, 46.178251], [8.8407728, 46.178215], [8.8407719, 46.1781734], [8.8407786, 46.1781512], [8.840797, 46.178128], [8.8408247, 46.1781089], [8.8408714, 46.1780901], [8.8409613, 46.1780885], [8.8409682, 46.1780167], [8.8410143, 46.1780171], [8.8410696, 46.1770455], [8.8410708, 46.1770395], [8.8413295, 46.1770495], [8.8413526, 46.1769262], [8.8413721, 46.1767877], [8.8413479, 46.1766141], [8.8413814, 46.1763563], [8.8413912, 46.176075], [8.8414845, 46.1758627], [8.841522, 46.1756899], [8.8415848, 46.1755243], [8.8415669, 46.1755147], [8.8418277, 46.1752376], [8.8421115, 46.1750746], [8.8424193, 46.1748603], [8.8423841, 46.1748423], [8.8423622, 46.174828], [8.8423524, 46.1748012], [8.8423611, 46.1747713], [8.8424855, 46.1748248], [8.8425512, 46.1747825], [8.8426085, 46.1748166], [8.8429103, 46.1745794], [8.8428192, 46.1745267], [8.8430803, 46.1742928], [8.8431166, 46.1742226], [8.8431206, 46.1741496], [8.8431437, 46.1740718], [8.8432791, 46.1740039], [8.8433494, 46.1739484]]]}}, {"type": "Feature", "properties": {"nome": "Lago Maggiore"}, "geometry": {"type": "Polygon", "coordinates": [[[8.8015972, 46.170641], [8.8016342, 46.1706867], [8.8017942, 46.1708889], [8.8018851, 46.1709159], [8.8019459, 46.170935], [8.8020517, 46.1709508], [8.8022302, 46.1709887], [8.8022005, 46.1712294], [8.8023976, 46.1713254], [8.8025385, 46.1713616], [8.8026615, 46.1713884], [8.8026544, 46.1714055], [8.8026504, 46.171415], [8.8027438, 46.1714262], [8.8029135, 46.1714341], [8.8034974, 46.171387], [8.8034933, 46.1712621], [8.8035099, 46.1712443], [8.803541, 46.1712367], [8.8035707, 46.1712372], [8.8035871, 46.1712534], [8.8036246, 46.1712736], [8.803643, 46.1712834], [8.8036633, 46.1712848], [8.8036771, 46.1712852], [8.8036924, 46.1712839], [8.8037588, 46.1712798], [8.8038053, 46.1712196], [8.8040366, 46.1712308], [8.8040627, 46.1713081], [8.8040668, 46.1713199], [8.8040724, 46.1713368], [8.8043427, 46.171312], [8.8048892, 46.1712713], [8.8054368, 46.171274], [8.8057242, 46.1713208], [8.8057262, 46.1713146], [8.8057279, 46.1713093], [8.8058594, 46.1713281], [8.8058569, 46.1713344], [8.8058546, 46.1713404], [8.8061427, 46.171374], [8.8062629, 46.1713782], [8.8063898, 46.1713658], [8.8065543, 46.1713331], [8.8067121, 46.1712781], [8.8067449, 46.1712625], [8.8067649, 46.1712391], [8.806758, 46.1712171], [8.8067539, 46.1711452], [8.806794, 46.1710878], [8.8069226, 46.1709796], [8.8072385, 46.1708402], [8.8073943, 46.1708139], [8.8075173, 46.1708028], [8.8075736, 46.1708083], [8.8076285, 46.1708248], [8.8076487, 46.1708487], [8.8076885, 46.1709173], [8.8077669, 46.1709272], [8.8078276, 46.1709331], [8.8078345, 46.1709671], [8.8078325, 46.1710933], [8.8079742, 46.1711797], [8.8080834, 46.1712171], [8.8081935, 46.1712418], [8.8083446, 46.1712617], [8.8083814, 46.171207], [8.8085003, 46.1712309], [8.8102708, 46.1714523], [8.8102572, 46.1715467], [8.8103006, 46.1715518], [8.8103471, 46.1715572]]]}}, {"type": "Feature", "properties": {"nome": "Lago di Como"}, "geometry": {"type": "Polygon", "coordinates": [[[9.2944502, 46.0323484], [9.2944549, 46.0323986], [9.2944626, 46.0324139], [9.2944877, 46.0324328], [9.2945034, 46.0324477], [9.2945244, 46.0324703], [9.2945542, 46.0325054], [9.2945703, 46.0325201], [9.2946065, 46.0325524], [9.2947218, 46.0326167], [9.2948141, 46.0326647], [9.2948615, 46.0326818], [9.2949079, 46.032713], [9.294941, 46.0327369], [9.2949586, 46.0327544], [9.2949681, 46.0327692], [9.2949656, 46.032788], [9.2949668, 46.0328097], [9.2949735, 46.0328277], [9.294983, 46.0328471], [9.2949905, 46.0328557], [9.295022, 46.0328761], [9.2950313, 46.0328806], [9.2950626, 46.0328748], [9.295076, 46.0328821], [9.2950833, 46.0328815], [9.295111, 46.0329211], [9.2951287, 46.032935], [9.2951839, 46.0329549], [9.2952335, 46.0329632], [9.295413, 46.0329504], [9.2954482, 46.0329524], [9.2955094, 46.0329397], [9.2955756, 46.0329395], [9.2956207, 46.0329444], [9.2957055, 46.032966], [9.2957395, 46.0329754], [9.2957816, 46.0329876], [9.2958668, 46.0330215], [9.2959732, 46.0330496], [9.2960048, 46.0330639], [9.2960193, 46.0330741], [9.2960212, 46.0330836], [9.2960112, 46.0331009], [9.2960022, 46.0331084], [9.2959842, 46.0331215], [9.2959781, 46.0331378], [9.2959741, 46.0331638], [9.296, 46.0331815], [9.2960193, 46.0331893], [9.2960357, 46.0331929], [9.2960495, 46.0331965], [9.2960577, 46.0332038], [9.2960598, 46.0332079], [9.2961001, 46.0331965], [9.2967488, 46.033769], [9.2969046, 46.0339036], [9.2970328, 46.0339893], [9.2972774, 46.0341456], [9.2976531, 46.0343202], [9.2978301, 46.0344768], [9.2979284, 46.03445], [9.2980015, 46.0345173], [9.2980964, 46.0347555], [9.2982619, 46.0349345], [9.2983736, 46.0348967], [9.2987646, 46.0350694], [9.2989909, 46.0352842], [9.2991179, 46.0354729], [9.2991575, 46.0356168], [9.2991245, 46.0360849], [9.2992732, 46.0363995], [9.2995469, 46.0365428], [9.2996637, 46.0366325], [9.2999434, 46.0369828], [9.300088, 46.0371073], [9.3001562, 46.0370946], [9.300335, 46.0372986], [9.3002768, 46.0373272], [9.3004551, 46.0374985], [9.3005989, 46.0375122], [9.3008142, 46.0375926], [9.3011167, 46.0376728], [9.3015052, 46.0378113], [9.3016542, 46.0378875], [9.3017412, 46.0379901], [9.3018591, 46.0381079], [9.3019185, 46.0380751], [9.3019613, 46.0381728], [9.3020708, 46.0381817], [9.3020929, 46.038497], [9.3019749, 46.0385003], [9.3017607, 46.0387557], [9.3015339, 46.0389408], [9.3012197, 46.0390856], [9.3010732, 46.039176], [9.3009089, 46.0392712], [9.300854, 46.0393084], [9.3008468, 46.0393807], [9.3006038, 46.039598], [9.3004615, 46.0397131], [9.3003551, 46.0396571], [9.3003137, 46.0397], [9.3001946, 46.0398285], [9.3002482, 46.0398621], [9.3002419, 46.0398981], [9.3001969, 46.0399387], [9.3000504, 46.0400354], [9.2998991, 46.0401257], [9.299891, 46.0402211], [9.2998172, 46.0402702], [9.2996876, 46.0402506], [9.2996897, 46.0402093], [9.2996544, 46.0401987], [9.2996505, 46.0401188], [9.2995547, 46.0400558], [9.2993946, 46.040044], [9.2989578, 46.0402745], [9.2987975, 46.0407297], [9.2987628, 46.0408398], [9.2986321, 46.0411764], [9.2985412, 46.0413322], [9.2984126, 46.0414184], [9.2982974, 46.0414989], [9.2981858, 46.041572], [9.2981166, 46.0415744], [9.2980832, 46.0415795], [9.2980472, 46.0415983], [9.2980409, 46.0416151], [9.2980526, 46.041647], [9.2981525, 46.0417326], [9.2982101, 46.0417413], [9.2984596, 46.0417626], [9.2984577, 46.0418411], [9.2984566, 46.041884], [9.2984645, 46.0419929], [9.2984645, 46.0421088], [9.2979508, 46.042123], [9.2979309, 46.0421962], [9.2977624, 46.0422452], [9.2978453, 46.0424754], [9.2982122, 46.0427653], [9.29847, 46.0428812], [9.2985772, 46.0428929], [9.298635, 46.0429665], [9.2990938, 46.0428691], [9.2994153, 46.0429783], [9.2996611, 46.0430356], [9.299945, 46.0430512], [9.3009156, 46.0433563], [9.3015995, 46.0435712], [9.3020825, 46.0437885], [9.3021869, 46.0438355], [9.3022798, 46.0438773], [9.3024336, 46.0439399], [9.3025636, 46.044057], [9.3027814, 46.0442778], [9.3028445, 46.0442499], [9.3026842, 46.0440941], [9.3027202, 46.0440494], [9.3027703, 46.0439872], [9.3036508, 46.0446365], [9.3034437, 46.0447705], [9.3029032, 46.0443642], [9.302857, 46.0443928], [9.3033194, 46.0447582], [9.3034895, 46.0448429], [9.3036608, 46.0447567], [9.3038413, 46.0448378], [9.3040215, 46.0449293], [9.3038769, 46.0452003], [9.3039233, 46.0452127], [9.3040548, 46.0449954], [9.3041447, 46.0450154], [9.3041863, 46.0449797], [9.3044968, 46.0451515], [9.3044637, 46.0451723], [9.3042569, 46.0450947], [9.3042418, 46.0451144], [9.3044519, 46.0452006], [9.3045286, 46.0453073], [9.3048894, 46.0454734], [9.3052585, 46.0457249], [9.3053597, 46.0459692], [9.3052971, 46.0463485], [9.3051892, 46.0465518], [9.3051751, 46.0469157], [9.3052297, 46.0472679], [9.3051175, 46.0474348], [9.3050745, 46.047563], [9.3051325, 46.0476723], [9.3053949, 46.0477635], [9.3055443, 46.0476233], [9.3059425, 46.0477934], [9.3059797, 46.047956], [9.3063406, 46.0484047], [9.3064258, 46.0485576], [9.3065312, 46.048552], [9.3067073, 46.0489317], [9.3068575, 46.0490323], [9.3070342, 46.0495461], [9.3072331, 46.0496964], [9.3076666, 46.0498434], [9.3078415, 46.0498203], [9.3086811, 46.0501787], [9.309254, 46.0504865], [9.3098363, 46.0507889], [9.3104314, 46.0512165], [9.3103296, 46.0513192], [9.3104015, 46.0519203], [9.3106064, 46.0521071], [9.3106078, 46.0522701], [9.3107081, 46.0523969], [9.3113933, 46.0526561], [9.3114445, 46.0527365], [9.3115806, 46.0527782], [9.3119133, 46.0531163], [9.3119663, 46.0536007], [9.312025, 46.0536996], [9.3123419, 46.0540366], [9.3123273, 46.0542972], [9.3123665, 46.0543691], [9.3124307, 46.0546345], [9.3125, 46.0547888], [9.3125546, 46.0549272], [9.3126592, 46.0552196], [9.3127945, 46.0554569], [9.3129023, 46.0559297], [9.3129376, 46.0562944], [9.3128254, 46.0568343], [9.3128801, 46.0568375], [9.312766, 46.0572976], [9.3126697, 46.0574238], [9.3124137, 46.0575865], [9.312306, 46.0576768], [9.3123055, 46.0578748], [9.3124284, 46.0585013], [9.3123127, 46.0588461], [9.3122896, 46.0591712], [9.3121804, 46.0591932], [9.3122268, 46.0594292], [9.3123117, 46.0595029], [9.312395, 46.0595751], [9.3125103, 46.0601018], [9.3124931, 46.0604798], [9.3124534, 46.0606194], [9.3123335, 46.0608493], [9.3121996, 46.0611737], [9.3121099, 46.0613134], [9.3120336, 46.0615317], [9.3119534, 46.0618336], [9.3118749, 46.0620724], [9.3116952, 46.0622865], [9.3113788, 46.0626474], [9.3113133, 46.0627826], [9.3112897, 46.0628907], [9.3113098, 46.0630166], [9.31139, 46.0631919], [9.3113892, 46.0633959], [9.3114478, 46.0637044], [9.3115132, 46.063861], [9.3115413, 46.0639868], [9.3113768, 46.0642543], [9.3112374, 46.0644007], [9.3109964, 46.0647635], [9.3108815, 46.0650203], [9.3107758, 46.0651961], [9.310697, 46.0652638], [9.3105022, 46.0654585], [9.3104082, 46.0655844], [9.3101644, 46.0656973], [9.3101258, 46.0657334], [9.3101196, 46.0657694], [9.309715, 46.0659595], [9.3095411, 46.0660815], [9.3095205, 46.0661581], [9.3096081, 46.0662208], [9.3096005, 46.0662974], [9.3095303, 46.066464], [9.3095162, 46.0665496], [9.3095144, 46.0668061], [9.3095647, 46.067409], [9.3095531, 46.0675594], [9.3093386, 46.0676623], [9.309227, 46.0677159], [9.3090492, 46.0677803], [9.3085341, 46.0676486], [9.3082739, 46.0676248], [9.3081676, 46.0676712], [9.3080842, 46.0676785], [9.3079913, 46.0676454], [9.3074289, 46.0677042], [9.3066087, 46.0677485], [9.3061411, 46.0678759], [9.305589, 46.0680261], [9.3054532, 46.0680595], [9.3053037, 46.0681812], [9.3052572, 46.0682578], [9.305248, 46.0683478], [9.305321, 46.0684016], [9.3054405, 46.0683788], [9.3055389, 46.0683335], [9.3057574, 46.068174], [9.3059192, 46.068117], [9.3068176, 46.0680054], [9.3070474, 46.0680107], [9.3071018, 46.0680502], [9.3071126, 46.0680706], [9.3071329, 46.0681177], [9.3071226, 46.0683322], [9.3071184, 46.0684192], [9.3070963, 46.0685048], [9.3071412, 46.0685377], [9.3070744, 46.0687264], [9.3070434, 46.0688192], [9.3070494, 46.0688358], [9.307044, 46.0688509], [9.3070262, 46.0688607], [9.3070101, 46.068873], [9.3069602, 46.0689548], [9.3069034, 46.0690215], [9.3068424, 46.0690515], [9.3067642, 46.0690748], [9.3066909, 46.0690879], [9.3066453, 46.0690899], [9.3065988, 46.0690869], [9.3065763, 46.0690775], [9.3065655, 46.0690564], [9.3065675, 46.0690311], [9.3066571, 46.068944], [9.3067561, 46.0688552], [9.3068026, 46.0688847], [9.3068445, 46.0688941], [9.3069188, 46.068883], [9.3069425, 46.0688462], [9.3069377, 46.0688087], [9.3069116, 46.0687779], [9.306864, 46.0687653], [9.3068126, 46.0687135], [9.306617, 46.0687083], [9.306574, 46.068707], [9.3064161, 46.0687466], [9.3063272, 46.0687567], [9.3059775, 46.0688306], [9.305897, 46.0687781], [9.3058171, 46.0686748], [9.3057537, 46.068603], [9.3056581, 46.0685582], [9.3055386, 46.0685811], [9.3054337, 46.0686602], [9.3052866, 46.0688436], [9.3052378, 46.0688896], [9.3052453, 46.0689302], [9.3051519, 46.0689972], [9.305126, 46.0690157], [9.3050608, 46.0690245], [9.3043187, 46.0695429], [9.3040547, 46.0697236], [9.3036303, 46.0699151], [9.3036872, 46.0699704], [9.3036054, 46.0700091], [9.3035783, 46.0699928], [9.3028417, 46.0702623], [9.3024156, 46.0703962], [9.3019939, 46.0704949], [9.3017372, 46.0705288], [9.3016541, 46.0705297], [9.3015872, 46.0705624], [9.3015564, 46.0706249], [9.3014106, 46.0707143], [9.3019545, 46.071143], [9.3018131, 46.0712293], [9.301274, 46.0708072], [9.3011006, 46.0709153], [9.3010197, 46.070864], [9.3007824, 46.0709208], [9.3007724, 46.0709232], [9.3003274, 46.0708819], [9.29994, 46.0708443], [9.2998285, 46.0708616], [9.2997234, 46.0708948], [9.2995575, 46.0709659], [9.2994324, 46.0710391], [9.2993435, 46.0711041], [9.2992921, 46.0711643], [9.2992649, 46.0711948], [9.2989154, 46.071493], [9.2984143, 46.0718239], [9.2980603, 46.0720415], [9.2977351, 46.072212], [9.2976046, 46.0723095], [9.2974936, 46.0725116], [9.2974023, 46.0726454], [9.2974564, 46.0727523], [9.2975396, 46.0728594], [9.2975401, 46.0730255], [9.2976354, 46.0731701], [9.2977454, 46.0733568], [9.2978359, 46.0735341], [9.2977655, 46.0735608], [9.2977865, 46.0738966], [9.2978399, 46.0739198], [9.2978965, 46.0739321], [9.2979399, 46.0739657], [9.2979987, 46.0742035], [9.2981111, 46.074658], [9.2981819, 46.0751425], [9.2982122, 46.0755618], [9.2980763, 46.0755656], [9.2980721, 46.0756267], [9.2980733, 46.0756487], [9.2980715, 46.0756677], [9.2980861, 46.075777], [9.2981699, 46.0760288], [9.29828, 46.0762337], [9.2982553, 46.0764792], [9.2984894, 46.0764963], [9.2985179, 46.0764014], [9.298519, 46.0763069], [9.2985606, 46.0762303], [9.2986767, 46.0761805], [9.2987753, 46.0762307], [9.2992902, 46.0766135], [9.2991227, 46.0767354], [9.2990083, 46.07675], [9.2989417, 46.0767541], [9.2989029, 46.0766893], [9.2987684, 46.0766403], [9.2986199, 46.0766328], [9.298351, 46.0766689], [9.2983773, 46.0767762], [9.2990477, 46.076995], [9.2992888, 46.0770304], [9.299488, 46.077037], [9.2996679, 46.0769913], [9.2997489, 46.0769176], [9.3001331, 46.0769211], [9.3002495, 46.0771134], [9.3003049, 46.0771762], [9.3003102, 46.0772843], [9.3003866, 46.0773742], [9.3005134, 46.0774953], [9.3007055, 46.0776243], [9.300644, 46.0777284]]]}}, {"type": "Feature", "properties": {"nome": "Lago di Como"}, "geometry": {"type": "Polygon", "coordinates": [[[9.3254623, 46.1227514], [9.3253683, 46.1227246], [9.3250735, 46.1226714], [9.3247915, 46.1225867], [9.3244444, 46.1224392], [9.3240636, 46.1223367], [9.3237101, 46.1221937], [9.3234281, 46.1221135], [9.3230666, 46.1219795], [9.3226922, 46.1218635], [9.3224278, 46.1217562], [9.3222559, 46.1216802], [9.3220205, 46.1215458], [9.3219098, 46.1214291], [9.3218245, 46.1212224], [9.321753, 46.1211731], [9.3216558, 46.1211508], [9.3212512, 46.1211205], [9.320547, 46.1210324], [9.3204435, 46.1210417], [9.3199337, 46.1210206], [9.3196679, 46.1209268], [9.3193482, 46.1207522], [9.319251, 46.1207345], [9.3188433, 46.1207356], [9.3187445, 46.1207179], [9.318477, 46.1206151], [9.3183767, 46.1206199], [9.3181153, 46.1207286], [9.3179197, 46.1207651], [9.3178195, 46.1207789], [9.3175136, 46.1207663], [9.3173193, 46.1207263], [9.3168391, 46.1205565], [9.316687, 46.120494], [9.3164958, 46.1204451], [9.3163983, 46.1204367], [9.3162935, 46.1204276], [9.3161933, 46.1204414], [9.3160913, 46.1204372], [9.3158986, 46.1203927], [9.3154924, 46.1203803], [9.3150941, 46.1203184], [9.3146081, 46.1202073], [9.3144265, 46.1201403], [9.3142338, 46.1200958], [9.3139631, 46.1199975], [9.3137213, 46.1198677], [9.3131424, 46.1192679], [9.3125509, 46.1188854], [9.3123081, 46.1185711], [9.3121845, 46.1184589], [9.3118606, 46.1180998], [9.3113713, 46.1173992], [9.3110464, 46.1168736], [9.3110202, 46.1168061], [9.3110299, 46.1165226], [9.3109826, 46.1164598], [9.3105485, 46.1160694], [9.3104459, 46.1159437], [9.3104614, 46.1158132], [9.3104464, 46.1157412], [9.310467, 46.1156737], [9.3105574, 46.1156419], [9.3107453, 46.1153984], [9.3107627, 46.1153264], [9.3107474, 46.1151869], [9.3107822, 46.1150473], [9.3108304, 46.1149842], [9.3109592, 46.1148758], [9.3110025, 46.1148127], [9.3111429, 46.1141823], [9.311183, 46.1138267], [9.3112988, 46.1137139], [9.3115212, 46.1135648], [9.3116035, 46.113524], [9.3117004, 46.1135013], [9.3119025, 46.1134827], [9.3122067, 46.1134999], [9.3124346, 46.1134951], [9.312554, 46.1134607], [9.3127163, 46.1133956], [9.3128661, 46.113357], [9.3129475, 46.1133393], [9.3131619, 46.1133577], [9.313364, 46.1133392], [9.3134511, 46.1133029], [9.3135572, 46.1131812], [9.3136224, 46.1129785], [9.3137685, 46.1127891], [9.3138361, 46.1127349], [9.3139464, 46.1126522], [9.3140859, 46.1125723], [9.314284, 46.1124697], [9.3143671, 46.1124121], [9.3144033, 46.1123228], [9.3144429, 46.1120748], [9.3145204, 46.1118825], [9.3144727, 46.1117431], [9.3144821, 46.1116891], [9.3145757, 46.1116529], [9.3145883, 46.1115898], [9.3146593, 46.1115626], [9.3147028, 46.1115265], [9.3146748, 46.1114546], [9.3147318, 46.1112471], [9.3148282, 46.1111212], [9.314957, 46.1110128], [9.315181, 46.1108682], [9.3153255, 46.1106788], [9.3153932, 46.1106291], [9.3154852, 46.1105973], [9.3155838, 46.1105836], [9.3158484, 46.1104748], [9.3160568, 46.1103881], [9.3163378, 46.1102911], [9.3166012, 46.1102259], [9.3169398, 46.1101361], [9.3173478, 46.1101316], [9.3176398, 46.1100469], [9.3178849, 46.1099202], [9.3179526, 46.109866], [9.3180869, 46.1095957], [9.3181848, 46.1094916], [9.318351, 46.1094684], [9.3186499, 46.1093466], [9.3187354, 46.1093059], [9.3188188, 46.1091797], [9.3188232, 46.1088241], [9.3188916, 46.1086215], [9.3191021, 46.1083824], [9.3191211, 46.1083103], [9.3191122, 46.1081709], [9.3192753, 46.1078329], [9.3193719, 46.1074861], [9.3193517, 46.1073467], [9.3195319, 46.1071752], [9.3196435, 46.1069004], [9.3197285, 46.1067742], [9.3199399, 46.1065923], [9.3201797, 46.1062945], [9.3203086, 46.1060764], [9.3203222, 46.1059346], [9.3202198, 46.1057539], [9.3199506, 46.1053923], [9.3197954, 46.1051945], [9.3197869, 46.105127], [9.3198803, 46.10479], [9.3200319, 46.1044288], [9.3200441, 46.1042893], [9.3199915, 46.1041544], [9.3198546, 46.1039613], [9.3197342, 46.1038491], [9.3193657, 46.1036027], [9.3192617, 46.1035129], [9.3191768, 46.1033872], [9.3191045, 46.1032436], [9.319041, 46.1031175], [9.3188109, 46.1028493], [9.3187058, 46.1027585], [9.3186314, 46.102701], [9.3186026, 46.1026788], [9.3182298, 46.1023908], [9.3179532, 46.10209], [9.317818, 46.1019173], [9.3176615, 46.1017173], [9.3173915, 46.1014657], [9.3172957, 46.1013764], [9.3169686, 46.1010173], [9.3167404, 46.1007029], [9.3165359, 46.1003734], [9.3164793, 46.1000151], [9.3163543, 46.0998244], [9.3162657, 46.0996991], [9.3160803, 46.0995302], [9.316046, 46.0994734], [9.3160284, 46.0992108], [9.3161069, 46.0990846], [9.316247, 46.0989807], [9.3163595, 46.0988634], [9.316417, 46.0987283], [9.3164758, 46.0984962], [9.3163363, 46.0981167], [9.3161611, 46.0975817], [9.3159635, 46.097195], [9.3158667, 46.096889], [9.3157379, 46.0966749], [9.3156528, 46.0964665], [9.3156302, 46.0963139], [9.3155129, 46.0961568], [9.3154768, 46.0960758], [9.315468, 46.0959454], [9.3154514, 46.0957522], [9.3154091, 46.0955315], [9.3153144, 46.0953833], [9.3152652, 46.0951447], [9.3152039, 46.0950435], [9.315051, 46.0948485], [9.3149324, 46.0947498], [9.3147749, 46.0946333], [9.3140447, 46.0941763], [9.3135944, 46.093768], [9.3133423, 46.0935077], [9.313103, 46.0932159], [9.3128379, 46.0929466], [9.3126194, 46.0926322], [9.3124561, 46.0923402], [9.3121846, 46.0920754], [9.3120146, 46.0917564], [9.311855, 46.0915588], [9.3114912, 46.0912673], [9.3113464, 46.0911147], [9.3112356, 46.090962], [9.3111106, 46.0908813], [9.3109647, 46.0908142], [9.3107251, 46.0907609], [9.3106522, 46.0907251], [9.3104558, 46.0905997], [9.3100855, 46.0902947], [9.3099713, 46.090124], [9.3098944, 46.0899622], [9.3097627, 46.0898186], [9.3097088, 46.0897332], [9.3096825, 46.0896568], [9.3097141, 46.0894112], [9.3097236, 46.089352], [9.3097973, 46.0893638], [9.3098194, 46.0892963], [9.309741, 46.0892745], [9.3097545, 46.0892291], [9.3097716, 46.0891957], [9.3098032, 46.0891411], [9.3098885, 46.0889797], [9.3099019, 46.088968], [9.3099193, 46.0889638], [9.3100416, 46.08899], [9.3100816, 46.0889424], [9.3101364, 46.0888684], [9.3101634, 46.0887981], [9.3101558, 46.088716], [9.3101297, 46.0886852], [9.3100948, 46.0883813], [9.3100239, 46.088336], [9.3099949, 46.0882744], [9.3099712, 46.0880412], [9.3099214, 46.0877524], [9.3098424, 46.0877461], [9.3098023, 46.0877122], [9.3098399, 46.0876703], [9.3098564, 46.0875053], [9.3097031, 46.0872717], [9.309623, 46.0871099], [9.3096096, 46.08702], [9.3096691, 46.0866823], [9.3096186, 46.0866059], [9.3096017, 46.0864392], [9.3096835, 46.0863538], [9.3096679, 46.0862604], [9.3097076, 46.0860616], [9.3094965, 46.0859958], [9.3096543, 46.0857366], [9.3100564, 46.0855818], [9.3101435, 46.0853038], [9.310056, 46.0852837], [9.3101914, 46.0849574], [9.3102574, 46.0849122], [9.3103616, 46.0848586], [9.310362, 46.0846595], [9.3103832, 46.0845444], [9.3106005, 46.08433], [9.3106626, 46.0842742], [9.3106953, 46.0841628], [9.310806, 46.0841583], [9.310797, 46.0838238], [9.3107893, 46.0837623], [9.3107001, 46.0835586], [9.3108977, 46.0833514], [9.3107956, 46.0831984], [9.3107824, 46.0829725], [9.3109048, 46.0829479], [9.310887, 46.08271], [9.3108076, 46.0824041], [9.3107618, 46.0823008], [9.3104068, 46.0818472], [9.3102953, 46.081573], [9.3102471, 46.081586], [9.3092852, 46.0812422], [9.3085588, 46.0811439], [9.3080827, 46.0809965], [9.3072606, 46.0808609], [9.3069991, 46.0806868], [9.3062909, 46.0805284], [9.305826, 46.0804166], [9.3048883, 46.0800846], [9.3046067, 46.0799516], [9.3043675, 46.0798227], [9.3042609, 46.0796976], [9.3037708, 46.0793757], [9.3032632, 46.0791793], [9.3030623, 46.0791044], [9.3027566, 46.0789672], [9.3026094, 46.078868], [9.3024896, 46.0788096], [9.3022829, 46.0786765], [9.3021293, 46.0785614], [9.3018475, 46.0783016], [9.3013369, 46.078025], [9.3014652, 46.0778724], [9.3013021, 46.0778137], [9.3012345, 46.0779105], [9.300961, 46.0778138], [9.3009769, 46.0777887], [9.3008548, 46.0777492], [9.3008085, 46.0777793], [9.300644, 46.0777284]]]}}, {"type": "Feature", "properties": {"nome": "Lago di Como"}, "geometry": {"type": "Polygon", "coordinates": [[[9.3776324, 46.1455563], [9.3771156, 46.1454253], [9.3771244, 46.1453786], [9.3773343, 46.1450706], [9.3773963, 46.1449796], [9.3774095, 46.1448508], [9.3773369, 46.1445464], [9.3772605, 46.144443], [9.377074, 46.1443702], [9.3770769, 46.1443128], [9.3769291, 46.1442854], [9.3768516, 46.1442163], [9.3767185, 46.1441665], [9.3765056, 46.1440908], [9.3762434, 46.1440759], [9.3758232, 46.1439009], [9.3756167, 46.1438058], [9.3751963, 46.1436103], [9.3749848, 46.1434128], [9.3749396, 46.1432505]]]}}, {"type": "Feature", "properties": {"nome": "Lago di Como"}, "geometry": {"type": "Polygon", "coordinates": [[[9.3749396, 46.1432505], [9.374773, 46.1430144], [9.374506, 46.1428076], [9.3741161, 46.1426422], [9.3736967, 46.1425592], [9.3733072, 46.1425675], [9.3729528, 46.1425178], [9.3725846, 46.1425039], [9.3724982, 46.1424653], [9.3723938, 46.1424203], [9.3724176, 46.1423523], [9.3725041, 46.1422719], [9.372569, 46.1422298], [9.3726811, 46.1421958], [9.3727862, 46.142144]]]}}, {"type": "Feature", "properties": {"nome": "Lago di Como"}, "geometry": {"type": "Polygon", "coordinates": [[[9.3727862, 46.142144], [9.3728679, 46.1420858], [9.3726834, 46.1421036], [9.372668, 46.1421033], [9.37252, 46.1421003], [9.3723724, 46.1420885], [9.3722816, 46.1420737], [9.372276, 46.142014], [9.3723175, 46.1419793], [9.3723731, 46.1419605], [9.3724154, 46.1418832], [9.3724322, 46.1418134], [9.3724357, 46.1415438], [9.3724417, 46.1414303], [9.3724649, 46.1413525], [9.3725165, 46.1412507], [9.3725604, 46.1410709], [9.3725909, 46.1408644], [9.3725755, 46.1404183], [9.3725, 46.1403146], [9.3724748, 46.1402384], [9.3724865, 46.1401577], [9.3725216, 46.1401171], [9.372593, 46.140033], [9.3726135, 46.1399358], [9.3725549, 46.1398434], [9.3725534, 46.1397057], [9.3724837, 46.1395155], [9.3724777, 46.1394993], [9.3724526, 46.1394546], [9.3724305, 46.1394151], [9.3721031, 46.1395007], [9.3720901, 46.1395199], [9.3720606, 46.1395329], [9.3720278, 46.1395343], [9.3719921, 46.1395329], [9.3719565, 46.1395165], [9.3719435, 46.1394829], [9.3719524, 46.1394466], [9.3720065, 46.1394254], [9.372001, 46.1394144], [9.3723839, 46.1393137], [9.3723694, 46.1392851], [9.3722787, 46.1391064], [9.3722404, 46.1390311], [9.3722096, 46.1389704], [9.3721863, 46.1389245], [9.3721795, 46.1389101], [9.3721502, 46.1388479], [9.3721116, 46.1387688], [9.3720721, 46.1386879], [9.3716551, 46.1387966], [9.3713304, 46.1388813], [9.3712245, 46.1389053], [9.3711953, 46.1389119], [9.3711244, 46.1387765], [9.3715932, 46.1386637], [9.3720344, 46.1385635], [9.3723212, 46.1384892], [9.3721534, 46.1382011], [9.3709823, 46.1378144], [9.3710055, 46.137772], [9.3705688, 46.137631], [9.3703882, 46.1376482], [9.3701344, 46.1376143], [9.3701077, 46.1376428], [9.370052, 46.137622], [9.3700933, 46.1375572], [9.3702367, 46.1375827], [9.3703131, 46.1375934], [9.3703919, 46.1375931], [9.3704821, 46.1375863], [9.3705555, 46.1375755], [9.3706109, 46.1375576], [9.3706678, 46.1375427], [9.3707227, 46.1375176], [9.370777, 46.1374834], [9.3708692, 46.1373877], [9.3705794, 46.1373113], [9.3702463, 46.1372236], [9.3702056, 46.1372097], [9.370148, 46.1371901], [9.3700761, 46.1373684], [9.370028, 46.1373576], [9.3699373, 46.137553], [9.3699194, 46.1375478], [9.3699775, 46.1374305], [9.369899, 46.1374199], [9.3698441, 46.1374046], [9.36965, 46.1373937], [9.3694308, 46.1373921], [9.3694257, 46.1374369], [9.3693541, 46.1374369], [9.3693617, 46.1373921], [9.3687461, 46.1373934], [9.3686448, 46.1373953], [9.3686168, 46.1374416], [9.3685338, 46.1374088], [9.3684197, 46.1374343], [9.3683471, 46.1374489], [9.3683033, 46.1374447], [9.3682641, 46.1374372], [9.3682363, 46.1374283], [9.3682502, 46.1373814], [9.367627, 46.1371304], [9.3672947, 46.1369943], [9.3670778, 46.1369323], [9.3668038, 46.1368948], [9.3665484, 46.1368672], [9.3662388, 46.1368258], [9.3659465, 46.1368422], [9.3656449, 46.1368614], [9.3655307, 46.1368579], [9.3654484, 46.1368364], [9.3653857, 46.1368753], [9.3653108, 46.1368827], [9.3651739, 46.1368478], [9.3650649, 46.1368021], [9.3649555, 46.1367305], [9.3647693, 46.1365913], [9.3646176, 46.1364479], [9.3642515, 46.1363418], [9.3636125, 46.1362106], [9.3629079, 46.1360314], [9.3626789, 46.1360005], [9.3624327, 46.1359854], [9.3621235, 46.1359793], [9.3617936, 46.1359853], [9.3610046, 46.1360498], [9.360812, 46.1360504], [9.3602056, 46.1361153], [9.3597077, 46.1361933], [9.3593082, 46.1362352], [9.3589296, 46.1362787], [9.3584532, 46.1363693], [9.3581121, 46.1364239], [9.3576437, 46.1365059], [9.3572413, 46.1366117], [9.3571791, 46.1366647], [9.3571196, 46.1368456], [9.3570977, 46.1369162], [9.3570662, 46.1369599], [9.3570007, 46.1369851], [9.3569244, 46.1369868], [9.356825, 46.1369649], [9.356677, 46.1368523], [9.35633, 46.136864], [9.3562742, 46.1369548], [9.356131, 46.1369683], [9.3558487, 46.1368967], [9.3556481, 46.136933], [9.3555584, 46.1369212], [9.3554662, 46.1369027], [9.3553036, 46.136821], [9.3549908, 46.1366949], [9.3548742, 46.136768], [9.3547006, 46.1367293], [9.3545964, 46.1367263], [9.3538849, 46.1365392], [9.3536074, 46.1363576], [9.3533144, 46.1362697], [9.3532052, 46.1362445], [9.3531106, 46.136268], [9.3529602, 46.1362663], [9.3528218, 46.136194], [9.3526835, 46.1362075], [9.3525355, 46.1362478], [9.3524627, 46.1362327], [9.3523899, 46.1361873], [9.3520527, 46.1360259], [9.3516062, 46.1359653], [9.3513961, 46.1359351], [9.3512083, 46.1359784], [9.3511144, 46.1359845], [9.3509294, 46.1359479], [9.3506681, 46.1358441], [9.3504244, 46.135779], [9.3501895, 46.1356976], [9.3500046, 46.1356935], [9.3497227, 46.1356162], [9.3493616, 46.1353395], [9.3488742, 46.135246], [9.3485865, 46.1350893], [9.3483369, 46.1349611], [9.3483487, 46.1348431], [9.3482371, 46.1347882], [9.3482899, 46.1347333], [9.3483868, 46.1346356], [9.3483311, 46.1345603], [9.348011, 46.134365], [9.3478166, 46.1341915], [9.3476876, 46.1340843], [9.34752, 46.1339056], [9.3473695, 46.1337834], [9.347005, 46.1336574], [9.3467638, 46.1335282], [9.3461085, 46.133085], [9.3457876, 46.132933], [9.3455901, 46.13282], [9.3454815, 46.1328444], [9.3453875, 46.1328119], [9.3452877, 46.1328078], [9.3450235, 46.1326979], [9.3447299, 46.1325759], [9.3445244, 46.1324741], [9.3444947, 46.1323957], [9.3444627, 46.1323215], [9.344436, 46.1322403], [9.344343, 46.1321963], [9.3441993, 46.1320765], [9.343904, 46.1318685], [9.3435411, 46.1317663], [9.3434417, 46.1317452], [9.3431566, 46.1316637], [9.3428752, 46.1316307], [9.3427478, 46.1315604], [9.3426761, 46.1315407], [9.3425915, 46.1315338], [9.3425152, 46.1315328], [9.342306, 46.1314946], [9.3420495, 46.1313812], [9.3418556, 46.1313398], [9.3416689, 46.1312867], [9.3415899, 46.1312481], [9.3412458, 46.1309907], [9.3408757, 46.1307096], [9.340715, 46.130516], [9.3400603, 46.1300933], [9.3398437, 46.1300385], [9.3396173, 46.1299771], [9.3396218, 46.1299245], [9.3395529, 46.1298248], [9.339407, 46.1297243], [9.3393888, 46.1296773], [9.3393739, 46.1296089], [9.3392619, 46.1294843], [9.3391767, 46.1293688], [9.3391634, 46.1292678], [9.3390745, 46.1293123], [9.3390299, 46.1292418], [9.3390214, 46.1291086], [9.3390242, 46.1289842], [9.3390483, 46.1288357], [9.3388754, 46.128724], [9.3387905, 46.1285937], [9.3387245, 46.1283869], [9.3387338, 46.1283194], [9.3387722, 46.1282563], [9.3388508, 46.1281853], [9.33905, 46.1281745], [9.3392437, 46.128194], [9.3393114, 46.1281128], [9.3394493, 46.1280976], [9.3397672, 46.128144], [9.3399334, 46.1281937], [9.3401683, 46.1281758], [9.3404087, 46.1280812], [9.3405069, 46.1280984], [9.3406148, 46.1280454], [9.3406747, 46.127986], [9.3406464, 46.1279103], [9.3407909, 46.1278511], [9.3409541, 46.1278211], [9.3410648, 46.1278482], [9.3411616, 46.127828], [9.341351, 46.1277636], [9.3414547, 46.1276436], [9.3415961, 46.1276352], [9.3416828, 46.1275753], [9.341728, 46.1274998], [9.3417758, 46.1274856], [9.341856, 46.1274118], [9.341984, 46.1272445], [9.3420013, 46.1271003], [9.3419957, 46.1270183], [9.3420436, 46.1268966], [9.3421768, 46.1268408], [9.3424763, 46.1268028], [9.3425198, 46.1267589], [9.3426633, 46.1267606], [9.3427721, 46.1267074], [9.3429309, 46.1264579], [9.343177, 46.1263746], [9.3433596, 46.1262363], [9.3434134, 46.1261048], [9.3434582, 46.1259485], [9.3433199, 46.1259153], [9.3433188, 46.1258984], [9.3433535, 46.125845], [9.3432121, 46.125786], [9.3430721, 46.1257182], [9.3430542, 46.1256823], [9.3432734, 46.1255836], [9.3434875, 46.1255549], [9.343574, 46.1255742], [9.3436181, 46.1255183], [9.3436713, 46.1255015], [9.3437408, 46.1254171], [9.3438659, 46.1251527], [9.3439024, 46.1250726], [9.3438691, 46.1250515], [9.3438841, 46.1250263], [9.343951, 46.1250031], [9.3440559, 46.1249873], [9.3442691, 46.1248005], [9.3443563, 46.1248002], [9.3445235, 46.1247985], [9.3446351, 46.1247902], [9.3447737, 46.1247315], [9.3448888, 46.1247866], [9.3446939, 46.124966], [9.344907, 46.1250929], [9.3449647, 46.1251273], [9.3450502, 46.1251675], [9.3451545, 46.1252007], [9.3453423, 46.1250195], [9.3454373, 46.1250006], [9.3455641, 46.1248977], [9.3457807, 46.1246621], [9.3459761, 46.1244299], [9.3461511, 46.1241757], [9.3462948, 46.123822], [9.3463236, 46.1237303], [9.3464564, 46.1232173], [9.3464885, 46.1231865], [9.3464879, 46.1231107], [9.3464528, 46.1230679], [9.3464953, 46.1229364], [9.3464574, 46.122873], [9.3462662, 46.1228828], [9.3462339, 46.1228382], [9.3463388, 46.1228013], [9.3463885, 46.1226128], [9.3464648, 46.1224016], [9.3465553, 46.1221224], [9.3465875, 46.1219836], [9.3466216, 46.1215916], [9.3465511, 46.1211999], [9.3465082, 46.1210605], [9.3464297, 46.1209302], [9.3463093, 46.1208181], [9.3461233, 46.1205621], [9.3458891, 46.1203983], [9.3457407, 46.120207], [9.3457719, 46.1199872], [9.3455397, 46.1195964], [9.3454952, 46.119457], [9.3455052, 46.1192455], [9.3454837, 46.1191735], [9.34533, 46.118913], [9.3453176, 46.118742], [9.3454826, 46.118485], [9.3455363, 46.1182734], [9.3455415, 46.1180619], [9.3454218, 46.1176844], [9.345448, 46.1176173], [9.3456796, 46.1173865], [9.3457564, 46.1172557], [9.3457163, 46.1170488], [9.3456341, 46.1168376], [9.3454712, 46.1166581], [9.3452993, 46.1165866], [9.3449185, 46.1164842], [9.3447162, 46.1164758], [9.3443968, 46.1164145], [9.3442367, 46.1163692], [9.3438292, 46.1163839], [9.3437304, 46.1163752], [9.343536, 46.1163173], [9.3433338, 46.1163179], [9.3431349, 46.1163409], [9.3428418, 46.1162833], [9.3426395, 46.1162794], [9.3423356, 46.1163073], [9.3420465, 46.1163801], [9.3417474, 46.116417], [9.3415536, 46.1164626], [9.3410968, 46.1166214], [9.3406072, 46.1167219], [9.340208, 46.1167816], [9.3390465, 46.117046], [9.3381346, 46.1171252], [9.3375246, 46.1171045], [9.3369655, 46.1169351], [9.3367695, 46.1168907], [9.3365944, 46.1168237], [9.3363092, 46.1167435], [9.335811, 46.1164975], [9.3354511, 46.1163726], [9.3350792, 46.1161262], [9.3347338, 46.1159832], [9.3345378, 46.1159388], [9.3342367, 46.1159036], [9.3338623, 46.1157922], [9.3334656, 46.1157304], [9.3331105, 46.115592], [9.3327129, 46.1153726], [9.3321457, 46.1152123], [9.3319706, 46.1151408], [9.3317667, 46.1151279], [9.3314752, 46.1150658], [9.3311757, 46.1150261], [9.3310785, 46.1150039], [9.330631, 46.1148388], [9.3305306, 46.1148165], [9.3303298, 46.1147901], [9.3300307, 46.1148045], [9.3296547, 46.1146931], [9.3289494, 46.1146907], [9.3287535, 46.1146598], [9.3286643, 46.114624], [9.3284434, 46.1144762], [9.3281489, 46.1144047], [9.3279377, 46.1144229], [9.3276358, 46.1142568], [9.3272221, 46.1141963], [9.3270083, 46.1142976], [9.3268342, 46.1142498], [9.3267241, 46.1142427], [9.3264708, 46.114356], [9.3263772, 46.1143833], [9.3262387, 46.1144872], [9.3259396, 46.1145195], [9.3256668, 46.1146148], [9.3253793, 46.1146876], [9.3251423, 46.1148187], [9.3248067, 46.1149772], [9.3240378, 46.1151638], [9.3238717, 46.1152407], [9.3237445, 46.1153536], [9.3236389, 46.1155519], [9.3236296, 46.1156194], [9.3236563, 46.1157633], [9.3236843, 46.1158353], [9.3237347, 46.1158936], [9.32386, 46.1160058], [9.3241765, 46.1161849], [9.3243145, 46.1162835], [9.324717, 46.1164984], [9.3247852, 46.1165522], [9.325005, 46.1167946], [9.3252114, 46.1169471], [9.3253688, 46.1170366], [9.3254612, 46.1170679], [9.3257559, 46.1171166], [9.3258322, 46.1171613], [9.3261138, 46.1174575], [9.3261938, 46.1175833], [9.3263301, 46.1176305], [9.3263978, 46.1176838], [9.3264278, 46.1177502], [9.3265796, 46.117916], [9.3266118, 46.1180573], [9.3266547, 46.1180759], [9.3266815, 46.1181689], [9.3268049, 46.1182284], [9.3269561, 46.1182684], [9.3270513, 46.1183512], [9.3271666, 46.118485], [9.3272644, 46.1186107], [9.3274772, 46.118763], [9.3278013, 46.1191221], [9.3279149, 46.1192612], [9.3283699, 46.1195299], [9.3285922, 46.1196396], [9.3286727, 46.1196526], [9.3291434, 46.1197047], [9.3292654, 46.1197409], [9.3296342, 46.1198711], [9.3297469, 46.1199603], [9.3299668, 46.120056], [9.3303075, 46.1201927], [9.3305746, 46.1202974], [9.3307702, 46.1203851], [9.3309271, 46.1204353], [9.3311537, 46.1204548], [9.331517, 46.1205269], [9.3316216, 46.1205511], [9.3318631, 46.1206851], [9.3320159, 46.1207965], [9.332319, 46.1209545], [9.3326569, 46.1212259], [9.332696, 46.1212598], [9.3327416, 46.1212608], [9.3328529, 46.1213045], [9.3329234, 46.1213345], [9.3332148, 46.1216182], [9.3333516, 46.1217223], [9.3333732, 46.1218706], [9.3335248, 46.122063], [9.333536, 46.1221039], [9.3335586, 46.1221235], [9.3335811, 46.1221383], [9.3335853, 46.1221663], [9.3335942, 46.1222013], [9.3335806, 46.122225], [9.333593, 46.1222547], [9.3335878, 46.1223065], [9.3336934, 46.1223852], [9.3337715, 46.1224432], [9.3338513, 46.1224899], [9.3339472, 46.1225064], [9.3342155, 46.1225426], [9.3344729, 46.1225408], [9.334866, 46.1225933], [9.3349229, 46.1226426], [9.3349508, 46.12271], [9.3348885, 46.1228407], [9.3348792, 46.1229128], [9.334912, 46.1229802], [9.3351291, 46.1233035], [9.3352748, 46.1234903], [9.3354545, 46.1236539], [9.3356691, 46.1238956], [9.3357435, 46.1240262], [9.3357551, 46.124149], [9.3357315, 46.1242539], [9.335758, 46.1242962], [9.3357342, 46.1243637], [9.3356747, 46.1244224], [9.3354685, 46.1245805], [9.335443, 46.1246436], [9.3354374, 46.1247831], [9.335407, 46.1248417], [9.3353248, 46.1248824], [9.3352294, 46.1249052], [9.3351585, 46.1249504], [9.3349935, 46.1252119], [9.3346455, 46.1254649], [9.3347417, 46.1255816], [9.3347243, 46.1256537], [9.3346306, 46.1256765], [9.3345303, 46.1256723], [9.334368, 46.1255872], [9.3341705, 46.1255743], [9.3338901, 46.1254942], [9.3334888, 46.1254908], [9.3331956, 46.1254242], [9.332896, 46.1253801], [9.3326284, 46.1252774], [9.3317746, 46.1250432], [9.3315944, 46.1249847], [9.3314371, 46.1249119], [9.331233, 46.1248432], [9.3311488, 46.1248412], [9.3311577, 46.1248182], [9.3311426, 46.1247896], [9.3311122, 46.1247784], [9.3310733, 46.1247847], [9.3310237, 46.1248081], [9.3309983, 46.1247725], [9.331018, 46.1247559], [9.330861, 46.1246426], [9.3307977, 46.1245382], [9.330742, 46.1243472], [9.3306422, 46.1242422], [9.3304389, 46.1241138], [9.3300789, 46.1239799], [9.3299118, 46.1238994], [9.329359, 46.1237165], [9.3291951, 46.123636], [9.3289011, 46.1234343], [9.3286183, 46.1233233], [9.3285604, 46.1232824], [9.3283395, 46.1231345], [9.3282471, 46.1231033], [9.327237, 46.1230072], [9.3267273, 46.1229997], [9.3264214, 46.1229781], [9.3261202, 46.122934], [9.3259338, 46.1228806], [9.3257571, 46.122809], [9.3254623, 46.1227514]]]}}, {"type": "Feature", "properties": {"nome": "Lago di Como"}, "geometry": {"type": "Polygon", "coordinates": [[[9.3760704, 46.1495704], [9.3762544, 46.1495783], [9.3763667, 46.1495816], [9.3764244, 46.1495857], [9.3765873, 46.1494562], [9.3767629, 46.1492104], [9.3770409, 46.1487947], [9.3771838, 46.1484503], [9.3772602, 46.1481891], [9.3774151, 46.1477746], [9.3774767, 46.1474899], [9.3775019, 46.1470755], [9.3775578, 46.1463546], [9.3776376, 46.1458801], [9.3776324, 46.1455563]]]}}, {"type": "Feature", "properties": {"nome": "Lago di Como"}, "geometry": {"type": "Polygon", "coordinates": [[[9.3751305, 46.1523941], [9.3750932, 46.1523276], [9.3749453, 46.1515762], [9.3748916, 46.151024], [9.3748646, 46.1507967], [9.3749157, 46.1506976], [9.3750028, 46.1506433], [9.3750964, 46.1506115], [9.3749147, 46.1505401], [9.3748139, 46.1504774], [9.3747548, 46.1503606], [9.3747666, 46.1501941], [9.3748034, 46.1501219], [9.3749321, 46.1500588], [9.3750239, 46.1500589], [9.3751003, 46.1500589], [9.3751587, 46.150096], [9.375162, 46.1501425], [9.375213, 46.1501768], [9.3753042, 46.1501787], [9.3753927, 46.1501629], [9.3754798, 46.1501741], [9.3755335, 46.150162], [9.3755924, 46.1501245], [9.3756703, 46.1501313], [9.3757628, 46.1501313], [9.3758165, 46.1500849], [9.3758138, 46.1500273], [9.3758366, 46.1499892], [9.3758981, 46.1499699], [9.37596, 46.1499186], [9.3760123, 46.1498312], [9.3759962, 46.1497866], [9.3759846, 46.1496634], [9.3760704, 46.1495704]]]}}, {"type": "Feature", "properties": {"nome": "Lago di Como"}, "geometry": {"type": "Polygon", "coordinates": [[[9.3811676, 46.1587497], [9.3810409, 46.1587212], [9.3808295, 46.15869], [9.380638, 46.1586158], [9.3805311, 46.1584978], [9.3804726, 46.1582746], [9.3803867, 46.1583775], [9.3802091, 46.1584022], [9.3797448, 46.1583179], [9.3797167, 46.1579895], [9.3797747, 46.1579444], [9.3796856, 46.1579401], [9.379559, 46.1579001], [9.3794826, 46.1578553], [9.3794174, 46.157779], [9.3793893, 46.1576981], [9.3793904, 46.1576306], [9.3794807, 46.1575763], [9.3795063, 46.1575357], [9.3794528, 46.1575179], [9.379137, 46.1574965], [9.3790686, 46.1574115], [9.3789923, 46.1572278], [9.3791444, 46.1571071], [9.3790539, 46.1568358], [9.3787535, 46.1566818], [9.3784633, 46.1566775], [9.3779944, 46.1561566], [9.3778166, 46.1555854], [9.377638, 46.1553946], [9.3772895, 46.1551661], [9.3768797, 46.1549981], [9.3763876, 46.1544733], [9.3760838, 46.1542696], [9.3760707, 46.1537593], [9.3758885, 46.1531599], [9.3756347, 46.1529595], [9.3752929, 46.1529848], [9.375169, 46.1530715], [9.3751171, 46.1526574], [9.3750452, 46.1525013], [9.3751305, 46.1523941]]]}}, {"type": "Feature", "properties": {"nome": "Lago di Como"}, "geometry": {"type": "Polygon", "coordinates": [[[9.3806532, 46.1613884], [9.380459, 46.1613464], [9.3804081, 46.1612671], [9.3804505, 46.1610954], [9.3806201, 46.1610631], [9.3807091, 46.1606139], [9.3806179, 46.1605214], [9.380512, 46.1604642], [9.3803912, 46.1604451], [9.3803551, 46.1603482], [9.3801771, 46.1603629], [9.3801505, 46.1602875], [9.3802432, 46.1600214], [9.380194, 46.1598882], [9.3803317, 46.159772], [9.3804915, 46.1597788], [9.3806281, 46.1598891], [9.3807135, 46.1598631], [9.3806213, 46.1598135], [9.3804859, 46.15967], [9.3804846, 46.1593309], [9.3804439, 46.1592111], [9.3804936, 46.159139], [9.3805275, 46.1591298], [9.3806807, 46.1590907], [9.3808805, 46.1590837], [9.38097, 46.159031], [9.3809871, 46.158827], [9.3810071, 46.1587983], [9.3811332, 46.1588032], [9.3811676, 46.1587497]]]}}, {"type": "Feature", "properties": {"nome": "Lago di Como"}, "geometry": {"type": "Polygon", "coordinates": [[[9.380122, 46.1626732], [9.3799468, 46.1625074], [9.3799838, 46.1622776], [9.3801833, 46.1621438], [9.380193, 46.1619619], [9.3802893, 46.1619475], [9.380391, 46.1619306], [9.3806532, 46.1613884]]]}}, {"type": "Feature", "properties": {"nome": "Lago di Como"}, "geometry": {"type": "Polygon", "coordinates": [[[9.3780268, 46.1700369], [9.3780344, 46.1699451], [9.3780523, 46.1698948], [9.3780752, 46.1698299], [9.3783952, 46.1695048], [9.3785156, 46.169356], [9.3786533, 46.169126], [9.3787187, 46.1689773], [9.3787393, 46.1689142], [9.378754, 46.1687553], [9.3787768, 46.1684821], [9.3787014, 46.1681088], [9.3787029, 46.1678568], [9.3787405, 46.1676767], [9.3787994, 46.1675325], [9.3788574, 46.1674876], [9.3786575, 46.1674093], [9.3785784, 46.1673863], [9.3782161, 46.1674109], [9.3781655, 46.1674297], [9.3781185, 46.1674065], [9.3780998, 46.1673152], [9.3779799, 46.1672673], [9.3778436, 46.1670531], [9.3774405, 46.166763], [9.3773528, 46.1667138], [9.3773374, 46.1667947], [9.3772372, 46.1667058], [9.3772676, 46.16662], [9.3772629, 46.1665647], [9.3772657, 46.1665317], [9.3772912, 46.1662949], [9.3773358, 46.1662395], [9.3773882, 46.1660993], [9.3772662, 46.166013], [9.3774213, 46.1658496], [9.3773613, 46.1658363], [9.3775623, 46.1656286], [9.3775996, 46.1656285], [9.3779683, 46.1651588], [9.3782803, 46.1648571], [9.3782832, 46.1645616], [9.3785755, 46.1645893], [9.3793178, 46.1637928], [9.3796102, 46.1634619], [9.380122, 46.1626732]]]}}, {"type": "Feature", "properties": {"nome": "Lago di Como"}, "geometry": {"type": "Polygon", "coordinates": [[[9.2800561, 46.122417], [9.280094, 46.1223818], [9.2803795, 46.1224448], [9.2806791, 46.1224972], [9.2809208, 46.122518], [9.2818571, 46.1225958], [9.2820394, 46.1226745], [9.2820465, 46.1226776], [9.2821066, 46.1227269], [9.28228, 46.122785], [9.2822642, 46.1228616], [9.2823598, 46.1228793], [9.2824207, 46.1227712], [9.2832258, 46.1229717], [9.2832229, 46.1230392], [9.2833768, 46.1230838], [9.2833427, 46.1231228], [9.2840647, 46.1233341], [9.2846177, 46.1233956], [9.2847342, 46.1233818], [9.2848552, 46.1233185], [9.2849279, 46.1233093], [9.2849903, 46.1232538], [9.2851066, 46.1231947], [9.2852492, 46.1231992], [9.2853553, 46.1232434], [9.2854491, 46.1233221], [9.2854528, 46.1234496], [9.2854556, 46.123538], [9.2854875, 46.1235432], [9.2855335, 46.1235549], [9.2855964, 46.1235965], [9.2856452, 46.1235926], [9.2856615, 46.1236114], [9.2856217, 46.1236317], [9.2855783, 46.1236302], [9.2855339, 46.1236066], [9.2854613, 46.1235823], [9.2853969, 46.1235845], [9.2852352, 46.123589], [9.2843286, 46.1237915], [9.2843134, 46.123803], [9.2844253, 46.1237946], [9.2846076, 46.1241396], [9.2856639, 46.123889], [9.2857326, 46.1238415], [9.285772, 46.1237985], [9.2857805, 46.1237582], [9.285757, 46.1237216], [9.2857847, 46.1237054], [9.2858159, 46.1237079], [9.2858201, 46.1237457], [9.2858159, 46.1237938], [9.2858011, 46.1238324], [9.2857626, 46.1238844], [9.2858769, 46.123891], [9.2859305, 46.1239162], [9.2859622, 46.123953], [9.2860436, 46.1239784], [9.2860436, 46.1240234], [9.2860273, 46.1240573], [9.2859988, 46.1241052], [9.2859622, 46.12417], [9.2858728, 46.1242686], [9.2852255, 46.1244892], [9.2852696, 46.1245665], [9.2853236, 46.1246544], [9.2854822, 46.1246192], [9.2861063, 46.1244491], [9.2862608, 46.124407], [9.2863932, 46.1243644], [9.2864379, 46.1243588], [9.2864094, 46.1245025], [9.2863322, 46.1246124], [9.286089, 46.1248578], [9.2858598, 46.1251835], [9.2857943, 46.1253366], [9.2857818, 46.1254221], [9.285823, 46.125584], [9.2859315, 46.1259108], [9.286037, 46.1261065], [9.2861178, 46.1262063], [9.2862222, 46.1262733], [9.2865107, 46.1263885], [9.2865686, 46.1264506], [9.2865876, 46.1265276], [9.2865781, 46.1265835], [9.2865523, 46.1266819], [9.2865068, 46.1268058], [9.2864221, 46.1269537], [9.2863889, 46.1270676], [9.2863822, 46.1271183], [9.2863128, 46.1271238], [9.2862509, 46.1271714], [9.2862213, 46.1272449], [9.2862257, 46.1273254], [9.2862887, 46.1274053], [9.2863701, 46.1275559], [9.2864829, 46.1276721], [9.286598, 46.1277502], [9.2866904, 46.1277913], [9.2868379, 46.1278539], [9.2873429, 46.1279094], [9.2875811, 46.1279718], [9.2878142, 46.1279982], [9.2879293, 46.1280709], [9.2881215, 46.1282556], [9.2885075, 46.1284799], [9.2887285, 46.1286686], [9.2888418, 46.1287947], [9.2890001, 46.1290373], [9.2890601, 46.1290777], [9.2891724, 46.1291469], [9.2893604, 46.1292468], [9.2895348, 46.129323], [9.2896029, 46.1293453], [9.289699, 46.1293915], [9.2897322, 46.1294256], [9.2897408, 46.129449], [9.2898938, 46.1295876], [9.2899458, 46.1296414], [9.2900757, 46.1297388], [9.2901215, 46.1298976], [9.290194, 46.1300584], [9.2903265, 46.1301815], [9.2904856, 46.130454], [9.290685, 46.1304723], [9.2905913, 46.1307428], [9.2907093, 46.1309637], [9.29075, 46.1314799], [9.2908141, 46.1316219], [9.2908151, 46.1317717], [9.2908992, 46.131862], [9.2907733, 46.1321223], [9.2906189, 46.1323872], [9.290559, 46.1327752], [9.290635, 46.1331816], [9.2906569, 46.1334284], [9.2908054, 46.1337401], [9.2909856, 46.1338577], [9.2908603, 46.1339681], [9.2909186, 46.1340328], [9.2909794, 46.1340697], [9.2910657, 46.1340853], [9.2913054, 46.1340186], [9.2913582, 46.1340667], [9.2913538, 46.1341391], [9.2914218, 46.1342133], [9.291533, 46.1342846], [9.2916533, 46.1343617], [9.292032, 46.1344428], [9.2925846, 46.134685], [9.2928423, 46.1347538], [9.2931637, 46.1348107], [9.2936818, 46.1348316], [9.2940736, 46.1348451], [9.2946023, 46.1349111], [9.2947302, 46.1349134], [9.2948678, 46.1349221], [9.2950719, 46.1349575], [9.2951622, 46.1349686], [9.2952405, 46.1349833], [9.2954667, 46.1349998], [9.2957474, 46.1350327], [9.2962727, 46.1350515], [9.2967878, 46.1350699], [9.297612, 46.1350238], [9.2980991, 46.1351027], [9.2985228, 46.1351276], [9.2995502, 46.1353714], [9.3002011, 46.135418], [9.3007322, 46.1356205], [9.3010676, 46.1357275], [9.3012546, 46.1359525], [9.3019789, 46.1362139], [9.302251, 46.1363564], [9.3028051, 46.1367349], [9.3029876, 46.136793], [9.303334, 46.1367834], [9.3035708, 46.1366907], [9.3038583, 46.1367006], [9.303942, 46.1367187], [9.30408, 46.1367485], [9.3041831, 46.1368028], [9.3044564, 46.1369634], [9.3045547, 46.1370116], [9.3046846, 46.1372307], [9.3047035, 46.1374533], [9.3047391, 46.137564], [9.3047386, 46.1376492], [9.3047378, 46.1377796], [9.304816, 46.1378832], [9.3048423, 46.1379686], [9.3049287, 46.1380764], [9.3051267, 46.1381748], [9.3052714, 46.1383094], [9.3054719, 46.1385609], [9.3055477, 46.1387411], [9.3055955, 46.1388938], [9.305674, 46.1394153], [9.3057249, 46.1395457], [9.305783, 46.1396314], [9.305778, 46.1397294], [9.3056804, 46.1398486], [9.3056126, 46.1399333], [9.3055974, 46.1400551], [9.3056073, 46.1402255], [9.3056843, 46.1403918], [9.30579, 46.1404905], [9.3058924, 46.1405289], [9.3059311, 46.1406336], [9.3059995, 46.1406981], [9.3060584, 46.1408053], [9.3061853, 46.1409515], [9.306178, 46.1410599], [9.3062035, 46.1413952], [9.3061744, 46.1415894], [9.3062346, 46.142569], [9.3060751, 46.1429555], [9.3059764, 46.1431683], [9.3060176, 46.143194], [9.3059906, 46.1432481], [9.3058228, 46.1432081], [9.3057162, 46.1433944], [9.3057598, 46.1434498], [9.3058341, 46.1434842], [9.3053594, 46.1440605], [9.3053087, 46.1440501], [9.305292, 46.1440439], [9.3053496, 46.1438848], [9.3050344, 46.1438123], [9.3049201, 46.1441099], [9.3048902, 46.1443975], [9.3049114, 46.144438], [9.3051034, 46.1444746], [9.3051263, 46.1445155], [9.3051398, 46.1446709], [9.3051385, 46.1448767], [9.305141, 46.1449587], [9.3051825, 46.1450912], [9.3052644, 46.1453341], [9.3053225, 46.1454325], [9.3053668, 46.1456841], [9.3054095, 46.1459017], [9.3054266, 46.1459715], [9.3054546, 46.1461], [9.3055601, 46.1463127], [9.3056097, 46.1464799], [9.3056427, 46.1465929], [9.3056918, 46.1467166], [9.3057604, 46.1468733], [9.3058161, 46.1469378], [9.3059369, 46.1470864], [9.3061482, 46.1472115], [9.3062193, 46.1472291], [9.3065527, 46.1473115], [9.3068019, 46.1473031], [9.3070272, 46.1472299], [9.3071258, 46.1472193], [9.3072717, 46.1472344], [9.3074904, 46.1473268], [9.3077428, 46.1474827], [9.307822, 46.1474969], [9.3078527, 46.1474797], [9.3079131, 46.1474796], [9.3079359, 46.1475034], [9.3080619, 46.1474981], [9.308148, 46.1474751], [9.3083015, 46.1474708], [9.3084237, 46.1474629], [9.3086457, 46.1476075], [9.3086487, 46.1477069], [9.3087271, 46.1477285], [9.3091502, 46.1478449], [9.3091917, 46.1478563], [9.3092729, 46.1477514], [9.3094055, 46.147733], [9.3096552, 46.147798], [9.3098046, 46.1479047], [9.3100762, 46.1480007], [9.3103578, 46.1480533], [9.3103431, 46.1480871], [9.3103809, 46.1481045], [9.3110204, 46.1482479], [9.3113047, 46.148285], [9.3114495, 46.1482757], [9.3115139, 46.1482887], [9.3115434, 46.1483259], [9.311581, 46.1483408], [9.3116507, 46.1483352], [9.311699, 46.1483073], [9.3117312, 46.1482627], [9.3117151, 46.1482311], [9.3117875, 46.1482014], [9.3121174, 46.1481828], [9.3124232, 46.1481475], [9.3126619, 46.1481029], [9.3128523, 46.1480751], [9.3129328, 46.1480806], [9.3129972, 46.1481048], [9.3130964, 46.1481512], [9.3132117, 46.1481494], [9.3132734, 46.1481215], [9.3133271, 46.1480658], [9.3134075, 46.1480602], [9.3135631, 46.1480528], [9.3136141, 46.1480732], [9.3137133, 46.1480769], [9.3137643, 46.1480862], [9.3137857, 46.1481141], [9.3138608, 46.1481327], [9.3142256, 46.1481494], [9.3143222, 46.1481828], [9.3144402, 46.1482627], [9.3147674, 46.1483241], [9.3149927, 46.1484002], [9.3153414, 46.1484337], [9.3156341, 46.1484425], [9.3160227, 46.1484541], [9.3161327, 46.1484801], [9.3163446, 46.1485155], [9.3166155, 46.1485155], [9.3173557, 46.1484876], [9.3177286, 46.1484709], [9.3178654, 46.1484783], [9.3181443, 46.1484709], [9.3184528, 46.148469], [9.3187022, 46.1484839], [9.3190509, 46.1484894], [9.3192467, 46.148508], [9.3194506, 46.1485508], [9.3198556, 46.1485656], [9.3202928, 46.1485619], [9.320392, 46.1485731], [9.3204752, 46.1486046], [9.3205556, 46.1486437], [9.3206468, 46.1486622], [9.3207407, 46.1486492], [9.3208426, 46.1486585], [9.3209365, 46.148679], [9.321025, 46.1487013], [9.3211001, 46.1487477], [9.3211672, 46.148796], [9.3213496, 46.1488444], [9.321591, 46.1489317], [9.321717, 46.149019], [9.3218243, 46.1491119], [9.3220603, 46.1492624], [9.3221703, 46.1493665], [9.3222722, 46.149465], [9.3223312, 46.1494799], [9.3226484, 46.149527], [9.3226077, 46.1496168], [9.3231178, 46.1497066], [9.3232505, 46.1496687], [9.3232767, 46.1496796], [9.3236808, 46.149811], [9.3236753, 46.1498432], [9.3237707, 46.1498887], [9.3237469, 46.1499155], [9.3241369, 46.1501502], [9.3243146, 46.1501692], [9.3247522, 46.1502664], [9.3249932, 46.1503227], [9.3252044, 46.15037], [9.3251883, 46.1504011], [9.3250683, 46.1503754], [9.3247556, 46.1503048], [9.3246111, 46.1502716], [9.3243259, 46.1502088], [9.3243134, 46.1502309], [9.3242955, 46.1502695], [9.3245353, 46.1504009], [9.3248496, 46.1505711], [9.3249511, 46.1505354], [9.3250658, 46.1505714], [9.3253036, 46.150613], [9.3253195, 46.1505723], [9.3253791, 46.1505688], [9.3254426, 46.15056], [9.3255768, 46.1505335], [9.3258279, 46.1504844], [9.3259918, 46.1504943], [9.3263341, 46.1503864], [9.3270797, 46.1501221], [9.3280414, 46.1497764], [9.3282735, 46.1496663], [9.3284606, 46.1495619], [9.3286198, 46.1493682], [9.3287547, 46.1491612], [9.3291344, 46.1486874], [9.3293659, 46.1486148], [9.3296249, 46.1486164], [9.3297209, 46.1486677], [9.3297611, 46.1487208], [9.3297637, 46.1489207], [9.3300786, 46.1489349], [9.3303472, 46.1489449], [9.3304138, 46.1488306], [9.330511, 46.1487121], [9.3306031, 46.1486511], [9.3307582, 46.1486156], [9.3309596, 46.1486037], [9.3311256, 46.1486212], [9.3313494, 46.1487169], [9.3315024, 46.1487507], [9.331592, 46.1488135], [9.3318826, 46.148859], [9.3321912, 46.1488857], [9.3324131, 46.1489108], [9.3325873, 46.1489263], [9.3329563, 46.1490236], [9.3336823, 46.1492403], [9.3339022, 46.1492933], [9.3341012, 46.1492984], [9.3344905, 46.1494562], [9.3347486, 46.1494955], [9.3348786, 46.1495531], [9.33566, 46.1495092], [9.3358035, 46.1494924], [9.3358605, 46.1495592], [9.3361094, 46.1497113], [9.3363985, 46.1498647], [9.3366072, 46.1499454], [9.3372642, 46.1501467], [9.3375214, 46.1503126], [9.3377816, 46.1505491], [9.3380237, 46.1507173], [9.3382176, 46.1508958], [9.3384859, 46.1512028], [9.3386792, 46.1514711], [9.3388959, 46.1517058], [9.3390424, 46.1519087], [9.3391612, 46.1520205], [9.339261, 46.1521457], [9.3392733, 46.1522686], [9.3393693, 46.1524359], [9.3394649, 46.1526097], [9.3394976, 46.1527887], [9.3394191, 46.1530156], [9.339375, 46.1533533], [9.3393111, 46.1536328], [9.3392674, 46.1537506], [9.3392543, 46.1538172], [9.3392441, 46.1540964], [9.339241, 46.1543301], [9.3392009, 46.154433], [9.3391126, 46.1545412], [9.3389377, 46.1547339], [9.3389167, 46.1548021], [9.3389044, 46.1548372], [9.338837, 46.1553036], [9.3388988, 46.1553175], [9.3388807, 46.1553805], [9.3387612, 46.1553647], [9.3385747, 46.1553409], [9.3384839, 46.1556358], [9.3385085, 46.155702], [9.3385998, 46.1558377], [9.3386702, 46.1559273], [9.3386892, 46.1559839], [9.3385998, 46.156092], [9.3385314, 46.1562961], [9.3385185, 46.1564713], [9.3384724, 46.1565965], [9.3384686, 46.15674], [9.3384693, 46.1569866], [9.3384952, 46.1570509], [9.3386626, 46.1571352], [9.3386626, 46.1571905], [9.3386891, 46.1572347], [9.3387767, 46.1572583], [9.3389047, 46.1573255], [9.3390214, 46.1574149], [9.3391279, 46.1574513], [9.3393985, 46.15767], [9.3395658, 46.1578175], [9.3397224, 46.1579453], [9.3398656, 46.1580131], [9.3401901, 46.1582017], [9.3402898, 46.1583499], [9.3403186, 46.15834], [9.3403627, 46.1582417], [9.3404949, 46.1582603], [9.3404688, 46.1583488], [9.3407117, 46.1584557], [9.3411297, 46.1586117], [9.3411565, 46.1586783], [9.3416194, 46.158824], [9.3417099, 46.158789], [9.3417344, 46.158806], [9.3420252, 46.1589815], [9.3420963, 46.1589588], [9.3421711, 46.1590261], [9.34211, 46.1590893], [9.3421055, 46.1591433], [9.3422736, 46.1592324], [9.3424053, 46.1593223], [9.3427619, 46.1595785], [9.3431001, 46.1598276], [9.3433701, 46.1599631], [9.3435507, 46.1600975], [9.3436042, 46.1601219], [9.3436592, 46.1601762], [9.3438939, 46.1605218], [9.3440312, 46.1607458], [9.3441401, 46.160978], [9.3444567, 46.1613118], [9.3448925, 46.1617924], [9.345052, 46.1620016], [9.3453292, 46.162248], [9.345477, 46.1623868], [9.3459238, 46.1626938], [9.3461419, 46.1628987], [9.3462769, 46.162929], [9.3464237, 46.163104], [9.3465792, 46.1632018], [9.3467713, 46.1632955], [9.3471295, 46.1634646], [9.3473496, 46.1635783], [9.3476339, 46.163735], [9.3479413, 46.16395], [9.3481895, 46.1640258], [9.3484276, 46.1640565], [9.3486042, 46.1640642], [9.3488276, 46.1641591], [9.3490902, 46.1643391], [9.3493237, 46.1644837], [9.3496344, 46.1646467], [9.3498066, 46.1647407], [9.3499039, 46.1647764], [9.3502509, 46.1648563], [9.3504766, 46.1649767], [9.3505504, 46.1650939], [9.350883, 46.1652534], [9.3509542, 46.165282], [9.3510557, 46.1652913], [9.3510953, 46.1652655], [9.3511386, 46.1652853], [9.3511184, 46.1653032], [9.3514099, 46.1653201], [9.351447, 46.1653261], [9.3514657, 46.1652676], [9.3515065, 46.1652697], [9.3515017, 46.1653062], [9.3515913, 46.1652815], [9.351794, 46.165276], [9.3518646, 46.1653377], [9.3523079, 46.1653759], [9.3525685, 46.1655031], [9.3527816, 46.1655667], [9.3529145, 46.165558], [9.3529533, 46.1656041], [9.3530461, 46.1657469], [9.3532936, 46.1661065], [9.3535576, 46.1663603], [9.3538068, 46.1665999], [9.3540727, 46.1667298], [9.3542044, 46.1667388], [9.3544445, 46.1667275], [9.3545971, 46.1667783], [9.3547054, 46.166969], [9.354873, 46.167122], [9.3552048, 46.1673566], [9.3555809, 46.1674689], [9.355842, 46.167489], [9.3559267, 46.1674877], [9.3562342, 46.1674787], [9.3564405, 46.1674772], [9.3565056, 46.1674934], [9.3566504, 46.1676074], [9.3567699, 46.1677747], [9.3568973, 46.1678569], [9.357091, 46.1679269], [9.3571866, 46.1680502], [9.3573028, 46.1680444], [9.3574413, 46.1682007], [9.3578054, 46.1683019], [9.3583236, 46.1684034], [9.3585241, 46.1685017], [9.3586334, 46.1685693], [9.3587788, 46.1686476], [9.3590149, 46.1687825], [9.3591862, 46.1688593], [9.3595605, 46.1688852], [9.3599983, 46.1689646], [9.3602714, 46.1690552], [9.3618076, 46.1695538], [9.3621901, 46.1695616], [9.3624688, 46.1695257], [9.3627089, 46.1695538], [9.3630904, 46.1694104], [9.3635238, 46.169255], [9.3637898, 46.1691047], [9.3640896, 46.1690145], [9.3643817, 46.1689205], [9.3648976, 46.1686293], [9.3652494, 46.1683873], [9.3652768, 46.1682961], [9.3653371, 46.1682522], [9.3654185, 46.1681928], [9.3654738, 46.1681525], [9.3655765, 46.1679757], [9.3656665, 46.1679522], [9.3657764, 46.168019], [9.3658338, 46.1680538], [9.3658489, 46.168063], [9.3659221, 46.1680517], [9.3659668, 46.1680208], [9.365808, 46.1678521], [9.3663499, 46.1678298], [9.3667104, 46.1679082], [9.366768, 46.1679207], [9.3672375, 46.1678711], [9.3673996, 46.1678893], [9.3674919, 46.1679363], [9.3676597, 46.1679408], [9.3677762, 46.167912], [9.367872, 46.167843], [9.3680085, 46.1678378], [9.3682447, 46.1678352], [9.3684964, 46.1678511], [9.3687131, 46.1678487], [9.3688927, 46.1678511], [9.3689908, 46.1678359], [9.3690608, 46.1678074], [9.3691907, 46.1678232], [9.3692219, 46.1678616], [9.3696199, 46.1678268], [9.369634, 46.1678193], [9.3696481, 46.1678054], [9.3696629, 46.1678012], [9.3696769, 46.1678008], [9.3696934, 46.1678049], [9.3697034, 46.1678117], [9.3697091, 46.1678249], [9.3697078, 46.1678368], [9.3696997, 46.1678484], [9.369689, 46.1678537], [9.3696675, 46.167856], [9.3696421, 46.1678523], [9.369229, 46.1678885], [9.3692221, 46.1679054], [9.369198, 46.1679725], [9.3697438, 46.1681398], [9.3697579, 46.1681454], [9.3697688, 46.1681142], [9.3697956, 46.1681198], [9.3698412, 46.1679601], [9.3698774, 46.1678885], [9.3699096, 46.167857], [9.3699606, 46.1678337], [9.3701108, 46.1677966], [9.370379, 46.1677223], [9.3704058, 46.1677121], [9.3704447, 46.1676842], [9.3704715, 46.1676777], [9.3704917, 46.1676861], [9.370497, 46.1677056], [9.370489, 46.167726], [9.3704487, 46.1677529], [9.3701336, 46.1678393], [9.369974, 46.167895], [9.3699311, 46.1679164], [9.3699029, 46.1679443], [9.3698734, 46.1679935], [9.3698294, 46.1681648], [9.3713585, 46.1686237], [9.3713669, 46.1686642], [9.372061, 46.1688239], [9.3722008, 46.1685587], [9.3722197, 46.1684361], [9.372214, 46.1683255], [9.3721665, 46.1682161], [9.372079, 46.1681279], [9.3719364, 46.1680436], [9.3717786, 46.1679923], [9.3711719, 46.1678197], [9.3710692, 46.1677789], [9.3710217, 46.1677341], [9.3710407, 46.1677052], [9.3710926, 46.1676878], [9.3719535, 46.1679317], [9.3721754, 46.1680462], [9.3723034, 46.1680871], [9.3724803, 46.1681213], [9.3729546, 46.1681774], [9.3729676, 46.1681156], [9.3731247, 46.1681338], [9.373116, 46.1681922], [9.3733075, 46.1682166], [9.3734664, 46.1682498], [9.3734954, 46.1682024], [9.3736287, 46.1682326], [9.3736054, 46.1682876], [9.3737777, 46.1683344], [9.3739471, 46.1683881], [9.3741372, 46.1684723], [9.374311, 46.1685842], [9.3744174, 46.1686998], [9.3745243, 46.1688306], [9.3746085, 46.1689798], [9.3746674, 46.169122], [9.3747579, 46.1692374], [9.3749194, 46.169416], [9.3750231, 46.1695263], [9.3750803, 46.1694948], [9.3751691, 46.1695665], [9.3753132, 46.1695759], [9.375492, 46.1696274], [9.3757972, 46.169758], [9.3759114, 46.1698359], [9.3759612, 46.1699404], [9.3762216, 46.1700884], [9.3762145, 46.1701838], [9.3763049, 46.1702117], [9.376467, 46.1702618], [9.3764895, 46.1702658], [9.3768723, 46.1703334], [9.3770409, 46.1703598], [9.3770609, 46.1703589], [9.377261, 46.1703501], [9.3774459, 46.1703132], [9.3776235, 46.1702603], [9.3777073, 46.1702372], [9.3777294, 46.1702356], [9.3777506, 46.1702348], [9.3777689, 46.1702285], [9.3777416, 46.1702065], [9.3777442, 46.1701845], [9.3778495, 46.1701024], [9.377915, 46.1701011], [9.3779418, 46.1701056], [9.3779671, 46.1700923], [9.3780268, 46.1700369]]]}}, {"type": "Feature", "properties": {"nome": "Lago di Como"}, "geometry": {"type": "Polygon", "coordinates": [[[9.2799476, 46.1225041], [9.2801059, 46.1225827], [9.2805664, 46.1227216], [9.2806395, 46.1225797], [9.2805468, 46.1225142], [9.2800561, 46.122417]]]}}, {"type": "Feature", "properties": {"nome": "Lago di Como"}, "geometry": {"type": "Polygon", "coordinates": [[[9.2783683, 46.1090063], [9.278452, 46.1094428], [9.2786333, 46.1097769], [9.2784946, 46.1097824], [9.278488, 46.1099418], [9.2786706, 46.109932], [9.2782866, 46.1105078], [9.2781913, 46.1108022], [9.2782074, 46.1109028], [9.27818, 46.1109538], [9.2781418, 46.1110225], [9.2780522, 46.1111318], [9.2780425, 46.1112896], [9.2779971, 46.1117478], [9.2779619, 46.1118153], [9.2779105, 46.1118919], [9.277542, 46.1122708], [9.2772141, 46.1127062], [9.2770796, 46.1131315], [9.27711, 46.1133442], [9.2771597, 46.1136985], [9.2771628, 46.1138721], [9.277165, 46.1139219], [9.2770749, 46.1139301], [9.2770537, 46.1140966], [9.277206, 46.1143266], [9.277279, 46.114276], [9.2773075, 46.1143227], [9.2771386, 46.1144198], [9.2774833, 46.1147639], [9.2777703, 46.1146766], [9.2781604, 46.1151208], [9.2782966, 46.1151179], [9.2783619, 46.1153766], [9.2783142, 46.1156141], [9.2788691, 46.1161223], [9.2789523, 46.1162917], [9.2791877, 46.1165824], [9.279458, 46.1169282], [9.2795312, 46.1170046], [9.2797649, 46.1171615], [9.2798706, 46.1172603], [9.2799963, 46.117494], [9.2802374, 46.1178219], [9.2802669, 46.1178893], [9.2803001, 46.1180692], [9.2803737, 46.1182266], [9.2803326, 46.1184157], [9.2803394, 46.1184651], [9.2803688, 46.1185236], [9.2807253, 46.1189637], [9.2807743, 46.1190581], [9.2808261, 46.119391], [9.2808236, 46.1195215], [9.2807678, 46.1196971], [9.280621, 46.1198563], [9.2805289, 46.119899], [9.2804258, 46.1199315], [9.2802788, 46.1199278], [9.2801479, 46.1199437], [9.2800369, 46.1199376], [9.2799749, 46.1200734], [9.280038, 46.1201777], [9.2801562, 46.1203051], [9.2801277, 46.1204366], [9.2800992, 46.1205627], [9.2800139, 46.1206529], [9.2798006, 46.1207029], [9.2797587, 46.1207255], [9.2797528, 46.120943], [9.279817, 46.1211156], [9.2796691, 46.1212477], [9.2794849, 46.1213851], [9.2794151, 46.121454], [9.2793059, 46.1217256], [9.2792872, 46.1218771], [9.2792952, 46.1219515], [9.2793259, 46.1220258], [9.2793703, 46.1221002], [9.2794294, 46.1221618], [9.2795577, 46.1222605], [9.2797764, 46.1223657], [9.2799476, 46.1225041]]]}}, {"type": "Feature", "properties": {"nome": "Lago di Como"}, "geometry": {"type": "Polygon", "coordinates": [[[9.2770905, 46.0811974], [9.2772572, 46.0814472], [9.2771573, 46.0816243], [9.27714, 46.0817821], [9.2773654, 46.0819117], [9.2771509, 46.0819686], [9.2771646, 46.0820002], [9.2772161, 46.0821211], [9.2773831, 46.0820616], [9.2774645, 46.0823873], [9.2774572, 46.0825125], [9.277372, 46.0825486], [9.2772832, 46.0825798], [9.2774021, 46.0830616], [9.2774246, 46.0833495], [9.2775662, 46.0835382], [9.277638, 46.083673], [9.2778865, 46.0838974], [9.2780204, 46.0841671], [9.2781995, 46.0844277], [9.2782701, 46.084639], [9.2782628, 46.084783], [9.2782388, 46.0848506], [9.2781805, 46.0850265], [9.2780722, 46.08522], [9.2781018, 46.0854377], [9.2780356, 46.0856866], [9.2778975, 46.0858864], [9.2777223, 46.0861828], [9.2776829, 46.0864584], [9.277666, 46.0867786], [9.2778111, 46.0870643], [9.2779305, 46.087475], [9.2780082, 46.0875181], [9.2780269, 46.0875938], [9.2780006, 46.0875948], [9.2779846, 46.0875309], [9.2778692, 46.0874559], [9.2777016, 46.0874829], [9.2777744, 46.0877739], [9.2779951, 46.0878884], [9.2782226, 46.0879785], [9.2782819, 46.0877699], [9.2780861, 46.0877047], [9.2780958, 46.0876795], [9.2783171, 46.0877592], [9.2782669, 46.0879457], [9.2790206, 46.0881072], [9.2792071, 46.0881341], [9.2794529, 46.0882783], [9.2797658, 46.0885082], [9.2800332, 46.0888227], [9.2801107, 46.0890923], [9.2801046, 46.0893237], [9.2800535, 46.0894633], [9.2799988, 46.0895219], [9.2798337, 46.0899683], [9.2797926, 46.0901865], [9.2797651, 46.0906714], [9.2796154, 46.0912585], [9.27965, 46.0915776], [9.2795298, 46.0917583], [9.2794688, 46.0919232], [9.2796001, 46.0922094], [9.2799342, 46.0926498], [9.2799371, 46.0928309], [9.2804785, 46.0932189], [9.2806379, 46.0935825], [9.2806011, 46.0938192], [9.280472, 46.094099], [9.2802223, 46.0946559], [9.2800384, 46.094977], [9.279806, 46.0952435], [9.2795931, 46.0954794], [9.2794531, 46.095685], [9.2793731, 46.0958595], [9.2793043, 46.0960665], [9.2793243, 46.0966441], [9.2793639, 46.0968908], [9.2793222, 46.0970652], [9.2791833, 46.0972821], [9.2789345, 46.097566], [9.2787446, 46.0977948], [9.2784715, 46.0981318], [9.2783241, 46.0983121], [9.2781858, 46.0985171], [9.2778115, 46.0992063], [9.2777789, 46.0992662], [9.27762, 46.0994456], [9.2775385, 46.0996324], [9.2777772, 46.1001453], [9.2778283, 46.1002329], [9.2778444, 46.1003781], [9.2779032, 46.1005841], [9.2781333, 46.1008416], [9.2783028, 46.1009516], [9.2784104, 46.1011231], [9.2785447, 46.1013209], [9.2786319, 46.1013785], [9.2784835, 46.1016126], [9.2785077, 46.1017325], [9.2785745, 46.1017338], [9.2785186, 46.1023131], [9.2783937, 46.1024768], [9.2782253, 46.1027607], [9.2781842, 46.1027652], [9.2781494, 46.1027878], [9.2780341, 46.1030131], [9.2780645, 46.1032605], [9.278269, 46.103643], [9.2782837, 46.1037883], [9.2783587, 46.1040295], [9.278355, 46.1043381], [9.2782846, 46.104583], [9.2779897, 46.1051282], [9.2778094, 46.1056057], [9.2777778, 46.1057497], [9.2777864, 46.1061817], [9.2778795, 46.1063979], [9.2778745, 46.1066585], [9.2779503, 46.1069373], [9.2780426, 46.1072409], [9.2782937, 46.107994], [9.2783614, 46.1082863], [9.278373, 46.1086463], [9.2783516, 46.1089029], [9.2783683, 46.1090063]]]}}, {"type": "Feature", "properties": {"nome": "Lago di Como"}, "geometry": {"type": "Polygon", "coordinates": [[[9.2796146, 46.0733002], [9.2797566, 46.0735654], [9.279748, 46.0737814], [9.2796808, 46.0739166], [9.2795455, 46.0740249], [9.2792777, 46.0741336], [9.2791117, 46.074215], [9.2790376, 46.0742691], [9.2788371, 46.0745891], [9.2786602, 46.0747695], [9.2785185, 46.0748689], [9.2782691, 46.075099], [9.2782466, 46.0754545], [9.2781915, 46.0757426], [9.2782096, 46.0758101], [9.2782023, 46.0759586], [9.2782252, 46.0760261], [9.278295, 46.0760799], [9.2783422, 46.0761428], [9.2783312, 46.0762103], [9.2782494, 46.076341], [9.2781786, 46.0763907], [9.2781514, 46.0764582], [9.2782119, 46.0765976], [9.2782204, 46.0766696], [9.2781823, 46.0768092], [9.2779534, 46.0769492], [9.2778826, 46.0770034], [9.2778409, 46.0770665], [9.2778235, 46.0771385], [9.2778869, 46.0773624], [9.2778805, 46.0775087], [9.2777839, 46.0776749], [9.277729, 46.0778823], [9.2775001, 46.0780978], [9.2774033, 46.0784535], [9.2773073, 46.0786563], [9.2772915, 46.0787283], [9.2773459, 46.0789397], [9.2773382, 46.0790117], [9.277273, 46.0792233], [9.2772449, 46.0794394], [9.2771926, 46.0796817], [9.2771581, 46.0798446], [9.2772541, 46.0799749], [9.2773049, 46.0801143], [9.2773904, 46.0802559], [9.277359, 46.0804], [9.2770642, 46.0808033], [9.277012, 46.0809066], [9.2770042, 46.0809741], [9.2770445, 46.0810797], [9.2770905, 46.0811974]]]}}, {"type": "Feature", "properties": {"nome": "Lago di Como"}, "geometry": {"type": "Polygon", "coordinates": [[[9.253867, 46.0453969], [9.2538694, 46.0456443], [9.253844, 46.0457388], [9.2538556, 46.0458018], [9.2538816, 46.0458468], [9.2540114, 46.045959], [9.2540706, 46.0461839], [9.2541096, 46.0462468], [9.2543478, 46.0463993], [9.2543626, 46.0464487], [9.2543244, 46.0465748], [9.2543478, 46.0466275], [9.2543765, 46.0466765], [9.2544535, 46.0467402], [9.2546299, 46.046863], [9.2547458, 46.0469502], [9.2548909, 46.0470624], [9.2550955, 46.0473831], [9.2552675, 46.0475268], [9.2555368, 46.0477015], [9.2556854, 46.0479929], [9.2557072, 46.0482908], [9.255779, 46.0484391], [9.2557731, 46.0485562], [9.255804, 46.0486191], [9.2558867, 46.0486819], [9.2559128, 46.0490824], [9.2559831, 46.0491563], [9.2561524, 46.0491997], [9.2563428, 46.0493194], [9.2564546, 46.0494769], [9.2565068, 46.0496436], [9.256669, 46.0497872], [9.2569425, 46.0498766], [9.2570608, 46.0499484], [9.2573044, 46.0502358], [9.2574534, 46.050645], [9.2575315, 46.0507573], [9.2578685, 46.0509591], [9.2580528, 46.0510944], [9.2581574, 46.0512375], [9.2582375, 46.0512156], [9.258341, 46.0512265], [9.2583582, 46.051238], [9.2582983, 46.0512907], [9.2583369, 46.05131], [9.25837, 46.0513028], [9.2584153, 46.0512757], [9.2589061, 46.0513618], [9.2593039, 46.0514465], [9.2596858, 46.0515671], [9.2600483, 46.0517747], [9.2602993, 46.0519403], [9.2607377, 46.0525954], [9.2607171, 46.0527106], [9.2608634, 46.0528696], [9.2608663, 46.0528888], [9.2609176, 46.0529786], [9.260923, 46.0531976], [9.2609506, 46.0535399], [9.260961, 46.0537019], [9.2609421, 46.0537964], [9.2608548, 46.0541431], [9.2608122, 46.0542181], [9.260734, 46.0543556], [9.2605586, 46.0545992], [9.2605462, 46.0548656], [9.2605408, 46.0550596], [9.2605419, 46.0551412], [9.2605017, 46.0552019], [9.2604449, 46.0552954], [9.260246, 46.0556374], [9.2600697, 46.0559088], [9.2601124, 46.0560528], [9.2601644, 46.0561156], [9.2602676, 46.056182], [9.2602968, 46.0561994], [9.2603897, 46.0562591], [9.2604504, 46.0563486], [9.2604657, 46.0563711], [9.2605283, 46.0564635], [9.2604104, 46.0565492], [9.2604265, 46.0566069], [9.2605255, 46.0569609], [9.2605892, 46.0570957], [9.2606451, 46.0573071], [9.2607362, 46.0574374], [9.2610549, 46.0577231], [9.2614428, 46.0579404], [9.2617947, 46.0581189], [9.2618369, 46.0581773], [9.2619252, 46.0583886], [9.2620893, 46.0585683], [9.2623961, 46.0588555], [9.2625122, 46.0591097], [9.2627117, 46.0593093], [9.2628758, 46.0594934], [9.2631804, 46.05965], [9.2633938, 46.059846], [9.2639455, 46.0601524], [9.2642953, 46.0603], [9.2647588, 46.0605869], [9.2651156, 46.0608471], [9.2653683, 46.060968], [9.2653336, 46.0610195], [9.2653103, 46.0610291], [9.2655801, 46.0612139], [9.2658782, 46.0613213], [9.2661041, 46.0614027], [9.2663413, 46.0613819], [9.2667246, 46.0614299], [9.2667898, 46.061532], [9.266877, 46.0616467], [9.2671158, 46.0618471], [9.2672783, 46.061931], [9.2676162, 46.0620358], [9.2678149, 46.0621374], [9.2680004, 46.0621755], [9.2682851, 46.0622751], [9.268559, 46.0623823], [9.2688723, 46.0624903], [9.2690053, 46.062543], [9.2691937, 46.0627131], [9.269275, 46.0628449], [9.2693076, 46.0629677], [9.2693149, 46.0631011], [9.2692869, 46.0631829], [9.2692814, 46.0632376], [9.2692055, 46.0632574], [9.2691963, 46.0633392], [9.2691668, 46.0633558], [9.269165, 46.063499], [9.2691935, 46.0637106], [9.2691877, 46.0637759], [9.2692392, 46.0640593], [9.2695041, 46.0643692], [9.2696102, 46.0645669], [9.269627, 46.0647154], [9.2696058, 46.0650187], [9.2697156, 46.065304], [9.2698408, 46.0654266], [9.2699093, 46.0655217], [9.2702443, 46.0657186], [9.2703339, 46.0657535], [9.2704043, 46.0656771], [9.2705025, 46.0656668], [9.2706357, 46.0657363], [9.2708064, 46.0658391], [9.2709636, 46.0660397], [9.2712131, 46.0661651], [9.2714025, 46.0662232], [9.2718182, 46.0663308], [9.2719386, 46.0664411], [9.2720088, 46.0666043], [9.2723955, 46.0667924], [9.2725403, 46.0669449], [9.2726042, 46.0670135], [9.2726188, 46.0671112], [9.2725395, 46.0675142], [9.2725259, 46.0676258], [9.2726457, 46.0679348], [9.2727122, 46.0679841], [9.2729553, 46.0681185], [9.2732994, 46.0682077], [9.2737904, 46.0683262], [9.2740031, 46.0684148], [9.2740642, 46.0684759], [9.2742054, 46.0684692], [9.2743792, 46.0685615], [9.2744815, 46.0686585], [9.2747434, 46.0687252], [9.2749291, 46.0688106], [9.2751811, 46.0687805], [9.2757397, 46.0689525], [9.2759359, 46.0689531], [9.2760592, 46.0690773], [9.2762087, 46.0691357], [9.2762338, 46.0691126], [9.276452, 46.0692253], [9.2764368, 46.0692435], [9.2762472, 46.0691482], [9.2761971, 46.0692072], [9.2764646, 46.0693385], [9.2766144, 46.0693738], [9.2769068, 46.0693842], [9.2769152, 46.0694681], [9.2773029, 46.0695596], [9.2778307, 46.0696773], [9.2783096, 46.0699598], [9.2784523, 46.0700675], [9.2785543, 46.0700854], [9.2786337, 46.0701301], [9.2787308, 46.0701253], [9.2787025, 46.0703189], [9.2787637, 46.0705977], [9.2790444, 46.0708086], [9.2790819, 46.070876], [9.2790875, 46.07102], [9.27903, 46.0711551], [9.2788903, 46.071349], [9.2787226, 46.0714304], [9.2785597, 46.0716058], [9.2784924, 46.0716951], [9.2783923, 46.0718371], [9.2783629, 46.0719085], [9.2783515, 46.0719749], [9.2783579, 46.0720423], [9.2783734, 46.0720938], [9.278476, 46.0721959], [9.2786654, 46.072254], [9.2789181, 46.0723749], [9.2790867, 46.0724645], [9.2792294, 46.0725632], [9.2794903, 46.0726795], [9.2795439, 46.0727334], [9.2795591, 46.0728774], [9.2796277, 46.0730077], [9.2796042, 46.0731563], [9.2796146, 46.0733002]]]}}, {"type": "Feature", "properties": {"nome": "Lago di Como"}, "geometry": {"type": "Polygon", "coordinates": [[[9.2513315, 46.0407133], [9.2513975, 46.0410056], [9.2513624, 46.0410957], [9.2513938, 46.0412621], [9.251386, 46.0413252], [9.2513347, 46.0414063], [9.2513285, 46.0414738], [9.2513482, 46.0415367], [9.251392, 46.0415682], [9.2515035, 46.0415904], [9.2516314, 46.0416441], [9.2517761, 46.0418418], [9.2518203, 46.0419812], [9.2518528, 46.0420172], [9.2523011, 46.0422007], [9.2524651, 46.0423713], [9.2526658, 46.0424564], [9.2528968, 46.0428159], [9.2529409, 46.0429103], [9.2530607, 46.043324], [9.2531003, 46.0439508], [9.253302, 46.0441695], [9.253435, 46.0442682], [9.2534707, 46.0443221], [9.2534667, 46.0444977], [9.2534977, 46.0445606], [9.2535313, 46.0446083], [9.2537318, 46.0448931], [9.2539533, 46.0452751], [9.253867, 46.0453969]]]}}, {"type": "Feature", "properties": {"nome": "Lago di Como"}, "geometry": {"type": "Polygon", "coordinates": [[[9.2500166, 46.0398503], [9.250105, 46.0399014], [9.250109, 46.0400426], [9.2501342, 46.0400451], [9.2502796, 46.0400651], [9.2503267, 46.0400457], [9.25033, 46.0399346], [9.2505009, 46.0399366], [9.250626, 46.0397338], [9.2506825, 46.0397202], [9.2508328, 46.0397469], [9.2509121, 46.0397782], [9.2510417, 46.0398262], [9.2511171, 46.0399506], [9.2512374, 46.0402454], [9.2512819, 46.0403385], [9.2514769, 46.0405385], [9.2514578, 46.0406222], [9.2513315, 46.0407133]]]}}, {"type": "Feature", "properties": {"nome": "Lago di Como"}, "geometry": {"type": "Polygon", "coordinates": [[[9.2492492, 46.0399197], [9.2493022, 46.0399212], [9.2493345, 46.0399121], [9.2493143, 46.0398479], [9.2493649, 46.0397758], [9.2494534, 46.0397457], [9.2495833, 46.0397549], [9.249653, 46.0397836], [9.2497942, 46.0397581], [9.2498993, 46.0397804], [9.2500166, 46.0398503]]]}}, {"type": "Feature", "properties": {"nome": "Lago di Como"}, "geometry": {"type": "Polygon", "coordinates": [[[9.2490835, 46.0398715], [9.2491584, 46.039917], [9.2492492, 46.0399197]]]}}, {"type": "Feature", "properties": {"nome": "Lago di Como"}, "geometry": {"type": "Polygon", "coordinates": [[[9.2481126, 46.0398499], [9.2484284, 46.0399501], [9.2486172, 46.0399092], [9.248637, 46.0398089], [9.2487669, 46.0397625], [9.2488922, 46.0397714], [9.2490127, 46.0398061], [9.2490835, 46.0398715]]]}}, {"type": "Feature", "properties": {"nome": "Lago di Como"}, "geometry": {"type": "Polygon", "coordinates": [[[9.2451317, 46.0396447], [9.245214, 46.0396646], [9.2452883, 46.03966], [9.2453431, 46.0396284], [9.2455723, 46.0395874], [9.2458713, 46.0396227], [9.24596, 46.0395865], [9.2460307, 46.0395053], [9.2460893, 46.0392352], [9.2461279, 46.0391991], [9.2462536, 46.0391314], [9.2464118, 46.0391085], [9.2465071, 46.0391128], [9.2469534, 46.0392018], [9.247027, 46.0392647], [9.2469861, 46.0394696], [9.2470857, 46.0395435], [9.2472668, 46.0395746], [9.2476469, 46.0396773], [9.2479646, 46.0398029]]]}}, {"type": "Feature", "properties": {"nome": "Lago di Como"}, "geometry": {"type": "Polygon", "coordinates": [[[9.2445007, 46.0395394], [9.2446255, 46.0395669], [9.2446835, 46.0395218], [9.2447626, 46.0395171], [9.2450296, 46.03962], [9.2451317, 46.0396447]]]}}, {"type": "Feature", "properties": {"nome": "Lago di Como"}, "geometry": {"type": "Polygon", "coordinates": [[[9.2426115, 46.038191], [9.2428088, 46.0382254], [9.2432772, 46.0382289], [9.2435472, 46.0382643], [9.2436345, 46.0382911], [9.243688, 46.0383405], [9.2436967, 46.0384709], [9.2435974, 46.0386602], [9.2435642, 46.0388312], [9.2435226, 46.0389168], [9.2435197, 46.0390068], [9.2435508, 46.0390968], [9.2436011, 46.0391372], [9.2437095, 46.0391774], [9.2438711, 46.0391996], [9.2439166, 46.0392535], [9.2439635, 46.0392714], [9.2441073, 46.039271], [9.2443392, 46.0394865], [9.244399, 46.0394909], [9.2445007, 46.0395394]]]}}, {"type": "Feature", "properties": {"nome": "Lago di Como"}, "geometry": {"type": "Polygon", "coordinates": [[[9.2373334, 46.0297804], [9.2373943, 46.0300017], [9.2373882, 46.0300782], [9.2372503, 46.030317], [9.2372815, 46.030434], [9.2372923, 46.0307039], [9.2373584, 46.0310368], [9.2373442, 46.0311358], [9.2372738, 46.031289], [9.2371597, 46.0317887], [9.2371728, 46.0318292], [9.2372262, 46.0318561], [9.237606, 46.0318895], [9.2375268, 46.0323988], [9.2375037, 46.0325489], [9.2374702, 46.0325499], [9.2373939, 46.032993], [9.237294, 46.0330057], [9.2373119, 46.0330675], [9.2373428, 46.0330703], [9.2373481, 46.0330955], [9.2371684, 46.0331271], [9.2372432, 46.0332924], [9.2375211, 46.03325], [9.2374487, 46.0330768], [9.2374326, 46.0330768], [9.237434, 46.0330638], [9.2374773, 46.0330588], [9.2375641, 46.0332686], [9.2375378, 46.033345], [9.2375412, 46.0333765], [9.2374773, 46.0335521], [9.2373829, 46.0337096], [9.2373953, 46.0339172], [9.2374212, 46.0345324], [9.237452, 46.0346167], [9.2374914, 46.0347694], [9.2376395, 46.0348835], [9.2376973, 46.0349593], [9.237715, 46.0351762], [9.2377179, 46.0352574], [9.2378257, 46.0355203], [9.2379142, 46.0357217], [9.2380561, 46.0360084], [9.2381117, 46.0360875], [9.2382788, 46.0362462], [9.2385054, 46.0364195], [9.2386663, 46.0365552], [9.2387639, 46.0366143], [9.2389117, 46.0366731], [9.2392456, 46.0368291], [9.2395984, 46.0369769], [9.2399077, 46.0371427], [9.2401005, 46.0372773], [9.2403594, 46.0373892], [9.2406821, 46.0375438], [9.2409144, 46.037973], [9.2411076, 46.0381841], [9.2412437, 46.0382783], [9.2413972, 46.0383005], [9.2415943, 46.038291], [9.2421964, 46.0382042], [9.2425533, 46.0381809], [9.2426115, 46.038191]]]}}, {"type": "Feature", "properties": {"nome": "Lago di Como"}, "geometry": {"type": "Polygon", "coordinates": [[[9.2377891, 46.0269929], [9.2377725, 46.0270489], [9.2377938, 46.0271209], [9.2378636, 46.0271883], [9.2379043, 46.0272647], [9.2379078, 46.0273277], [9.2376668, 46.0276297], [9.2376713, 46.0279356], [9.237509, 46.0281205], [9.2374417, 46.0282421], [9.2374065, 46.0283097], [9.2373816, 46.0285482], [9.2372868, 46.0286519], [9.2372558, 46.028949], [9.237449, 46.0292162], [9.2372907, 46.0294317], [9.2372442, 46.0295459], [9.2373595, 46.0296269], [9.2373334, 46.0297804]]]}}, {"type": "Feature", "properties": {"nome": "Lago di Como"}, "geometry": {"type": "Polygon", "coordinates": [[[9.2368569, 46.016962], [9.2368835, 46.0169749], [9.2369006, 46.0169832], [9.2369176, 46.0169918], [9.2369599, 46.0170133], [9.2370808, 46.0173055], [9.237096, 46.017345], [9.2371193, 46.0174066], [9.2371129, 46.0174531], [9.2370727, 46.0175049], [9.2370223, 46.0175297], [9.2369305, 46.0175494], [9.2369919, 46.0178122], [9.2370902, 46.0180433], [9.2371106, 46.0181212], [9.2371372, 46.018241], [9.2371208, 46.0184416], [9.2371273, 46.0186156], [9.237167, 46.0187032], [9.237301, 46.0188261], [9.2373485, 46.0187967], [9.2375086, 46.0189171], [9.2374774, 46.0189366], [9.2376642, 46.0190271], [9.2377944, 46.0190723], [9.2382953, 46.0191822], [9.2384335, 46.0192266], [9.238488, 46.0192882], [9.238489, 46.0193037], [9.2384432, 46.0193051], [9.2384359, 46.019277], [9.2384043, 46.0192482], [9.2382712, 46.0192075], [9.2380666, 46.0191716], [9.2379085, 46.0191477], [9.2378381, 46.019136], [9.237831, 46.0192773], [9.2378059, 46.0193617], [9.2383032, 46.0194275], [9.2384213, 46.0193897], [9.2385686, 46.0194202], [9.2386686, 46.019395], [9.2387021, 46.0193096], [9.238655, 46.0193101], [9.238651, 46.0192817], [9.2387784, 46.0192771], [9.2387885, 46.0193336], [9.2387758, 46.0193466], [9.2388267, 46.0193703], [9.2389996, 46.0194304], [9.2392297, 46.0195236], [9.239604, 46.0196914], [9.2396291, 46.0196786], [9.2399347, 46.019812], [9.23995, 46.0198037], [9.2400671, 46.0198524], [9.2402306, 46.0198749], [9.2403331, 46.0199003], [9.2405777, 46.0199998], [9.2407023, 46.0200567], [9.2409548, 46.020134], [9.2410621, 46.0201842], [9.2413814, 46.0202685], [9.2415332, 46.0202925], [9.2416521, 46.0203325], [9.241776, 46.0203776], [9.2418967, 46.0204285], [9.2420457, 46.0204815], [9.2422879, 46.0206145], [9.2425767, 46.0208303], [9.24266, 46.0209014], [9.2427081, 46.0209671], [9.2427443, 46.0209743], [9.2427995, 46.0210847], [9.2428263, 46.0211276], [9.2428815, 46.0212694], [9.2428737, 46.021305], [9.2428921, 46.0214669], [9.2428535, 46.0214895], [9.242844, 46.0215391], [9.2429308, 46.02174], [9.2428402, 46.0223471], [9.2428418, 46.0224021], [9.2428076, 46.0224572], [9.2427277, 46.0226418], [9.2425956, 46.0230876], [9.2425076, 46.0232768], [9.2422221, 46.0237337], [9.2420941, 46.0238436], [9.2419043, 46.0237675], [9.2418238, 46.0238481], [9.2417467, 46.0239107], [9.241839, 46.0240118], [9.241825, 46.0241341], [9.2418215, 46.0242133], [9.2417617, 46.024279], [9.241663, 46.02431], [9.241516, 46.0242615], [9.2414639, 46.0243133], [9.2415474, 46.0243813], [9.241476, 46.0244626], [9.2413977, 46.0245374], [9.2413746, 46.024593], [9.2413489, 46.0246634], [9.2412515, 46.0247575], [9.2411592, 46.0247918], [9.2411027, 46.0247964], [9.2410609, 46.024828], [9.2410517, 46.0248918], [9.2410129, 46.0249496], [9.2409519, 46.0250172], [9.2407828, 46.0251256], [9.2406462, 46.0251665], [9.2404893, 46.0251026], [9.2395484, 46.0257081], [9.239538, 46.0257008], [9.2393087, 46.0255381], [9.2390681, 46.025698], [9.2391078, 46.0257413], [9.2390036, 46.0258199], [9.2389384, 46.0258324], [9.2384614, 46.026215], [9.2379785, 46.0265724], [9.2378458, 46.0268013], [9.2377891, 46.0269929]]]}}, {"type": "Feature", "properties": {"nome": "Lago di Como"}, "geometry": {"type": "Polygon", "coordinates": [[[9.2362275, 46.0117981], [9.2362414, 46.0118507], [9.2363098, 46.0119856], [9.2364014, 46.0122689], [9.2364519, 46.0123723], [9.2364947, 46.0123716], [9.2365151, 46.0125177], [9.2365715, 46.0125641], [9.2365799, 46.0126487], [9.2365381, 46.0127832], [9.2365276, 46.0128832]]]}}, {"type": "Feature", "properties": {"nome": "Lago di Como"}, "geometry": {"type": "Polygon", "coordinates": [[[9.2389622, 45.996113], [9.2389608, 45.9961301], [9.2389327, 45.9961292], [9.2389246, 45.996228], [9.238972, 45.996231], [9.238975, 45.996211], [9.239028, 45.996216], [9.239025, 45.996234], [9.238998, 45.996232], [9.238981, 45.996377], [9.2389, 45.9963712], [9.2388155, 45.9965228], [9.238718, 45.996766], [9.2386127, 45.9974232], [9.2383338, 45.9979194], [9.2383585, 45.997937], [9.2383151, 45.9979734], [9.238425, 45.9980135], [9.238322, 45.998146], [9.238238, 45.998272], [9.238128, 45.998238], [9.2378926, 45.9985227], [9.2376908, 45.9986959], [9.2376824, 45.9987763], [9.237722, 45.998878], [9.2378285, 45.9989325], [9.2377, 45.999059], [9.237591, 45.999004], [9.2375108, 45.9989804], [9.2373454, 45.9991475], [9.2372849, 45.9992576], [9.2373487, 45.9993261], [9.2371587, 45.9995789], [9.2371311, 45.9996357], [9.2371859, 45.9997016], [9.2372311, 45.999753], [9.2372668, 45.9997944], [9.2371139, 45.9998899], [9.2371, 45.999985], [9.237094, 46.000059], [9.2370269, 46.0002766], [9.2369843, 46.0004717], [9.2369079, 46.0006108], [9.2367579, 46.0007665], [9.2361626, 46.001275], [9.2362377, 46.0013011], [9.2362296, 46.0013751], [9.2360151, 46.0014837], [9.2354175, 46.0018352], [9.2349207, 46.0023267], [9.2347622, 46.0026195], [9.2345975, 46.0030024], [9.2345756, 46.0031644], [9.2345888, 46.0032454], [9.2346833, 46.0034477], [9.2346715, 46.0037132], [9.2346541, 46.0037988], [9.2346064, 46.0039884], [9.2345911, 46.0041631], [9.2345777, 46.0044316], [9.2345786, 46.00449], [9.2346669, 46.0045514], [9.2346736, 46.0047294], [9.2345457, 46.0048258], [9.234497, 46.0051528], [9.234447, 46.0053365], [9.234397, 46.0055176], [9.2343007, 46.0058761], [9.2342859, 46.0060585], [9.2343578, 46.0064881], [9.2345289, 46.0065349], [9.2345621, 46.0067268], [9.2345796, 46.006805], [9.234609, 46.0068724], [9.2346204, 46.0072729], [9.2346903, 46.0073853], [9.2347312, 46.0075382], [9.2349635, 46.0076036], [9.2350763, 46.008201], [9.2352946, 46.0086531], [9.2352804, 46.0087296], [9.2352934, 46.0087566], [9.2353354, 46.008761], [9.2354079, 46.0086305], [9.2355014, 46.0086574], [9.2353909, 46.0088998], [9.2354383, 46.0089749], [9.2355629, 46.0089931], [9.2355576, 46.0091643], [9.2355038, 46.0092629], [9.235483, 46.0092947], [9.2356264, 46.0093179], [9.235649, 46.0094462], [9.235382, 46.0094588], [9.2354372, 46.0095619], [9.2357154, 46.0096085], [9.2357833, 46.0097004], [9.2358347, 46.010758], [9.2358113, 46.0109516], [9.2358649, 46.011028], [9.235907, 46.0110369], [9.23597, 46.0110869], [9.2359247, 46.0111096], [9.2359827, 46.0111964], [9.2360937, 46.0113241], [9.2360559, 46.0113657], [9.2361413, 46.0114729], [9.2362275, 46.0117981]]]}}, {"type": "Feature", "properties": {"nome": "Lago di Como"}, "geometry": {"type": "Polygon", "coordinates": [[[9.2365276, 46.0128832], [9.2365231, 46.0129259], [9.2366633, 46.0129119], [9.236725, 46.0131818], [9.2367319, 46.0132718], [9.2366676, 46.0133484], [9.2367115, 46.0134293], [9.2371577, 46.0139189], [9.237199, 46.0141439], [9.2371754, 46.0142834], [9.2371839, 46.0143869], [9.2373105, 46.0145486], [9.2373605, 46.0149041], [9.2372954, 46.0151607], [9.2372698, 46.0152147], [9.2367772, 46.0155802], [9.2366598, 46.015693], [9.2365094, 46.0163998], [9.2365215, 46.0165095], [9.2367392, 46.016517], [9.2367392, 46.0165489], [9.2366769, 46.016558], [9.2366553, 46.0167082], [9.2367217, 46.0168367], [9.2368569, 46.016962]]]}}, {"type": "Feature", "properties": {"nome": "Lago di Como"}, "geometry": {"type": "Polygon", "coordinates": [[[9.2228459, 45.9819443], [9.2231065, 45.9821351], [9.223011, 45.9822232], [9.2233079, 45.9824325], [9.2235647, 45.9826242], [9.2236043, 45.9825942], [9.2237029, 45.982639], [9.2236767, 45.9826768], [9.2237657, 45.9827061], [9.2239688, 45.98275], [9.2240466, 45.982696], [9.2241231, 45.9826801], [9.2242706, 45.9826755], [9.2243638, 45.9827102], [9.2244008, 45.9827439], [9.2246583, 45.9827481], [9.2248642, 45.9826838], [9.22506, 45.9827215], [9.2252082, 45.9827821], [9.2252444, 45.9827979], [9.2252994, 45.982811], [9.2253254, 45.982833], [9.2253068, 45.9828948], [9.225577, 45.9830266], [9.2256558, 45.9830651], [9.2256933, 45.9830567], [9.2263371, 45.9833708], [9.226625, 45.9834114], [9.2267026, 45.9834427], [9.2269726, 45.9835772], [9.2270133, 45.9836491], [9.2271765, 45.9837028], [9.2272671, 45.9837611], [9.2274335, 45.9838058], [9.2274931, 45.9837831], [9.2275287, 45.9838011], [9.22759, 45.9838253], [9.2275628, 45.9838687], [9.2277845, 45.9840121], [9.2278474, 45.9839939], [9.2278991, 45.9840073], [9.2282976, 45.9843666], [9.2284302, 45.9843804], [9.2286952, 45.9845216], [9.2287089, 45.984529], [9.2288382, 45.9846011], [9.2288567, 45.9846111], [9.2288649, 45.9846156], [9.2290852, 45.9847334], [9.2291131, 45.9847483], [9.2291365, 45.9847608], [9.229156, 45.9847712], [9.2291171, 45.9847975], [9.2290577, 45.9848377], [9.2296678, 45.9851693], [9.2300897, 45.985373], [9.2305071, 45.985497], [9.2305195, 45.9855021], [9.2305357, 45.9855088], [9.2306049, 45.9855276], [9.2306506, 45.9855429], [9.230747, 45.9854423], [9.2309368, 45.9854624], [9.2309818, 45.9855652], [9.2309127, 45.9856959], [9.2311671, 45.9858357], [9.2313978, 45.9859264], [9.2316059, 45.9860383], [9.232014, 45.9863323], [9.2324333, 45.9865568], [9.2336253, 45.9872194], [9.2337174, 45.9871953], [9.2339711, 45.9873776], [9.2340738, 45.9874585], [9.2342721, 45.9875772], [9.2343177, 45.9875496], [9.2349426, 45.9878187], [9.2349085, 45.9878501], [9.2353073, 45.9880209], [9.2355081, 45.9882152], [9.2355603, 45.9881931], [9.2356976, 45.9883299], [9.2358571, 45.9885262], [9.2358242, 45.988551], [9.2361181, 45.9889207], [9.2363034, 45.9890308], [9.2364016, 45.9891728], [9.236543, 45.9893902], [9.2366096, 45.9894756], [9.2370169, 45.9899988], [9.2372507, 45.9903937], [9.2372112, 45.9904724], [9.2372745, 45.9905761], [9.2373647, 45.9905541], [9.2374245, 45.990572], [9.237504, 45.9906753], [9.23756, 45.9907629], [9.2376139, 45.9907793], [9.2376452, 45.9907774], [9.2376827, 45.9907752], [9.2377142, 45.9909348], [9.2376569, 45.99102], [9.2378103, 45.9912802], [9.2378147, 45.9912898], [9.2378206, 45.9913028], [9.2378296, 45.9913252], [9.2380589, 45.9916677], [9.2379852, 45.9916947], [9.2380415, 45.9917813], [9.2381857, 45.9917365], [9.238304, 45.9919234], [9.2383146, 45.9919281], [9.2385775, 45.992387], [9.2384416, 45.9924409], [9.2384901, 45.9925271], [9.2385605, 45.9925164], [9.2386335, 45.9926689], [9.2386456, 45.9926942], [9.2387103, 45.9928456], [9.238553, 45.9929053], [9.2385726, 45.9929592], [9.2386211, 45.9929726], [9.2388562, 45.9929132], [9.238956, 45.9929555], [9.238968, 45.9929879], [9.2389598, 45.9930363], [9.238976, 45.9930762], [9.2389451, 45.9930886], [9.2391793, 45.9935504], [9.2392576, 45.9936929], [9.2393088, 45.9936993], [9.2393245, 45.9937334], [9.2393072, 45.9937678], [9.2392034, 45.9937931], [9.2392673, 45.9938936], [9.239311, 45.9940349], [9.2393728, 45.994024], [9.2393592, 45.9939651], [9.239406, 45.9938919], [9.2394441, 45.9939318], [9.239447, 45.994133], [9.2394792, 45.9941377], [9.2394939, 45.9941656], [9.2394671, 45.9941945], [9.2395271, 45.9943592], [9.2395401, 45.9944191], [9.2395539, 45.994487], [9.2395511, 45.9945529], [9.2395077, 45.9945797], [9.239086, 45.9952567], [9.2391386, 45.9952742], [9.2390768, 45.9953955], [9.2390245, 45.9954197], [9.2389866, 45.9955882], [9.2390339, 45.9956023], [9.238959, 45.995871], [9.238954, 45.995895], [9.238991, 45.995898], [9.238982, 45.995947], [9.238978, 45.9959465], [9.23897, 45.995995], [9.238931, 45.99599], [9.23893, 45.995998], [9.2388368, 45.9959904], [9.2388361, 45.9961008], [9.2389622, 45.996113]]]}}, {"type": "Feature", "properties": {"nome": "Lago di Como"}, "geometry": {"type": "Polygon", "coordinates": [[[9.219741, 45.9817294], [9.2199231, 45.9815928], [9.220062, 45.9814579], [9.2201683, 45.9814037], [9.220315, 45.9813629], [9.2207549, 45.9813655], [9.2207729, 45.9813291], [9.2208371, 45.9812953], [9.2209635, 45.9812897], [9.2210156, 45.9813218], [9.2210134, 45.9813464], [9.2210761, 45.9813459], [9.2210735, 45.9813839], [9.2212112, 45.9813749], [9.2214258, 45.9813701], [9.2219573, 45.981348], [9.222107, 45.9813647], [9.2222446, 45.9813986], [9.2223011, 45.9814187], [9.2223808, 45.981447], [9.222472, 45.9814845], [9.22255, 45.981528], [9.2226158, 45.9815885], [9.2226548, 45.9816428], [9.2226638, 45.9816934], [9.2226509, 45.981751], [9.2226253, 45.9818003], [9.2226904, 45.9818264], [9.2227257, 45.9818744], [9.2228459, 45.9819443]]]}}, {"type": "Feature", "properties": {"nome": "Lago di Como"}, "geometry": {"type": "Polygon", "coordinates": [[[9.1638282, 45.9617047], [9.1641184, 45.9617825], [9.1647046, 45.9619797], [9.1648774, 45.9620649], [9.1654091, 45.9623792], [9.1655659, 45.9624824], [9.1660545, 45.9629498], [9.1663713, 45.9631763], [9.1670387, 45.9635289], [9.1672718, 45.9636798], [9.1673131, 45.9637134], [9.1673199, 45.9637205], [9.1673287, 45.9637297], [9.1673371, 45.9637385], [9.1672736, 45.963762], [9.1672909, 45.9638117], [9.1673184, 45.9639044], [9.1673286, 45.9639388], [9.1675063, 45.9642157], [9.1676134, 45.9643282], [9.167771, 45.9644219], [9.1678998, 45.9644827], [9.1679776, 45.964517], [9.1679742, 45.9645563], [9.1682249, 45.9645588], [9.1682271, 45.9644688], [9.1682388, 45.9644694], [9.1686011, 45.9644752], [9.168588, 45.9645292], [9.1686096, 45.9645247], [9.1688311, 45.9645574], [9.1688834, 45.96459], [9.1689223, 45.9645667], [9.168984, 45.964562], [9.1690202, 45.9646068], [9.1691263, 45.9646284], [9.1692176, 45.9647042], [9.1691961, 45.9647351], [9.1692589, 45.9648053], [9.1692978, 45.9648369], [9.1693224, 45.9648673], [9.1693833, 45.9648961], [9.1694675, 45.9649628], [9.1695315, 45.9650243], [9.1695628, 45.9650916], [9.1695972, 45.9651795], [9.1695786, 45.9652712], [9.1695031, 45.9652642], [9.1694687, 45.9652849], [9.1694842, 45.9653558], [9.1695069, 45.9655023], [9.1694325, 45.9655392], [9.1694255, 45.9655696], [9.1694201, 45.9656485], [9.1694178, 45.9656685], [9.1694271, 45.9657221], [9.1694476, 45.9658406], [9.1695364, 45.9659455], [9.1696184, 45.9660094], [9.1697665, 45.9660571], [9.1698181, 45.9660559], [9.1700341, 45.9660509], [9.1700686, 45.9660604], [9.170387, 45.9661692], [9.1704121, 45.9661776], [9.1704271, 45.9661822], [9.1704226, 45.9661953], [9.1706541, 45.9662927], [9.1706685, 45.966347], [9.1707383, 45.9663448], [9.1707552, 45.9663351], [9.1708109, 45.9663281], [9.1708287, 45.9663339], [9.1708836, 45.9663355], [9.1710014, 45.9663125], [9.1710719, 45.9662814], [9.1711021, 45.9662402], [9.1712514, 45.9661974], [9.1712377, 45.9660986], [9.1714465, 45.9660375], [9.1717451, 45.9660805], [9.172406, 45.9661898], [9.1726182, 45.9662961], [9.1727698, 45.9663822], [9.1728027, 45.9664018], [9.1727811, 45.9664814], [9.1727471, 45.9665954], [9.1727267, 45.966681], [9.172837, 45.9667583], [9.1728899, 45.966853], [9.1729065, 45.966915], [9.1727869, 45.9669865], [9.1727439, 45.9669808], [9.1725798, 45.9670805], [9.172559, 45.9671481], [9.1725595, 45.9672959], [9.1726398, 45.967486], [9.172833, 45.9677566], [9.1729153, 45.9677358], [9.1730864, 45.968009], [9.1733573, 45.9681275], [9.1734934, 45.9681617], [9.1737866, 45.9682869], [9.1737852, 45.9683253], [9.1739844, 45.9683768], [9.1741216, 45.9684596], [9.1741943, 45.9685003], [9.1743793, 45.9685663], [9.1744631, 45.9686086], [9.1746167, 45.968673], [9.1749128, 45.9687789], [9.1749769, 45.9688227], [9.1751209, 45.9688207], [9.1752054, 45.9687727], [9.175247, 45.9687522], [9.1756693, 45.9686059], [9.1757173, 45.968604], [9.1757903, 45.9686012], [9.1759225, 45.968574], [9.1759078, 45.9685246], [9.1760352, 45.9684973], [9.1760627, 45.9685378], [9.1760982, 45.9685287], [9.1764315, 45.9684425], [9.1764795, 45.9684301], [9.1767298, 45.9683232], [9.1772881, 45.9680658], [9.1777389, 45.9679032], [9.177903, 45.9678463], [9.178214, 45.9677423], [9.1782771, 45.9677917], [9.1785463, 45.9677238], [9.1785252, 45.9676743], [9.1793328, 45.9674615], [9.1794781, 45.9674792], [9.179631, 45.9674342], [9.1798075, 45.9673338], [9.1799722, 45.9672783], [9.1799876, 45.9672731], [9.1800145, 45.9672174], [9.1804404, 45.9672437], [9.1805456, 45.9672125], [9.1805725, 45.967241], [9.1809066, 45.967221], [9.1810228, 45.9672154], [9.181236, 45.9672156], [9.181281, 45.9672156], [9.1817213, 45.9672146], [9.1823636, 45.9672448], [9.1827322, 45.9672355], [9.1830511, 45.9672856], [9.1832619, 45.9672683], [9.1834674, 45.9671878], [9.1835479, 45.9671335], [9.1836117, 45.967081], [9.1837342, 45.9670268], [9.1838044, 45.9669366], [9.1838498, 45.9668782], [9.1839143, 45.9668466], [9.1839254, 45.9668015], [9.1841299, 45.9666707], [9.1842587, 45.9666075], [9.1845183, 45.9665576], [9.1848651, 45.966548], [9.1849199, 45.9665344], [9.1849797, 45.9665433], [9.1851086, 45.9664981], [9.1855686, 45.9665739], [9.1858026, 45.966596], [9.1859784, 45.9665867], [9.1861106, 45.9665505], [9.1862785, 45.9665817], [9.1862867, 45.9666312], [9.1867467, 45.966689], [9.1869247, 45.9667392], [9.1870647, 45.9667401], [9.1872448, 45.9668429], [9.1874337, 45.9668834], [9.1874717, 45.9668915], [9.1875753, 45.9669756], [9.1878288, 45.9670292], [9.1879903, 45.967083], [9.1881195, 45.9671278], [9.1882069, 45.9671906], [9.1883438, 45.9671987], [9.1885022, 45.9672081], [9.1885864, 45.9673025], [9.1886153, 45.9673057], [9.1887445, 45.9673202], [9.1889593, 45.9673784], [9.1891545, 45.9673736], [9.1892008, 45.9674515], [9.189523, 45.9675734], [9.1899149, 45.9675299], [9.1900667, 45.9675656], [9.1902259, 45.9676239], [9.1902993, 45.9676507], [9.1907783, 45.967596], [9.1910472, 45.9674605], [9.1912741, 45.9672666], [9.1915899, 45.9671491], [9.1918203, 45.9670813], [9.1920477, 45.9670359], [9.1924719, 45.9670262], [9.1926316, 45.9670034], [9.1928298, 45.9669536], [9.1931134, 45.9668407], [9.1936485, 45.9666958], [9.1938243, 45.966682], [9.1940907, 45.9667311], [9.194294, 45.9667307], [9.1943487, 45.9667082], [9.1944211, 45.966645], [9.1945113, 45.9666089], [9.1945871, 45.9665908], [9.1947855, 45.9665949], [9.194929, 45.9665542], [9.1950335, 45.966455], [9.1952744, 45.9661396], [9.1953564, 45.966063], [9.1954401, 45.9660134], [9.195648, 45.965959], [9.1958367, 45.9659317], [9.1960028, 45.9659225], [9.1960981, 45.9659358], [9.1962609, 45.965904], [9.1967022, 45.9656917], [9.1969117, 45.9656373], [9.1972439, 45.9655917], [9.1975747, 45.9656136], [9.1981581, 45.9654371], [9.1985643, 45.9653553], [9.1987208, 45.965337], [9.198995, 45.9653366], [9.1992355, 45.9653721], [9.1993823, 45.9653584], [9.1994937, 45.9653897], [9.199668, 45.9654118], [9.1998878, 45.9655239], [9.1999992, 45.9655507], [9.2001267, 45.9655415], [9.2002991, 45.9654872], [9.2004878, 45.9654734], [9.2005959, 45.9654822], [9.2009253, 45.9655581], [9.201056, 45.9655713], [9.2012819, 45.9655754], [9.2013803, 45.9655617], [9.2014285, 45.9655167], [9.201465, 45.9653411], [9.2016865, 45.9650302], [9.2018565, 45.9649367], [9.2019841, 45.9649315], [9.2020396, 45.9649019], [9.2021247, 45.9648274], [9.2022282, 45.9647605], [9.2023059, 45.9647297], [9.2024077, 45.9647592], [9.2025279, 45.9647952], [9.2027034, 45.9649419], [9.2027516, 45.96501], [9.2027665, 45.9650649], [9.2027559, 45.9651], [9.2027875, 45.9651455], [9.202866, 45.9651732], [9.2029422, 45.965192], [9.202955, 45.9652201], [9.2029358, 45.9652899], [9.2029096, 45.9653528], [9.2028464, 45.965501], [9.2026603, 45.965581], [9.2025449, 45.9656514], [9.2025421, 45.9657207], [9.2026379, 45.9657435], [9.2026768, 45.9657933], [9.2026216, 45.9659002], [9.2025679, 45.9660829], [9.2024566, 45.9664166], [9.2023873, 45.9665365], [9.2023657, 45.96682], [9.2022903, 45.9669326], [9.2020987, 45.96705], [9.2019975, 45.9671537], [9.2019352, 45.9673338], [9.2018854, 45.9678244], [9.2018262, 45.9679775], [9.2017186, 45.9681082], [9.2016578, 45.9682478], [9.2016453, 45.9683558], [9.2017134, 45.9688912], [9.2017832, 45.9690306], [9.2018341, 45.9692645], [9.2017812, 45.9693546], [9.2016878, 45.9693998], [9.2015862, 45.9694135], [9.2014315, 45.9694588], [9.2009539, 45.9694731], [9.2009089, 45.9694957], [9.2008029, 45.9696444], [9.2006942, 45.9699101], [9.2007733, 45.9699415], [9.2007755, 45.97009], [9.2007045, 45.9700946], [9.2006912, 45.9699866], [9.2005685, 45.9699688], [9.2005049, 45.9703451], [9.2004191, 45.9704242], [9.2003287, 45.9706098], [9.2001676, 45.9708406], [9.1999785, 45.9709209], [9.1996711, 45.9709818], [9.1995683, 45.9708881], [9.1993938, 45.9709172], [9.1990143, 45.970877], [9.1987286, 45.970843], [9.1983993, 45.9707799], [9.1982519, 45.970763], [9.198041, 45.9707626], [9.1978649, 45.970814], [9.1978651, 45.9707882], [9.1977806, 45.9707461], [9.197325, 45.9706111], [9.1971493, 45.970559], [9.1968777, 45.97061], [9.1966006, 45.9706584], [9.1964539, 45.9707444], [9.1962662, 45.9710611], [9.1961016, 45.9713542], [9.1960808, 45.9714218], [9.1960113, 45.9715431], [9.1959278, 45.9718388], [9.1961141, 45.9726708], [9.1961971, 45.9726923], [9.196363, 45.9728393], [9.1967788, 45.9730662], [9.1968601, 45.9731292], [9.1969625, 45.9732322], [9.1970205, 45.9733415], [9.1970292, 45.9733579], [9.1971423, 45.9733501], [9.1971521, 45.9733861], [9.1970118, 45.9733998], [9.1972004, 45.973638], [9.1974548, 45.9737327], [9.1979508, 45.9738451], [9.1979388, 45.9738754], [9.1980833, 45.9739113], [9.1981403, 45.973808], [9.1981375, 45.9737997], [9.1981427, 45.9737905], [9.1981572, 45.9737881], [9.1981737, 45.9737928], [9.1981746, 45.973801], [9.1981733, 45.973808], [9.1981651, 45.973814], [9.198125, 45.9738906], [9.1990739, 45.974127], [9.1996284, 45.9741777], [9.1997305, 45.9742191], [9.1998306, 45.9742102], [9.1998395, 45.9742297], [9.1998535, 45.9742573], [9.1999102, 45.9742749], [9.1999562, 45.974347], [9.1999965, 45.974411], [9.2000407, 45.9745004], [9.2000957, 45.9745918], [9.2001199, 45.9746486], [9.2001252, 45.9747046], [9.2000917, 45.9747689], [9.1999965, 45.9748658], [9.1998892, 45.9749469], [9.1997806, 45.9751053], [9.199735, 45.9752545], [9.1997189, 45.975439], [9.1997418, 45.975645], [9.1998521, 45.9757933], [9.1999735, 45.9759056], [9.2001402, 45.9760313], [9.2002003, 45.976009], [9.2002465, 45.9760316], [9.2003668, 45.9761507], [9.2003373, 45.9761905], [9.200559, 45.9762581], [9.2005898, 45.9762255], [9.2006823, 45.9762637], [9.2006515, 45.9762991], [9.2012188, 45.976507], [9.2012604, 45.9764641], [9.2013395, 45.9764959], [9.2017087, 45.9766657], [9.20191, 45.9767831], [9.2020895, 45.9768956], [9.2023561, 45.9771637], [9.2024455, 45.9772241], [9.2025586, 45.9772734], [9.2026766, 45.9772874], [9.2028652, 45.9774387], [9.2029218, 45.977447], [9.2029528, 45.9774781], [9.2029498, 45.9775169], [9.203027, 45.9776091], [9.2031183, 45.9776275], [9.2032959, 45.9777878], [9.203155, 45.977873], [9.2033985, 45.9780412], [9.2035731, 45.9781619], [9.2036011, 45.978137], [9.2036824, 45.9781855], [9.2036504, 45.9782191], [9.203799, 45.9783976], [9.2039605, 45.9784859], [9.204266, 45.9786474], [9.2043598, 45.9786877], [9.2046233, 45.9787871], [9.2048582, 45.9788848], [9.2049737, 45.9789812], [9.2051312, 45.9791633], [9.2052249, 45.9792165], [9.2052865, 45.9792148], [9.2053154, 45.9792268], [9.2057458, 45.9795267], [9.2057607, 45.9795369], [9.2057701, 45.9795503], [9.2058017, 45.9795494], [9.2058197, 45.9795656], [9.2058086, 45.9795948], [9.205897, 45.9796526], [9.2060406, 45.9797596], [9.20599, 45.979793], [9.2061257, 45.9799179], [9.2063802, 45.9801473], [9.2063994, 45.9801764], [9.2065504, 45.9802985], [9.2065646, 45.98031], [9.206663, 45.9802896], [9.2068413, 45.9803917], [9.2068493, 45.9803814], [9.2070312, 45.9804113], [9.2070177, 45.980466], [9.2073269, 45.9804725], [9.2073434, 45.9804272], [9.2074056, 45.9804387], [9.2076695, 45.9804877], [9.2076943, 45.9804309], [9.2078955, 45.9804589], [9.2081085, 45.9803515], [9.2083426, 45.9803409], [9.2084912, 45.9803811], [9.2087734, 45.9804585], [9.208906, 45.9804528], [9.2089143, 45.9803868], [9.2091501, 45.9803786], [9.2091524, 45.9804318], [9.2092594, 45.9804511], [9.2092531, 45.9804911], [9.2097299, 45.9804563], [9.2099792, 45.98039], [9.2100007, 45.9804124], [9.2101, 45.9804046], [9.210285, 45.980377], [9.2102752, 45.9803239], [9.2105077, 45.9802945], [9.2107639, 45.9802649], [9.2113021, 45.980379], [9.2117309, 45.9805099], [9.2117108, 45.9806005], [9.2117968, 45.980629], [9.2118254, 45.9805949], [9.211782, 45.9805784], [9.2117968, 45.9805324], [9.2120581, 45.9805394], [9.2122645, 45.9805095], [9.2122636, 45.9804155], [9.2122859, 45.9804147], [9.2122866, 45.9804371], [9.2123107, 45.9804254], [9.2124093, 45.9804096], [9.2125199, 45.9804101], [9.2126058, 45.9804268], [9.2126552, 45.9803781], [9.2127056, 45.9803998], [9.2127706, 45.9804278], [9.2128471, 45.9805149], [9.2128553, 45.9805243], [9.2129437, 45.9805517], [9.2129183, 45.9806123], [9.2129907, 45.980698], [9.2130282, 45.980698], [9.2130577, 45.9807139], [9.2130564, 45.9807381], [9.213039, 45.980753], [9.2131161, 45.9809014], [9.2131741, 45.9809353], [9.2137336, 45.981118], [9.2138587, 45.981142], [9.2138867, 45.9812785], [9.2139618, 45.9813277], [9.2139335, 45.9813532], [9.2141252, 45.981532], [9.2142, 45.9815526], [9.2143009, 45.9816178], [9.2143868, 45.9816961], [9.2144827, 45.9817633], [9.2146362, 45.9818583], [9.2146174, 45.98189], [9.2148025, 45.9820316], [9.2148803, 45.9820335], [9.2149658, 45.9820578], [9.2150251, 45.9821024], [9.2150466, 45.9821472], [9.2151861, 45.9822292], [9.2153416, 45.9822459], [9.2153389, 45.982287], [9.2154307, 45.9823398], [9.2156474, 45.9824429], [9.2158832, 45.9824875], [9.2161188, 45.9824915], [9.2166109, 45.9824868], [9.2166069, 45.9824483], [9.2168624, 45.9824513], [9.2174462, 45.9823487], [9.2178239, 45.9822854], [9.2183717, 45.9821937], [9.2187021, 45.9821079], [9.2190458, 45.981983], [9.219288, 45.981895], [9.2195743, 45.9817889], [9.2196815, 45.9817576], [9.219741, 45.9817294]]]}}, {"type": "Feature", "properties": {"nome": "Lago di Como"}, "geometry": {"type": "Polygon", "coordinates": [[[9.1510505, 45.9559642], [9.151185, 45.9559902], [9.1514493, 45.9561032], [9.1519441, 45.9562831], [9.1520698, 45.9563378], [9.1522024, 45.9563924], [9.1526014, 45.9565572], [9.1533316, 45.956773], [9.1533832, 45.9567534], [9.1534874, 45.9567807], [9.1534804, 45.9568109], [9.153545, 45.9568363], [9.1536379, 45.9567653], [9.1538443, 45.9568201], [9.1541145, 45.956894], [9.1541027, 45.9569116], [9.1538665, 45.9568396], [9.1537811, 45.9569479], [9.1537747, 45.9569753], [9.1538963, 45.9570234], [9.1538875, 45.9570446], [9.1539209, 45.9570518], [9.1541562, 45.9571195], [9.154172, 45.957091], [9.1541911, 45.9570965], [9.1541767, 45.9571255], [9.1545244, 45.957189], [9.1545453, 45.9571406], [9.1545784, 45.9570732], [9.1545161, 45.9570552], [9.1544537, 45.9570372], [9.1543775, 45.9570166], [9.154307, 45.9570134], [9.154246, 45.957023], [9.1542299, 45.9570296], [9.15422, 45.9570418], [9.1542058, 45.9570394], [9.1541935, 45.9570345], [9.1542141, 45.9570177], [9.1542454, 45.9570045], [9.1542781, 45.9570028], [9.154294, 45.9569737], [9.1542429, 45.9569557], [9.1542346, 45.9569614], [9.1542177, 45.9569569], [9.1542143, 45.9569451], [9.1542206, 45.9569338], [9.1542353, 45.956927], [9.1542526, 45.9569294], [9.15427, 45.9569376], [9.154339, 45.9569651], [9.1543265, 45.956998], [9.1543969, 45.9570027], [9.1544746, 45.9570121], [9.1545607, 45.9570417], [9.1546624, 45.9570738], [9.1547193, 45.9570871], [9.154761, 45.9571023], [9.1547758, 45.9571077], [9.1547883, 45.9571122], [9.1549088, 45.9571581], [9.1550294, 45.957209], [9.1552822, 45.9573148], [9.15583, 45.9575435], [9.1559223, 45.9575894], [9.1560727, 45.9576684], [9.1561494, 45.9577154], [9.1566096, 45.9579321], [9.1568442, 45.958028], [9.1569956, 45.958052], [9.1571353, 45.9581257], [9.1572413, 45.9580839], [9.1572772, 45.9581022], [9.1573057, 45.9581195], [9.157221, 45.9581514], [9.1575839, 45.9583237], [9.1575295, 45.9583694], [9.1578375, 45.9584767], [9.1578933, 45.9584756], [9.1583535, 45.9587016], [9.1585921, 45.958769], [9.1587619, 45.9587973], [9.1589521, 45.9588268], [9.1591362, 45.9588574], [9.1594009, 45.9589799], [9.1600688, 45.9593492], [9.160355, 45.9595648], [9.1604569, 45.9596727], [9.1605879, 45.959776], [9.1609997, 45.9599509], [9.1611587, 45.9600383], [9.1613018, 45.960117], [9.16178, 45.9603503], [9.1619497, 45.9604581], [9.1620712, 45.9606379], [9.1625787, 45.9609657], [9.1627349, 45.9610796], [9.1628373, 45.9611543], [9.1632836, 45.9615227], [9.1634339, 45.961599], [9.1635329, 45.9616255], [9.1638282, 45.9617047]]]}}, {"type": "Feature", "properties": {"nome": "Lago di Como"}, "geometry": {"type": "Polygon", "coordinates": [[[9.13469, 45.9480373], [9.1354844, 45.9484082], [9.1356652, 45.9485086], [9.136268, 45.9486197], [9.1363908, 45.9487073], [9.1365965, 45.9487185], [9.136701, 45.9488062], [9.1367676, 45.9488582], [9.1368564, 45.9489031], [9.1369502, 45.9489885], [9.1371025, 45.9491665], [9.1373822, 45.9493188], [9.1376906, 45.9495628], [9.137784, 45.9495994], [9.137954, 45.9497532], [9.138414, 45.9500768], [9.1387082, 45.9501942], [9.1400963, 45.9510666], [9.1401687, 45.951109], [9.1402044, 45.9511298], [9.1406183, 45.9513716], [9.1406547, 45.9514682], [9.1415946, 45.9519978], [9.1417981, 45.9521055], [9.1423051, 45.9522894], [9.1428944, 45.9525542], [9.1436855, 45.9528457], [9.1446516, 45.953362], [9.1451069, 45.9535636], [9.1452808, 45.9536518], [9.145966, 45.9540294], [9.1462487, 45.9541779], [9.1466804, 45.9543658], [9.1471383, 45.9545065], [9.1473917, 45.95462], [9.1474955, 45.9546665], [9.1478374, 45.9548197], [9.1488836, 45.9551523], [9.1490112, 45.9551927], [9.1494033, 45.9552687], [9.14961, 45.9553314], [9.1505223, 45.9557173], [9.1510505, 45.9559642]]]}}, {"type": "Feature", "properties": {"nome": "Lago di Como"}, "geometry": {"type": "Polygon", "coordinates": [[[9.1315929, 45.9471411], [9.1316639, 45.94715], [9.1318107, 45.9471408], [9.1320042, 45.9471586], [9.1328402, 45.9472882], [9.1336311, 45.9475315], [9.13469, 45.9480373]]]}}, {"type": "Feature", "properties": {"nome": "Lago di Como"}, "geometry": {"type": "Polygon", "coordinates": [[[9.1289491, 45.9447994], [9.1291239, 45.9449224], [9.1293034, 45.9450487], [9.1291724, 45.9451246], [9.1290947, 45.9452536], [9.1290925, 45.9454224], [9.1293107, 45.9456343], [9.1295476, 45.9457881], [9.1296122, 45.9457573], [9.1297139, 45.9458185], [9.1296772, 45.9458555], [9.1298467, 45.94598], [9.1302138, 45.9462497], [9.1302653, 45.9462875], [9.1305309, 45.946368], [9.1308675, 45.9465703], [9.1309466, 45.9466243], [9.1310324, 45.9467637], [9.1310906, 45.9468131], [9.1313393, 45.9469704], [9.1314412, 45.9470737], [9.1315462, 45.9471321], [9.1315929, 45.9471411]]]}}, {"type": "Feature", "properties": {"nome": "Lago di Como"}, "geometry": {"type": "Polygon", "coordinates": [[[9.1292116, 45.9445972], [9.1290839, 45.9446895], [9.1289491, 45.9447994]]]}}, {"type": "Feature", "properties": {"nome": "Lago di Como"}, "geometry": {"type": "Polygon", "coordinates": [[[9.1286302, 45.9353836], [9.128614, 45.935648], [9.1285597, 45.9358929], [9.1286031, 45.9360514], [9.1286282, 45.9361772], [9.128646, 45.9361681], [9.1287909, 45.9364851], [9.1287792, 45.9368838], [9.1287138, 45.9371718], [9.1284762, 45.9376536], [9.1284507, 45.9377706], [9.1284737, 45.9379776], [9.1284258, 45.9381802], [9.1282734, 45.9385133], [9.1281849, 45.9385989], [9.1280269, 45.9392966], [9.1280239, 45.9393911], [9.1280435, 45.9394991], [9.1280807, 45.9395666], [9.1281582, 45.9396115], [9.1282407, 45.9397104], [9.1283105, 45.9399173], [9.128295, 45.9401784], [9.1283648, 45.9404328], [9.1284402, 45.9404645], [9.1284814, 45.9406057], [9.1285283, 45.9406506], [9.1285382, 45.9407451], [9.1285191, 45.9408621], [9.1284844, 45.9410059], [9.1284024, 45.9410019], [9.1283326, 45.9411959], [9.1282726, 45.941188], [9.1283257, 45.9413937], [9.1283985, 45.9414453], [9.1284387, 45.9416789], [9.12846, 45.9418027], [9.1284635, 45.9419197], [9.1284235, 45.9420728], [9.1283126, 45.9422439], [9.1282774, 45.9423384], [9.128297, 45.9424689], [9.1283921, 45.9426959], [9.1284389, 45.9426959], [9.1284402, 45.9427823], [9.1284403, 45.9427905], [9.1284407, 45.9428112], [9.128442, 45.9428844], [9.1284001, 45.9428844], [9.1284179, 45.9431438], [9.128473, 45.9432698], [9.1285573, 45.9433036], [9.1288869, 45.9436516], [9.128966, 45.9437217], [9.1289522, 45.9437389], [9.1290283, 45.9437794], [9.1290046, 45.9438035], [9.1288869, 45.9437506], [9.1286675, 45.943941], [9.1286457, 45.9439836], [9.1286319, 45.94402], [9.1286438, 45.944053], [9.1286645, 45.944075], [9.1287145, 45.9441144], [9.1290018, 45.9442692], [9.1292277, 45.9440547], [9.1292201, 45.9440063], [9.1290926, 45.9439114], [9.1290698, 45.9438832], [9.1290857, 45.9438619], [9.1291104, 45.9438592], [9.1292152, 45.9439362], [9.129311, 45.944031], [9.1292903, 45.9442631], [9.1292948, 45.944303], [9.1293034, 45.9443642], [9.1293177, 45.9445381], [9.1292116, 45.9445972]]]}}, {"type": "Feature", "properties": {"nome": "Lago di Como"}, "geometry": {"type": "Polygon", "coordinates": [[[9.1322547, 45.9143839], [9.1324032, 45.9148245], [9.132368, 45.9149011], [9.1319817, 45.9151446], [9.1319093, 45.9152122], [9.1318915, 45.9152764], [9.1320461, 45.9154167], [9.1322696, 45.9155717], [9.1323809, 45.9156955], [9.1323582, 45.916023], [9.1324373, 45.9162601], [9.1324231, 45.9163861], [9.1323879, 45.9165076], [9.1322948, 45.9166832], [9.1322693, 45.9167958], [9.1322862, 45.9171095], [9.1322776, 45.9172721], [9.132307, 45.9175198], [9.1322483, 45.9176085], [9.1324538, 45.9177811], [9.13247, 45.9178216], [9.1324009, 45.9179027], [9.1323707, 45.9181097], [9.1322857, 45.9182943], [9.1323162, 45.9185224], [9.1323206, 45.9187083], [9.1323405, 45.9189558], [9.1320392, 45.9195511], [9.1319667, 45.9196943], [9.1320483, 45.9196885], [9.1319083, 45.9200009], [9.1317074, 45.9204494], [9.1317544, 45.9205855], [9.1317675, 45.92068], [9.1317237, 45.9212516], [9.1315791, 45.9214498], [9.1314664, 45.9215219], [9.1314007, 45.921684], [9.1313465, 45.9219496], [9.1313565, 45.9220846], [9.1314809, 45.9222014], [9.1316411, 45.922638], [9.1315905, 45.9227017], [9.1317021, 45.9230625], [9.1318013, 45.9230781], [9.1318013, 45.9233711], [9.1317844, 45.9234764], [9.1317533, 45.9236192], [9.131626, 45.9236869], [9.1315411, 45.923718], [9.1314698, 45.9237932], [9.1313416, 45.9239791], [9.1312742, 45.9240917], [9.131155, 45.9244169], [9.1310581, 45.9244968], [9.1309321, 45.9245803], [9.1308855, 45.92468], [9.1309023, 45.9247479], [9.1310524, 45.9248785], [9.1311007, 45.9250414], [9.1311722, 45.9252799], [9.1311842, 45.9255634], [9.131135, 45.9258964], [9.1310616, 45.9262195], [9.1311096, 45.9263792], [9.1310916, 45.9265416], [9.130997, 45.926808], [9.1308057, 45.927043], [9.1305456, 45.9273584], [9.1304441, 45.9274011], [9.130349, 45.9276321], [9.1304564, 45.9276573], [9.130412, 45.927951], [9.1303426, 45.9279794], [9.1302451, 45.9280038], [9.1302255, 45.9281015], [9.1301362, 45.9282485], [9.1301142, 45.9284716], [9.1299189, 45.9287413], [9.129792, 45.9291468], [9.1297544, 45.9295475], [9.1296147, 45.929716], [9.1291414, 45.9299628], [9.1287977, 45.9301945], [9.1288423, 45.930259], [9.1287363, 45.9303691], [9.1287595, 45.9304306], [9.1287341, 45.9306331], [9.1286349, 45.9309662], [9.1286303, 45.9310014], [9.1285985, 45.9312453], [9.1285432, 45.9314017], [9.1285023, 45.9314974], [9.1285061, 45.9318105], [9.1284359, 45.9318126], [9.1283945, 45.9319422], [9.1284906, 45.9319924], [9.1286414, 45.9322856], [9.1285161, 45.9324776], [9.1285565, 45.9326269], [9.1286169, 45.9329193], [9.1287048, 45.9334098], [9.1286013, 45.9334158], [9.1285467, 45.9338317], [9.1284688, 45.9340825], [9.1284137, 45.9350076], [9.1284707, 45.935237], [9.1285643, 45.9352729], [9.128624, 45.9353269], [9.1286302, 45.9353836]]]}}, {"type": "Feature", "properties": {"nome": "Lago di Como"}, "geometry": {"type": "Polygon", "coordinates": [[[9.1329368, 45.9052586], [9.1328, 45.9054457], [9.1325975, 45.905671], [9.1324686, 45.9057161], [9.132348, 45.9058153], [9.1321127, 45.9057503], [9.1320863, 45.9057773], [9.1320708, 45.9058066], [9.132313, 45.9059293], [9.1322627, 45.906016], [9.1321373, 45.9059792], [9.1321199, 45.9060473], [9.132137, 45.9061419], [9.1321339, 45.9062885], [9.1321221, 45.9064332], [9.1318047, 45.9069303], [9.1315964, 45.9071028], [9.1315985, 45.9071731], [9.1316995, 45.9071639], [9.131659, 45.9074947], [9.1316447, 45.9075415], [9.1314533, 45.9081699], [9.1313164, 45.9087402], [9.1312577, 45.9088722], [9.1311926, 45.9091156], [9.1311427, 45.9091901], [9.1312521, 45.9094477], [9.131215, 45.9095068], [9.1311933, 45.9095788], [9.1312149, 45.9097709], [9.1312873, 45.9098518], [9.1314199, 45.9099044], [9.1315448, 45.9099612], [9.1315736, 45.9099745], [9.1316273, 45.9100638], [9.1317004, 45.9103056], [9.131779, 45.9105252], [9.1317104, 45.910696], [9.1316764, 45.9108143], [9.1316696, 45.9108382], [9.1316602, 45.9108484], [9.1315814, 45.9108533], [9.1315111, 45.9108775], [9.1315248, 45.9109497], [9.1315669, 45.9109877], [9.1316085, 45.9110001], [9.1317016, 45.9109804], [9.1317996, 45.9110746], [9.1318519, 45.9111605], [9.1318508, 45.9112429], [9.1318113, 45.9113149], [9.1316552, 45.911473], [9.1315582, 45.9115746], [9.1315513, 45.911649], [9.13155, 45.9116626], [9.1315819, 45.9117334], [9.1316701, 45.9117272], [9.131758, 45.912027], [9.1318172, 45.9120222], [9.1318819, 45.9121308], [9.132003, 45.9121289], [9.1320443, 45.9122597], [9.1319954, 45.9123574], [9.1318866, 45.9124176], [9.1318802, 45.9124536], [9.1319626, 45.9125075], [9.1318694, 45.9125876], [9.1318005, 45.9127957], [9.1317523, 45.9131009], [9.1317434, 45.9132098], [9.131833, 45.9131771], [9.1318452, 45.9133132], [9.1318279, 45.9134797], [9.1317684, 45.9135563], [9.1317959, 45.9136476], [9.1319408, 45.9137869], [9.1320019, 45.9138989], [9.1319675, 45.9139536], [9.1322547, 45.9143839]]]}}, {"type": "Feature", "properties": {"nome": "Lago di Como"}, "geometry": {"type": "Polygon", "coordinates": [[[9.133269, 45.9048066], [9.1331809, 45.90491], [9.1331325, 45.9049908], [9.1329368, 45.9052586]]]}}, {"type": "Feature", "properties": {"nome": "Lago di Como"}, "geometry": {"type": "Polygon", "coordinates": [[[9.1382845, 45.8984939], [9.1382363, 45.8985222], [9.1378939, 45.8987148], [9.1376281, 45.8988965], [9.1376379, 45.898946], [9.1373982, 45.8991083], [9.1373758, 45.8991533], [9.1374044, 45.8992457], [9.1374177, 45.8994406], [9.1374861, 45.8995149], [9.1374655, 45.8995807], [9.137388, 45.899682], [9.1371521, 45.8997581], [9.1372176, 45.8998341], [9.1368193, 45.900661], [9.1366333, 45.9008536], [9.1365047, 45.9009948], [9.1363324, 45.9012195], [9.1363609, 45.9012319], [9.1362246, 45.901398], [9.1358582, 45.9018392], [9.1358893, 45.9018844], [9.1354194, 45.9023779], [9.1353759, 45.9024094], [9.135334, 45.902414], [9.1352922, 45.9024545], [9.1352455, 45.9024726], [9.1351875, 45.9024681], [9.1351303, 45.9026424], [9.1350509, 45.9026834], [9.1350319, 45.9027609], [9.13499, 45.9027609], [9.1348996, 45.9026985], [9.1347557, 45.9028512], [9.1348863, 45.9029187], [9.1346712, 45.9030919], [9.134589, 45.9030387], [9.1344501, 45.9031587], [9.1344196, 45.9032555], [9.1344118, 45.903516], [9.1344099, 45.9036261], [9.1343167, 45.9037325], [9.1341565, 45.9039445], [9.1339686, 45.9041932], [9.1338996, 45.9043418], [9.1335651, 45.9046257], [9.1333406, 45.9048537], [9.133269, 45.9048066]]]}}, {"type": "Feature", "properties": {"nome": "Lago di Como"}, "geometry": {"type": "Polygon", "coordinates": [[[9.1406101, 45.8962672], [9.1405825, 45.896304], [9.1400568, 45.8964866], [9.1401929, 45.8965549], [9.1395219, 45.897089], [9.1393749, 45.8971009], [9.1391259, 45.8973937], [9.1389657, 45.8976438], [9.1388708, 45.8977474], [9.1386745, 45.8978511], [9.13852, 45.8979008], [9.1384541, 45.8979639], [9.1383207, 45.8981081], [9.1383077, 45.8981314], [9.1384322, 45.8981335], [9.1383872, 45.8982933], [9.1383424, 45.8984646], [9.1382845, 45.8984939]]]}}, {"type": "Feature", "properties": {"nome": "Lago di Como"}, "geometry": {"type": "Polygon", "coordinates": [[[9.0911881, 45.8531812], [9.091282, 45.8531771], [9.0914621, 45.8532598], [9.0918481, 45.8533525], [9.0919666, 45.8535976], [9.0920365, 45.8537659], [9.0918129, 45.8538395], [9.0918178, 45.8538678], [9.0918343, 45.8538988], [9.0919246, 45.8538822], [9.0919605, 45.8539889], [9.0918649, 45.8540041], [9.0919008, 45.8540779], [9.0920006, 45.8540581], [9.0919958, 45.8541096], [9.092026, 45.8541998], [9.0923396, 45.85454], [9.0926205, 45.8549087], [9.0927351, 45.8550298], [9.0927424, 45.8550522], [9.0927659, 45.8552579], [9.0927474, 45.8552809], [9.0926717, 45.8553125], [9.0926617, 45.8553772], [9.0926572, 45.8554385], [9.0926662, 45.8554685], [9.0927256, 45.8554709], [9.0927248, 45.8555334], [9.0927688, 45.8555959], [9.0928991, 45.8557151], [9.0930961, 45.8559179], [9.0931486, 45.8559076], [9.0934953, 45.8560531], [9.0936767, 45.8561479], [9.0936692, 45.8561654], [9.093826, 45.8562448], [9.093988, 45.8563778], [9.0940185, 45.8563574], [9.0941701, 45.8564455], [9.0941559, 45.856476], [9.094407, 45.8569024], [9.0943537, 45.8569136], [9.0944191, 45.8571094], [9.0944226, 45.8571884], [9.0944456, 45.857256], [9.0944216, 45.8572603], [9.0944013, 45.8572638], [9.0944235, 45.8573288], [9.0944411, 45.8573252], [9.0944701, 45.8573357], [9.0944951, 45.8573916], [9.0945244, 45.8574485], [9.0944919, 45.8574567], [9.0945568, 45.8575423], [9.0944743, 45.857578], [9.0945058, 45.8575939], [9.0945759, 45.857598], [9.094631, 45.857573], [9.0954124, 45.8580779], [9.0960079, 45.8584398], [9.0961981, 45.8585821], [9.0963092, 45.8587344], [9.0963651, 45.8587054], [9.0963891, 45.8587283], [9.0964012, 45.8587221], [9.0964411, 45.85876], [9.0964292, 45.858766], [9.0964566, 45.8587921], [9.0964, 45.8588216], [9.0964848, 45.8588683], [9.0964908, 45.8588629], [9.0965056, 45.8588506], [9.0965266, 45.8588347], [9.0965789, 45.8588733], [9.0966851, 45.8589402], [9.0967536, 45.8589813], [9.0968123, 45.8589756], [9.0968491, 45.8589984], [9.0968419, 45.8590043], [9.0969907, 45.859101], [9.0970217, 45.8591115], [9.0972832, 45.8591869], [9.0972336, 45.8592672], [9.0974744, 45.8592682], [9.0975006, 45.8592177], [9.0977644, 45.8592194], [9.0980288, 45.8592025], [9.0980192, 45.8591145], [9.0981121, 45.8590969], [9.0982049, 45.8590934], [9.0982952, 45.8591075], [9.098361, 45.8591184], [9.0983621, 45.8590861], [9.0985174, 45.8590649], [9.0985261, 45.8590423], [9.0985677, 45.8590332], [9.0986699, 45.8590332], [9.0987021, 45.859023], [9.0987496, 45.8590216], [9.0987603, 45.8590381], [9.0989314, 45.8590506], [9.0991437, 45.8590899], [9.0991501, 45.8590762], [9.0992237, 45.8590911], [9.0993972, 45.8591375], [9.0993697, 45.8592214], [9.099529, 45.8592697], [9.099593, 45.8592883], [9.0996486, 45.8593065], [9.0997915, 45.8593863], [9.099959, 45.8594804], [9.0999855, 45.859476], [9.1001293, 45.8594673], [9.1002008, 45.8595417], [9.1001823, 45.8595733], [9.1005845, 45.8596613], [9.1006622, 45.8596825], [9.1007747, 45.8596734], [9.1008155, 45.8595845], [9.1008734, 45.8595671], [9.1009438, 45.8595573], [9.1010126, 45.8595551], [9.1010884, 45.8595577], [9.1011597, 45.8595684], [9.1012484, 45.8596072], [9.1012856, 45.8595687], [9.1013059, 45.8595839], [9.1013854, 45.8596051], [9.1014509, 45.8596168], [9.1015673, 45.8596746], [9.1015744, 45.8597044], [9.1019322, 45.8598916], [9.1020664, 45.8599917], [9.1021093, 45.8600346], [9.1021533, 45.8600142], [9.1021759, 45.8600358], [9.1021864, 45.8600482], [9.1021943, 45.8600586], [9.1022152, 45.8600807], [9.1021586, 45.8601069], [9.1021763, 45.8601567], [9.1021755, 45.8602137], [9.1021555, 45.8602605], [9.1021222, 45.860287], [9.1021448, 45.860321], [9.1021851, 45.860306], [9.1022446, 45.8603905], [9.1022862, 45.8604087], [9.1023504, 45.860489], [9.1023694, 45.8604832], [9.1022304, 45.8603085], [9.102253, 45.8602994], [9.1024746, 45.8605789], [9.1024328, 45.8605911], [9.1024002, 45.8606443], [9.1023815, 45.8606635], [9.1023731, 45.8606806], [9.1023853, 45.8607152], [9.1024842, 45.8606802], [9.1025028, 45.8606986], [9.1025715, 45.8606768], [9.1026998, 45.8608548], [9.1027216, 45.8609037], [9.1026018, 45.8609377], [9.1026008, 45.860953], [9.1025728, 45.8609636], [9.1025556, 45.8609539], [9.1024998, 45.8609734], [9.1024817, 45.8610038], [9.102588, 45.8611369], [9.1026057, 45.8611308], [9.1026336, 45.8611648], [9.1026511, 45.8611582], [9.1026753, 45.8611892], [9.1026652, 45.8611932], [9.1027239, 45.8612697], [9.1027497, 45.8613215], [9.1027822, 45.8613312], [9.1029218, 45.8612849], [9.1029689, 45.8613298], [9.1030729, 45.8614811], [9.1030942, 45.8615042], [9.1031384, 45.8614827], [9.1033083, 45.8615607], [9.1033974, 45.861612], [9.1037525, 45.8617363], [9.1038764, 45.861757], [9.1040682, 45.8617843], [9.1041342, 45.8617916], [9.1041294, 45.861804], [9.1042388, 45.861809], [9.1045108, 45.8618122], [9.1045715, 45.8618313], [9.104581, 45.8618454], [9.1046737, 45.8618495], [9.1046737, 45.8618115], [9.1048282, 45.8617991], [9.1051783, 45.8618458], [9.1051754, 45.8618563], [9.1052072, 45.8618612], [9.105261, 45.861869], [9.1052679, 45.8618512], [9.1053262, 45.8618653], [9.1053226, 45.861876], [9.1053844, 45.8618868], [9.1055909, 45.862035], [9.1055783, 45.8620914], [9.1056408, 45.8621484], [9.1056684, 45.8621309], [9.1057457, 45.8621988], [9.1057696, 45.8622646], [9.1058461, 45.8622389], [9.1059292, 45.8623463], [9.1059299, 45.8623792], [9.1060131, 45.8624636], [9.1060891, 45.8624934], [9.106264, 45.8626258], [9.1063185, 45.8627094], [9.1062959, 45.8627243], [9.1064291, 45.86296], [9.1063731, 45.8629775], [9.1063826, 45.8631182], [9.1064259, 45.8632289], [9.1063636, 45.8632481], [9.1063767, 45.8632829], [9.1064326, 45.8632589], [9.1064433, 45.8632705], [9.1063755, 45.8633028], [9.1064016, 45.863365], [9.1064487, 45.8633416], [9.1064603, 45.8633531], [9.1065134, 45.8633152], [9.1068836, 45.8636841], [9.1068984, 45.8636843], [9.1069918, 45.8637933], [9.1069864, 45.8637985], [9.1070137, 45.8638349], [9.1070291, 45.8639193], [9.1073408, 45.8642607], [9.1074799, 45.8643321], [9.1075776, 45.8643985], [9.1075935, 45.8643912], [9.1076554, 45.8644332], [9.1079507, 45.8646211], [9.1079644, 45.8646128], [9.1083736, 45.8648991], [9.1083545, 45.8649241], [9.1090946, 45.8652657], [9.109348, 45.8653762], [9.1094329, 45.8654285], [9.1095712, 45.8654661], [9.1102358, 45.8657104], [9.1106552, 45.865983], [9.1106122, 45.8659956], [9.1104548, 45.8659006], [9.1103451, 45.8659624], [9.1105283, 45.8660401], [9.1107344, 45.8660846], [9.1107439, 45.8660687], [9.1106869, 45.866022], [9.1107038, 45.8660109], [9.1107945, 45.8660693], [9.1110182, 45.8661018], [9.1111589, 45.8661703], [9.1112362, 45.8660767], [9.1112706, 45.8660906], [9.1111847, 45.8661923], [9.1113175, 45.8662561], [9.1113475, 45.8662414], [9.111767, 45.8665981], [9.1118835, 45.8665472], [9.1120184, 45.8666643], [9.1120036, 45.8666795], [9.1121044, 45.8668791], [9.1121892, 45.8669477], [9.1122468, 45.8669218], [9.1125107, 45.8670268], [9.1125327, 45.8670155], [9.1126276, 45.8670691], [9.1126045, 45.8671048], [9.1127583, 45.867194], [9.1129303, 45.8672561], [9.1131482, 45.8672945], [9.1133407, 45.8673108], [9.1137966, 45.8673386], [9.1140593, 45.8674283], [9.1141661, 45.8674687], [9.1141282, 45.8675053], [9.1140664, 45.8674854], [9.1140239, 45.8675715], [9.1141467, 45.8676043], [9.1142223, 45.8674906], [9.1144054, 45.8675979], [9.1145499, 45.8676445], [9.1147015, 45.8676956], [9.1148855, 45.8677301], [9.1151286, 45.8677706], [9.1152626, 45.8678369], [9.1153733, 45.8679295], [9.1154487, 45.8680005], [9.1155387, 45.8680404], [9.1157255, 45.8680576], [9.1159599, 45.8680499], [9.1159963, 45.868061], [9.1159977, 45.8681889], [9.1160998, 45.8682057], [9.1161446, 45.868121], [9.1162732, 45.8681092], [9.1163839, 45.8680906], [9.1164205, 45.8681017], [9.1163969, 45.8681214], [9.1166655, 45.8682489], [9.1167214, 45.8681898], [9.1167474, 45.8681952], [9.1167223, 45.8682281], [9.116748, 45.8682386], [9.1169065, 45.8683125], [9.116979, 45.8683044], [9.1170487, 45.8682935], [9.1171026, 45.8683171], [9.1171244, 45.8682868], [9.1171797, 45.8682848], [9.1172413, 45.868296], [9.1173626, 45.8683653], [9.1174789, 45.868468], [9.1174874, 45.8685208], [9.1174229, 45.868567], [9.1175218, 45.8686207], [9.1175821, 45.8685732], [9.1176483, 45.8686179], [9.1176098, 45.8686503], [9.117673, 45.8686847], [9.1177273, 45.8687764], [9.117589, 45.8689296], [9.1177699, 45.8690143], [9.117847, 45.8689867], [9.1178345, 45.8689291], [9.1177527, 45.8688279], [9.1177768, 45.8688187], [9.1178701, 45.8689244], [9.1180144, 45.8689471], [9.1181328, 45.8689331], [9.1184384, 45.8690188], [9.1187075, 45.8690992], [9.1189703, 45.8692098], [9.1190137, 45.8691737], [9.1190533, 45.8691947], [9.1190679, 45.8692024], [9.1190906, 45.8692098], [9.1192148, 45.8692505], [9.1198172, 45.8694921], [9.1198548, 45.8695272], [9.1198688, 45.8695619], [9.1200832, 45.869667], [9.120182, 45.8696504], [9.1203303, 45.869716], [9.1203582, 45.8697897], [9.1206636, 45.8699257], [9.1208302, 45.8701316], [9.120967, 45.8702004], [9.1210549, 45.8702004], [9.121128, 45.8702665], [9.1212181, 45.8703078], [9.1212497, 45.8703126], [9.1212596, 45.8703257], [9.1217667, 45.8703608], [9.1220969, 45.8703829], [9.1225739, 45.8705309], [9.1229925, 45.8706995], [9.1234299, 45.8709079], [9.1236768, 45.8709028], [9.1240832, 45.8710611], [9.1241011, 45.8711925], [9.1243243, 45.8712952], [9.1244845, 45.8713065], [9.1253726, 45.871806], [9.1263564, 45.8722313], [9.1271128, 45.8726246], [9.1269045, 45.872783], [9.1270905, 45.872885], [9.1271274, 45.8728516], [9.1271765, 45.8728084], [9.1271913, 45.8727954], [9.1275509, 45.8730236], [9.1277132, 45.8731397], [9.1277387, 45.8731533], [9.127993, 45.8732852], [9.1281677, 45.8734079], [9.1283358, 45.8734981], [9.1284915, 45.8735713], [9.1288805, 45.8737507], [9.1290663, 45.8738533], [9.1292908, 45.8739531], [9.1297376, 45.8741272], [9.1298621, 45.8741389], [9.1301983, 45.8742332], [9.1303159, 45.8742979], [9.1304009, 45.8744087], [9.130472, 45.8743812], [9.1306008, 45.8744752], [9.1305791, 45.8744839], [9.1307696, 45.8746365], [9.1310168, 45.8748161], [9.1309835, 45.8748531], [9.1315431, 45.8751324], [9.131975, 45.8753528], [9.1319444, 45.8753951], [9.1321629, 45.8754864], [9.1322087, 45.875452], [9.1323444, 45.8755169], [9.1323037, 45.8755669], [9.1323468, 45.8755872], [9.132381, 45.8755565], [9.1324366, 45.8755858], [9.1325044, 45.8755206], [9.1325465, 45.8755357], [9.1325858, 45.8754989], [9.1325235, 45.8754706], [9.1325566, 45.8754335], [9.1327099, 45.8755074], [9.1326774, 45.87554], [9.1326438, 45.8755225], [9.1326038, 45.8755612], [9.132914, 45.8757635], [9.1329384, 45.8757424], [9.1330042, 45.8757794], [9.1329932, 45.8757895], [9.1331459, 45.8758772], [9.1331787, 45.8758564], [9.1332021, 45.875878], [9.1333536, 45.8760014], [9.1334552, 45.8760774], [9.1334981, 45.8761307], [9.1334708, 45.8761396], [9.1335684, 45.8763376], [9.1336717, 45.8764185], [9.133799, 45.8764814], [9.1339264, 45.8765217], [9.1340474, 45.8765891], [9.134291, 45.8767823], [9.1346862, 45.8770203], [9.1348735, 45.8771821], [9.1350502, 45.8771948], [9.1351392, 45.877223], [9.135153, 45.8772774], [9.1353233, 45.877384], [9.1357175, 45.8775086], [9.1358102, 45.8775724], [9.135932, 45.8776222], [9.1361188, 45.8776573], [9.1365628, 45.8777065], [9.1366837, 45.8777513], [9.1367397, 45.877786], [9.1367654, 45.8778355], [9.1371163, 45.8780558], [9.1380341, 45.8786062], [9.1379605, 45.8786566], [9.1381096, 45.8787658], [9.1382322, 45.8787246], [9.1383311, 45.8788231], [9.1384111, 45.8789241], [9.1386644, 45.8796868], [9.1387076, 45.8797238], [9.1387294, 45.8798234], [9.1389425, 45.8799493], [9.1388933, 45.8800967], [9.1387657, 45.8800888], [9.1385128, 45.8800757], [9.1384447, 45.8800859], [9.1384469, 45.8801429], [9.1384489, 45.8801948], [9.1386162, 45.8802494], [9.1388063, 45.8803114], [9.1389156, 45.8802335], [9.1389682, 45.8801611], [9.1389992, 45.8801611], [9.1389479, 45.8802457], [9.1388284, 45.8803445], [9.1386017, 45.8802817], [9.1385438, 45.880362], [9.1385675, 45.8803688], [9.1385201, 45.8804524], [9.1385107, 45.8804496], [9.138465, 45.8805211], [9.138401, 45.8805029], [9.1384014, 45.8805523], [9.1382353, 45.8805823], [9.1382432, 45.8806093], [9.1382593, 45.8806102], [9.1382848, 45.8806513], [9.1383867, 45.880628], [9.1384578, 45.8807661], [9.1383746, 45.8808044], [9.1386049, 45.8809522], [9.1386674, 45.8809714], [9.138807, 45.8810144], [9.1388634, 45.8809696], [9.1390337, 45.8810525], [9.1389835, 45.8811069], [9.1389855, 45.881126], [9.1390056, 45.8811387], [9.1390371, 45.8811587], [9.1391042, 45.8811106], [9.1391572, 45.8810994], [9.1393407, 45.8812301], [9.1395885, 45.8815392], [9.1394521, 45.881593], [9.1395523, 45.8817304], [9.1394879, 45.8817586], [9.1394832, 45.8818678], [9.1395044, 45.8820821], [9.1394724, 45.8820887], [9.1394902, 45.8821805], [9.1395568, 45.8821557], [9.1396342, 45.8822685], [9.1396145, 45.8822742], [9.1396515, 45.8823252], [9.1396387, 45.8823301], [9.1399914, 45.8828242], [9.1400316, 45.8828428], [9.1400524, 45.8828812], [9.1400732, 45.8829197], [9.140028, 45.8829313], [9.1400969, 45.8830239], [9.1401165, 45.8830719], [9.1401471, 45.8830663], [9.140154, 45.8830819], [9.1401723, 45.8830819], [9.1401948, 45.8831418], [9.1400459, 45.8831793], [9.1400684, 45.883233], [9.1401059, 45.8832965], [9.1401668, 45.8833279], [9.1401886, 45.8833245], [9.1403095, 45.8834098], [9.1406097, 45.8836705], [9.1411327, 45.884159], [9.1412895, 45.8842504], [9.1413239, 45.8842592], [9.1413895, 45.8843106], [9.1414643, 45.8843571], [9.1414826, 45.8843957], [9.1415329, 45.8844474], [9.1413596, 45.8844721], [9.1413682, 45.884491], [9.1414881, 45.8846179], [9.1415592, 45.884683], [9.1415395, 45.8847026], [9.1417107, 45.8848756], [9.1417363, 45.8848658], [9.1419621, 45.8850826], [9.1419752, 45.885076], [9.1421107, 45.8852389], [9.1421774, 45.8852258], [9.1423217, 45.8856867], [9.1423081, 45.8857972], [9.1422587, 45.8858006], [9.142252, 45.8860996], [9.142165, 45.886101], [9.1421881, 45.8861813], [9.1422783, 45.8861782], [9.1423341, 45.8864195], [9.1425817, 45.8867717], [9.1425624, 45.8867815], [9.1425658, 45.8868082], [9.1425974, 45.8868656], [9.1428388, 45.8872924], [9.1429939, 45.8876202], [9.142922, 45.8878401], [9.1429418, 45.8879725], [9.1429904, 45.8880759], [9.143111, 45.8882435], [9.1432128, 45.8882324], [9.1432198, 45.8882724], [9.1432158, 45.8883157], [9.1432109, 45.8883811], [9.1432306, 45.8884485], [9.1432435, 45.8884451], [9.1433137, 45.888626], [9.1432751, 45.8886315], [9.1433279, 45.8889975], [9.1433493, 45.8891442], [9.1434046, 45.8891387], [9.1434333, 45.8892481], [9.1433562, 45.8892605], [9.1434343, 45.8894304], [9.1435449, 45.8895254], [9.1436662, 45.8896875], [9.1437408, 45.8897872], [9.1437872, 45.8897724], [9.1438287, 45.8897972], [9.1438791, 45.8898667], [9.1438811, 45.8899272], [9.143717, 45.889994], [9.1439691, 45.8902678], [9.1441194, 45.8902128], [9.1443428, 45.8905114], [9.1442538, 45.8905479], [9.1442963, 45.8905912], [9.1443616, 45.8906229], [9.1444733, 45.8908107], [9.144491, 45.8910226], [9.1445462, 45.8910205], [9.1445221, 45.891231], [9.1445296, 45.8914218], [9.1445765, 45.8915301], [9.1446028, 45.8915772], [9.1446117, 45.891602], [9.1446344, 45.8916419], [9.144668, 45.8916619], [9.1447516, 45.8917572], [9.1448866, 45.8919113], [9.1448776, 45.8919364], [9.1449468, 45.8920369], [9.1449399, 45.8920623], [9.1449597, 45.8921724], [9.1449616, 45.8922302], [9.1449873, 45.8923086], [9.1450179, 45.8923417], [9.1450831, 45.8923351], [9.1450955, 45.8923655], [9.1450864, 45.892425], [9.1450478, 45.89247], [9.1449754, 45.8925106], [9.1449129, 45.8926367], [9.144831, 45.8927403], [9.1447264, 45.8927944], [9.1444093, 45.8928893], [9.1442226, 45.8929706], [9.1440111, 45.8932961], [9.1439032, 45.8934345], [9.1438453, 45.8934931], [9.1437632, 45.8935112], [9.1437004, 45.8935517], [9.1437037, 45.8935787], [9.1437925, 45.8936326], [9.1438087, 45.8936596], [9.1435412, 45.89429], [9.1433048, 45.8944478], [9.1429646, 45.8947335], [9.1428358, 45.8946755], [9.1427204, 45.8947723], [9.1428016, 45.8947932], [9.1427782, 45.8949165], [9.1425333, 45.894888], [9.1424201, 45.8949849], [9.142544, 45.895008], [9.1424658, 45.8951697], [9.1423502, 45.8953669], [9.1421378, 45.8955383], [9.1418338, 45.8957501], [9.1415311, 45.8958912], [9.1411434, 45.896084], [9.1409117, 45.8961878], [9.1408748, 45.8962599], [9.1407959, 45.8962915], [9.140744, 45.8963169], [9.1406544, 45.8963299], [9.1406101, 45.8962672]]]}}, {"type": "Feature", "properties": {"nome": "Lago di Como"}, "geometry": {"type": "Polygon", "coordinates": [[[9.088602, 45.8458965], [9.0886509, 45.845879], [9.089297, 45.8460217], [9.0893035, 45.8461303], [9.0895282, 45.8464984], [9.0895876, 45.8467692], [9.0898894, 45.8471965], [9.0899491, 45.8473269], [9.0900495, 45.8476689], [9.0900614, 45.8480379], [9.090023, 45.8482134], [9.0900251, 45.8482779], [9.090046, 45.8483513], [9.0899284, 45.8488539], [9.0898747, 45.8491046], [9.0898669, 45.8492306], [9.0899835, 45.849685], [9.0902157, 45.850361], [9.0900661, 45.8506936], [9.0900849, 45.8511726], [9.0901299, 45.8515098], [9.0902228, 45.8523844], [9.0903036, 45.8524275], [9.0903114, 45.8524854], [9.0902827, 45.8525392], [9.0906199, 45.8528929], [9.0907313, 45.8530057], [9.0908008, 45.8529362], [9.090957, 45.8530118], [9.0908874, 45.853082], [9.0911881, 45.8531812]]]}}, {"type": "Feature", "properties": {"nome": "Lago di Como"}, "geometry": {"type": "Polygon", "coordinates": [[[9.0858578, 45.8458991], [9.0859593, 45.8458629], [9.0864266, 45.8457209], [9.0865881, 45.8456809], [9.0865871, 45.8456437], [9.0867997, 45.8455817], [9.0868422, 45.8455604], [9.0870992, 45.8454681], [9.0874739, 45.8455783], [9.087553, 45.8455962], [9.0875886, 45.8455542], [9.0876429, 45.8455624], [9.087639, 45.8456024], [9.0877734, 45.845621], [9.0878268, 45.8456368], [9.0878703, 45.8456581], [9.0880057, 45.8457181], [9.0879968, 45.8457518], [9.0885314, 45.845892], [9.088602, 45.8458965]]]}}, {"type": "Feature", "properties": {"nome": "Lago di Como"}, "geometry": {"type": "Polygon", "coordinates": [[[9.0816562, 45.8462826], [9.0818377, 45.846289], [9.0822422, 45.8463302], [9.0825014, 45.8463675], [9.0830213, 45.8464093], [9.0837185, 45.8464087], [9.0842875, 45.846393], [9.0844655, 45.8463546], [9.0848539, 45.8462551], [9.0852241, 45.8462099], [9.0853416, 45.8461828], [9.0855121, 45.8460972], [9.0856649, 45.8459846], [9.0857823, 45.845926], [9.0858578, 45.8458991]]]}}, {"type": "Feature", "properties": {"nome": "Lago di Como"}, "geometry": {"type": "Polygon", "coordinates": [[[9.0742551, 45.8330947], [9.0743018, 45.8331217], [9.0745514, 45.83327], [9.0748613, 45.8333317], [9.0751149, 45.8333821], [9.0756751, 45.8334357], [9.0761467, 45.8335119], [9.0762482, 45.8335524], [9.0762404, 45.8336755], [9.0756416, 45.833963], [9.0756927, 45.8340349], [9.0757197, 45.8340729], [9.0757951, 45.8341729], [9.0762041, 45.8343188], [9.0760681, 45.8344666], [9.0759778, 45.8347676], [9.0759458, 45.8349071], [9.0759396, 45.8350511], [9.0759768, 45.8351951], [9.0760687, 45.8352806], [9.0759399, 45.8353032], [9.075882, 45.8353212], [9.0758595, 45.8353437], [9.0758322, 45.8354067], [9.075818, 45.8355868], [9.0758504, 45.8357127], [9.0759228, 45.8357577], [9.0759921, 45.8357666], [9.0761256, 45.8357486], [9.0762897, 45.8356854], [9.0763944, 45.8357214], [9.0765943, 45.8359553], [9.0766475, 45.8360497], [9.0767236, 45.8363377], [9.0768251, 45.8363961], [9.0770908, 45.8364904], [9.0771454, 45.8363983], [9.0771513, 45.8363883], [9.0772602, 45.8364104], [9.0773452, 45.8364823], [9.0772484, 45.8366014], [9.0776892, 45.8371377], [9.0778101, 45.8371726], [9.0778696, 45.8372395], [9.0779025, 45.8375544], [9.0779447, 45.8378812], [9.07796, 45.8379904], [9.0779205, 45.8379924], [9.0779157, 45.8379473], [9.077903, 45.8379073], [9.0778471, 45.8378945], [9.0777928, 45.8379118], [9.0777774, 45.8379498], [9.0777788, 45.8380436], [9.0778016, 45.8381542], [9.0778327, 45.8381754], [9.077879, 45.8381815], [9.0779269, 45.838172], [9.0779447, 45.8381488], [9.0779368, 45.8380711], [9.0779694, 45.8380678], [9.0779825, 45.8381604], [9.0781055, 45.8381998], [9.0782561, 45.8383093], [9.0783006, 45.8383016], [9.0783455, 45.8382672], [9.0784004, 45.8382771], [9.0784469, 45.8383166], [9.0784437, 45.8383675], [9.0785197, 45.8385236], [9.0785802, 45.8386115], [9.0783641, 45.8387661], [9.0783791, 45.8387878], [9.0784208, 45.8388393], [9.0786233, 45.8387194], [9.078693, 45.8386993], [9.0787365, 45.8387228], [9.0787496, 45.8387758], [9.0787137, 45.838822], [9.0786313, 45.83896], [9.0786636, 45.8389909], [9.078681, 45.8390136], [9.0786934, 45.8390297], [9.078706, 45.8390461], [9.0787267, 45.8390731], [9.0787295, 45.8390818], [9.0787104, 45.8391275], [9.0786939, 45.8391648], [9.0786763, 45.8391989], [9.0781757, 45.8399071], [9.0781154, 45.8399223], [9.078055, 45.8400703], [9.0780154, 45.8402238], [9.0780243, 45.8402537], [9.0780303, 45.8402733], [9.0780387, 45.8403657], [9.0781079, 45.8404584], [9.0780423, 45.8405121], [9.0780234, 45.8405444], [9.078019, 45.8405983], [9.0780586, 45.8406882], [9.0781378, 45.8407535], [9.078285, 45.8407023], [9.0783248, 45.8406884], [9.0784183, 45.8408817], [9.0784581, 45.8409851], [9.0783318, 45.8410122], [9.0783535, 45.8412761], [9.0783133, 45.8412873], [9.0783133, 45.8413312], [9.0783913, 45.8413247], [9.0783693, 45.8416715], [9.0783139, 45.841755], [9.0783905, 45.8417448], [9.0784503, 45.8419053], [9.0785344, 45.8420634], [9.0785557, 45.8420951], [9.0786799, 45.842485], [9.0787091, 45.8424797], [9.0787483, 45.84267], [9.0786953, 45.8426832], [9.0787435, 45.8429069], [9.0786885, 45.8429967], [9.0786242, 45.8430507], [9.0786252, 45.843208], [9.0786513, 45.843377], [9.0786741, 45.8434825], [9.0787799, 45.8435472], [9.078887, 45.8435756], [9.0789683, 45.8436279], [9.0791085, 45.8436345], [9.0792501, 45.8437236], [9.0792819, 45.843795], [9.0792532, 45.84387], [9.0793847, 45.8439678], [9.0795118, 45.8440997], [9.0794969, 45.8443327], [9.0802386, 45.8450052], [9.0804946, 45.8451039], [9.0805405, 45.8450907], [9.0805861, 45.8451298], [9.0805923, 45.8451803], [9.0805566, 45.8452039], [9.0805649, 45.8452509], [9.0806181, 45.8452458], [9.0806101, 45.845208], [9.0808032, 45.8451883], [9.0807986, 45.84517], [9.0810779, 45.8451402], [9.0811152, 45.8453066], [9.0810886, 45.8453102], [9.0810953, 45.8453423], [9.080648, 45.845388], [9.0806406, 45.8453528], [9.0805815, 45.8453595], [9.0805953, 45.845429], [9.0806223, 45.8454823], [9.0806484, 45.8454792], [9.0807336, 45.8455842], [9.0807458, 45.8455806], [9.0807758, 45.8455876], [9.0807884, 45.8456091], [9.0807775, 45.8456206], [9.0808066, 45.8456477], [9.0808232, 45.8456451], [9.0808976, 45.8457234], [9.0808908, 45.8457294], [9.0808661, 45.8457442], [9.0808391, 45.8458245], [9.0808438, 45.8458573], [9.0808684, 45.8458736], [9.0808953, 45.8458642], [9.0809168, 45.8458651], [9.0809347, 45.8458723], [9.0809463, 45.8458852], [9.0810353, 45.8458998], [9.0810473, 45.8459166], [9.0809704, 45.8460501], [9.0810519, 45.8462287], [9.0809112, 45.846248], [9.0809356, 45.8463106], [9.0811076, 45.846314], [9.0811113, 45.8462899], [9.0816562, 45.8462826]]]}}, {"type": "Feature", "properties": {"nome": "Lago di Como"}, "geometry": {"type": "Polygon", "coordinates": [[[9.0678264, 45.8226525], [9.0678514, 45.823039], [9.0679318, 45.8231037], [9.0679343, 45.823174], [9.0678666, 45.8232403], [9.06792, 45.8235675], [9.0681459, 45.8240534], [9.0683072, 45.8243503], [9.0684602, 45.8247586], [9.068477, 45.8250657], [9.0685105, 45.8255774], [9.0685935, 45.8258695], [9.0686242, 45.8259096], [9.0686675, 45.8260148], [9.0687739, 45.8259831], [9.0688886, 45.8260899], [9.0687674, 45.8261581], [9.0696317, 45.8271384], [9.0697351, 45.8271219], [9.0704002, 45.827805], [9.0704293, 45.827904], [9.0703813, 45.8282806], [9.0702632, 45.8285042], [9.0703349, 45.8285956], [9.070291, 45.8286521], [9.0702742, 45.8286737], [9.0705001, 45.8286678], [9.0705729, 45.8289034], [9.0709041, 45.8291593], [9.0711409, 45.8293796], [9.0715325, 45.8298024], [9.0717405, 45.8300677], [9.0718968, 45.8302791], [9.0720501, 45.8305536], [9.0722062, 45.8305309], [9.0724161, 45.8308938], [9.0724225, 45.8309049], [9.0724288, 45.8309158], [9.0724369, 45.8309664], [9.0724524, 45.8309922], [9.0724954, 45.8310345], [9.0725741, 45.8311231], [9.0726019, 45.8311503], [9.0726187, 45.831178], [9.0726197, 45.8312087], [9.0726144, 45.8312411], [9.0725935, 45.8312664], [9.0726155, 45.8312774], [9.0725935, 45.8312949], [9.0725403, 45.8313318], [9.0722785, 45.8314649], [9.0722966, 45.8314846], [9.0723133, 45.8314942], [9.0723433, 45.8315084], [9.072367, 45.8315158], [9.0723867, 45.8315208], [9.0723871, 45.8315267], [9.0723752, 45.8315275], [9.0723459, 45.8315202], [9.0723178, 45.8315096], [9.0722952, 45.8314993], [9.0722707, 45.8314854], [9.0722548, 45.8314699], [9.0722474, 45.8314625], [9.0721719, 45.8314011], [9.0720156, 45.8314344], [9.0719981, 45.8315478], [9.0719862, 45.8316449], [9.071966, 45.8317384], [9.0719486, 45.831803], [9.0721426, 45.8317611], [9.0723427, 45.8317203], [9.0724455, 45.831694], [9.0725306, 45.8316609], [9.0727839, 45.8320587], [9.072922, 45.8322434], [9.0730021, 45.8323636], [9.0730939, 45.8325014], [9.0733147, 45.8327353], [9.0735931, 45.8327126], [9.0736641, 45.832778], [9.0737639, 45.83287], [9.0738299, 45.832906], [9.0740231, 45.8329328], [9.0742551, 45.8330947]]]}}, {"type": "Feature", "properties": {"nome": "Lago di Como"}, "geometry": {"type": "Polygon", "coordinates": [[[9.0828672, 45.8265545], [9.0825502, 45.8265683], [9.0821993, 45.826465], [9.0819046, 45.8263572], [9.0816502, 45.8262313], [9.0809946, 45.8258448], [9.0809109, 45.8258178], [9.0804264, 45.8257281], [9.0802059, 45.8256653], [9.0800883, 45.8255844], [9.0799781, 45.8254529], [9.0799907, 45.8253945], [9.0799415, 45.8253177], [9.0798303, 45.8252785], [9.0797156, 45.8252218], [9.0795935, 45.8251032], [9.0794278, 45.8249194], [9.0793429, 45.8248252], [9.0793255, 45.8248277], [9.0791435, 45.8248539], [9.0789897, 45.8248278], [9.0788624, 45.8247828], [9.0788193, 45.824742], [9.0788038, 45.8247273], [9.0787608, 45.8246755], [9.0786235, 45.8245187], [9.078553, 45.8245491], [9.0784882, 45.8245771], [9.078472, 45.8245591], [9.0785008, 45.8245452], [9.078515, 45.8245017], [9.0784361, 45.8244137], [9.0783264, 45.8242907], [9.0782625, 45.8242808], [9.0782351, 45.8242914], [9.078219, 45.8242728], [9.0782887, 45.8242427], [9.0784273, 45.8241829], [9.0783084, 45.8240455], [9.0782097, 45.8239881], [9.0779472, 45.8238802], [9.0778897, 45.8238697], [9.0776565, 45.8238284], [9.0774838, 45.8238122], [9.0774205, 45.8238001], [9.0773902, 45.8237229], [9.0771037, 45.8236558], [9.0770677, 45.8236882], [9.0770081, 45.8236973], [9.0768347, 45.8236041], [9.0766656, 45.8234001], [9.0765594, 45.8233606], [9.0765454, 45.8232937], [9.0766044, 45.8232482], [9.0766947, 45.8232245], [9.0767891, 45.8230845], [9.0768346, 45.8230525], [9.0769231, 45.823081], [9.0770188, 45.8230294], [9.0771721, 45.8229877], [9.0775253, 45.8228904], [9.077673, 45.8228487], [9.0778533, 45.8226872], [9.0781933, 45.8223279], [9.0783789, 45.822085], [9.0784405, 45.8220042], [9.078754, 45.8217263], [9.0789207, 45.821571], [9.0790894, 45.8214287], [9.0793622, 45.8211497], [9.0794921, 45.821017], [9.0797384, 45.8207508], [9.079851, 45.8205533], [9.0799695, 45.8201906], [9.0800586, 45.8199094], [9.0801539, 45.819734], [9.0803869, 45.8194864], [9.0804591, 45.8193693], [9.0805194, 45.8191878], [9.0804625, 45.8190459], [9.0804424, 45.8189148], [9.0804667, 45.8188237], [9.0804539, 45.8188135], [9.0804903, 45.8187703], [9.0805056, 45.8187781], [9.080571, 45.8187423], [9.0808924, 45.8185905], [9.0811384, 45.8184418], [9.081675, 45.8180352], [9.0817685, 45.8180836], [9.0820903, 45.8177761], [9.0825416, 45.8174705], [9.0826263, 45.8173955], [9.0825836, 45.8173689], [9.0826393, 45.8172895], [9.0827134, 45.8172032], [9.0827008, 45.8162441], [9.0826268, 45.8162233], [9.082486, 45.8161965], [9.0823913, 45.8161273], [9.0823307, 45.8160565], [9.0822975, 45.8159629], [9.0822631, 45.8155891], [9.082234, 45.8153114], [9.0821629, 45.8151715], [9.0821549, 45.815161], [9.0821608, 45.8151436], [9.0821868, 45.8151346], [9.0822087, 45.8151414], [9.0822216, 45.8151549], [9.0822127, 45.8151708], [9.082207, 45.8151787], [9.0822549, 45.8152606], [9.0822695, 45.8152997], [9.0822781, 45.8153236], [9.0823213, 45.8157507], [9.0823278, 45.8159478], [9.0823596, 45.816036], [9.0824092, 45.8161046], [9.0824836, 45.816156], [9.0825526, 45.8161847], [9.0826363, 45.8161982], [9.0826728, 45.8161972], [9.0827225, 45.8160281], [9.0828579, 45.815748], [9.0829787, 45.8154391], [9.0829149, 45.8154299], [9.0829289, 45.8153863], [9.0829786, 45.8153821], [9.0830265, 45.8151849], [9.0829926, 45.8151185], [9.0826255, 45.8148939], [9.0825866, 45.814872], [9.0825518, 45.8148525], [9.0821852, 45.8146465], [9.0822945, 45.8145633], [9.0822264, 45.8145203], [9.082102, 45.8146012], [9.0809321, 45.8138929], [9.0808983, 45.8138724], [9.0806822, 45.8137416], [9.0807524, 45.8136714], [9.0805067, 45.8135285], [9.0803601, 45.8134713], [9.0801823, 45.8134267], [9.0801312, 45.8134208], [9.0801149, 45.8133755], [9.0799554, 45.8133448], [9.0799211, 45.8133409], [9.0798405, 45.8133421], [9.0798212, 45.813338], [9.0798045, 45.8133344], [9.0798024, 45.8133393], [9.0797988, 45.8133386], [9.0797959, 45.8133452], [9.0797571, 45.8133416], [9.0797275, 45.8133449], [9.079704, 45.8133519], [9.0796694, 45.8134136], [9.0795549, 45.8133812], [9.0795317, 45.8133734], [9.0795129, 45.8133626], [9.0794981, 45.8133482], [9.0794928, 45.8133299], [9.0794948, 45.8133123], [9.0789444, 45.8132563], [9.0789204, 45.8132539], [9.0788967, 45.8132514], [9.0780067, 45.8131609], [9.0778937, 45.8131593], [9.077621, 45.8131555], [9.0775362, 45.8132118], [9.0774897, 45.8132165], [9.077441, 45.8132213], [9.0769803, 45.8132675], [9.0768831, 45.8132773], [9.0768251, 45.8133433], [9.0764931, 45.8137208], [9.0786799, 45.8146688], [9.0802187, 45.8153358], [9.0802475, 45.8153245], [9.0802712, 45.815323], [9.0802952, 45.8153277], [9.0803163, 45.8153389], [9.0803285, 45.815353], [9.0803331, 45.815369], [9.0803303, 45.8153838], [9.0803227, 45.8153954], [9.0803107, 45.8154053], [9.080292, 45.8154136], [9.0802698, 45.8154174], [9.0802465, 45.8154156], [9.0802184, 45.8154044], [9.0802042, 45.8153908], [9.0801982, 45.8153772], [9.0801984, 45.8153619], [9.0801695, 45.8153474], [9.0764666, 45.8137518], [9.0762798, 45.8140045], [9.0761469, 45.8141842], [9.0760746, 45.814283], [9.075864, 45.8145709], [9.075646, 45.8149718], [9.0754994, 45.8149936], [9.075401, 45.8150533], [9.0753122, 45.8150752], [9.0752164, 45.8150801], [9.07516, 45.8150626], [9.0751244, 45.8150516], [9.0750886, 45.8150296], [9.0750332, 45.8149954], [9.0750216, 45.8150035], [9.0748993, 45.8150885], [9.0747826, 45.8151697], [9.0746881, 45.8152042], [9.0746262, 45.8152345], [9.0745607, 45.8152337], [9.0743567, 45.8152457], [9.0742512, 45.8152438], [9.0741093, 45.8152261], [9.0739638, 45.8152171], [9.0736876, 45.8151999], [9.073635, 45.8151552], [9.0735733, 45.8151957], [9.0734515, 45.8151856], [9.0733811, 45.8151798], [9.0733424, 45.8151262], [9.0733023, 45.8151491], [9.0727522, 45.8150764], [9.0726171, 45.8150586], [9.0725152, 45.8150112], [9.0724861, 45.8150518], [9.0724958, 45.8150738], [9.072473, 45.8151073], [9.0724213, 45.8151172], [9.0723989, 45.815083], [9.072405, 45.8150479], [9.072446, 45.8150391], [9.0724751, 45.8149866], [9.0724091, 45.8149394], [9.0724001, 45.814933], [9.0723094, 45.8148546], [9.0721259, 45.8148283], [9.0720398, 45.814816], [9.0720292, 45.8148593], [9.0716108, 45.8148041], [9.071492, 45.8147884], [9.0714846, 45.8148099], [9.0714401, 45.8148022], [9.0714526, 45.8147423], [9.0712481, 45.8147296], [9.0712271, 45.8147283], [9.071169, 45.8146694], [9.0712191, 45.8144362], [9.0706698, 45.8143671], [9.07054, 45.8143493], [9.070419, 45.8143375], [9.0703892, 45.8143324], [9.0703142, 45.8143258], [9.0702204, 45.8143214], [9.0700422, 45.8143193], [9.0699883, 45.8143169], [9.0698352, 45.814336], [9.0696386, 45.8143968], [9.0694217, 45.8145123], [9.0692472, 45.814659], [9.0692234, 45.814647], [9.06917, 45.8146912], [9.0691807, 45.8147153], [9.0690632, 45.8148197], [9.0688705, 45.8150269], [9.068652, 45.8151965], [9.0686101, 45.8152187], [9.0686271, 45.8152373], [9.0685059, 45.8152946], [9.0684794, 45.8152746], [9.0683646, 45.8153272], [9.0682778, 45.8153522], [9.0682213, 45.8153561], [9.0681678, 45.8153662], [9.0680373, 45.815449], [9.0677499, 45.8157284], [9.0676687, 45.8157304], [9.0676228, 45.8157606], [9.0676039, 45.8158115], [9.0675875, 45.8158529], [9.067563, 45.8158719], [9.0675268, 45.8158813], [9.0674597, 45.815884], [9.0673826, 45.8159404], [9.0673261, 45.8159978], [9.067306, 45.8160182], [9.0673768, 45.8160615], [9.0673994, 45.8161355], [9.0673591, 45.8162769], [9.0674215, 45.8162393], [9.0674449, 45.8162308], [9.0674706, 45.8162372], [9.0674771, 45.81625], [9.0674456, 45.8162981], [9.0674267, 45.8166295], [9.0672985, 45.8168027], [9.0672923, 45.8168247], [9.0672734, 45.8168914], [9.0672929, 45.8170136], [9.0670746, 45.8173242], [9.0670138, 45.817451], [9.0669703, 45.8175914], [9.0668879, 45.8178924], [9.0669139, 45.8179432], [9.066964, 45.817969], [9.0670024, 45.8180348], [9.0669818, 45.8180876], [9.066996, 45.81809], [9.0669917, 45.818146], [9.0669683, 45.8181497], [9.0669662, 45.8181796], [9.0669511, 45.8181792], [9.0669471, 45.8182247], [9.0669453, 45.8182771], [9.0669464, 45.8183176], [9.0669461, 45.818352], [9.0669461, 45.8183835], [9.0669576, 45.818392], [9.0669565, 45.8184309], [9.0669447, 45.818566], [9.0669581, 45.8185759], [9.0669782, 45.818577], [9.0669724, 45.8186682], [9.0669485, 45.8186675], [9.0669369, 45.8186744], [9.0669232, 45.8188744], [9.0669758, 45.8189208], [9.0669677, 45.8190325], [9.0669116, 45.8190288], [9.0669166, 45.8189303], [9.0668895, 45.8188999], [9.0668142, 45.8188954], [9.0667597, 45.8189348], [9.0667345, 45.819193], [9.0667803, 45.8192322], [9.0668568, 45.8192344], [9.0669019, 45.8192057], [9.0669071, 45.8191087], [9.0669585, 45.8191134], [9.0669505, 45.8192229], [9.0668977, 45.8192598], [9.0669788, 45.8197107], [9.0670572, 45.819703], [9.067017, 45.8206475], [9.0669756, 45.8208128], [9.0669325, 45.8208035], [9.0669554, 45.8211697], [9.0670568, 45.8211392], [9.0674336, 45.8218892], [9.0674213, 45.8219156], [9.0673922, 45.8219778], [9.0675535, 45.8222014], [9.0677316, 45.8221791], [9.0678795, 45.8224568], [9.0679449, 45.8225586], [9.0678264, 45.8226525]]]}}, {"type": "Feature", "properties": {"nome": "Lago di Como"}, "geometry": {"type": "Polygon", "coordinates": [[[9.0945706, 45.8327423], [9.0945173, 45.8326523], [9.0944539, 45.8322743], [9.094357, 45.8320719], [9.094262, 45.8318866], [9.094186, 45.83182], [9.0940586, 45.8317032], [9.0939442, 45.8316267], [9.0938782, 45.8315998], [9.0936158, 45.831546], [9.0934547, 45.8314517], [9.0928502, 45.8308582], [9.092468, 45.8303995], [9.0921537, 45.8301252], [9.0918373, 45.8299354], [9.0910083, 45.8294017], [9.0907941, 45.8292849], [9.0905879, 45.829204], [9.0898909, 45.8290651], [9.0894545, 45.8289395], [9.0894175, 45.828908], [9.0894045, 45.828836], [9.0892773, 45.8288271], [9.089237, 45.8287957], [9.0891642, 45.8285572], [9.0891095, 45.8285168], [9.0886264, 45.8283417], [9.0882867, 45.828252], [9.0881852, 45.828171], [9.0880224, 45.8280001], [9.0879047, 45.8279102], [9.0877404, 45.8278113], [9.0875408, 45.8277259], [9.0871253, 45.8275777], [9.0868046, 45.8272944], [9.0864841, 45.8271146], [9.0862539, 45.8270473], [9.0860913, 45.8270249], [9.0858805, 45.827016], [9.0855796, 45.8270342], [9.0851289, 45.8270075], [9.08468, 45.8270168], [9.0843951, 45.8269945], [9.0840264, 45.8269048], [9.0835097, 45.8268061], [9.0833229, 45.8267522], [9.0832149, 45.8266263], [9.0830893, 45.8265634], [9.0828672, 45.8265545]]]}}, {"type": "Feature", "properties": {"nome": "Lago di Como"}, "geometry": {"type": "Polygon", "coordinates": [[[9.1029981, 45.8407773], [9.1030685, 45.8407298], [9.103051, 45.8406866], [9.1030232, 45.8406741], [9.1030066, 45.8406369], [9.1030222, 45.8406148], [9.1030021, 45.8405756], [9.1030459, 45.8405661], [9.1030019, 45.8405043], [9.1030186, 45.8404998], [9.1030668, 45.8405618], [9.1031266, 45.8405453], [9.1030733, 45.8404817], [9.1030707, 45.8404617], [9.1030386, 45.8404233], [9.1030131, 45.8404157], [9.102953, 45.8403504], [9.1029059, 45.8403785], [9.1029626, 45.840438], [9.1029508, 45.840446], [9.1028914, 45.8403862], [9.1028321, 45.8404233], [9.1027333, 45.8403377], [9.1027234, 45.8402909], [9.1026651, 45.8403086], [9.1026404, 45.840258], [9.102601, 45.8402436], [9.1025256, 45.8402348], [9.1024578, 45.8402143], [9.1024194, 45.8401857], [9.1024013, 45.8401479], [9.1023929, 45.8400752], [9.1023818, 45.8400475], [9.1024451, 45.8400343], [9.1024122, 45.839998], [9.1023979, 45.8399692], [9.1023941, 45.8399617], [9.1023855, 45.8399532], [9.1023318, 45.8398877], [9.1022698, 45.8398441], [9.1022044, 45.8398181], [9.1021923, 45.8398223], [9.1021782, 45.83982], [9.1021696, 45.8398103], [9.1021732, 45.8398], [9.1021836, 45.8397962], [9.102197, 45.8397966], [9.1022835, 45.8398321], [9.1023641, 45.8398858], [9.1024091, 45.8399455], [9.1024898, 45.8399063], [9.1024617, 45.8398601], [9.1024769, 45.8398527], [9.1024009, 45.8397666], [9.1023284, 45.8396798], [9.102307, 45.8396616], [9.1022795, 45.8396532], [9.1021689, 45.8396433], [9.1021313, 45.8397448], [9.1021333, 45.8397546], [9.1021239, 45.839763], [9.1021091, 45.8397672], [9.1020937, 45.8397658], [9.1020708, 45.83976], [9.1018209, 45.83965], [9.1015951, 45.8395492], [9.1016714, 45.8394774], [9.1016507, 45.8394468], [9.1016431, 45.8394355], [9.1016361, 45.8394253], [9.1016155, 45.8394106], [9.1015902, 45.8394123], [9.1015128, 45.8392914], [9.1015527, 45.839219], [9.1015949, 45.839194], [9.1016138, 45.839131], [9.1016119, 45.8391125], [9.1015922, 45.8390697], [9.1015694, 45.8390479], [9.1014297, 45.8389773], [9.1013296, 45.8389], [9.101297, 45.8388739], [9.1012401, 45.8388343], [9.1011811, 45.8388091], [9.101165, 45.8388156], [9.1011456, 45.8388179], [9.1011308, 45.8388142], [9.1011162, 45.8388055], [9.1011127, 45.8387904], [9.1011174, 45.8387792], [9.1011315, 45.8387666], [9.1010329, 45.8386647], [9.1009632, 45.8386119], [9.1009712, 45.8386049], [9.1010215, 45.8386409], [9.1010772, 45.8385965], [9.1009404, 45.838504], [9.1009149, 45.838533], [9.1008599, 45.8385152], [9.1008706, 45.8384965], [9.1008331, 45.838475], [9.1007929, 45.838489], [9.1007499, 45.8384937], [9.1007084, 45.8384806], [9.1003608, 45.838305], [9.1001214, 45.8380575], [9.0997549, 45.8377347], [9.0996724, 45.8377623], [9.0996212, 45.8377593], [9.0995549, 45.8377164], [9.0995237, 45.837648], [9.0994918, 45.8375943], [9.0994631, 45.8373985], [9.0994642, 45.8373603], [9.0994485, 45.8373323], [9.0994048, 45.8373194], [9.0993851, 45.8372853], [9.0993653, 45.8372513], [9.0993564, 45.8372335], [9.0993345, 45.8371878], [9.0993162, 45.8371905], [9.0992883, 45.8371313], [9.0992618, 45.8370714], [9.099292, 45.8370641], [9.0991368, 45.8367151], [9.0990015, 45.8364421], [9.0990225, 45.8362683], [9.0989922, 45.8362322], [9.0989508, 45.8362125], [9.0987175, 45.8361706], [9.0986224, 45.8361094], [9.0982317, 45.835968], [9.0981055, 45.8359387], [9.0981201, 45.8359132], [9.098134, 45.835866], [9.0980475, 45.8358483], [9.0980205, 45.8359221], [9.0978171, 45.835861], [9.097803, 45.8358568], [9.0974105, 45.8357801], [9.0972698, 45.8357622], [9.0972014, 45.8357327], [9.097166, 45.8357034], [9.0971219, 45.8356309], [9.0970986, 45.8355123], [9.0969626, 45.8348643], [9.0968869, 45.8347879], [9.0967757, 45.834743], [9.0965633, 45.8347791], [9.0963364, 45.8347568], [9.0955763, 45.8345325], [9.0954619, 45.8344606], [9.0953256, 45.8343934], [9.0952655, 45.834344], [9.0953686, 45.8341423], [9.0955732, 45.8336459], [9.0955617, 45.8335469], [9.0951401, 45.833307], [9.0949684, 45.8331202], [9.0948826, 45.8329408], [9.0945706, 45.8327423]]]}}, {"type": "Feature", "properties": {"nome": "Lago di Como"}, "geometry": {"type": "Polygon", "coordinates": [[[9.1047834, 45.8442806], [9.1047573, 45.8442353], [9.1046932, 45.8442558], [9.1046602, 45.8442063], [9.1046193, 45.8442202], [9.104515, 45.8440663], [9.1045614, 45.8440504], [9.104454, 45.8438988], [9.1042782, 45.8437189], [9.1040373, 45.843512], [9.1039021, 45.8432947], [9.1037958, 45.8432054], [9.1036186, 45.8430924], [9.1034251, 45.8430157], [9.1033992, 45.8430226], [9.1033549, 45.8429919], [9.1032556, 45.8429078], [9.1031138, 45.8425408], [9.1030569, 45.8422079], [9.103116, 45.8419918], [9.1032461, 45.8417982], [9.1034697, 45.8417215], [9.1036128, 45.8416494], [9.1036046, 45.841589], [9.1035482, 45.8415324], [9.1034486, 45.8414245], [9.1032018, 45.8411068], [9.1030754, 45.8409208], [9.1029981, 45.8407773]]]}}, {"type": "Feature", "properties": {"nome": "Lago di Como"}, "geometry": {"type": "Polygon", "coordinates": [[[9.1055799, 45.8466311], [9.1053984, 45.8464748], [9.1054735, 45.8463735], [9.1056448, 45.8458468], [9.1055188, 45.8456309], [9.1052655, 45.8453251], [9.1050814, 45.8449968], [9.1049295, 45.8447522], [9.1048574, 45.8446922], [9.1047656, 45.8446954], [9.1047407, 45.8446816], [9.1047313, 45.8445753], [9.1047112, 45.8445698], [9.1047086, 45.8445342], [9.1047259, 45.8445245], [9.1047168, 45.8444311], [9.1047799, 45.8444295], [9.1047816, 45.8444161], [9.1047843, 45.8443957], [9.104726, 45.8442972], [9.1047834, 45.8442806]]]}}, {"type": "Feature", "properties": {"nome": "Lago di Como"}, "geometry": {"type": "Polygon", "coordinates": [[[9.1068675, 45.8483259], [9.1068621, 45.8481832], [9.1068192, 45.8481492], [9.1067732, 45.8481126], [9.1066671, 45.8480954], [9.106514, 45.847999], [9.106231, 45.8477246], [9.106108, 45.8476294], [9.1059906, 45.8474581], [9.1061463, 45.8474125], [9.1060124, 45.8472918], [9.1059347, 45.8473373], [9.1059551, 45.8473554], [9.1059111, 45.8473741], [9.105768, 45.8472585], [9.1055695, 45.8471864], [9.1054387, 45.8470448], [9.1054633, 45.8467749], [9.1055799, 45.8466311]]]}}, {"type": "Feature", "properties": {"nome": "Lago di Como"}, "geometry": {"type": "Polygon", "coordinates": [[[9.1095121, 45.8499379], [9.1094073, 45.8499248], [9.1093199, 45.8498559], [9.1085274, 45.8495005], [9.1084799, 45.8494792], [9.1082457, 45.8493774], [9.1081999, 45.8493571], [9.1081122, 45.8493183], [9.1079027, 45.849197], [9.1076352, 45.8490611], [9.1075933, 45.8490398], [9.1073483, 45.8488825], [9.1070212, 45.8487343], [9.1068229, 45.8486039], [9.1067798, 45.8484172], [9.1068117, 45.8483543], [9.1068675, 45.8483259]]]}}, {"type": "Feature", "properties": {"nome": "Lago di Como"}, "geometry": {"type": "Polygon", "coordinates": [[[9.1106611, 45.8512008], [9.1104665, 45.851002], [9.110414, 45.8509745], [9.1103907, 45.8509646], [9.1102968, 45.8509132], [9.1101942, 45.8507659], [9.1096773, 45.8505529], [9.1096727, 45.8503594], [9.1097552, 45.8502239], [9.1095121, 45.8499379]]]}}, {"type": "Feature", "properties": {"nome": "Lago di Como"}, "geometry": {"type": "Polygon", "coordinates": [[[9.1116727, 45.8530051], [9.1115307, 45.8523953], [9.1114369, 45.8523224], [9.1113712, 45.852229], [9.1113814, 45.8521544], [9.1113037, 45.8519922], [9.1112342, 45.851855], [9.111177, 45.851793], [9.111082, 45.851634], [9.1110345, 45.8515826], [9.111115, 45.8515425], [9.1110573, 45.8514743], [9.1109742, 45.8515135], [9.110915, 45.851459], [9.110777, 45.851323], [9.1106611, 45.8512008]]]}}, {"type": "Feature", "properties": {"nome": "Lago di Como"}, "geometry": {"type": "Polygon", "coordinates": [[[9.1136597, 45.8544363], [9.1135298, 45.854341], [9.1129433, 45.8539623], [9.1127498, 45.853796], [9.1125498, 45.8536522], [9.1123338, 45.8535399], [9.111784, 45.853149], [9.1116727, 45.8530051]]]}}, {"type": "Feature", "properties": {"nome": "Lago di Como"}, "geometry": {"type": "Polygon", "coordinates": [[[9.1192439, 45.8593862], [9.1189947, 45.8594032], [9.1187864, 45.8593609], [9.1183021, 45.8593566], [9.1182847, 45.8592628], [9.1177284, 45.8591802], [9.1175608, 45.8590739], [9.1173606, 45.8590135], [9.1172004, 45.8589328], [9.1169707, 45.8588263], [9.1166651, 45.8588247], [9.1164859, 45.8588358], [9.116188, 45.8588551], [9.1156858, 45.8588326], [9.1153463, 45.8587842], [9.1152637, 45.8588923], [9.1146757, 45.8587058], [9.1147116, 45.8586522], [9.1146302, 45.8585946], [9.1145012, 45.8586699], [9.1144022, 45.858604], [9.1134815, 45.8585296], [9.1129961, 45.8585532], [9.1126773, 45.8584565], [9.1125798, 45.8581569], [9.1127499, 45.8578912], [9.1129298, 45.8576705], [9.1130243, 45.8574274], [9.1130588, 45.8571239], [9.113064, 45.8569761], [9.1130378, 45.8569323], [9.1130358, 45.8568726], [9.1130438, 45.8568324], [9.1130727, 45.8567488], [9.1131113, 45.856761], [9.1131025, 45.8567944], [9.1131809, 45.8568157], [9.1132524, 45.8568352], [9.1134125, 45.8565933], [9.1133004, 45.8565563], [9.1132017, 45.8565237], [9.1131196, 45.8566625], [9.1130639, 45.8566662], [9.1130693, 45.856641], [9.1129553, 45.8566316], [9.112961, 45.8565989], [9.1129728, 45.8565728], [9.1130157, 45.8565821], [9.1130224, 45.8566055], [9.113076, 45.8566139], [9.1130868, 45.8565849], [9.113196, 45.856452], [9.113145, 45.856429], [9.113235, 45.856346], [9.1132443, 45.8563378], [9.113252, 45.856331], [9.1132017, 45.8563059], [9.1133778, 45.8561394], [9.1134636, 45.8560385], [9.1135937, 45.8557873], [9.1136608, 45.8558003], [9.1136827, 45.8557553], [9.1137016, 45.8557164], [9.1137053, 45.8557089], [9.1137082, 45.8557024], [9.1137131, 45.8556915], [9.1136936, 45.8556911], [9.1137987, 45.8553805], [9.1138011, 45.8551192], [9.113627, 45.8550005], [9.1135901, 45.8548523], [9.113619, 45.8547609], [9.1137261, 45.854685], [9.1137106, 45.8545646], [9.1136597, 45.8544363]]]}}, {"type": "Feature", "properties": {"nome": "Lago di Como"}, "geometry": {"type": "Polygon", "coordinates": [[[9.1474171, 45.8630575], [9.147395, 45.8630584], [9.1472436, 45.8630271], [9.1466214, 45.8627984], [9.1463521, 45.8626727], [9.1462745, 45.8625558], [9.1462847, 45.8621463], [9.146265, 45.8620068], [9.1461359, 45.8618809], [9.1459891, 45.8617731], [9.1453134, 45.8614139], [9.1448279, 45.861104], [9.1439991, 45.860664], [9.1437764, 45.8604663], [9.1434894, 45.8603047], [9.143175, 45.860161], [9.1426989, 45.8597476], [9.1423957, 45.859541], [9.1422115, 45.8593072], [9.1419889, 45.8591365], [9.1415503, 45.8588805], [9.1412134, 45.8587414], [9.140917, 45.8586878], [9.1406719, 45.8585756], [9.1403202, 45.858297], [9.1402153, 45.8581846], [9.1399523, 45.8579252], [9.139809, 45.857945], [9.1395419, 45.8579417], [9.139234, 45.857938], [9.1388632, 45.8579511], [9.1375864, 45.858018], [9.1375889, 45.8579836], [9.137497, 45.857979], [9.137267, 45.857908], [9.137215, 45.857878], [9.1372267, 45.8578413], [9.1365789, 45.8577502], [9.1360515, 45.8574675], [9.135691, 45.8576637], [9.1354592, 45.8576685], [9.1345949, 45.8578091], [9.1339814, 45.8578098], [9.133653, 45.8578462], [9.1325087, 45.8580592], [9.1322256, 45.8581855], [9.1318682, 45.8582265], [9.1315738, 45.8583258], [9.1312567, 45.8583577], [9.1310087, 45.8583625], [9.1307993, 45.8583177], [9.1304579, 45.8583046], [9.129719, 45.8583818], [9.1294551, 45.8584316], [9.1292251, 45.8585489], [9.1290081, 45.8587021], [9.128606, 45.8587982], [9.1284024, 45.858886], [9.1279961, 45.8589683], [9.1279567, 45.8589017], [9.1276658, 45.8589295], [9.127454, 45.8589254], [9.1273179, 45.8589244], [9.1271278, 45.8589066], [9.1265482, 45.8588369], [9.1263853, 45.8588233], [9.1258409, 45.8587504], [9.1256605, 45.8586948], [9.1248991, 45.8587467], [9.123593, 45.858703], [9.123442, 45.858706], [9.1225743, 45.8587415], [9.1223785, 45.858874], [9.1223164, 45.8588848], [9.1221311, 45.8589985], [9.1221476, 45.8590561], [9.1218084, 45.8592092], [9.121497, 45.8592733], [9.1212032, 45.8593088], [9.1208103, 45.8593273], [9.1205832, 45.859296], [9.1204446, 45.8592556], [9.1196236, 45.8593195], [9.1193081, 45.8593828], [9.1192439, 45.8593862]]]}}, {"type": "Feature", "properties": {"nome": "Lago di Como"}, "geometry": {"type": "Polygon", "coordinates": [[[9.1520727, 45.8655824], [9.1520637, 45.8655727], [9.1518494, 45.865537], [9.151621, 45.8654839], [9.1512392, 45.8655579], [9.1512745, 45.8656312], [9.1510226, 45.8656613], [9.1509769, 45.8656668], [9.1509447, 45.8656197], [9.1505423, 45.8656063], [9.1505229, 45.8657097], [9.1501863, 45.8656786], [9.1499368, 45.8655838], [9.1495454, 45.8653675], [9.1495078, 45.865298], [9.1494734, 45.8652605], [9.1494548, 45.8651502], [9.1495122, 45.8650508], [9.149587, 45.8649211], [9.149583, 45.8647509], [9.1495032, 45.8645866], [9.1495155, 45.8645446], [9.1494535, 45.8644068], [9.1493542, 45.8643704], [9.149368, 45.8643576], [9.1494736, 45.8643975], [9.1495145, 45.8643956], [9.1496439, 45.8643666], [9.1496288, 45.8643447], [9.1497032, 45.8643218], [9.149605, 45.8642546], [9.1493854, 45.8641262], [9.1492255, 45.8642284], [9.1491725, 45.8642375], [9.1491199, 45.8642209], [9.1489911, 45.8641162], [9.1489064, 45.864032], [9.1489789, 45.8639964], [9.148853, 45.8638474], [9.1487466, 45.863877], [9.1486667, 45.8637746], [9.14854, 45.8636201], [9.14858, 45.8635137], [9.1486198, 45.8634079], [9.1486234, 45.8633336], [9.148627, 45.8632594], [9.1485104, 45.8631059], [9.1480926, 45.8629778], [9.147833, 45.8630399], [9.1474171, 45.8630575]]]}}, {"type": "Feature", "properties": {"nome": "Lago di Como"}, "geometry": {"type": "Polygon", "coordinates": [[[9.1564092, 45.873271], [9.1563787, 45.8727625], [9.1564265, 45.8725464], [9.1563206, 45.8721281], [9.1562682, 45.8718266], [9.1562428, 45.8713632], [9.1561047, 45.8703823], [9.1558856, 45.8697841], [9.1558724, 45.8696491], [9.1554832, 45.8692672], [9.1552344, 45.868975], [9.1548319, 45.86844], [9.1543515, 45.8676937], [9.1539819, 45.8674062], [9.1536723, 45.8672402], [9.1531511, 45.8668854], [9.1529508, 45.8666742], [9.1527955, 45.8663999], [9.1527094, 45.866121], [9.1525606, 45.8659006], [9.1522172, 45.8657391], [9.1520727, 45.8655824]]]}}, {"type": "Feature", "properties": {"nome": "Lago di Como"}, "geometry": {"type": "Polygon", "coordinates": [[[9.1548977, 45.8856489], [9.1548989, 45.8856397], [9.1549419, 45.8854821], [9.1551412, 45.8853243], [9.1551781, 45.8852613], [9.1552112, 45.8849867], [9.1552448, 45.8849012], [9.155346, 45.8847975], [9.1554421, 45.8847307], [9.1555183, 45.8845707], [9.1556169, 45.8843267], [9.155684, 45.8841622], [9.1557967, 45.8841083], [9.1558851, 45.8840137], [9.1559601, 45.8840237], [9.1560153, 45.8835206], [9.1560702, 45.8833969], [9.1560818, 45.8832866], [9.1561131, 45.8831763], [9.1560903, 45.8831044], [9.1558496, 45.8828302], [9.1558526, 45.8827717], [9.155994, 45.8826365], [9.156103, 45.8824383], [9.1562733, 45.8822671], [9.1563246, 45.8821905], [9.1563848, 45.8819848], [9.1561997, 45.8819479], [9.1562077, 45.8819252], [9.1563924, 45.8819625], [9.1564082, 45.8818268], [9.1563739, 45.8816811], [9.1563407, 45.8816009], [9.1562356, 45.8813886], [9.15621, 45.881305], [9.1563173, 45.8811512], [9.1562743, 45.8811236], [9.1563882, 45.880998], [9.1564306, 45.8810129], [9.156405, 45.880968], [9.1562301, 45.8809323], [9.1562354, 45.8809065], [9.1563864, 45.8809379], [9.1564162, 45.8807387], [9.1565507, 45.8806716], [9.1564827, 45.8805142], [9.1562804, 45.8805412], [9.1562778, 45.8805209], [9.1564737, 45.8804865], [9.1563395, 45.8801085], [9.1563595, 45.8798965], [9.1563635, 45.879814], [9.1563679, 45.8797233], [9.1564112, 45.8797092], [9.1564319, 45.8796245], [9.1564642, 45.8796268], [9.156443, 45.8797233], [9.1564738, 45.8797256], [9.156549, 45.8797312], [9.1565692, 45.8797027], [9.1565949, 45.8796151], [9.1565827, 45.8795632], [9.1564593, 45.8795868], [9.1563337, 45.8792824], [9.1563114, 45.879224], [9.1561807, 45.8788101], [9.156181, 45.8786684], [9.1562027, 45.8787314], [9.1562194, 45.8787308], [9.1562398, 45.8787301], [9.1562404, 45.878586], [9.1562273, 45.8785492], [9.1561981, 45.8784677], [9.1560432, 45.8784744], [9.1560128, 45.8784108], [9.1559949, 45.8783537], [9.1559455, 45.8781957], [9.1559092, 45.8779969], [9.155955, 45.8779965], [9.1560114, 45.8782789], [9.1561091, 45.8782326], [9.1561541, 45.878101], [9.1561498, 45.8779882], [9.1561444, 45.8779356], [9.1559883, 45.8779442], [9.1559748, 45.8778919], [9.1559986, 45.8778888], [9.1560101, 45.8779239], [9.1561122, 45.8779184], [9.1561833, 45.8778439], [9.1560638, 45.8778597], [9.1559715, 45.8778579], [9.1559454, 45.8777685], [9.1559249, 45.8777073], [9.1559076, 45.8776684], [9.1558672, 45.8775922], [9.1557281, 45.8774031], [9.1551919, 45.8768729], [9.1551821, 45.8768414], [9.1552511, 45.8767513], [9.1552542, 45.8766793], [9.1551666, 45.8764589], [9.1550889, 45.8763195], [9.1550933, 45.8761935], [9.1551747, 45.8758964], [9.1552315, 45.8754868], [9.155281, 45.8753247], [9.1554621, 45.8750049], [9.1555375, 45.8748923], [9.1555809, 45.8748517], [9.1556565, 45.8748201], [9.1560703, 45.874761], [9.1561072, 45.874725], [9.1560039, 45.8746306], [9.1560262, 45.8745496], [9.1560551, 45.8745271], [9.1561115, 45.8745225], [9.1562385, 45.8744323], [9.1561529, 45.8743694], [9.156127, 45.8743289], [9.1560851, 45.87432], [9.1560785, 45.8742615], [9.1561854, 45.8738833], [9.156146, 45.8736089], [9.1562874, 45.8734917], [9.1564092, 45.873271]]]}}, {"type": "Feature", "properties": {"nome": "Lago di Como"}, "geometry": {"type": "Polygon", "coordinates": [[[9.1534185, 45.8953997], [9.1534168, 45.8953409], [9.1534046, 45.8952525], [9.1534548, 45.8952391], [9.1533484, 45.8950478], [9.1532679, 45.8949947], [9.1532514, 45.8948474], [9.1532794, 45.8947674], [9.1532783, 45.8947134], [9.1530974, 45.8943141], [9.1530694, 45.8940846], [9.1534677, 45.89304], [9.1535079, 45.8929949], [9.1536945, 45.8929002], [9.1538507, 45.8928639], [9.1539553, 45.8928188], [9.1540549, 45.8927016], [9.1540836, 45.8925891], [9.1540522, 45.8923101], [9.154103, 45.8920446], [9.1540865, 45.8919006], [9.1540181, 45.8916532], [9.153866, 45.8913969], [9.1538738, 45.8912979], [9.1539457, 45.8910952], [9.1539195, 45.8909243], [9.1539338, 45.8908657], [9.154046, 45.8906406], [9.154144, 45.8905639], [9.1542066, 45.8904648], [9.154356, 45.8903071], [9.1543797, 45.8901451], [9.1544885, 45.8898704], [9.1545574, 45.8897488], [9.1548993, 45.8892848], [9.1549744, 45.8890642], [9.1549694, 45.8890057], [9.1547416, 45.8887585], [9.1546073, 45.8885427], [9.1545989, 45.8884257], [9.1546309, 45.8883357], [9.1547915, 45.8881824], [9.1548445, 45.8881058], [9.154881, 45.8879213], [9.1549789, 45.8877771], [9.1550656, 45.8876825], [9.1552248, 45.8875518], [9.155405, 45.8874705], [9.1554159, 45.8873535], [9.1554934, 45.8871743], [9.1554696, 45.8870838], [9.1554359, 45.8870247], [9.1553772, 45.8868343], [9.1554072, 45.8868334], [9.1554371, 45.8869517], [9.1554846, 45.8870621], [9.1555271, 45.8870786], [9.1555619, 45.8870707], [9.1556108, 45.8869195], [9.1555738, 45.886789], [9.1554316, 45.8866289], [9.1553459, 45.8865166], [9.1550698, 45.8862785], [9.1549162, 45.8860942], [9.1548853, 45.8859862], [9.1548752, 45.8858287], [9.1548977, 45.8856489]]]}}, {"type": "Feature", "properties": {"nome": "Lago di Como"}, "geometry": {"type": "Polygon", "coordinates": [[[9.1535752, 45.8967193], [9.1536272, 45.8966501], [9.1535519, 45.8964865], [9.153549, 45.8961372], [9.1535657, 45.895988], [9.1534682, 45.8958887], [9.1534305, 45.8958239], [9.1534128, 45.8957838], [9.1534527, 45.8957792], [9.1534549, 45.8958177], [9.1534859, 45.8958764], [9.1535879, 45.895992], [9.1536366, 45.8959859], [9.1536898, 45.8959519], [9.1536699, 45.8957699], [9.153431, 45.8956883], [9.1534185, 45.8953997]]]}}, {"type": "Feature", "properties": {"nome": "Lago di Como"}, "geometry": {"type": "Polygon", "coordinates": [[[9.1527235, 45.9089536], [9.152805, 45.90876], [9.1528144, 45.9086493], [9.1528316, 45.908445], [9.1528571, 45.9083528], [9.1528726, 45.908263], [9.152881, 45.9082424], [9.1528035, 45.9081975], [9.1527744, 45.9081615], [9.1529047, 45.9080849], [9.1531356, 45.907639], [9.1535561, 45.9070219], [9.1537457, 45.9068011], [9.1538516, 45.906639], [9.1539604, 45.9063508], [9.1540303, 45.9059727], [9.1540548, 45.9055406], [9.1540299, 45.9051043], [9.1538371, 45.9044655], [9.1538146, 45.904374], [9.1538137, 45.9043521], [9.1538209, 45.9043521], [9.1538209, 45.9043675], [9.1538396, 45.9043675], [9.1538393, 45.9043503], [9.1538361, 45.9043249], [9.1538044, 45.9041189], [9.1536229, 45.9037637], [9.1534604, 45.9032689], [9.1533923, 45.903125], [9.1534388, 45.9030304], [9.1534451, 45.9029719], [9.1532771, 45.9028506], [9.1532089, 45.9026527], [9.1531474, 45.9025583], [9.152863, 45.9022572], [9.1528159, 45.9021268], [9.1528148, 45.9019039], [9.1525789, 45.901488], [9.1525042, 45.9012901], [9.1525215, 45.9011461], [9.1523043, 45.9006783], [9.1522489, 45.9004354], [9.152247, 45.9003319], [9.1522736, 45.9000394], [9.1523504, 45.8998548], [9.1525269, 45.899571], [9.1525605, 45.8994765], [9.1526561, 45.8990803], [9.1527296, 45.8987146], [9.1527659, 45.8985627], [9.1528024, 45.8983871], [9.1529727, 45.8981754], [9.1529899, 45.8979954], [9.1530203, 45.8979008], [9.1531021, 45.8977837], [9.1531277, 45.8977027], [9.153103, 45.8975047], [9.1531674, 45.8969331], [9.1531898, 45.8968745], [9.1532621, 45.8967844], [9.1535752, 45.8967193]]]}}, {"type": "Feature", "properties": {"nome": "Lago di Como"}, "geometry": {"type": "Polygon", "coordinates": [[[9.1519671, 45.9202098], [9.1519755, 45.9201554], [9.1520953, 45.9197728], [9.1522638, 45.919498], [9.1523486, 45.9192549], [9.152358, 45.9191425], [9.1522815, 45.9188995], [9.1523102, 45.918769], [9.1525156, 45.9184357], [9.1526538, 45.918269], [9.1527934, 45.9180573], [9.1527577, 45.9179404], [9.1526768, 45.917828], [9.1526259, 45.9176556], [9.1526757, 45.9174768], [9.1526889, 45.9174502], [9.1527561, 45.9173152], [9.1526925, 45.9172496], [9.1525684, 45.9171216], [9.1526081, 45.917008], [9.1526585, 45.9167819], [9.1526747, 45.9167091], [9.1526952, 45.9166843], [9.1528189, 45.9165352], [9.152861, 45.9163452], [9.1527706, 45.9161853], [9.1528438, 45.9159119], [9.152912, 45.9158857], [9.1528547, 45.9157172], [9.1529806, 45.9154639], [9.1530737, 45.9150472], [9.1531987, 45.9146898], [9.1532285, 45.9144836], [9.1532573, 45.9143846], [9.1532891, 45.9141185], [9.15345, 45.9138183], [9.1536056, 45.9137675], [9.1536421, 45.9137142], [9.1536467, 45.913592], [9.1534889, 45.9130522], [9.1534887, 45.9129892], [9.1536653, 45.9127369], [9.1537345, 45.9126783], [9.1539968, 45.9125385], [9.1540754, 45.9124033], [9.1541023, 45.9122368], [9.1541647, 45.9120522], [9.1541548, 45.9119712], [9.1541755, 45.9118857], [9.1542779, 45.9115543], [9.1543199, 45.9114258], [9.1543351, 45.9113749], [9.1543177, 45.911344], [9.1543254, 45.9112431], [9.1543438, 45.9112451], [9.1543438, 45.9113373], [9.1543641, 45.9113655], [9.1543888, 45.9113655], [9.1544182, 45.9113655], [9.1544492, 45.911309], [9.154455, 45.9112471], [9.1543312, 45.9111906], [9.1543093, 45.911123], [9.1543069, 45.910911], [9.1543451, 45.9108927], [9.1543841, 45.9108741], [9.1544021, 45.9108655], [9.1544217, 45.9108107], [9.1544318, 45.9107825], [9.1544389, 45.9107295], [9.1545564, 45.9106553], [9.155006, 45.9103944], [9.1550142, 45.910384], [9.1550152, 45.9103715], [9.1550059, 45.9103689], [9.1549922, 45.9103707], [9.1544634, 45.9106418], [9.1544114, 45.9106659], [9.1543527, 45.9106326], [9.1543354, 45.9106386], [9.1542728, 45.9106623], [9.1542557, 45.9106175], [9.1542516, 45.9105844], [9.1542479, 45.9105545], [9.1541455, 45.9103422], [9.1534831, 45.9097851], [9.1532835, 45.9095846], [9.1533152, 45.9095052], [9.1533678, 45.909477], [9.1534381, 45.9094632], [9.1534091, 45.909445], [9.1533393, 45.9094522], [9.1532759, 45.9094778], [9.1532427, 45.9094743], [9.1532336, 45.9094633], [9.1532177, 45.9094443], [9.153158, 45.9094031], [9.1531607, 45.9093682], [9.1528915, 45.9091514], [9.1527478, 45.9090391], [9.1527122, 45.9089806], [9.1527235, 45.9089536]]]}}, {"type": "Feature", "properties": {"nome": "Lago di Como"}, "geometry": {"type": "Polygon", "coordinates": [[[9.1596972, 45.938556], [9.1594847, 45.93842], [9.1584705, 45.937865], [9.1582317, 45.9377469], [9.1580229, 45.9376616], [9.1576057, 45.9375957], [9.1570802, 45.9375611], [9.156631, 45.9374284], [9.1563808, 45.9373309], [9.156187, 45.9372411], [9.1556029, 45.9369297], [9.1553425, 45.9367968], [9.1551148, 45.9366802], [9.1549889, 45.9366263], [9.1541319, 45.9363576], [9.153914, 45.9362724], [9.1532779, 45.9359763], [9.1529806, 45.9357427], [9.1528039, 45.9356189], [9.1526588, 45.9354146], [9.1524957, 45.9353293], [9.1523521, 45.9352755], [9.1520936, 45.9350958], [9.1519676, 45.9349756], [9.1519755, 45.9349663], [9.1520197, 45.9349143], [9.1518616, 45.9343688], [9.1515079, 45.9340446], [9.1513268, 45.9340882], [9.1508971, 45.9338597], [9.1508114, 45.9337968], [9.1507677, 45.9337294], [9.1507221, 45.9335584], [9.1506826, 45.9332435], [9.150577, 45.9329466], [9.1505673, 45.9323436], [9.150397, 45.93211], [9.1503863, 45.9319205], [9.1504103, 45.9316769], [9.1505298, 45.9315419], [9.1506653, 45.9313645], [9.1506545, 45.9312429], [9.1506849, 45.9311286], [9.1505637, 45.9310295], [9.1503215, 45.9309083], [9.1501939, 45.9308095], [9.1500378, 45.9306056], [9.1497984, 45.9300315], [9.1496217, 45.9296762], [9.149631, 45.9295232], [9.1495882, 45.9292082], [9.1496716, 45.9290236], [9.1497825, 45.9289199], [9.1499447, 45.9286677], [9.1500135, 45.9284876], [9.1500484, 45.9282626], [9.1500996, 45.9281005], [9.1501749, 45.9279204], [9.1503241, 45.9276637], [9.1504251, 45.9274431], [9.1504731, 45.927317], [9.1504952, 45.927137], [9.1507193, 45.9265564], [9.1509758, 45.9260069], [9.1510428, 45.9257683], [9.1510193, 45.9257132], [9.1509585, 45.9255704], [9.1507924, 45.9249586], [9.150798, 45.924648], [9.1509365, 45.9239908], [9.1509685, 45.9239188], [9.1510537, 45.9238377], [9.1510954, 45.9237476], [9.1511708, 45.9230275], [9.151318, 45.9225953], [9.1513621, 45.9222308], [9.1514198, 45.9221182], [9.1515042, 45.922018], [9.1515801, 45.9219384], [9.1516642, 45.9218569], [9.1516036, 45.9216052], [9.1517894, 45.9210737], [9.151821, 45.9208486], [9.1519216, 45.9205065], [9.1519671, 45.9202098]]]}}, {"type": "Feature", "properties": {"nome": "Lago di Como"}, "geometry": {"type": "Polygon", "coordinates": [[[9.2112197, 45.9512477], [9.2111587, 45.9511977], [9.2110808, 45.951017], [9.2109143, 45.9510788], [9.2108574, 45.9510177], [9.2107868, 45.9509419], [9.2107721, 45.9508924], [9.2107843, 45.9506989], [9.2107611, 45.9506274], [9.2107031, 45.9505811], [9.2105278, 45.9505664], [9.2103955, 45.9504953], [9.2103651, 45.950479], [9.2102209, 45.9504292], [9.2096139, 45.9501427], [9.2095575, 45.9500351], [9.209186, 45.9498984], [9.2089411, 45.9498636], [9.2087159, 45.9498316], [9.2080126, 45.9499054], [9.2074785, 45.9500039], [9.2070302, 45.9500036], [9.2066962, 45.9499727], [9.2059187, 45.9499341], [9.2058501, 45.9499034], [9.2047214, 45.9493705], [9.2044232, 45.9492139], [9.2042978, 45.9491584], [9.2041621, 45.949135], [9.2040755, 45.9490466], [9.2041053, 45.9489593], [9.2038767, 45.9487853], [9.2036863, 45.9484354], [9.2033948, 45.9480829], [9.2033662, 45.9479909], [9.203058, 45.9477831], [9.2030517, 45.9477006], [9.2025137, 45.9472847], [9.2023751, 45.947268], [9.202326, 45.9472621], [9.2021222, 45.947252], [9.2015422, 45.9469443], [9.2014819, 45.9469883], [9.2013271, 45.9469251], [9.2013691, 45.9468476], [9.2010313, 45.9467233], [9.2009178, 45.9467726], [9.2008913, 45.946763], [9.2007681, 45.9467185], [9.2005889, 45.9466537], [9.2000197, 45.9465757], [9.1991327, 45.9465506], [9.1983348, 45.9465408], [9.1979838, 45.9466251], [9.1980402, 45.9466898], [9.1977629, 45.9467948], [9.1977086, 45.9467275], [9.1973791, 45.9468391], [9.1972619, 45.9468673], [9.1969349, 45.9468576], [9.1964653, 45.9467361], [9.1960763, 45.9466468], [9.1959984, 45.9466365], [9.1959204, 45.9466261], [9.1957463, 45.9466399], [9.1955932, 45.9466806], [9.195421, 45.9467379], [9.1951575, 45.9468072], [9.1948047, 45.9469124], [9.1947373, 45.9469072], [9.1946434, 45.9468999], [9.1943866, 45.9468447], [9.1942119, 45.9468072], [9.19419, 45.9468663], [9.1941139, 45.9468528], [9.1941372, 45.9467884], [9.1940857, 45.9467732], [9.1940651, 45.9467102], [9.1936758, 45.9466226], [9.1936515, 45.9467245], [9.1936278, 45.9467173], [9.1929622, 45.9464959], [9.1926203, 45.9463458], [9.1920836, 45.9461103], [9.1919109, 45.946079], [9.1918276, 45.9460009], [9.191553, 45.9460022], [9.1912598, 45.9460333], [9.1910445, 45.9459859], [9.1907233, 45.9458965], [9.1905443, 45.9458833], [9.1903701, 45.945888], [9.1897267, 45.9459915], [9.1896219, 45.9459636], [9.1889774, 45.9458252], [9.1882034, 45.9456389], [9.1875399, 45.9456012], [9.1871227, 45.9456558], [9.1871241, 45.9455561], [9.18585, 45.9455532], [9.1857042, 45.9455529], [9.1855002, 45.9455947], [9.1851966, 45.945657], [9.1842649, 45.9458759], [9.1840021, 45.9459254], [9.1836435, 45.9459266], [9.1832938, 45.9460196], [9.1831522, 45.946009], [9.182962, 45.9458934], [9.1827307, 45.9457194], [9.1824023, 45.9455679], [9.182294, 45.9455141], [9.1819971, 45.9454426], [9.1814307, 45.9453535], [9.1813241, 45.9453671], [9.1810718, 45.9452719], [9.180457, 45.9448743], [9.180356, 45.9448971], [9.1799799, 45.9446512], [9.1799382, 45.9446274], [9.1799203, 45.9446179], [9.1799029, 45.9446398], [9.179842, 45.9446182], [9.1799459, 45.944489], [9.1796579, 45.9443229], [9.1792828, 45.9442556], [9.1792555, 45.9443476], [9.1790113, 45.9443069], [9.1789544, 45.9443164], [9.1788253, 45.9443368], [9.1784272, 45.9443761], [9.1784237, 45.9443422], [9.1776973, 45.944338], [9.1774763, 45.9443114], [9.1766033, 45.9440277], [9.1764907, 45.9440652], [9.176017, 45.9438873], [9.1759832, 45.9438217], [9.1755136, 45.9436667], [9.1750501, 45.9435137], [9.1750057, 45.9434983], [9.1740181, 45.9431577], [9.1729619, 45.9427502], [9.1723376, 45.9426274], [9.1720567, 45.9425879], [9.1715573, 45.9424351], [9.170919, 45.9422011], [9.1705297, 45.9420618], [9.170224, 45.9419151], [9.1700656, 45.9417923], [9.16994, 45.9416342], [9.1698981, 45.9413831], [9.1696579, 45.9410709], [9.1694457, 45.9410771], [9.1691145, 45.9409249], [9.1687862, 45.9408388], [9.1682943, 45.9407326], [9.1672952, 45.9408202], [9.1670293, 45.9408321], [9.1668475, 45.9408365], [9.1666786, 45.9407767], [9.1664138, 45.9406601], [9.1658344, 45.9404526], [9.1656673, 45.9403996], [9.1653016, 45.9402927], [9.1649583, 45.9401783], [9.1645695, 45.9400806], [9.1640562, 45.940101], [9.1639957, 45.9400825], [9.1638372, 45.9400339], [9.163622, 45.9399564], [9.1635299, 45.9398905], [9.1632378, 45.9396814], [9.1630903, 45.9395758], [9.1629402, 45.9395176], [9.1627893, 45.9394112], [9.1625073, 45.9393979], [9.1624106, 45.9393934], [9.1618755, 45.9393011], [9.1615545, 45.9392803], [9.1612892, 45.9393135], [9.1611205, 45.9392655], [9.1606735, 45.9391394], [9.1606203, 45.9391244], [9.1603231, 45.9389087], [9.1596972, 45.938556]]]}}, {"type": "Feature", "properties": {"nome": "Lago di Como"}, "geometry": {"type": "Polygon", "coordinates": [[[9.2374766, 45.9707257], [9.2371122, 45.9707001], [9.2368585, 45.9706286], [9.2363576, 45.9704406], [9.2361427, 45.9703781], [9.2357816, 45.9703087], [9.2356503, 45.9703069], [9.2353355, 45.9703501], [9.2352456, 45.9704563], [9.2349931, 45.9705514], [9.2349075, 45.9705245], [9.2347166, 45.9704214], [9.2344626, 45.9702419], [9.2342439, 45.9700353], [9.2340346, 45.9697568], [9.2336439, 45.969312], [9.2333474, 45.9690066], [9.2331724, 45.968845], [9.2325282, 45.9683332], [9.2321702, 45.9679964], [9.2317341, 45.9674888], [9.2313721, 45.9669585], [9.2312879, 45.9668732], [9.2310256, 45.9666397], [9.2308508, 45.9665095], [9.2302605, 45.9661552], [9.2300565, 45.9659891], [9.2295981, 45.965531], [9.2292623, 45.9651042], [9.2289723, 45.9647942], [9.2287372, 45.9645022], [9.2282593, 45.9640351], [9.2279323, 45.9637478], [9.2278624, 45.9636219], [9.2278487, 45.9634374], [9.2276492, 45.9631543], [9.2271358, 45.9626738], [9.2270143, 45.9625346], [9.2268909, 45.9623458], [9.2266503, 45.962058], [9.2265009, 45.9620315], [9.2262223, 45.9620848], [9.2259574, 45.9621214], [9.2256337, 45.9621294], [9.2253877, 45.9621625], [9.2251978, 45.9621729], [9.224971, 45.962104], [9.2247663, 45.9621471], [9.2247187, 45.9620649], [9.2247214, 45.9620126], [9.2247596, 45.9618866], [9.2247513, 45.9618146], [9.2246697, 45.9615987], [9.2246048, 45.9614999], [9.2243824, 45.9615408], [9.224234, 45.9615456], [9.2239134, 45.9616587], [9.2237247, 45.9616636], [9.2235471, 45.961637], [9.2233843, 45.9616643], [9.2232375, 45.9616646], [9.2229944, 45.9617866], [9.2228959, 45.9617938], [9.2227267, 45.9617871], [9.222519, 45.9617358], [9.2222855, 45.9616035], [9.2221056, 45.9614058], [9.222044, 45.9613115], [9.2220309, 45.9612665], [9.2220515, 45.9611809], [9.2221492, 45.9610052], [9.2221376, 45.9609288], [9.2220421, 45.9608525], [9.2218402, 45.9607809], [9.22179, 45.9607405], [9.2214967, 45.9604035], [9.2212912, 45.9602419], [9.2212619, 45.96017], [9.2210998, 45.9599723], [9.2210253, 45.9599005], [9.2208912, 45.9598512], [9.2208087, 45.9597794], [9.2207872, 45.9596669], [9.220853, 45.9595813], [9.2210468, 45.9592299], [9.2210691, 45.9591579], [9.2211253, 45.9590767], [9.2211411, 45.9590047], [9.2210699, 45.9589553], [9.221036, 45.9585459], [9.2207921, 45.9580559], [9.2207403, 45.9579885], [9.2206998, 45.9579526], [9.2205172, 45.9578764], [9.2203959, 45.9577957], [9.2201239, 45.9575098], [9.2200639, 45.9574543], [9.219946, 45.9574141], [9.2198879, 45.9574097], [9.2196987, 45.957302], [9.2196258, 45.9572257], [9.2195252, 45.9570684], [9.2192733, 45.9570014], [9.2186866, 45.956692], [9.2185719, 45.9566653], [9.2182653, 45.9566299], [9.2181217, 45.9566411], [9.2178699, 45.9565677], [9.2177972, 45.9565363], [9.217758, 45.9564239], [9.2176674, 45.9563521], [9.2176479, 45.9562981], [9.2176936, 45.9560235], [9.2176486, 45.9558655], [9.2175441, 45.9557493], [9.217418, 45.9556685], [9.2173855, 45.9556281], [9.2172222, 45.9555294], [9.2171898, 45.9554844], [9.2171636, 45.955381], [9.2170553, 45.9553317], [9.2169712, 45.9552553], [9.2169289, 45.9551744], [9.2169156, 45.9550664], [9.2168897, 45.955035], [9.2168605, 45.955008], [9.2167556, 45.9549767], [9.2166487, 45.9548644], [9.2166292, 45.9548329], [9.216632, 45.9547249], [9.21647, 45.9545497], [9.2163843, 45.9544914], [9.2163518, 45.9544419], [9.2163355, 45.9543789], [9.2162706, 45.9542981], [9.2161564, 45.9539563], [9.2160494, 45.9538214], [9.2155081, 45.9534809], [9.2153639, 45.9533862], [9.2150052, 45.9532338], [9.2146852, 45.9530636], [9.2141276, 45.9527719], [9.213948, 45.9526327], [9.2135783, 45.9525344], [9.2131374, 45.9523822], [9.2127319, 45.9521984], [9.2125589, 45.9520952], [9.2124586, 45.9520279], [9.2124067, 45.951956], [9.2124358, 45.9517156], [9.2122763, 45.9515917], [9.2120055, 45.9516192], [9.2118683, 45.9516059], [9.2117633, 45.9515566], [9.2115319, 45.951359], [9.2113656, 45.9513233], [9.2112574, 45.9512785], [9.2112197, 45.9512477]]]}}, {"type": "Feature", "properties": {"nome": "Lago di Como"}, "geometry": {"type": "Polygon", "coordinates": [[[9.2439025, 45.9747661], [9.243812, 45.9746638], [9.2433571, 45.9742719], [9.2431725, 45.9740984], [9.2430748, 45.9740283], [9.2421065, 45.9731999], [9.2418561, 45.9730128], [9.24146, 45.9728379], [9.2413339, 45.9727657], [9.2414473, 45.9726693], [9.2409417, 45.9724206], [9.2407768, 45.9723529], [9.2403473, 45.972255], [9.2402391, 45.9722192], [9.2401058, 45.972139], [9.2398729, 45.9721521], [9.2396593, 45.9720855], [9.2397248, 45.9719729], [9.2393081, 45.9718121], [9.2391296, 45.9717553], [9.2390452, 45.9717352], [9.2383342, 45.9714483], [9.2384801, 45.9713624], [9.237891, 45.9711561], [9.2376249, 45.9709868], [9.2373647, 45.9709846], [9.2373538, 45.9708292], [9.2374766, 45.9707257]]]}}, {"type": "Feature", "properties": {"nome": "Lago di Como"}, "geometry": {"type": "Polygon", "coordinates": [[[9.2455837, 45.9759372], [9.2454421, 45.975834], [9.2449438, 45.975579], [9.2448571, 45.9756416], [9.2445928, 45.975498], [9.244517, 45.9755709], [9.2444981, 45.9755627], [9.2444852, 45.9755574], [9.2444702, 45.9755512], [9.2444551, 45.975545], [9.2445396, 45.9754723], [9.2442142, 45.9752978], [9.2441061, 45.9753143], [9.2440844, 45.9753259], [9.2440617, 45.9753158], [9.2440584, 45.9753002], [9.2440617, 45.9752874], [9.244111, 45.9752913], [9.2441971, 45.9752679], [9.2443808, 45.9753467], [9.2448577, 45.9756007], [9.2449843, 45.9755168], [9.2449427, 45.9754905], [9.2449894, 45.9754375], [9.2449323, 45.9754058], [9.2444973, 45.975157], [9.2443431, 45.9752628], [9.2443165, 45.9752429], [9.2443561, 45.9752128], [9.2439628, 45.974952], [9.2439441, 45.9748871], [9.243978, 45.9748255], [9.2439025, 45.9747661]]]}}, {"type": "Feature", "properties": {"nome": "Lago di Como"}, "geometry": {"type": "Polygon", "coordinates": [[[9.2515087, 45.9774648], [9.2513809, 45.9773471], [9.2511341, 45.9772176], [9.2509317, 45.9771742], [9.2506276, 45.9771174], [9.2501667, 45.9770736], [9.2496623, 45.9770324], [9.2495864, 45.9770354], [9.2495227, 45.9770592], [9.2494556, 45.9771095], [9.2494268, 45.9771284], [9.2494037, 45.9771349], [9.2493819, 45.9771449], [9.2493376, 45.9771677], [9.249342, 45.9771768], [9.2493396, 45.9771866], [9.2493282, 45.977198], [9.2493135, 45.9772036], [9.2492903, 45.977205], [9.2492709, 45.9771983], [9.2492595, 45.9771892], [9.2492565, 45.977175], [9.2492625, 45.9771605], [9.2492823, 45.9771519], [9.2493031, 45.9771489], [9.2493178, 45.9771512], [9.2494275, 45.9770969], [9.2494576, 45.9770685], [9.2494449, 45.9770582], [9.2494241, 45.9770378], [9.2490182, 45.9770473], [9.2483701, 45.977156], [9.2478873, 45.9772371], [9.247311, 45.9772919], [9.2471167, 45.9772442], [9.2469839, 45.9771819], [9.2468347, 45.9771005], [9.2466351, 45.9769272], [9.246398, 45.9765901], [9.2461863, 45.9763527], [9.2455837, 45.9759372]]]}}, {"type": "Feature", "properties": {"nome": "Lago di Como"}, "geometry": {"type": "Polygon", "coordinates": [[[9.2519934, 45.9780632], [9.2518485, 45.9779923], [9.2515348, 45.9779192], [9.2514422, 45.9779505], [9.2513962, 45.9778484], [9.2513529, 45.9778331], [9.2513549, 45.9778085], [9.2515298, 45.9778309], [9.2515635, 45.9778628], [9.2518161, 45.9778596], [9.2519419, 45.9777862], [9.2520275, 45.9778457], [9.2522258, 45.977711], [9.2520405, 45.9775682], [9.2519633, 45.9776128], [9.2518421, 45.9775101], [9.2517032, 45.9775922], [9.2518451, 45.9777094], [9.2517074, 45.9777928], [9.251497, 45.9776337], [9.2514998, 45.9775306], [9.2515087, 45.9774648]]]}}, {"type": "Feature", "properties": {"nome": "Lago di Como"}, "geometry": {"type": "Polygon", "coordinates": [[[9.2561181, 45.9824846], [9.2553127, 45.9818763], [9.2550342, 45.9816973], [9.2545032, 45.9813457], [9.2543424, 45.9813074], [9.2542631, 45.9812778], [9.2542226, 45.9811765], [9.254115, 45.9810614], [9.2539618, 45.9809558], [9.2536199, 45.9803993], [9.253266, 45.9799993], [9.2529685, 45.9797251], [9.252863, 45.9795907], [9.2527988, 45.979467], [9.2527337, 45.9793751], [9.2528086, 45.9792994], [9.2527805, 45.9792867], [9.2527486, 45.9792706], [9.2527184, 45.979252], [9.2526989, 45.9792293], [9.2526874, 45.9792087], [9.2526777, 45.9791715], [9.2526745, 45.9791431], [9.2526837, 45.9791061], [9.2526915, 45.9790812], [9.2527088, 45.9790512], [9.2525265, 45.9787725], [9.2525031, 45.9787416], [9.2523611, 45.9785614], [9.2522348, 45.978389], [9.25222, 45.9783694], [9.2522058, 45.9783493], [9.2521633, 45.9782913], [9.2519934, 45.9780632]]]}}, {"type": "Feature", "properties": {"nome": "Lago di Como"}, "geometry": {"type": "Polygon", "coordinates": [[[9.2600805, 45.9856654], [9.2599778, 45.9857267], [9.2599025, 45.9857345], [9.2598852, 45.9855991], [9.2598393, 45.9855319], [9.2597504, 45.985474], [9.2596924, 45.9854724], [9.2596324, 45.9854877], [9.2595944, 45.9854624], [9.2596235, 45.9853974], [9.2594706, 45.9852859], [9.2591622, 45.9850732], [9.2590844, 45.9850771], [9.2590375, 45.9850477], [9.2590293, 45.9850755], [9.2590137, 45.9850744], [9.258995, 45.9850723], [9.2589811, 45.9850644], [9.2589733, 45.9850564], [9.2589653, 45.985043], [9.2589646, 45.9850292], [9.259005, 45.9850285], [9.2589696, 45.9850015], [9.2589711, 45.9849666], [9.2589853, 45.9849548], [9.2582733, 45.9844651], [9.2581817, 45.9843963], [9.2575517, 45.9839849], [9.2575298, 45.9839977], [9.2575067, 45.9839977], [9.2574848, 45.9839857], [9.2574837, 45.9839633], [9.2575102, 45.9839497], [9.2571743, 45.9837345], [9.2570885, 45.9836903], [9.2570679, 45.9837071], [9.2570352, 45.983702], [9.2570276, 45.9836852], [9.2570476, 45.9836675], [9.2565938, 45.9833894], [9.2565841, 45.9833409], [9.25681, 45.9833069], [9.2570006, 45.983475], [9.2572566, 45.9832811], [9.2572184, 45.9832212], [9.2570238, 45.983085], [9.2568069, 45.983252], [9.2567721, 45.9832586], [9.2567226, 45.9832834], [9.2565447, 45.9831545], [9.2563758, 45.9831553], [9.2563317, 45.9830293], [9.256157, 45.9828989], [9.25645, 45.9826798], [9.2562942, 45.9826064], [9.2561181, 45.9824846]]]}}, {"type": "Feature", "properties": {"nome": "Lago di Como"}, "geometry": {"type": "Polygon", "coordinates": [[[9.2613115, 45.9896425], [9.2605804, 45.9891768], [9.2605178, 45.9889371], [9.2605125, 45.9889131], [9.2604786, 45.9887632], [9.260323, 45.9886645], [9.2602426, 45.9883534], [9.2602419, 45.9882207], [9.2604507, 45.9882802], [9.2605389, 45.9882758], [9.2605174, 45.9882571], [9.2604823, 45.988236], [9.2602266, 45.9881507], [9.2602271, 45.9880527], [9.2602438, 45.9879124], [9.260265, 45.9878331], [9.2602703, 45.9877926], [9.2602849, 45.9877368], [9.2603131, 45.9875612], [9.2603218, 45.9874754], [9.2603325, 45.9873926], [9.2603457, 45.9873065], [9.2603576, 45.9871234], [9.2603617, 45.987092], [9.2603833, 45.9869791], [9.260391, 45.986931], [9.2604536, 45.9865394], [9.2604618, 45.9864641], [9.2605645, 45.9864728], [9.2606087, 45.9864561], [9.2606105, 45.9864441], [9.2606222, 45.9863657], [9.2606246, 45.9863454], [9.2606332, 45.986287], [9.2605107, 45.9862631], [9.2605097, 45.9862501], [9.2605087, 45.9862378], [9.2605012, 45.9860771], [9.2604082, 45.9860749], [9.2604104, 45.9859632], [9.2604747, 45.9859629], [9.2604699, 45.9858893], [9.2604463, 45.9858269], [9.2604111, 45.9857675], [9.2603907, 45.9857487], [9.2603606, 45.985721], [9.2602567, 45.9856677], [9.2600805, 45.9856654]]]}}, {"type": "Feature", "properties": {"nome": "Lago di Como"}, "geometry": {"type": "Polygon", "coordinates": [[[9.2645908, 45.99119], [9.2643153, 45.9913007], [9.2641594, 45.9913217], [9.264052, 45.9913201], [9.2639497, 45.9912982], [9.2637597, 45.9912458], [9.2634411, 45.9911634], [9.2635306, 45.9909578], [9.2632217, 45.9908567], [9.262927, 45.9907453], [9.2626498, 45.9905798], [9.2627188, 45.9904762], [9.2626008, 45.9903527], [9.2616896, 45.9899071], [9.26138, 45.9896986], [9.2613115, 45.9896425]]]}}, {"type": "Feature", "properties": {"nome": "Lago di Como"}, "geometry": {"type": "Polygon", "coordinates": [[[9.2646371, 45.991177], [9.2646698, 45.9912509], [9.2647068, 45.9912625], [9.2651539, 45.9912023], [9.2653294, 45.9911874], [9.2653726, 45.9911931], [9.2654023, 45.9912039], [9.2654077, 45.991214], [9.2653918, 45.9912296], [9.2653993, 45.9912391], [9.2655146, 45.9912639], [9.2655266, 45.9912498], [9.2655444, 45.9912589], [9.2655453, 45.9912739], [9.2655406, 45.9912834], [9.2655247, 45.9912857], [9.2655113, 45.9912834], [9.265418, 45.9912687], [9.2653119, 45.9912511], [9.2653179, 45.9912151], [9.2651927, 45.9912279], [9.26471, 45.9912894], [9.264628, 45.9912598], [9.2645908, 45.99119]]]}}, {"type": "Feature", "properties": {"nome": "Lago di Como"}, "geometry": {"type": "Polygon", "coordinates": [[[9.2643303, 45.9833639], [9.2647975, 45.9835741], [9.2655813, 45.9839637], [9.265666, 45.9838956], [9.2657176, 45.9839142], [9.2656678, 45.9839896], [9.2658836, 45.9840811], [9.2659309, 45.9841144], [9.2660336, 45.9839625], [9.266005, 45.9839066], [9.2659582, 45.98387], [9.2659243, 45.9839275], [9.2657023, 45.9838644], [9.2656932, 45.9838606], [9.2657325, 45.9837899], [9.2657914, 45.9837954], [9.2660781, 45.9838721], [9.26621, 45.9838673], [9.2662722, 45.9839412], [9.2661543, 45.9841642], [9.2662927, 45.9843016], [9.2664094, 45.9844288], [9.266363, 45.9844479], [9.266445, 45.9846532], [9.2665775, 45.984771], [9.2666611, 45.9849364], [9.2669386, 45.985409], [9.2669996, 45.9858717], [9.2670136, 45.9863108], [9.2672829, 45.9867081], [9.2672163, 45.9868281], [9.2672512, 45.9869171], [9.2672623, 45.9870067], [9.2672465, 45.9872081], [9.2671016, 45.9873613], [9.2668362, 45.9878345], [9.2668208, 45.9879599], [9.2668472, 45.9881838], [9.2669482, 45.9883228], [9.2668913, 45.9883714], [9.2669174, 45.9884135], [9.2667698, 45.988497], [9.2667839, 45.9886658], [9.2667411, 45.9887807], [9.2667984, 45.9888772], [9.2670041, 45.9890438], [9.2671115, 45.989186], [9.2670623, 45.9893272], [9.2669386, 45.9896471], [9.2668832, 45.990298], [9.266769, 45.9904942], [9.2665502, 45.9905832], [9.2662073, 45.9906385], [9.2658921, 45.9908612], [9.2657241, 45.9909614], [9.2652481, 45.9910423], [9.2652732, 45.9910948], [9.2652516, 45.9910977], [9.2652217, 45.9910453], [9.2646297, 45.9911233], [9.2646371, 45.991177]]]}}, {"type": "Feature", "properties": {"nome": "Lago di Como"}, "geometry": {"type": "Polygon", "coordinates": [[[9.264099, 45.981689], [9.2639433, 45.9818736], [9.2638488, 45.9820358], [9.2638311, 45.9820611], [9.263819, 45.9820784], [9.2637491, 45.9821783], [9.2636885, 45.9823299], [9.2637716, 45.9824695], [9.2637367, 45.9824974], [9.2636703, 45.9824371], [9.2636313, 45.9825271], [9.2636223, 45.9826217], [9.263651, 45.9826636], [9.2637075, 45.9827613], [9.2637316, 45.9828073], [9.2638047, 45.9829053], [9.2639373, 45.9830318], [9.2639208, 45.9830632], [9.2641074, 45.983183], [9.2641783, 45.9831454], [9.2642907, 45.9832505], [9.264401, 45.983288], [9.2643303, 45.9833639]]]}}, {"type": "Feature", "properties": {"nome": "Lago di Como"}, "geometry": {"type": "Polygon", "coordinates": [[[9.2662329, 45.9619106], [9.2662221, 45.9620182], [9.2661317, 45.9623424], [9.2661384, 45.9624009], [9.2662989, 45.962567], [9.2663608, 45.9626839], [9.2663342, 45.9628639], [9.2662578, 45.9630711], [9.2663669, 45.9632824], [9.2663806, 45.9634488], [9.2668213, 45.9638438], [9.2671926, 45.9642389], [9.2674542, 45.9644072], [9.267661, 45.9645175], [9.2678645, 45.9645912], [9.2679548, 45.964683], [9.2678953, 45.9649177], [9.2678277, 45.9651451], [9.2675869, 45.965714], [9.2675729, 45.9658311], [9.2676351, 45.9660109], [9.2677258, 45.9660917], [9.267929, 45.9664107], [9.2681036, 45.9668198], [9.2682135, 45.9671886], [9.2682296, 45.9675261], [9.2682013, 45.9676746], [9.2682359, 45.9678186], [9.2683591, 45.9679443], [9.2683287, 45.9679938], [9.2682143, 45.9680211], [9.2682192, 45.9680436], [9.2683749, 45.9682097], [9.2688381, 45.9685821], [9.2691093, 45.9689325], [9.2692721, 45.9692426], [9.2694942, 45.9698001], [9.2696795, 45.9700877], [9.269871, 45.9703077], [9.2698846, 45.9704517], [9.2698157, 45.9705599], [9.2697097, 45.9706546], [9.2693087, 45.9711326], [9.2692025, 45.9712003], [9.2691476, 45.9711915], [9.2688459, 45.9712012], [9.2687783, 45.9712194], [9.2686763, 45.9713203], [9.2685999, 45.9714157], [9.2684139, 45.9716162], [9.2683594, 45.9716884], [9.2682903, 45.971738], [9.2680589, 45.9726026], [9.2679297, 45.9729269], [9.2678075, 45.9733457], [9.2677868, 45.9734043], [9.2676346, 45.9736251], [9.2676627, 45.9737691], [9.2676549, 45.9738231], [9.2675909, 45.9739222], [9.2675704, 45.9740213], [9.2677216, 45.9742639], [9.2677235, 45.9743224], [9.2676931, 45.97439], [9.2676273, 45.9744532], [9.2675549, 45.9744938], [9.2673584, 45.9745663], [9.2671166, 45.9746119], [9.2669133, 45.9746304], [9.2667038, 45.9746714], [9.2666071, 45.9747076], [9.2662628, 45.9749064], [9.2662323, 45.974947], [9.2662202, 45.9751045], [9.2662945, 45.9754554], [9.2662965, 45.9755454], [9.2662244, 45.975649], [9.2660846, 45.9757799], [9.2660802, 45.9758564], [9.26612, 45.9760858], [9.2660832, 45.9761534], [9.2658228, 45.9763565], [9.2657608, 45.9765303], [9.2656647, 45.9766259], [9.2656561, 45.9767126], [9.2657678, 45.9767587], [9.2657458, 45.9768511], [9.2656175, 45.9769581], [9.2655989, 45.97705], [9.2655463, 45.9772492], [9.2654418, 45.9776669], [9.2652704, 45.9782794], [9.2652518, 45.9784414], [9.2653079, 45.9787068], [9.2655001, 45.9790843], [9.2656413, 45.9792505], [9.2656889, 45.9794214], [9.2656781, 45.9795159], [9.2655742, 45.9797142], [9.2655288, 45.9800248], [9.2653336, 45.9803763], [9.2651188, 45.9807502], [9.2650344, 45.9808945], [9.2650111, 45.9810233], [9.264858, 45.9811334], [9.2647648, 45.9812146], [9.2641744, 45.9816075], [9.264099, 45.981689]]]}}, {"type": "Feature", "properties": {"nome": "Lago di Como"}, "geometry": {"type": "Polygon", "coordinates": [[[9.268411, 45.9597676], [9.2680418, 45.9600203], [9.2678282, 45.9602188], [9.2677591, 45.9603665], [9.2677721, 45.9604489], [9.2676437, 45.960567], [9.2676035, 45.9606976], [9.2674776, 45.9608143], [9.2673044, 45.960873], [9.2667731, 45.9612024], [9.2665378, 45.9613814], [9.2665734, 45.9614065], [9.2663703, 45.9615691], [9.266379, 45.961577], [9.2664582, 45.9615849], [9.2665695, 45.9615943], [9.2665648, 45.9616194], [9.2664441, 45.9616129], [9.266436, 45.9616064], [9.2663844, 45.9615994], [9.2663493, 45.9615945], [9.2663149, 45.9615706], [9.266264, 45.9616671], [9.2662329, 45.9619106]]]}}, {"type": "Feature", "properties": {"nome": "Lago di Como"}, "geometry": {"type": "Polygon", "coordinates": [[[9.2710851, 45.9576372], [9.2710879, 45.9577395], [9.2710907, 45.957782], [9.2707763, 45.9580743], [9.2701376, 45.9587688], [9.2697442, 45.9591343], [9.2694755, 45.9592789], [9.2691471, 45.9594237], [9.2688492, 45.9595324], [9.2684245, 45.9597584], [9.268411, 45.9597676]]]}}, {"type": "Feature", "properties": {"nome": "Lago di Como"}, "geometry": {"type": "Polygon", "coordinates": [[[9.2767612, 45.9510627], [9.2767036, 45.9511255], [9.2765979, 45.9512788], [9.2763259, 45.952049], [9.2761868, 45.9522878], [9.2761744, 45.9523913], [9.2762056, 45.9526139], [9.2762129, 45.9526657], [9.2762054, 45.9527918], [9.2761402, 45.9529719], [9.2760745, 45.9530576], [9.2756608, 45.9533638], [9.2757183, 45.9533732], [9.2756806, 45.9535324], [9.2757269, 45.9535347], [9.2758158, 45.9535802], [9.2758184, 45.9534542], [9.2759794, 45.9534488], [9.275989, 45.9536968], [9.2759358, 45.9537059], [9.2758968, 45.9539715], [9.2758598, 45.9539941], [9.2758443, 45.9541202], [9.2756993, 45.954161], [9.2756106, 45.9544897], [9.2754428, 45.9548006], [9.2752824, 45.954981], [9.2750927, 45.955121], [9.274792, 45.9552927], [9.2745772, 45.9554138], [9.2742992, 45.9555693], [9.2736701, 45.9551073], [9.2736417, 45.9551226], [9.2742578, 45.955594], [9.2738361, 45.9557405], [9.2731355, 45.9559626], [9.2730996, 45.9559518], [9.2726859, 45.9560666], [9.2721933, 45.9563011], [9.2719652, 45.9564526], [9.271889, 45.9566206], [9.2719028, 45.9567195], [9.2718544, 45.9568319], [9.2717238, 45.9569107], [9.27166, 45.9570255], [9.2718183, 45.9570908], [9.2713925, 45.9574248], [9.2711364, 45.9575133], [9.2711031, 45.9575944], [9.2710851, 45.9576372]]]}}, {"type": "Feature", "properties": {"nome": "Lago di Como"}, "geometry": {"type": "Polygon", "coordinates": [[[9.282954, 45.9345423], [9.2828105, 45.9347214], [9.2826064, 45.935172], [9.2825731, 45.9353841], [9.2826353, 45.9357839], [9.2826245, 45.9361979], [9.2824761, 45.9365088], [9.2824336, 45.9367069], [9.2824171, 45.9369635], [9.2824886, 45.9372326], [9.2826321, 45.9373661], [9.282625, 45.937566], [9.2824385, 45.9378771], [9.2824731, 45.9380387], [9.2824703, 45.9381769], [9.2823852, 45.9383375], [9.2823044, 45.9384482], [9.2823222, 45.9389078], [9.2823798, 45.9391327], [9.2824545, 45.9392495], [9.2824709, 45.9394051], [9.2825002, 45.9396634], [9.2824605, 45.9397985], [9.2825094, 45.9398045], [9.2824646, 45.9399286], [9.2824215, 45.9400461], [9.2824108, 45.9401586], [9.2823681, 45.9403342], [9.2822432, 45.9405145], [9.2822231, 45.9406676], [9.2822797, 45.940717], [9.282118, 45.9409469], [9.2816762, 45.941263], [9.281054, 45.941953], [9.2807968, 45.9422279], [9.280454, 45.9428949], [9.2803066, 45.9430888], [9.2800447, 45.9432784], [9.2797858, 45.943414], [9.2795983, 45.9435466], [9.2792746, 45.9438692], [9.2792096, 45.9439983], [9.2792061, 45.9442344], [9.2790771, 45.9445587], [9.2790252, 45.9448178], [9.2789064, 45.9452566], [9.278817, 45.9454279], [9.278772, 45.9455998], [9.278669, 45.9458551], [9.2786007, 45.9459711], [9.2786169, 45.9460538], [9.2786203, 45.9460853], [9.2785838, 45.9461979], [9.278563, 45.9462385], [9.2784516, 45.9465313], [9.2784425, 45.9466618], [9.2783895, 45.9466889], [9.2782789, 45.9466888], [9.2782144, 45.9467459], [9.2780878, 45.9468974], [9.2779809, 45.9469436], [9.2779834, 45.9470904], [9.2779096, 45.9472342], [9.2779514, 45.9473598], [9.277931, 45.9476852], [9.2778886, 45.9477252], [9.2778388, 45.9478448], [9.277891, 45.9478595], [9.2777732, 45.9479991], [9.2776803, 45.9480766], [9.277735, 45.9483645], [9.2777707, 45.9484094], [9.2777874, 45.9485264], [9.2778526, 45.9486567], [9.277868, 45.9488412], [9.2778462, 45.9489943], [9.2778159, 45.9490573], [9.2775798, 45.9492644], [9.2774594, 45.9493594], [9.2773785, 45.9494883], [9.2772625, 45.9499802], [9.277162, 45.9505484], [9.2769394, 45.9508685], [9.2767612, 45.9510627]]]}}, {"type": "Feature", "properties": {"nome": "Lago di Como"}, "geometry": {"type": "Polygon", "coordinates": [[[9.2864341, 45.9242676], [9.2863829, 45.9243736], [9.2864834, 45.9244075], [9.2864441, 45.9244765], [9.2864924, 45.9244942], [9.2864387, 45.9245595], [9.2864387, 45.9246369], [9.2864307, 45.9247619], [9.2864631, 45.9248077], [9.2863221, 45.9250054], [9.2862671, 45.9250586], [9.2862362, 45.9250632], [9.2862497, 45.9250996], [9.2862255, 45.9251612], [9.2861316, 45.9251379], [9.2860994, 45.9251052], [9.286078, 45.9251565], [9.2860927, 45.9251696], [9.2860807, 45.9251836], [9.2859104, 45.9252825], [9.2857856, 45.9253925], [9.2857074, 45.9255067], [9.2857218, 45.9256012], [9.2857293, 45.9256855], [9.2857521, 45.9257638], [9.2858454, 45.9259082], [9.2858701, 45.9259037], [9.2859251, 45.9260148], [9.2860007, 45.926118], [9.2860892, 45.9262603], [9.286129, 45.9263879], [9.2861585, 45.9264187], [9.2862027, 45.9264495], [9.2861876, 45.9264816], [9.286177, 45.9264987], [9.2861368, 45.9265634], [9.2860906, 45.9266668], [9.2861117, 45.9266982], [9.2861424, 45.9267013], [9.2862, 45.9267816], [9.2862215, 45.9267853], [9.2862284, 45.9268194], [9.2862094, 45.9268422], [9.2862108, 45.9269004], [9.2861583, 45.9269044], [9.2861608, 45.9269584], [9.2861969, 45.9269596], [9.2861955, 45.9269905], [9.2862027, 45.9270642], [9.2861088, 45.9270735], [9.2861115, 45.927122], [9.2861316, 45.9271379], [9.2862081, 45.9271379], [9.2862067, 45.927178], [9.2862295, 45.927179], [9.2862228, 45.9272157], [9.2861263, 45.9272144], [9.2861182, 45.9272592], [9.286137, 45.92729], [9.2862041, 45.9272937], [9.2861947, 45.927359], [9.2861035, 45.9273599], [9.2860572, 45.9274949], [9.2860541, 45.927503], [9.2860259, 45.9275016], [9.2860176, 45.9275502], [9.2861062, 45.9275614], [9.286078, 45.927664], [9.2859868, 45.9276551], [9.285951, 45.9277722], [9.2861415, 45.9277913], [9.2861031, 45.9279377], [9.2860176, 45.9279233], [9.285946, 45.9278847], [9.2859399, 45.9279411], [9.2860092, 45.9279621], [9.2859922, 45.9279933], [9.2858862, 45.928039], [9.2857397, 45.9280788], [9.2856161, 45.928222], [9.2855245, 45.9282041], [9.2854957, 45.9282577], [9.2856067, 45.928287], [9.2855269, 45.9284507], [9.2854586, 45.928687], [9.2854597, 45.9287722], [9.2854815, 45.9288491], [9.2855134, 45.9288804], [9.2855402, 45.9288795], [9.2855509, 45.9289056], [9.2855576, 45.9289364], [9.2855509, 45.9290007], [9.2855352, 45.9290025], [9.28545, 45.9291634], [9.2854495, 45.9292785], [9.2854711, 45.9294089], [9.2854772, 45.929649], [9.2854383, 45.929775], [9.2854509, 45.929806], [9.2855067, 45.9298179], [9.2854571, 45.9299065], [9.2854973, 45.9299102], [9.2854589, 45.9300409], [9.2853954, 45.9301182], [9.2853868, 45.9301584], [9.2853208, 45.9302059], [9.2852802, 45.9302375], [9.2851459, 45.9304403], [9.2849935, 45.930639], [9.284972, 45.9306668], [9.2848905, 45.930835], [9.2848027, 45.9310971], [9.2847859, 45.9311064], [9.2847105, 45.9312026], [9.2846123, 45.931193], [9.2845986, 45.9313262], [9.2846223, 45.9313485], [9.2846577, 45.9313511], [9.2847047, 45.9313299], [9.2848925, 45.9313313], [9.2849298, 45.9313657], [9.2848046, 45.9315689], [9.2847852, 45.9316004], [9.2847074, 45.9317198], [9.2846685, 45.9318333], [9.2846725, 45.9318802], [9.2846944, 45.9319544], [9.2847026, 45.9319823], [9.2847705, 45.9320181], [9.2848463, 45.9320314], [9.2847946, 45.9321731], [9.2847679, 45.9323129], [9.2847731, 45.9323998], [9.2847963, 45.9324853], [9.28482, 45.9325556], [9.2848616, 45.9325947], [9.284871, 45.9326255], [9.284867, 45.9327244], [9.2848359, 45.9327881], [9.2847838, 45.932855], [9.2847785, 45.9329296], [9.2847342, 45.9329986], [9.2846993, 45.9330751], [9.2846803, 45.9331634], [9.2847793, 45.9331831], [9.2846039, 45.933313], [9.2846543, 45.9333497], [9.2845232, 45.9334672], [9.284437, 45.9336254], [9.2843771, 45.933736], [9.2841071, 45.9338316], [9.2839655, 45.9338859], [9.283514, 45.9341841], [9.2832919, 45.9342792], [9.2831973, 45.9343784], [9.2829803, 45.9345095], [9.282954, 45.9345423]]]}}, {"type": "Feature", "properties": {"nome": "Lago di Como"}, "geometry": {"type": "Polygon", "coordinates": [[[9.2933538, 45.9145203], [9.2934025, 45.9148181], [9.2931299, 45.9148302], [9.2930414, 45.9148341], [9.2930338, 45.9148772], [9.2930797, 45.9148839], [9.2933847, 45.9149286], [9.2932796, 45.9149811], [9.293129, 45.9150583], [9.2930478, 45.9151235], [9.2927637, 45.9156963], [9.2925364, 45.9161277], [9.2921467, 45.9166336], [9.2920012, 45.9167721], [9.292085, 45.91682], [9.2919968, 45.9169183], [9.2917587, 45.9170669], [9.2916109, 45.9171708], [9.291304, 45.9174015], [9.2911024, 45.9174466], [9.2910475, 45.9174863], [9.2906882, 45.9176484], [9.2905223, 45.917793], [9.2905055, 45.9178114], [9.2903563, 45.9179752], [9.2902923, 45.918132], [9.2902294, 45.9181922], [9.2901745, 45.9183291], [9.2899629, 45.9184827], [9.2898672, 45.9186123], [9.2896314, 45.9192066], [9.2895111, 45.9196155], [9.2894354, 45.9199767], [9.28918, 45.9203088], [9.2890911, 45.9205793], [9.2890785, 45.9207039], [9.2890953, 45.9207337], [9.2889753, 45.9207843], [9.2888488, 45.920895], [9.2888882, 45.920976], [9.2886186, 45.9213196], [9.2886146, 45.9214088], [9.2884469, 45.9216112], [9.2882898, 45.921729], [9.2881821, 45.9217832], [9.2880743, 45.921815], [9.2879956, 45.9218647], [9.2878676, 45.9220631], [9.2877345, 45.9221939], [9.2877172, 45.922275], [9.2876595, 45.9223171], [9.287688, 45.9226447], [9.2875337, 45.9229639], [9.2872216, 45.9233968], [9.2870293, 45.9236223], [9.2869169, 45.9236945], [9.2867757, 45.9238344], [9.2865306, 45.9241231], [9.2864341, 45.9242676]]]}}, {"type": "Feature", "properties": {"nome": "Lago di Como"}, "geometry": {"type": "Polygon", "coordinates": [[[9.2988939, 45.9066941], [9.2988758, 45.9067773], [9.2985476, 45.9070293], [9.2986201, 45.9070641], [9.2983497, 45.9072421], [9.2980183, 45.9075606], [9.2978456, 45.9077765], [9.2978024, 45.9079189], [9.2969114, 45.9088891], [9.2969186, 45.9089625], [9.296784, 45.9090978], [9.2965506, 45.9092388], [9.29632, 45.909354], [9.2959098, 45.9096066], [9.2954458, 45.9098066], [9.295126, 45.9098301], [9.2949035, 45.909919], [9.2946733, 45.9100109], [9.2944916, 45.9102304], [9.2941496, 45.910759], [9.2942628, 45.910769], [9.2941235, 45.9114586], [9.2940249, 45.9114589], [9.2939425, 45.9115671], [9.2939199, 45.911677], [9.2939102, 45.911842], [9.2938788, 45.9119371], [9.2938227, 45.9120697], [9.2940247, 45.9120698], [9.2940521, 45.9120775], [9.2941122, 45.9120943], [9.294102, 45.9121151], [9.2940936, 45.9121441], [9.2940359, 45.9121411], [9.2935259, 45.9130079], [9.2933709, 45.9131706], [9.2932611, 45.9136058], [9.2932394, 45.9136918], [9.2932232, 45.9139407], [9.2932405, 45.914093], [9.2933806, 45.9143045], [9.2933538, 45.9145203]]]}}, {"type": "Feature", "properties": {"nome": "Lago di Como"}, "geometry": {"type": "Polygon", "coordinates": [[[9.3028541, 45.9021025], [9.3027987, 45.9021687], [9.3023109, 45.9024161], [9.3021321, 45.9024867], [9.3020172, 45.9024384], [9.3016318, 45.90264], [9.3014623, 45.9027866], [9.3014032, 45.902953], [9.301507, 45.9030085], [9.3013137, 45.9033125], [9.3010886, 45.9037922], [9.3009559, 45.9040081], [9.301004, 45.9041409], [9.3009508, 45.9042069], [9.3008437, 45.9043397], [9.300355, 45.9047268], [9.3002135, 45.9049234], [9.299999, 45.9053359], [9.2999118, 45.9055283], [9.2998245, 45.9057306], [9.2998173, 45.9057611], [9.2997819, 45.9058514], [9.2997175, 45.9059335], [9.2996478, 45.906025], [9.2996402, 45.9060973], [9.2994373, 45.9062039], [9.299401, 45.9063142], [9.2992416, 45.9063942], [9.2989531, 45.9066129], [9.2988939, 45.9066941]]]}}, {"type": "Feature", "properties": {"nome": "Lago di Como"}, "geometry": {"type": "Polygon", "coordinates": [[[9.3072649, 45.8995224], [9.3065251, 45.9000139], [9.3062007, 45.9002664], [9.3058781, 45.9005058], [9.3056033, 45.9006612], [9.3049518, 45.9009515], [9.3042486, 45.9013293], [9.3040883, 45.9014629], [9.3030763, 45.9019998], [9.3028541, 45.9021025]]]}}, {"type": "Feature", "properties": {"nome": "Lago di Como"}, "geometry": {"type": "Polygon", "coordinates": [[[9.3110642, 45.8974359], [9.3110292, 45.897526], [9.3109896, 45.8979311], [9.3109469, 45.8980707], [9.3108833, 45.8982239], [9.3107537, 45.8983908], [9.3105577, 45.8985038], [9.3102377, 45.8986127], [9.3096179, 45.8987224], [9.3093108, 45.8987875], [9.308892, 45.8988807], [9.3079515, 45.8991672]]]}}, {"type": "Feature", "properties": {"nome": "Lago di Como"}, "geometry": {"type": "Polygon", "coordinates": [[[9.3117255, 45.8965774], [9.3115588, 45.8968195], [9.3115429, 45.8969387], [9.3114577, 45.8970268], [9.3115628, 45.8970805], [9.3115442, 45.8971399], [9.3114798, 45.8971021], [9.311134, 45.8973799], [9.3110642, 45.8974359]]]}}, {"type": "Feature", "properties": {"nome": "Lago di Como"}, "geometry": {"type": "Polygon", "coordinates": [[[9.3152716, 45.8915111], [9.3153181, 45.8919299], [9.3152367, 45.8920653], [9.3152238, 45.8922556], [9.3150815, 45.8923622], [9.3148257, 45.8927139], [9.3145887, 45.8929711], [9.3143212, 45.8931726], [9.3139907, 45.893346], [9.3138425, 45.8935041], [9.3135414, 45.89382], [9.3134118, 45.8939913], [9.3133115, 45.8941986], [9.3132947, 45.8944454], [9.3132533, 45.8947472], [9.3131, 45.8949928], [9.3128535, 45.8951876], [9.3127764, 45.8953251], [9.3126371, 45.8954785], [9.3123017, 45.8957134], [9.3122827, 45.8958466], [9.3122152, 45.8961117], [9.3120265, 45.8962806], [9.3117255, 45.8965774]]]}}, {"type": "Feature", "properties": {"nome": "Lago di Como"}, "geometry": {"type": "Polygon", "coordinates": [[[9.3177478, 45.8906356], [9.3177203, 45.8907898], [9.3175094, 45.8908986], [9.3170138, 45.8910338], [9.3168837, 45.8911062], [9.3167297, 45.8912281], [9.3166557, 45.8912508], [9.3165318, 45.8912647], [9.3160642, 45.8912074], [9.3159821, 45.8912212], [9.3157666, 45.8912938], [9.3155923, 45.8913304], [9.3152716, 45.8915111]]]}}, {"type": "Feature", "properties": {"nome": "Lago di Como"}, "geometry": {"type": "Polygon", "coordinates": [[[9.3413309, 45.8810225], [9.3412367, 45.8810321], [9.3409049, 45.8810318], [9.340741, 45.8811429], [9.3401808, 45.8816154], [9.339276, 45.8819786], [9.3386259, 45.8821311], [9.3382023, 45.8824227], [9.337148, 45.8827724], [9.3369672, 45.8829012], [9.3363943, 45.8830676], [9.3357925, 45.8832147], [9.3352927, 45.8832995], [9.3346056, 45.8832588], [9.3341679, 45.8832443], [9.3337708, 45.883455], [9.3339282, 45.8835578], [9.3336719, 45.883597], [9.3334527, 45.8837644], [9.3334066, 45.8838813], [9.3328904, 45.8842663], [9.3324852, 45.8843903], [9.3324425, 45.8844877], [9.3322505, 45.8845587], [9.3320188, 45.8846361], [9.3317334, 45.8846541], [9.3316349, 45.8846503], [9.3314475, 45.8846432], [9.3302356, 45.8843812], [9.3300164, 45.8843729], [9.3296218, 45.8843785], [9.3291147, 45.884443], [9.3290219, 45.8844404], [9.3288279, 45.8844349], [9.3284623, 45.8844539], [9.3280244, 45.8846032], [9.3274687, 45.8845767], [9.3272182, 45.8845987], [9.3266739, 45.884713], [9.3262055, 45.8847351], [9.3256446, 45.8848222], [9.3253146, 45.8848584], [9.3251436, 45.8849477], [9.3248058, 45.8849889], [9.3245903, 45.8850587], [9.3243491, 45.8851758], [9.3240483, 45.8854624], [9.3240154, 45.8855973], [9.3236107, 45.8861332], [9.3232368, 45.8864189], [9.3230046, 45.8864137], [9.3226723, 45.8865796], [9.322521, 45.8866836], [9.3223223, 45.8868822], [9.3219972, 45.8871037], [9.3215203, 45.8874331], [9.3212292, 45.8875211], [9.3209621, 45.8876872], [9.3206147, 45.887984], [9.3204131, 45.8880591], [9.320165, 45.8882514], [9.3198725, 45.8885487], [9.3197558, 45.8887582], [9.3196731, 45.8889475], [9.3196172, 45.8890286], [9.3195723, 45.8890737], [9.319235, 45.8893819], [9.3186339, 45.8896699], [9.3183388, 45.8898447], [9.3181758, 45.8899641], [9.3180045, 45.8903887], [9.3177478, 45.8906356]]]}}, {"type": "Feature", "properties": {"nome": "Lago di Como"}, "geometry": {"type": "Polygon", "coordinates": [[[9.3656475, 45.8644407], [9.3655717, 45.8647008], [9.3655161, 45.864739], [9.3653981, 45.8648202], [9.3650631, 45.8653028], [9.3647642, 45.8658842], [9.3644023, 45.8664434], [9.3635828, 45.8674675], [9.3634068, 45.867648], [9.3629664, 45.8680319], [9.3627872, 45.8683194], [9.3624991, 45.8684311], [9.3621034, 45.8687117], [9.3620236, 45.8688533], [9.3619089, 45.8689917], [9.3616858, 45.8690555], [9.3614718, 45.8690538], [9.3611318, 45.86927], [9.3608878, 45.86956], [9.3608196, 45.8695343], [9.360619, 45.8697412], [9.3604577, 45.8698003], [9.3602244, 45.8698861], [9.3600657, 45.870105], [9.3599513, 45.8702928], [9.359958, 45.8704391], [9.3598756, 45.8705224], [9.3597069, 45.8707656], [9.3595014, 45.8711266], [9.3595829, 45.8712038], [9.3595965, 45.8712621], [9.3594824, 45.8713576], [9.3592784, 45.8714924], [9.3590013, 45.8716672], [9.358856, 45.8718503], [9.3586039, 45.872006], [9.3584484, 45.871998], [9.3582608, 45.8720522], [9.3582221, 45.8723674], [9.3580594, 45.872493], [9.3577792, 45.872939], [9.357639, 45.8731955], [9.3576755, 45.8733986], [9.3574445, 45.8740432], [9.3572288, 45.8744437], [9.3570341, 45.8746331], [9.356818, 45.8748126], [9.3564853, 45.8748167], [9.3559297, 45.8749825], [9.3557392, 45.8749398], [9.3555765, 45.8749268], [9.3553377, 45.8749926], [9.3553669, 45.8750473], [9.3548974, 45.8751822], [9.3546068, 45.8752908], [9.3542829, 45.8754949], [9.3540215, 45.8756499], [9.353527, 45.8759864], [9.3528138, 45.876272], [9.352408, 45.8764127], [9.3524208, 45.8765051], [9.3522461, 45.8765072], [9.3518976, 45.8766888], [9.3517691, 45.8768281], [9.3513149, 45.8770176], [9.3510064, 45.8772909], [9.3504168, 45.8777197], [9.349823, 45.8780528], [9.3493626, 45.8783533], [9.349124, 45.8785066], [9.3489927, 45.8785916], [9.348852, 45.8786149], [9.3485813, 45.8786251], [9.3482845, 45.8786793], [9.3481501, 45.8787436], [9.3479457, 45.8788738], [9.347755, 45.8791362], [9.3475584, 45.87929], [9.3472647, 45.8794619], [9.3470836, 45.879602], [9.3467162, 45.8798371], [9.3465685, 45.8799231], [9.3464657, 45.8799639], [9.3462855, 45.8800005], [9.345692, 45.8800594], [9.3456319, 45.8800654], [9.3449662, 45.8804242], [9.3439524, 45.880719], [9.343488, 45.8808682], [9.3431131, 45.8809323], [9.3427188, 45.8809633], [9.3423165, 45.8808925], [9.3419927, 45.8809603], [9.3417704, 45.8809974], [9.3413309, 45.8810225]]]}}, {"type": "Feature", "properties": {"nome": "Lago di Como"}, "geometry": {"type": "Polygon", "coordinates": [[[9.3657298, 45.8607882], [9.3657478, 45.8612732], [9.3657488, 45.8612994], [9.3657827, 45.8613882], [9.3659717, 45.8618047], [9.3659974, 45.8621947], [9.3660032, 45.8622831], [9.3662018, 45.8626306], [9.3662147, 45.8628951], [9.3661819, 45.8632324], [9.3661129, 45.8633639], [9.3660383, 45.8635062], [9.3660448, 45.8636603], [9.3658017, 45.8639512], [9.3657701, 45.864063], [9.3657221, 45.864233], [9.3656553, 45.864419], [9.3656475, 45.8644407]]]}}, {"type": "Feature", "properties": {"nome": "Lago di Como"}, "geometry": {"type": "Polygon", "coordinates": [[[9.3701476, 45.8578703], [9.3701155, 45.8579076], [9.3700994, 45.8579978], [9.3701807, 45.858222], [9.3700145, 45.8582885], [9.3699002, 45.8581892], [9.3696824, 45.8583666], [9.3695087, 45.8585102], [9.3693244, 45.8585774], [9.3690609, 45.8586276], [9.3688021, 45.8585767], [9.3686602, 45.8584861], [9.3686061, 45.858391], [9.3685702, 45.8583913], [9.3685278, 45.858397], [9.3685188, 45.8585102], [9.3684489, 45.8585809], [9.3683155, 45.8586051], [9.3675285, 45.8586804], [9.3675162, 45.8587795], [9.3674067, 45.8588226], [9.3672762, 45.8588079], [9.3672257, 45.8587512], [9.3672378, 45.8586739], [9.3671709, 45.858633], [9.3669276, 45.8588498], [9.3666259, 45.85893], [9.3664492, 45.8590994], [9.3663624, 45.8590764], [9.3666009, 45.8588914], [9.3668284, 45.8588391], [9.367087, 45.8586182], [9.3669455, 45.8581646], [9.3667233, 45.8581578], [9.3666066, 45.8581771], [9.3663582, 45.8582775], [9.3662323, 45.8583596], [9.3661274, 45.8584637], [9.3660847, 45.8585576], [9.3660261, 45.8586434], [9.3659696, 45.8587893], [9.3659892, 45.8588731], [9.3659835, 45.8589022], [9.3658786, 45.8594399], [9.365931, 45.859463], [9.3662076, 45.8593411], [9.3661334, 45.8592755], [9.366187, 45.85924], [9.3663117, 45.8593499], [9.3660006, 45.8595164], [9.3658807, 45.859558], [9.365827, 45.8599211], [9.3658193, 45.8599732], [9.3657082, 45.8600173], [9.3657164, 45.8603106], [9.3657264, 45.8606658], [9.3657298, 45.8607882]]]}}, {"type": "Feature", "properties": {"nome": "Lago di Como"}, "geometry": {"type": "Polygon", "coordinates": [[[9.3738726, 45.8567603], [9.373507, 45.8569814], [9.3730123, 45.8572095], [9.3728512, 45.8573174], [9.3722107, 45.8576833], [9.3720907, 45.8578007], [9.3720287, 45.8579089], [9.3719311, 45.8580127], [9.3717355, 45.8581303], [9.3714136, 45.8581539], [9.3708477, 45.8579993], [9.3704592, 45.8580604], [9.3703511, 45.8580207], [9.3701476, 45.8578703]]]}}, {"type": "Feature", "properties": {"nome": "Lago di Como"}, "geometry": {"type": "Polygon", "coordinates": [[[9.3745506, 45.8555784], [9.3745521, 45.8556557], [9.3746939, 45.8557197], [9.3747659, 45.8558181], [9.3747973, 45.8561052], [9.3746365, 45.8562776], [9.3744304, 45.8564714], [9.3738726, 45.8567603]]]}}, {"type": "Feature", "properties": {"nome": "Lago di Como"}, "geometry": {"type": "Polygon", "coordinates": [[[9.3745685, 45.8546642], [9.3745012, 45.8549165], [9.3744723, 45.8551947], [9.3745361, 45.8553265], [9.3746134, 45.8553231], [9.3745506, 45.8555784]]]}}, {"type": "Feature", "properties": {"nome": "Lago di Como"}, "geometry": {"type": "Polygon", "coordinates": [[[9.3872362, 45.8483578], [9.3872165, 45.8483325], [9.3871924, 45.8483222], [9.3870985, 45.8482928], [9.3870053, 45.8482741], [9.3866513, 45.8483773], [9.3865457, 45.848415], [9.3861883, 45.8485137], [9.3856861, 45.8486436], [9.3852266, 45.8487606], [9.3851176, 45.8487884], [9.3844151, 45.8488884], [9.3840526, 45.8489645], [9.3836509, 45.8491677], [9.3832064, 45.8494545], [9.3826778, 45.8496535], [9.3818541, 45.8498533], [9.3818703, 45.8498935], [9.3815881, 45.8499164], [9.3812514, 45.8500386], [9.3808583, 45.8502638], [9.3807676, 45.8502317], [9.3804801, 45.8503312], [9.380426, 45.8502877], [9.3796452, 45.8506293], [9.3791664, 45.8508937], [9.3786375, 45.8511468], [9.3787073, 45.8512309], [9.3783882, 45.8513611], [9.3780676, 45.8514919], [9.3780528, 45.8514742], [9.378022, 45.8514916], [9.3776572, 45.8516671], [9.3776719, 45.851682], [9.3772862, 45.8518634], [9.3772119, 45.8519006], [9.3772468, 45.8519268], [9.3770939, 45.8520062], [9.377051, 45.8519772], [9.3766762, 45.8521605], [9.3761647, 45.8524043], [9.376194, 45.8524377], [9.3761225, 45.8524741], [9.3760398, 45.8525161], [9.3759049, 45.8524105], [9.3757367, 45.8525078], [9.3756106, 45.8525956], [9.3755457, 45.8526297], [9.3754358, 45.8526546], [9.3751904, 45.8529442], [9.3753628, 45.8530298], [9.3751291, 45.8531834], [9.3749328, 45.8533635], [9.3749031, 45.8534256], [9.374854, 45.8535088], [9.3745912, 45.8539547], [9.3745787, 45.8539759], [9.3745684, 45.8542646], [9.3746357, 45.8543081], [9.3746748, 45.8543958], [9.374689, 45.8544493], [9.3746936, 45.8545071], [9.3746776, 45.8545512], [9.3746503, 45.8545894], [9.3746184, 45.854607], [9.3745882, 45.8546196], [9.3745649, 45.8546389], [9.3745685, 45.8546642]]]}}, {"type": "Feature", "properties": {"nome": "Lago di Como"}, "geometry": {"type": "Polygon", "coordinates": [[[9.3876658, 45.8496142], [9.3874519, 45.8489949], [9.3872362, 45.8483578]]]}}, {"type": "Feature", "properties": {"nome": "Lago di Como"}, "geometry": {"type": "Polygon", "coordinates": [[[9.3875474, 45.8527573], [9.387519, 45.8526811], [9.3874965, 45.8526262], [9.3865772, 45.8528172], [9.3864766, 45.8525808], [9.3865943, 45.8525489], [9.3866439, 45.8525108], [9.3866625, 45.8524609], [9.386645, 45.8523699], [9.3866058, 45.8522661], [9.3864947, 45.8519714], [9.386538, 45.8519585], [9.3866534, 45.8519559], [9.3868951, 45.852556], [9.3872088, 45.8525036], [9.3869716, 45.8518593], [9.3868902, 45.85187], [9.3868614, 45.8517846], [9.3867579, 45.8517951], [9.3867211, 45.8516057], [9.3866788, 45.8516064], [9.3866412, 45.8514924], [9.3867057, 45.851459], [9.3866834, 45.8510189], [9.3867467, 45.8509367], [9.3868243, 45.8508464], [9.3869164, 45.8507285], [9.3870458, 45.8505278], [9.3871218, 45.8503162], [9.3873076, 45.849912], [9.3874296, 45.8497666], [9.3875736, 45.8496734], [9.3876658, 45.8496142]]]}}, {"type": "Feature", "properties": {"nome": "Lago di Como"}, "geometry": {"type": "Polygon", "coordinates": [[[9.3885511, 45.8554932], [9.3887146, 45.8553389], [9.3888402, 45.8551901], [9.3889305, 45.8550148], [9.3889697, 45.854846], [9.3889278, 45.8546898], [9.3888728, 45.8545964], [9.3888087, 45.854506], [9.3886556, 45.8543918], [9.3884283, 45.8542532], [9.3883701, 45.8542569], [9.3882627, 45.8541689], [9.3881109, 45.8540446], [9.3876866, 45.8536972], [9.3874906, 45.8535224], [9.3873929, 45.853545], [9.3873313, 45.853487], [9.3872633, 45.8534228], [9.3872833, 45.8533377], [9.3870913, 45.8531788], [9.3871366, 45.853151], [9.3871227, 45.8530458], [9.3871615, 45.8529567], [9.3872392, 45.8528717], [9.3872762, 45.8528536], [9.3875474, 45.8527573]]]}}, {"type": "Feature", "properties": {"nome": "Lago di Como"}, "geometry": {"type": "Polygon", "coordinates": [[[9.3840243, 45.856858], [9.3841307, 45.8567804], [9.3842335, 45.8567352], [9.3843466, 45.8566961], [9.3844876, 45.8566763], [9.3847582, 45.8565956], [9.3849668, 45.8565488], [9.3854314, 45.8563875], [9.3855755, 45.8563345], [9.385988, 45.8561701], [9.3864361, 45.8559997], [9.3870675, 45.8557996], [9.387056, 45.8557461], [9.3871629, 45.8557349], [9.3871898, 45.8557321], [9.3872151, 45.8557294], [9.3873509, 45.8557152], [9.3873624, 45.8557682], [9.3877571, 45.8557574], [9.3878045, 45.8557201], [9.3880177, 45.8556827], [9.3882101, 45.855649], [9.3884142, 45.8555668], [9.3885511, 45.8554932]]]}}, {"type": "Feature", "properties": {"nome": "Lago di Como"}, "geometry": {"type": "Polygon", "coordinates": [[[9.383837, 45.8572266], [9.3837847, 45.8571818], [9.3837614, 45.8571314], [9.3837297, 45.8570874], [9.3837238, 45.8570643], [9.3837579, 45.8570015], [9.3838303, 45.8569884], [9.3838669, 45.8569378], [9.3840243, 45.856858]]]}}, {"type": "Feature", "properties": {"nome": "Lago di Como"}, "geometry": {"type": "Polygon", "coordinates": [[[9.3780953, 45.8689286], [9.3781844, 45.8684371], [9.3783747, 45.868063], [9.3786143, 45.8677622], [9.3790291, 45.867421], [9.3794573, 45.867186], [9.3800916, 45.8669498], [9.3803119, 45.866812], [9.3806342, 45.8667125], [9.3812675, 45.8663443], [9.3816304, 45.8659585], [9.3816552, 45.8658289], [9.3819624, 45.8654674], [9.3820921, 45.8651205], [9.3819719, 45.8640369], [9.3820051, 45.8635424], [9.3824474, 45.8621084], [9.3828342, 45.8610057], [9.3831193, 45.8603895], [9.383195, 45.8603812], [9.383325, 45.8601372], [9.3833636, 45.860049], [9.3834734, 45.859798], [9.383857, 45.8593534], [9.3841751, 45.8590585], [9.3845793, 45.8588295], [9.3848726, 45.8588098], [9.3848468, 45.858857], [9.3849897, 45.8588747], [9.3851124, 45.8587397], [9.3851513, 45.85865], [9.3851379, 45.858522], [9.3850923, 45.8584352], [9.3850359, 45.8583567], [9.3849386, 45.8582508], [9.3842069, 45.8576782], [9.3841089, 45.857597], [9.3840237, 45.8575196], [9.3839698, 45.8574601], [9.3839349, 45.8574012], [9.3839148, 45.8572658], [9.383837, 45.8572266]]]}}, {"type": "Feature", "properties": {"nome": "Lago di Como"}, "geometry": {"type": "Polygon", "coordinates": [[[9.3774793, 45.8727857], [9.3775161, 45.8722772], [9.3776261, 45.8718873], [9.3777592, 45.87145], [9.3778714, 45.8711113], [9.377933, 45.8706693], [9.3779044, 45.8702998], [9.3778818, 45.8699151], [9.3779826, 45.869618], [9.3780953, 45.8689286]]]}}, {"type": "Feature", "properties": {"nome": "Lago di Como"}, "geometry": {"type": "Polygon", "coordinates": [[[9.3239563, 45.911834], [9.3240077, 45.9118317], [9.3240726, 45.9118287], [9.3241155, 45.9117761], [9.3242114, 45.9117347], [9.3241997, 45.911812], [9.3242352, 45.9118103], [9.3242916, 45.9116999], [9.3242018, 45.9116595], [9.3242785, 45.9115736], [9.3243598, 45.9115936], [9.3243833, 45.9115359], [9.3244201, 45.9115057], [9.3245095, 45.9114325], [9.3247377, 45.911298], [9.3253905, 45.9110339], [9.3253582, 45.9109396], [9.3255999, 45.9108296], [9.325771, 45.9107518], [9.3259345, 45.9105894], [9.3259791, 45.9105082], [9.3260377, 45.9103235], [9.3260499, 45.9102155], [9.3260398, 45.91013], [9.3260022, 45.9100446], [9.3258349, 45.9098201], [9.3257843, 45.9097078], [9.325863, 45.909667], [9.3262184, 45.90954], [9.3263583, 45.9094721], [9.326677, 45.9092056], [9.3269138, 45.9090306], [9.3270894, 45.9088264], [9.3271575, 45.9086237], [9.3271634, 45.9085247], [9.3271248, 45.9082683], [9.32715, 45.9081737], [9.3271608, 45.9081631], [9.3273391, 45.9079886], [9.3273742, 45.90793], [9.3273831, 45.9077995], [9.3273061, 45.9075882], [9.327296, 45.9075073], [9.3273231, 45.9074667], [9.3274626, 45.9073358], [9.327488, 45.9072772], [9.3276048, 45.907182], [9.3276812, 45.9070986], [9.3278427, 45.9071174], [9.3279723, 45.9069794], [9.3281592, 45.9065822], [9.3283915, 45.906073], [9.3286084, 45.9056898], [9.3287411, 45.9053203], [9.3290387, 45.9051441], [9.3291415, 45.9050197], [9.3296114, 45.9046969], [9.3300894, 45.9043354], [9.3303136, 45.9040873], [9.3303174, 45.9040241], [9.3303206, 45.9039706], [9.3303392, 45.9039511], [9.3303646, 45.9039247], [9.3304086, 45.9038635], [9.3303756, 45.9037502], [9.3302898, 45.9035068], [9.3302085, 45.9032569], [9.330303, 45.9032726], [9.330334, 45.9031872], [9.3302957, 45.9029668], [9.3303887, 45.90262], [9.3304888, 45.9023767], [9.3305257, 45.9023163], [9.3307505, 45.9019484], [9.330953, 45.9018578], [9.3310011, 45.9018127], [9.3312814, 45.9014003], [9.3313874, 45.9012147], [9.3313715, 45.9010397], [9.3312976, 45.9007273], [9.3313142, 45.9004846], [9.331212, 45.9001515], [9.3311884, 45.8999806], [9.3312551, 45.8998183], [9.3312856, 45.8997958], [9.331289, 45.8997426], [9.3314627, 45.8997439], [9.3314661, 45.8996428], [9.3314622, 45.8994737], [9.3314294, 45.8994264], [9.3314268, 45.8993546], [9.331319, 45.8990428], [9.3311377, 45.8987345], [9.3307978, 45.8982651], [9.3304845, 45.8978381], [9.3303057, 45.8975845], [9.3302988, 45.8975081], [9.3303195, 45.8974579], [9.3303322, 45.897427], [9.3304149, 45.8972913], [9.3306355, 45.8971712], [9.331209, 45.8969442], [9.3314526, 45.8967685], [9.3316094, 45.8964837], [9.3317757, 45.8962021], [9.3318427, 45.8958731], [9.331908, 45.8956712], [9.3322147, 45.8951537], [9.3325714, 45.8947207], [9.332743, 45.8945173], [9.3327839, 45.8943507], [9.3328271, 45.8942965], [9.3332652, 45.8939937], [9.3333723, 45.8938539], [9.3334567, 45.8936823], [9.3336999, 45.8936062], [9.333961, 45.8936009], [9.3342676, 45.8936656], [9.3346658, 45.8937465], [9.3350152, 45.8937681], [9.3353132, 45.8937582], [9.3353035, 45.8936396], [9.3364049, 45.8937535], [9.3368705, 45.8938538], [9.3374399, 45.8940608], [9.3376141, 45.8942055], [9.3380859, 45.8941708], [9.3382048, 45.8942799], [9.3385314, 45.8942178], [9.3384455, 45.8941153], [9.3386483, 45.8940366], [9.3388886, 45.8940427], [9.3392728, 45.8941376], [9.3396002, 45.8941555], [9.3403078, 45.8943683], [9.3405352, 45.8943816], [9.3412827, 45.8945939], [9.3420748, 45.8950128], [9.3423252, 45.8952778], [9.3426942, 45.8954239], [9.3428362, 45.8954946], [9.3432806, 45.8957159], [9.3435111, 45.8957324], [9.3437743, 45.8956455], [9.3442049, 45.8956136], [9.3445468, 45.8956607], [9.3448799, 45.8958648], [9.3451913, 45.895878], [9.3454829, 45.89581], [9.3455974, 45.8958206], [9.3461721, 45.8955242], [9.3465259, 45.8953507], [9.3469695, 45.8951958], [9.3476587, 45.8948693], [9.3480636, 45.894688], [9.3489429, 45.8943742], [9.3493793, 45.894183], [9.3496703, 45.894166], [9.3501268, 45.8940363], [9.3503695, 45.8938668], [9.3506841, 45.8937573], [9.35084, 45.8937028], [9.3511871, 45.8935949], [9.3515098, 45.8935392], [9.35188, 45.89347], [9.3525518, 45.8932358], [9.3525945, 45.8931189], [9.3528508, 45.8929315], [9.3530337, 45.8928139], [9.3531755, 45.8926864], [9.3535149, 45.8925673], [9.3535788, 45.8923937], [9.3537057, 45.8923348], [9.3540838, 45.8921797], [9.3543622, 45.8919247], [9.3545189, 45.8917608], [9.3549691, 45.8912618], [9.3551214, 45.8912054], [9.3551795, 45.8910507], [9.3553145, 45.8909972], [9.3553795, 45.8909714], [9.3558053, 45.8908056], [9.3561722, 45.8907836], [9.3563941, 45.8907537], [9.357127, 45.8903487], [9.3572836, 45.8901407], [9.3574417, 45.8900373], [9.3576757, 45.889819], [9.3578679, 45.8897368], [9.3580856, 45.8894706], [9.3582777, 45.8891912], [9.3585164, 45.8887582], [9.3586196, 45.8885507], [9.3588826, 45.8880315], [9.3588313, 45.8879042], [9.3590172, 45.8874774], [9.3592982, 45.8871107], [9.3597042, 45.8866144], [9.3598813, 45.8863393], [9.3601619, 45.8859553], [9.3602165, 45.885769], [9.3602584, 45.8856293], [9.3603249, 45.8854602], [9.3603861, 45.8852069], [9.3604819, 45.8849936], [9.3606829, 45.8847203], [9.3609891, 45.8844677], [9.3613892, 45.8843464], [9.3618073, 45.8841838], [9.3622125, 45.8840055], [9.3626269, 45.8836936], [9.3631034, 45.8834365], [9.3633786, 45.8832392], [9.3635882, 45.8831271], [9.3638242, 45.8830104], [9.3641413, 45.8829734], [9.3643295, 45.8829233], [9.364662, 45.8827828], [9.365349, 45.8824116], [9.3654871, 45.8823071], [9.3659405, 45.8819642], [9.3662516, 45.8817518], [9.3668374, 45.8814259], [9.3672839, 45.881222], [9.3684487, 45.8805072], [9.3690987, 45.8800972], [9.3692541, 45.8800185], [9.3694329, 45.8797749], [9.3695714, 45.8795314], [9.369629, 45.8794817], [9.3697293, 45.8793882], [9.3698702, 45.8793851], [9.3700105, 45.879541], [9.3701174, 45.8795206], [9.3703615, 45.8794208], [9.3705041, 45.8793033], [9.370523, 45.8792403], [9.370462, 45.8790245], [9.3704593, 45.878615], [9.3705019, 45.8784753], [9.3706314, 45.8783399], [9.3707966, 45.8782268], [9.3709266, 45.8781634], [9.3711934, 45.878068], [9.3712849, 45.8780182], [9.3716025, 45.8775851], [9.3718152, 45.8773459], [9.3720949, 45.8772703], [9.3723822, 45.877119], [9.3725059, 45.8770736], [9.3726992, 45.877073], [9.3728883, 45.8769929], [9.3729126, 45.8769671], [9.3729268, 45.8769467], [9.3729515, 45.8769247], [9.3729872, 45.8769206], [9.3730284, 45.8769096], [9.3730723, 45.8768835], [9.3731217, 45.8768904], [9.3731849, 45.8768616], [9.3732508, 45.8768849], [9.3733222, 45.8768781], [9.3733826, 45.8768492], [9.3734324, 45.8768171], [9.3734444, 45.8768094], [9.3735122, 45.8767977], [9.3735858, 45.8768149], [9.3736586, 45.8768094], [9.3737149, 45.8767902], [9.3737684, 45.8767627], [9.3738357, 45.8767462], [9.3739026, 45.8767374], [9.3739785, 45.8767311], [9.3740348, 45.8767092], [9.3740607, 45.876659], [9.3747386, 45.8762444], [9.3752015, 45.875985], [9.3757536, 45.8756758], [9.3764606, 45.8752823], [9.3766285, 45.8751664], [9.3769878, 45.8745348], [9.3772435, 45.8739694], [9.3773201, 45.8736806], [9.3773954, 45.8733206], [9.3774305, 45.8732589], [9.3774793, 45.8727857]]]}}, {"type": "Feature", "properties": {"nome": "Lago di Como"}, "geometry": {"type": "Polygon", "coordinates": [[[9.3220857, 45.9118126], [9.3221551, 45.9118317], [9.3221836, 45.9119008], [9.3223945, 45.9119361], [9.3231438, 45.911885], [9.3238897, 45.9118439], [9.3239563, 45.911834]]]}}, {"type": "Feature", "properties": {"nome": "Lago di Como"}, "geometry": {"type": "Polygon", "coordinates": [[[9.2944502, 46.0323484], [9.2942703, 46.0321013], [9.2941489, 46.0320521], [9.2935783, 46.0319771], [9.2933374, 46.0319282], [9.2932095, 46.03187], [9.2931025, 46.0317983], [9.2930001, 46.0316771], [9.2927878, 46.0312411], [9.2927065, 46.0311333], [9.2926384, 46.0310975], [9.2922032, 46.0309501], [9.2917338, 46.0307134], [9.2909836, 46.0306247], [9.2906649, 46.030522], [9.2901719, 46.0303806], [9.2897195, 46.03015], [9.2893007, 46.0299227], [9.2892285, 46.0298325], [9.2891804, 46.0297089], [9.2890648, 46.029515], [9.2889301, 46.029368], [9.2885306, 46.0290371], [9.2882129, 46.0286662], [9.2879289, 46.0283721], [9.2874861, 46.0282017], [9.286947, 46.028088], [9.2865667, 46.0281148], [9.2864031, 46.0280379], [9.2862153, 46.0277639], [9.2861239, 46.0275199], [9.2858688, 46.0272626], [9.2855559, 46.0269718], [9.2852045, 46.026798], [9.2849032, 46.0266802], [9.2847883, 46.026631], [9.2846732, 46.0266938], [9.2842989, 46.026426], [9.2840591, 46.0264773], [9.2838313, 46.0264523], [9.2837639, 46.0262286], [9.2837325, 46.0260847], [9.2838396, 46.0258729], [9.2838903, 46.0256703], [9.2839802, 46.0255621], [9.2840807, 46.0253233], [9.2843212, 46.0249717], [9.2844424, 46.0246834], [9.2846378, 46.0243679], [9.2847318, 46.0241066], [9.2848634, 46.0239488], [9.2851834, 46.0236825], [9.2852758, 46.0234437], [9.2853658, 46.0233445], [9.2855669, 46.0231955], [9.2857909, 46.0231094], [9.2858955, 46.0230371], [9.2859886, 46.0229244], [9.2862508, 46.0224152], [9.2863696, 46.0222754], [9.2863951, 46.0222123], [9.2864125, 46.0221358], [9.2863755, 46.0218479], [9.2864145, 46.0215778], [9.2865603, 46.0210374], [9.2867136, 46.0207085], [9.2867473, 46.0203664], [9.2867308, 46.0202899], [9.2865279, 46.020088], [9.286522, 46.019881], [9.2864908, 46.0197775], [9.2863997, 46.0196518], [9.2864123, 46.0195887], [9.2866237, 46.0190957], [9.2867661, 46.0186691], [9.2869524, 46.018454], [9.2868657, 46.0184228], [9.2869685, 46.0183024], [9.2870519, 46.0183203], [9.2871027, 46.0182388], [9.2870951, 46.0181817], [9.2870776, 46.0181147], [9.2870927, 46.0180602], [9.2871501, 46.0180169], [9.2871876, 46.0179945], [9.2872097, 46.0179745], [9.2871957, 46.017948], [9.2871004, 46.0178846], [9.2870486, 46.0177991], [9.2869127, 46.0174823], [9.2869966, 46.0172886], [9.2868933, 46.0172233], [9.2869344, 46.0171734], [9.2870629, 46.017075], [9.2870601, 46.0169278], [9.286961, 46.0168044], [9.2868053, 46.0166777], [9.2864516, 46.0165901], [9.2864927, 46.0165473], [9.2863116, 46.016503], [9.2862941, 46.0165398], [9.2861272, 46.0165016], [9.2861533, 46.0164467], [9.2859456, 46.0164599], [9.2856836, 46.0163957], [9.2855874, 46.0164226], [9.2855247, 46.0164965], [9.2853705, 46.0164333], [9.2854332, 46.0163594], [9.2853849, 46.016245], [9.2852565, 46.0162166], [9.2852211, 46.0162437], [9.2851423, 46.0163224], [9.2850632, 46.0163922], [9.2849038, 46.0163174], [9.2849541, 46.0162762], [9.2848313, 46.016225], [9.2847621, 46.0162659], [9.2846125, 46.0162209], [9.2845605, 46.0161268], [9.2843351, 46.0161032], [9.2841851, 46.0160916], [9.2840316, 46.0160323], [9.2841117, 46.0159323], [9.2836812, 46.0157122], [9.2836141, 46.0156981], [9.283531, 46.0156232], [9.2834723, 46.0156499], [9.2834258, 46.0155937], [9.2834004, 46.015563], [9.2834556, 46.0154967], [9.2833195, 46.0154208], [9.2831703, 46.0153376], [9.2832306, 46.0152862], [9.2830996, 46.0150668], [9.2831587, 46.0150525], [9.2830868, 46.0149473], [9.2830806, 46.0149189], [9.2830382, 46.0149246], [9.2830508, 46.0150072], [9.2830162, 46.0151562], [9.2829481, 46.0151457], [9.2828615, 46.0151173], [9.2825689, 46.0150213], [9.2824803, 46.0149546], [9.2824706, 46.0148729], [9.282474, 46.0148127], [9.2824867, 46.0147565], [9.2825503, 46.0147195], [9.2826338, 46.0146906], [9.2826253, 46.0146477], [9.2826392, 46.0145905], [9.2825246, 46.014555], [9.2824465, 46.014495], [9.2824527, 46.0144108], [9.2827652, 46.0138695], [9.2826642, 46.0138391], [9.2826711, 46.0138268], [9.2826783, 46.0138128], [9.2827819, 46.0138419], [9.2828606, 46.0136666], [9.2829412, 46.0136652], [9.2829639, 46.0135186], [9.2829107, 46.0134137], [9.282924, 46.0134089], [9.2829526, 46.0134033], [9.2830148, 46.0135052], [9.283153, 46.013482], [9.2832751, 46.013445], [9.2833549, 46.013408], [9.2833926, 46.0133905], [9.2835121, 46.0133128], [9.2836367, 46.0132421], [9.2835809, 46.0131373], [9.283525, 46.0130476], [9.2834119, 46.0129453], [9.2832773, 46.0128287], [9.2830134, 46.0126943], [9.2828655, 46.0124922], [9.2827196, 46.0123936], [9.2826979, 46.0122406], [9.2827136, 46.0121641], [9.2828353, 46.0119658], [9.2829317, 46.0117173], [9.2829291, 46.011664], [9.2829056, 46.0115822], [9.2829099, 46.0115269], [9.2829534, 46.0114763], [9.2829555, 46.0114514], [9.2829541, 46.0112651], [9.2829515, 46.0111608], [9.2829488, 46.0110863], [9.2829447, 46.0110229], [9.2829414, 46.0109827], [9.28294, 46.0109265], [9.282939, 46.0108618], [9.2826792, 46.0106969], [9.2824807, 46.0105581], [9.2820626, 46.0102955], [9.281969, 46.0103821], [9.2817352, 46.0102736], [9.2816026, 46.0101843], [9.2815778, 46.0101005], [9.2815858, 46.0100237], [9.2816239, 46.0099256], [9.2818333, 46.0097917], [9.281927, 46.0098403], [9.2820475, 46.009753], [9.2820202, 46.0097217], [9.2820369, 46.0097096], [9.282169, 46.0096352], [9.2821348, 46.009619], [9.282295, 46.0095043], [9.2825182, 46.0094031], [9.2826761, 46.0093522], [9.2829086, 46.0093061], [9.2830624, 46.0092945], [9.2831946, 46.0092949], [9.2832389, 46.0093029], [9.2833741, 46.0092685], [9.2834963, 46.0092184], [9.2835568, 46.0091839], [9.2836201, 46.0091407], [9.2836881, 46.0091349], [9.2837522, 46.0091387], [9.2840725, 46.0090226], [9.2842995, 46.0089589], [9.2843987, 46.0089561], [9.2845006, 46.0089339], [9.2847659, 46.0088214], [9.284847, 46.0088114], [9.2850048, 46.0088816], [9.2850552, 46.0088632], [9.2850861, 46.0088544], [9.285125, 46.0088511], [9.2851607, 46.0088695], [9.2851943, 46.0089169], [9.2853919, 46.0089666], [9.2854678, 46.0089681], [9.2856712, 46.0089336], [9.2857192, 46.0089189], [9.2857114, 46.0088869], [9.2858395, 46.0088637], [9.2858543, 46.0088845], [9.2861138, 46.0088326], [9.2861415, 46.0088598], [9.2862649, 46.0088381], [9.2862475, 46.0087626], [9.2865077, 46.0087012], [9.2865464, 46.0087722], [9.2866709, 46.0087322], [9.2867573, 46.0087044], [9.2868399, 46.0086524], [9.2869272, 46.0085966], [9.2870333, 46.0085125], [9.2873031, 46.0082406], [9.2873096, 46.0081795], [9.2872522, 46.0081194], [9.2875952, 46.0078104], [9.2876236, 46.0077531], [9.2878873, 46.0074941], [9.2880969, 46.0073273], [9.2888696, 46.0066892], [9.2892451, 46.0064132], [9.2892962, 46.0064016], [9.2895064, 46.0062784], [9.2896381, 46.0061333], [9.2899023, 46.0059774], [9.2901795, 46.0056869], [9.2901169, 46.0056747], [9.2901625, 46.0056151], [9.2902358, 46.0055918], [9.2902161, 46.0055536], [9.290369, 46.0054307], [9.2904665, 46.0054205], [9.2905894, 46.0053038], [9.2906647, 46.0050839], [9.2908526, 46.0050008], [9.2910497, 46.0047928], [9.2912242, 46.0044929], [9.2912462, 46.0043569], [9.2911856, 46.0043151], [9.2911287, 46.0042677], [9.2911161, 46.0041942], [9.2911571, 46.004135], [9.2912425, 46.0040553], [9.2912368, 46.0039832], [9.291278, 46.003925], [9.2914016, 46.0037762], [9.291605, 46.0034697], [9.2916491, 46.0032039], [9.291728, 46.0030609], [9.2917385, 46.0030101], [9.2918024, 46.0028652], [9.2918614, 46.0028774], [9.2919003, 46.0028237], [9.2918651, 46.002757], [9.2919318, 46.0027162], [9.2919522, 46.0026458], [9.2918744, 46.0026439], [9.2918924, 46.0025083], [9.2919735, 46.0024997], [9.2918917, 46.0019246], [9.2918245, 46.0019136], [9.2918244, 46.0017383], [9.2917653, 46.0014127], [9.2916603, 46.0011444], [9.2915677, 46.0010109], [9.2915059, 46.0008284], [9.291532, 46.0006348], [9.2916079, 46.0003241], [9.2915817, 46.0002612], [9.2915428, 46.0002253], [9.2915279, 46.0001533], [9.291647, 45.9999294], [9.2916548, 45.9999148], [9.2917741, 45.999926], [9.2919164, 45.9994588], [9.2917887, 45.9994351], [9.2918298, 45.998933], [9.2917082, 45.9989416], [9.2918202, 45.998218], [9.2917962, 45.9980781], [9.2918041, 45.998042], [9.291954, 45.9979922], [9.2918506, 45.9976774], [9.2918544, 45.9976087], [9.2918553, 45.9975638], [9.2918664, 45.9974331], [9.2918888, 45.9974404], [9.2919091, 45.9974878], [9.2919533, 45.9974929], [9.2921093, 45.997504], [9.292101, 45.9974953], [9.292085, 45.9974482], [9.2920444, 45.9973619], [9.291986, 45.9973762], [9.2918927, 45.9972178], [9.291701, 45.9969016], [9.2916048, 45.996876], [9.2915383, 45.9967844], [9.2914558, 45.9966138], [9.2913988, 45.996496], [9.2913952, 45.9964828], [9.2913913, 45.9964219], [9.2913691, 45.9963153], [9.2913701, 45.9961742], [9.2914229, 45.996126], [9.2914681, 45.9960848], [9.2914588, 45.9959806], [9.2913665, 45.9959857], [9.2913514, 45.995855], [9.2914437, 45.9958499], [9.2914869, 45.9958456], [9.291433, 45.9956741], [9.2913917, 45.9956793], [9.291272, 45.9956946], [9.2912482, 45.9956045], [9.2913679, 45.9955892], [9.2914025, 45.995588], [9.2913551, 45.995467], [9.2912678, 45.9954813], [9.2912283, 45.9953644], [9.2913156, 45.9953502], [9.2912659, 45.9952071], [9.2911448, 45.9952273], [9.2910906, 45.9950702], [9.2912117, 45.99505], [9.2911756, 45.9948116], [9.2910446, 45.9948335], [9.2909931, 45.9946852], [9.2911241, 45.9946633], [9.2909493, 45.9941323], [9.2907397, 45.9940893], [9.2907943, 45.9939609], [9.2910039, 45.9940039], [9.2911063, 45.9936468], [9.2909452, 45.9936337], [9.2910419, 45.993283], [9.2912057, 45.9932979], [9.2912648, 45.9929846], [9.2913099, 45.99267], [9.2913018, 45.9924452], [9.2912964, 45.9923327], [9.2912675, 45.9921288], [9.2913439, 45.9919699], [9.2914615, 45.9920139], [9.2916416, 45.9915578], [9.2916302, 45.9914065], [9.2916144, 45.991324], [9.2918099, 45.9911389], [9.2919662, 45.9905357], [9.2920533, 45.9900623], [9.2919882, 45.9900265], [9.2919581, 45.9897993], [9.2920372, 45.989759], [9.2920029, 45.9894733], [9.2919215, 45.988731], [9.2919498, 45.98839], [9.2919889, 45.9882803], [9.2920642, 45.9881924], [9.2921067, 45.988051], [9.2921094, 45.9877681], [9.2920521, 45.9876022], [9.2920062, 45.9876071], [9.2919195, 45.9875598], [9.2920166, 45.9875184], [9.291981, 45.9874353], [9.2919747, 45.9873328], [9.291992, 45.9872351], [9.292051, 45.9870498], [9.2921209, 45.9867992], [9.2922107, 45.9866468], [9.2922347, 45.9866017], [9.2923071, 45.986552], [9.292439, 45.9864797], [9.2926613, 45.9863981], [9.2927546, 45.9863394], [9.2928461, 45.9862536], [9.293187, 45.9856947], [9.2932799, 45.9855775], [9.2936113, 45.9853786], [9.293943, 45.9852338], [9.2942502, 45.9850305], [9.2944104, 45.9848096], [9.2944947, 45.9845664], [9.2946275, 45.984359], [9.2947366, 45.9842417], [9.2948281, 45.9840659], [9.294851, 45.9839834], [9.2948309, 45.983751], [9.2948589, 45.9835664], [9.2948957, 45.9834988], [9.2954144, 45.9830295], [9.295622, 45.9829164], [9.2958036, 45.9827675], [9.2960014, 45.9826365], [9.2960923, 45.9824852], [9.2961976, 45.9823508], [9.2962315, 45.9822901], [9.2962436, 45.9822041], [9.2961983, 45.9821684], [9.2961969, 45.9821451], [9.2962161, 45.9821163], [9.296264, 45.9821116], [9.2963132, 45.9820054], [9.2963667, 45.9820121], [9.2965458, 45.9817241], [9.2969049, 45.9811519], [9.2969209, 45.9811132], [9.2968361, 45.9810164], [9.2969521, 45.9807359], [9.2969982, 45.9807419], [9.2970471, 45.9805885], [9.2970626, 45.9803508], [9.2970362, 45.9801455], [9.2970147, 45.9799081], [9.2969892, 45.9796895], [9.2970003, 45.9794757], [9.2970147, 45.9793247], [9.2970442, 45.9791342], [9.2970803, 45.9788096], [9.2971024, 45.9786257], [9.2971038, 45.9785418], [9.297074, 45.9784403], [9.2970306, 45.9783797], [9.2969724, 45.9783139], [9.2965777, 45.9781394], [9.2963995, 45.9780048], [9.296234, 45.9778388], [9.2960139, 45.9774118], [9.2959101, 45.9773086], [9.2957797, 45.9770614], [9.2958032, 45.9769353], [9.2958639, 45.9768137], [9.2960065, 45.9766243], [9.2961879, 45.9764483], [9.2963737, 45.9761869], [9.2964235, 45.9761462], [9.2965179, 45.9759885], [9.2965933, 45.9759163], [9.2967432, 45.9758799], [9.2968298, 45.9757897], [9.2967939, 45.9756823], [9.2968061, 45.9755747], [9.2968694, 45.9754574], [9.2969208, 45.9753034], [9.2971018, 45.9749454], [9.29726, 45.9748958], [9.2974338, 45.9748266], [9.2975898, 45.9747347], [9.2978529, 45.9746035], [9.2979849, 45.9745312], [9.2981247, 45.9744228], [9.298171, 45.9743462], [9.298182, 45.9742742], [9.2981957, 45.9741346], [9.2981247, 45.9739791], [9.2981271, 45.9738861], [9.2981487, 45.9738262], [9.2981768, 45.9737699], [9.29824, 45.9736801], [9.2982911, 45.9735629], [9.2984078, 45.9733646], [9.2987838, 45.9729982], [9.2988485, 45.9729591], [9.2989299, 45.9728764], [9.2989626, 45.9728132], [9.2990042, 45.9727223], [9.2990719, 45.9726384], [9.2990637, 45.9726069], [9.2990118, 45.972562], [9.2990278, 45.972535], [9.29919, 45.972404], [9.29939, 45.9722106], [9.2993708, 45.972202], [9.2993708, 45.9721893], [9.2994049, 45.9721925], [9.2994389, 45.9721445], [9.299424, 45.972135], [9.2994326, 45.9721254], [9.299454, 45.9721232], [9.299629, 45.9719006], [9.2997068, 45.9718763], [9.2996743, 45.9718458], [9.2996895, 45.9718356], [9.2997434, 45.9718478], [9.2997658, 45.9718163], [9.2997577, 45.9718082], [9.2998146, 45.9717309], [9.2997841, 45.9717248], [9.2998268, 45.9716699], [9.2998105, 45.9716628], [9.2998868, 45.9715622], [9.2999071, 45.9715673], [9.2999193, 45.971552], [9.2999406, 45.971553], [9.2999762, 45.9715073], [9.299972, 45.9714912], [9.3000382, 45.9714029], [9.3000771, 45.9713725], [9.3001107, 45.9713847], [9.300136, 45.9713622], [9.3001574, 45.9712602], [9.3002244, 45.9711835], [9.3003316, 45.9712215], [9.3004012, 45.9711094], [9.3005882, 45.9708627], [9.3007032, 45.9706505], [9.3007771, 45.9704909], [9.3008374, 45.9703163], [9.3009157, 45.9700164], [9.3008759, 45.969984], [9.3008277, 45.9699821], [9.3008314, 45.9699673], [9.3008771, 45.9699629], [9.3009797, 45.969946], [9.3010511, 45.969883], [9.3010705, 45.9698209], [9.3010894, 45.9697285], [9.300989, 45.9696774], [9.3012048, 45.9694887], [9.3012941, 45.9695311], [9.3013543, 45.9695032], [9.301266, 45.9694307], [9.3013061, 45.9693623], [9.3013944, 45.9692773], [9.3015344, 45.9693441], [9.301599, 45.969304], [9.3016641, 45.9692364], [9.3016891, 45.9691913], [9.3017755, 45.96914], [9.301813, 45.9690774], [9.3018606, 45.9690111], [9.3019207, 45.9689748], [9.3019707, 45.9689122], [9.3020386, 45.9688324], [9.3020853, 45.9687666], [9.3021098, 45.9687092], [9.3021648, 45.9686566], [9.3021978, 45.9685873], [9.3022786, 45.9684475], [9.3023495, 45.9683215], [9.3024241, 45.9682188], [9.3024791, 45.9681515], [9.302506, 45.9681002], [9.3025291, 45.9680485], [9.3025696, 45.9679718], [9.3025513, 45.9679546], [9.302561, 45.96794], [9.3025818, 45.9679473], [9.3026149, 45.9678996], [9.302588, 45.9678886], [9.3026723, 45.9677981], [9.30272, 45.9678116], [9.3030561, 45.9674542], [9.3030225, 45.9674226], [9.3029866, 45.9673563], [9.3030354, 45.9673456], [9.3030751, 45.9673199], [9.3031008, 45.9672825], [9.3030844, 45.9672475], [9.3030914, 45.967223], [9.3031113, 45.9672288], [9.3031195, 45.9672615], [9.3031428, 45.9672849], [9.3032047, 45.9672662], [9.303236, 45.9672135], [9.3032417, 45.9669658], [9.3032356, 45.9669117], [9.3032108, 45.96683], [9.3026358, 45.9664511], [9.3022549, 45.9662577], [9.3020551, 45.9661579], [9.3018506, 45.9660894], [9.3016507, 45.9660745], [9.3013658, 45.9660358], [9.3013244, 45.9660543], [9.3012922, 45.9660741], [9.301008, 45.9662444], [9.3007589, 45.9661318], [9.3006782, 45.9661162], [9.3005829, 45.9660166], [9.3005305, 45.9658992], [9.3005379, 45.9657362], [9.3006549, 45.9656043], [9.3006492, 45.965488], [9.3007262, 45.9654695], [9.3008511, 45.965587], [9.3009496, 45.9655425], [9.3010194, 45.9654941], [9.3010205, 45.9652571], [9.3009688, 45.9647807], [9.3010085, 45.9647805], [9.3010612, 45.9652944], [9.3010727, 45.965341], [9.3011025, 45.9654838], [9.3011927, 45.9655374], [9.3013276, 45.9655596], [9.3015221, 45.9654437], [9.3015246, 45.965405], [9.3015504, 45.9650443], [9.3017443, 45.9646618], [9.3015635, 45.9642485], [9.3014419, 45.963961], [9.3012967, 45.9636279], [9.3013396, 45.9636186], [9.3013161, 45.9635385], [9.3012061, 45.9635568], [9.3010747, 45.963174], [9.3010205, 45.9629887], [9.3009998, 45.9629218], [9.3009264, 45.9629362], [9.300914, 45.9629583], [9.3008863, 45.9629637], [9.3008546, 45.9629558], [9.3008483, 45.962945], [9.3008513, 45.9629187], [9.3008642, 45.9629041], [9.3007384, 45.9625656], [9.3007067, 45.9624547], [9.300679, 45.9624382], [9.300664, 45.9624159], [9.3006703, 45.9623914], [9.3006945, 45.9623797], [9.3007341, 45.9623827], [9.3007576, 45.9624044], [9.3008416, 45.9623907], [9.3008445, 45.9623514], [9.3007782, 45.9621101], [9.3007167, 45.9619556], [9.3008192, 45.9619824], [9.3009027, 45.9619571], [9.3009308, 45.9618535], [9.3009669, 45.9613641], [9.30101, 45.9610802], [9.3009378, 45.9609388], [9.300862, 45.9609195], [9.3008554, 45.9608534], [9.3009169, 45.9608802], [9.3009494, 45.9608619], [9.3008682, 45.9605079], [9.3006973, 45.960253], [9.3006302, 45.9599647], [9.3006013, 45.9595773], [9.3006004, 45.9595647], [9.3005909, 45.9595288], [9.3005489, 45.959369], [9.3005374, 45.9592918], [9.3005512, 45.9591567], [9.3006196, 45.9589676], [9.3007254, 45.9588413], [9.3012814, 45.9584528], [9.3013273, 45.9582907], [9.3014295, 45.958097], [9.3014193, 45.9580115], [9.3015772, 45.9579706], [9.3016189, 45.95793], [9.3016438, 45.9577141], [9.3015839, 45.9577046], [9.3015744, 45.9576668], [9.3015792, 45.9575738], [9.3016414, 45.9575834], [9.3016636, 45.9572707], [9.3016801, 45.9571275], [9.3016958, 45.9570597], [9.3017431, 45.9570676], [9.3017491, 45.9569576], [9.3016978, 45.9569613], [9.3016915, 45.9568327], [9.3016312, 45.9567948], [9.3015492, 45.9567097], [9.301412, 45.9565732], [9.3014902, 45.9564993], [9.301499, 45.9561627], [9.3015932, 45.956157], [9.3016028, 45.95586], [9.3015515, 45.9553066], [9.3014497, 45.9549785], [9.3014069, 45.9549726], [9.301353, 45.954854], [9.3013174, 45.9546862], [9.3012356, 45.9544278], [9.3012168, 45.9542724], [9.3011965, 45.9542005], [9.3011333, 45.954205], [9.3011046, 45.954193], [9.3010911, 45.9541403], [9.3011754, 45.9541162], [9.3010823, 45.9538632], [9.3009565, 45.953718], [9.3008574, 45.9537457], [9.3008054, 45.9536327], [9.3009262, 45.9536029], [9.3008584, 45.9533058], [9.3007708, 45.9529848], [9.3007581, 45.9526625], [9.3007619, 45.9524645], [9.3007422, 45.9524061], [9.3007585, 45.952145], [9.300861, 45.9517555], [9.3008271, 45.9516733], [9.3008395, 45.9515992], [9.3008588, 45.9515181], [9.3008962, 45.9514729], [9.3008848, 45.9513411], [9.3008489, 45.9512503], [9.3008497, 45.9512212], [9.3009338, 45.9511455], [9.3009527, 45.9510735], [9.3008888, 45.950903], [9.3009317, 45.9507675], [9.3009408, 45.950655], [9.3009268, 45.9504462], [9.3009342, 45.9502906], [9.3009318, 45.9501735], [9.3008361, 45.9501647], [9.3007824, 45.9501477], [9.300747, 45.9501083], [9.3007522, 45.9500743], [9.3007352, 45.9500651], [9.3007417, 45.9500493], [9.3007902, 45.9500611], [9.3008309, 45.9500336], [9.3008584, 45.95001], [9.3007889, 45.9500113], [9.3007902, 45.949993], [9.3008571, 45.9499864], [9.300941, 45.9498947], [9.3009769, 45.9498792], [9.3009746, 45.9498521], [9.30092, 45.9497794], [9.3009012, 45.9497411], [9.3008986, 45.9497002], [9.3009319, 45.9496733], [9.3009717, 45.9496387], [9.3009435, 45.9496195], [9.3009591, 45.9495659], [9.3009568, 45.9494599], [9.3009901, 45.949372], [9.3010617, 45.9493038], [9.3012045, 45.9491882], [9.30134, 45.9491047], [9.3014825, 45.9490409], [9.3016444, 45.9490643], [9.3016644, 45.9489919], [9.3016106, 45.9487099], [9.3022845, 45.9483991], [9.3023084, 45.9484186], [9.3016561, 45.9487324], [9.3016905, 45.9489285], [9.3023527, 45.9487351], [9.3023702, 45.9487539], [9.3017032, 45.948962], [9.3017226, 45.9491707], [9.3023416, 45.9490829], [9.302448, 45.9490266], [9.3025747, 45.9488958], [9.3025967, 45.9487623], [9.3027297, 45.9486592], [9.3028632, 45.9485457], [9.3029316, 45.9485758], [9.3030281, 45.9485553], [9.303146, 45.948421], [9.3032616, 45.9483299], [9.3033084, 45.9482891], [9.3033428, 45.9481975], [9.3034974, 45.9481013], [9.3035743, 45.9481378], [9.3042242, 45.947585], [9.3043395, 45.9474781], [9.3044274, 45.9473419], [9.3044379, 45.9472017], [9.3045103, 45.9470243], [9.3048083, 45.9467972], [9.3048829, 45.946547], [9.3049758, 45.9462162], [9.3051466, 45.9460669], [9.3053245, 45.9459875], [9.3055119, 45.9459563], [9.3056654, 45.9459199], [9.3058012, 45.9458416], [9.3059311, 45.9457829], [9.3061061, 45.9457017], [9.3063498, 45.9456666], [9.3064959, 45.9456252], [9.3066236, 45.945599], [9.3067446, 45.9456015], [9.3068341, 45.9456113], [9.3069866, 45.9455608], [9.3071573, 45.945426], [9.3074292, 45.9452782], [9.3078813, 45.9448943], [9.3082093, 45.9447088], [9.3084123, 45.9446046], [9.3087622, 45.9443833], [9.3089852, 45.9441622], [9.3090636, 45.9440585], [9.309269, 45.9438689], [9.3095777, 45.943418], [9.3098389, 45.9431113], [9.3100843, 45.9428811], [9.3104705, 45.9424481], [9.3109053, 45.9420464], [9.311003, 45.9419201], [9.3112133, 45.9416307], [9.3111144, 45.9415765], [9.3112073, 45.9414612], [9.311329, 45.9414994], [9.311643, 45.9410273], [9.3119706, 45.9408421], [9.3124329, 45.9404047], [9.3125476, 45.9402243], [9.3125771, 45.9400102], [9.3123651, 45.9399116], [9.3121455, 45.9397182], [9.3120892, 45.9394974], [9.3121916, 45.9390772], [9.3122917, 45.938798], [9.3123421, 45.9385863], [9.3123848, 45.9381497], [9.3124993, 45.9380438], [9.3126318, 45.937839], [9.3127204, 45.9371907], [9.3127215, 45.9371649], [9.3127386, 45.936865], [9.3127587, 45.9365896], [9.3127732, 45.9360792], [9.3127822, 45.9357181], [9.3127239, 45.9352699], [9.3126051, 45.9352293], [9.3123726, 45.9343612], [9.3122774, 45.9337705], [9.3122521, 45.9332223], [9.3121224, 45.9329866], [9.3121079, 45.9327773], [9.3120636, 45.9326334], [9.31194, 45.9324357], [9.3117552, 45.9322607], [9.3115391, 45.9320529], [9.3113198, 45.9319362], [9.311113, 45.9318785], [9.3108362, 45.9316872], [9.3108213, 45.9316153], [9.3108576, 45.9314757], [9.3110415, 45.9312187], [9.3113031, 45.9309974], [9.3119984, 45.9301751], [9.3121168, 45.9299284], [9.3121737, 45.9297712], [9.3122324, 45.9296763], [9.312114, 45.9296409], [9.3121113, 45.9292773], [9.3120357, 45.92913], [9.3119661, 45.9290042], [9.3119125, 45.9288461], [9.3118216, 45.9287262], [9.3115799, 45.9282351], [9.3114103, 45.9278126], [9.3112949, 45.9275017], [9.3111056, 45.9270565], [9.3109151, 45.926717], [9.3108858, 45.9266176], [9.310719, 45.9263178], [9.310383, 45.9257675], [9.310269, 45.9255332], [9.310215, 45.9250691], [9.3101495, 45.9248914], [9.3101178, 45.9248291], [9.3100866, 45.9247719], [9.3100716, 45.9247166], [9.3101353, 45.9244087], [9.3101296, 45.9242417], [9.3101107, 45.9241041], [9.3101012, 45.9240334], [9.3101099, 45.9239776], [9.3101732, 45.9238825], [9.3102666, 45.9238853], [9.3103063, 45.9236829], [9.3104281, 45.9232596], [9.3105474, 45.9229847], [9.3106709, 45.9228674], [9.3107786, 45.9225206], [9.3108584, 45.9220929], [9.3108911, 45.9213007], [9.3109233, 45.9210126], [9.310967, 45.9208428], [9.3110148, 45.9206569], [9.311242, 45.9203367], [9.3113504, 45.9201339], [9.3113803, 45.9199898], [9.3113778, 45.9198458], [9.3114383, 45.9197107], [9.3114916, 45.919427], [9.3115774, 45.9186393], [9.3116643, 45.9186159], [9.3117347, 45.9182248], [9.3118183, 45.9181886], [9.3119215, 45.9181928], [9.3119987, 45.9181566], [9.3120531, 45.9180934], [9.3121297, 45.9179447], [9.3122377, 45.9176609], [9.3124938, 45.9173452], [9.3126774, 45.9171927], [9.312601, 45.9171637], [9.3126479, 45.9171057], [9.3127304, 45.9169002], [9.312764, 45.9168951], [9.3127472, 45.9168128], [9.312787, 45.91681], [9.3128004, 45.9168833], [9.3128379, 45.9169447], [9.3128945, 45.9170373], [9.3129681, 45.917011], [9.3130856, 45.9169238], [9.3129239, 45.9168377], [9.3128953, 45.9167896], [9.3128886, 45.9167546], [9.3128818, 45.9166961], [9.3129101, 45.9165655], [9.3131354, 45.9159304], [9.3130995, 45.915845], [9.3130493, 45.9158001], [9.3130394, 45.9157551], [9.3130788, 45.9153185], [9.3130492, 45.9151465], [9.3130375, 45.9150787], [9.3129805, 45.9147473], [9.3128501, 45.9143902], [9.3126502, 45.9144007], [9.3126062, 45.9143537], [9.3128926, 45.9143065], [9.3129484, 45.9141983], [9.3129895, 45.9140587], [9.3129663, 45.9139143], [9.3129542, 45.9138389], [9.3129478, 45.9138036], [9.3130476, 45.9138048], [9.3132073, 45.9137525], [9.3133552, 45.9137697], [9.3134662, 45.9137997], [9.3135617, 45.9138404], [9.3136356, 45.913849], [9.3136526, 45.9138136], [9.3135416, 45.9137493], [9.3133645, 45.9136325], [9.3132043, 45.9135156], [9.3131704, 45.9134331], [9.3131837, 45.9133382], [9.3129908, 45.9131362], [9.3129564, 45.9130418], [9.3130295, 45.9129028], [9.3133426, 45.9128424], [9.3138708, 45.9128548], [9.3143241, 45.9128926], [9.314455, 45.9129847], [9.3145083, 45.9130252], [9.3147658, 45.9130364], [9.3149509, 45.9129823], [9.314908, 45.91282], [9.3150859, 45.912805], [9.3152774, 45.9127889], [9.3153076, 45.9127864], [9.315305, 45.9128946], [9.3155395, 45.9128066], [9.315751, 45.9129586], [9.316304, 45.9126907], [9.3161201, 45.9125139], [9.3160951, 45.9124851], [9.3165316, 45.9122489], [9.3166557, 45.9122396], [9.3169902, 45.9121528], [9.3171572, 45.9120787], [9.317306, 45.9119821], [9.3172569, 45.9119191], [9.3173147, 45.9118705], [9.3173991, 45.9118342], [9.3174366, 45.9118519], [9.3176512, 45.911738], [9.3176324, 45.9116923], [9.3176807, 45.9116699], [9.3177317, 45.9116989], [9.3178643, 45.9116423], [9.3179917, 45.9116599], [9.3183571, 45.9115958], [9.3183546, 45.9117142], [9.3186785, 45.9117234], [9.3188477, 45.911724], [9.3190152, 45.9116871], [9.318962, 45.911578], [9.3189068, 45.9114765], [9.3192278, 45.9114348], [9.3192288, 45.9114304], [9.3192347, 45.9114277], [9.3192515, 45.9114342], [9.3194119, 45.9114265], [9.3195491, 45.9114621], [9.3197781, 45.911484], [9.3200459, 45.9115326], [9.320188, 45.9115793], [9.3204241, 45.9116483], [9.3206842, 45.9116595], [9.3207856, 45.9115927], [9.3207941, 45.9115483], [9.3209628, 45.9115525], [9.3209867, 45.9116528], [9.321159, 45.9117454], [9.3212223, 45.911786], [9.3215533, 45.9117454], [9.3218295, 45.9117398], [9.3219135, 45.9117624], [9.3219605, 45.911775], [9.3220857, 45.9118126]]]}}, {"type": "Feature", "properties": {"nome": "Lago di Lugano"}, "geometry": {"type": "Polygon", "coordinates": [[[8.8917008, 45.9225578], [8.8918286, 45.9224327], [8.891948, 45.9223653], [8.8920867, 45.922307], [8.8923307, 45.9222869], [8.8924608, 45.9222823], [8.8928119, 45.9222378], [8.8929547, 45.9221723], [8.8930064, 45.9221555], [8.8931265, 45.9221149], [8.893285, 45.9220384], [8.8937044, 45.9218949], [8.8939075, 45.9217722], [8.8940127, 45.9216567], [8.8942773, 45.9215265], [8.8944279, 45.9213907], [8.8945792, 45.9212974], [8.8948566, 45.9212135], [8.8948844, 45.9210401], [8.8949249, 45.9209638], [8.8950427, 45.9208569], [8.8951961, 45.9207565], [8.8953238, 45.9207146], [8.8954943, 45.9206911], [8.8956929, 45.9206454], [8.8957347, 45.9205711], [8.895606, 45.9204616], [8.8956024, 45.9203976], [8.8956643, 45.9203311], [8.8958498, 45.9202639], [8.8959586, 45.9201637], [8.8961373, 45.9201188], [8.8962569, 45.9201307], [8.8964287, 45.920134], [8.8966396, 45.920049], [8.8967806, 45.9199087], [8.8973149, 45.9198165], [8.8975381, 45.919778], [8.8975564, 45.9197748], [8.8977264, 45.9196276], [8.8983178, 45.9193172], [8.8988148, 45.9190163], [8.8990552, 45.9188906], [8.8992522, 45.9187322], [8.8993291, 45.9186314], [8.8993149, 45.918533], [8.8989592, 45.9172422], [8.8989356, 45.9167495], [8.898858, 45.9159822], [8.8989058, 45.9158933], [8.8989285, 45.9158078], [8.8992531, 45.9154418], [8.8994127, 45.9152608], [8.8995023, 45.915106], [8.8995198, 45.9150627], [8.8996172, 45.9148215], [8.8996445, 45.9147452], [8.8996901, 45.9146932], [8.8997921, 45.9145917], [8.8998794, 45.914501], [8.9000027, 45.9143728], [8.9000885, 45.9142836], [8.9001217, 45.9142404], [8.9004989, 45.9137486], [8.9005343, 45.9136727], [8.900547, 45.913606], [8.9004735, 45.9134876], [8.9001433, 45.9133612], [8.9000741, 45.9133161], [8.9000101, 45.9131217], [8.8999227, 45.91313], [8.8998404, 45.9128546], [8.899504, 45.9126146], [8.8993482, 45.9124185], [8.8991925, 45.9123502], [8.8991628, 45.912294], [8.8989871, 45.9120796], [8.8988563, 45.9120006], [8.8986242, 45.9118372], [8.8986181, 45.911734], [8.8983863, 45.9116805], [8.8983655, 45.9116275], [8.8983157, 45.9115004], [8.8982043, 45.9113444], [8.8981903, 45.9113248], [8.8980587, 45.9111637], [8.8980814, 45.9110903], [8.8980793, 45.9108976], [8.8979853, 45.9105775], [8.8980097, 45.910465], [8.8980638, 45.9102559], [8.8980295, 45.9101396], [8.897992, 45.9101437], [8.8980176, 45.9098186], [8.8978679, 45.9096553], [8.8978509, 45.9093728], [8.8978074, 45.9092961], [8.897718, 45.9092068], [8.8976208, 45.9091208], [8.8974371, 45.9089658], [8.8973327, 45.9088058], [8.8971588, 45.908682], [8.8967643, 45.9083634], [8.8963893, 45.9080414], [8.8963462, 45.9079984], [8.8962676, 45.9079252], [8.8961293, 45.9077541], [8.8960683, 45.907637], [8.8960498, 45.907557], [8.8960168, 45.9074295], [8.8959713, 45.9073815], [8.8959295, 45.9073401], [8.8958982, 45.9072055], [8.8961209, 45.9070114], [8.8962558, 45.9069559], [8.89636, 45.9069565], [8.8965761, 45.9069474], [8.8966626, 45.9068706], [8.8967308, 45.9068176], [8.8966244, 45.9067203], [8.8965662, 45.9066502], [8.896553, 45.9066192], [8.8965344, 45.9065753], [8.8965304, 45.9064929], [8.8964157, 45.9064057], [8.8963734, 45.906303], [8.8964751, 45.9061982], [8.8964903, 45.9061251], [8.896658, 45.9060203], [8.8966632, 45.9059878], [8.896864, 45.9058568], [8.8969488, 45.9058002], [8.8970645, 45.9057288], [8.8974015, 45.9055844], [8.8974593, 45.9055637], [8.8979097, 45.9053436], [8.8980039, 45.9054276], [8.8981755, 45.9053428], [8.8981282, 45.9052976], [8.8989848, 45.904882], [8.8990792, 45.9048325], [8.8991848, 45.9047581], [8.8993006, 45.904675], [8.8993892, 45.9046033], [8.8995188, 45.9045194], [8.899842, 45.9044146], [8.9000786, 45.9043587], [8.9002177, 45.9042921], [8.9003807, 45.9042348], [8.9004854, 45.904191], [8.9006108, 45.9040836], [8.9006942, 45.9040104], [8.9007006, 45.9039913], [8.9006724, 45.9039679], [8.9010091, 45.9037437], [8.9011136, 45.9036469], [8.9011959, 45.9035545], [8.9014098, 45.9034317], [8.9017131, 45.9032564], [8.9017714, 45.903224], [8.9017956, 45.9032415], [8.9019412, 45.9032017], [8.9019301, 45.903184], [8.9019193, 45.9031701], [8.9019029, 45.9031491], [8.9020115, 45.9031043], [8.9019806, 45.9030511], [8.9020517, 45.9030306], [8.9020848, 45.9030788], [8.9021156, 45.9031236], [8.9021241, 45.903136], [8.9021358, 45.9031631], [8.9022491, 45.9031337], [8.9027636, 45.9030943], [8.9029543, 45.9030854], [8.9032202, 45.9030678], [8.9032068, 45.9030328], [8.9032316, 45.9030323], [8.9035275, 45.9029884], [8.9037305, 45.9029739], [8.9037309, 45.9030388], [8.9038502, 45.9030316], [8.9038579, 45.9030003], [8.9041328, 45.9029961], [8.9043488, 45.9030031], [8.9043982, 45.9030134], [8.9044172, 45.9029975], [8.9044249, 45.9029854], [8.904444, 45.9029653], [8.9046183, 45.9030203], [8.9046613, 45.9030008], [8.9046917, 45.9029993], [8.904735, 45.903011], [8.9047149, 45.9030246], [8.9049227, 45.9031258], [8.9049891, 45.9030707], [8.9050421, 45.9030964], [8.904969, 45.9031575], [8.9050649, 45.9031991], [8.9050427, 45.9032215], [8.9050622, 45.9032266], [8.9050843, 45.9032378], [8.9051038, 45.9032532], [8.905132, 45.9032518], [8.9051555, 45.903243], [8.9052073, 45.903283], [8.9052345, 45.9033269], [8.9052067, 45.9033385], [8.9051899, 45.9033269], [8.9051249, 45.9033473], [8.9051035, 45.9033556], [8.9050752, 45.9033666], [8.905267, 45.9035436], [8.9052899, 45.9035759], [8.905295, 45.9035843], [8.9053241, 45.9035761], [8.9053418, 45.9035673], [8.9055035, 45.9034995], [8.9055091, 45.9035112], [8.9054353, 45.9035485], [8.9055869, 45.9037072], [8.9056754, 45.9036764], [8.9056888, 45.9036969], [8.9056271, 45.9037202], [8.9056738, 45.9037832], [8.905615, 45.9038098], [8.9056642, 45.9038786], [8.9056603, 45.9038869], [8.9056521, 45.9039072], [8.9056872, 45.9039666], [8.9057398, 45.9039507], [8.9057599, 45.904017], [8.9058108, 45.9040105], [8.9058267, 45.9041127], [8.9056966, 45.904109], [8.905657, 45.9040572], [8.9056323, 45.9040694], [8.9056127, 45.9040791], [8.9055674, 45.9041325], [8.9056142, 45.9042365], [8.9056568, 45.904331], [8.9056577, 45.9043717], [8.9056617, 45.9043941], [8.9056731, 45.9044169], [8.9056959, 45.9044375], [8.9057314, 45.9044528], [8.9057683, 45.9044533], [8.9058051, 45.9044458], [8.9058055, 45.9045359], [8.90582, 45.904793], [8.9058723, 45.9048574], [8.9057875, 45.9049256], [8.9058454, 45.9049638], [8.905849, 45.9051625], [8.905867, 45.9054213], [8.9059075, 45.9056263], [8.9059593, 45.905888], [8.9058694, 45.906238], [8.9058445, 45.9066972], [8.905792, 45.9067652], [8.9057008, 45.9069098], [8.9056602, 45.9069744], [8.9057126, 45.9070238], [8.9058154, 45.9070324], [8.905879, 45.9070092], [8.9059171, 45.9070271], [8.9059483, 45.9070418], [8.9059633, 45.9070971], [8.9059709, 45.9071252], [8.9060435, 45.9071687], [8.9061875, 45.9072061], [8.906426, 45.9072446], [8.9065572, 45.9073004], [8.9066723, 45.9073769], [8.9068184, 45.907551], [8.9069023, 45.9075473], [8.9070402, 45.9077805], [8.9069601, 45.9078003], [8.907013, 45.9079162], [8.9070976, 45.9079008], [8.9073455, 45.9083696], [8.9071892, 45.9084017], [8.9072573, 45.9085019], [8.9074138, 45.9084743], [8.9074496, 45.9085602], [8.9074698, 45.9085751], [8.9074377, 45.9086064], [8.9075225, 45.9086723], [8.9075739, 45.9086437], [8.9077593, 45.9088075], [8.9077216, 45.9088537], [8.9077822, 45.9088992], [8.907844, 45.9088785], [8.9079198, 45.9089377], [8.9077983, 45.9090233], [8.9079116, 45.9091319], [8.9080638, 45.9090651], [8.9083747, 45.909324], [8.9084036, 45.9093437], [8.9083818, 45.9094116], [8.9083362, 45.9094283], [8.9084505, 45.9095437], [8.9084428, 45.9096444], [8.9084208, 45.9097888], [8.9083933, 45.9098708], [8.9085364, 45.9099591], [8.9086778, 45.9100087], [8.9089175, 45.9100141], [8.9091285, 45.9100159], [8.9093326, 45.9100329], [8.9095009, 45.9100702], [8.9094733, 45.9101016], [8.909631, 45.9101526], [8.909679, 45.9101188], [8.9098707, 45.9101731], [8.9101191, 45.9103014], [8.9104427, 45.9105394], [8.9105221, 45.9106421], [8.9107076, 45.9108851], [8.9106976, 45.9110966], [8.9108213, 45.9113487], [8.9108663, 45.9114838], [8.9108076, 45.9118708], [8.910813, 45.9120452], [8.9108362, 45.9121318], [8.9109095, 45.9122119], [8.9111688, 45.9124213], [8.9114741, 45.912526], [8.9116447, 45.9125596], [8.9118235, 45.9126047], [8.9121361, 45.9126498], [8.9123584, 45.9127039], [8.9126195, 45.9127355], [8.9140955, 45.913006], [8.9144676, 45.9131322], [8.9148254, 45.9131638], [8.9151982, 45.9133137], [8.9154908, 45.9133216], [8.9160827, 45.9134737], [8.9163931, 45.9135649], [8.9166411, 45.913655], [8.9167137, 45.913696]]]}}, {"type": "Feature", "properties": {"nome": "Lago di Lugano"}, "geometry": {"type": "Polygon", "coordinates": [[[8.9379549, 45.9299689], [8.9370955, 45.9287818], [8.9371741, 45.9283132], [8.9372315, 45.9282125], [8.9372207, 45.9277789], [8.9369877, 45.9274756], [8.936643, 45.9273105], [8.9366828, 45.9269134], [8.9366158, 45.9268217], [8.9364868, 45.9266314], [8.9363002, 45.9264099], [8.9362166, 45.9262515], [8.9361551, 45.9260628], [8.9359453, 45.9259242], [8.9355753, 45.9256759], [8.9355653, 45.9256692], [8.93489, 45.9246673], [8.934706, 45.9245393], [8.9346682, 45.9245159], [8.9344881, 45.9244042], [8.9339091, 45.9242351], [8.9335077, 45.9241587], [8.9330105, 45.9241982], [8.9326626, 45.9239051], [8.9326356, 45.9239241], [8.9324604, 45.9238587], [8.9324762, 45.9238286], [8.9324081, 45.9238067], [8.9320686, 45.9236979], [8.9316681, 45.9235695], [8.9315756, 45.9235398], [8.9312452, 45.923306], [8.9308919, 45.9230395], [8.9304461, 45.9226797], [8.9297005, 45.9219704], [8.9295126, 45.9217745], [8.929422, 45.9216183], [8.9293987, 45.9215338], [8.9294103, 45.921425], [8.9294713, 45.9208968], [8.9295119, 45.9205447], [8.929448, 45.920258], [8.929299, 45.9199847], [8.9290428, 45.9196329], [8.9284821, 45.9190008], [8.9282534, 45.9188327], [8.9280205, 45.9187121], [8.9264739, 45.9183325], [8.9262078, 45.9182466], [8.9260058, 45.9181222], [8.925949, 45.9180562], [8.9258559, 45.9179781], [8.9257477, 45.9179039], [8.9257364, 45.9178106], [8.9257507, 45.9177136], [8.9257281, 45.9176352], [8.925667, 45.9175457], [8.9255529, 45.9174339], [8.9255124, 45.917294], [8.925464, 45.9172064], [8.925333, 45.9170562], [8.9249805, 45.9167559], [8.9249006, 45.916631], [8.9247839, 45.9165559], [8.924085, 45.9163156], [8.9241197, 45.9162573], [8.9239529, 45.9162014], [8.9237607, 45.9161064], [8.9236422, 45.9160644], [8.9234267, 45.9160195], [8.9233114, 45.9160234], [8.922663, 45.9157866], [8.9224096, 45.9156224], [8.921905, 45.9154093], [8.9210284, 45.9152659], [8.9208442, 45.9152358], [8.9202012, 45.9151306], [8.9194475, 45.9149226], [8.9194416, 45.9148751], [8.9192214, 45.9147879], [8.9191087, 45.9147686], [8.919004, 45.9147263], [8.9189316, 45.9146781], [8.9187786, 45.9145905], [8.9185989, 45.9145029], [8.9184474, 45.914461], [8.9178682, 45.9139607], [8.9176413, 45.9138267], [8.9174911, 45.9138054], [8.9167137, 45.913696]]]}}, {"type": "Feature", "properties": {"nome": "Lago di Lugano"}, "geometry": {"type": "Polygon", "coordinates": [[[8.9404429, 45.9308504], [8.9404196, 45.9309392], [8.9401474, 45.9308979], [8.940167, 45.9308277], [8.939663, 45.9307872], [8.9392498, 45.9308636], [8.9379549, 45.9299689]]]}}, {"type": "Feature", "properties": {"nome": "Lago di Lugano"}, "geometry": {"type": "Polygon", "coordinates": [[[8.9608204, 45.9297992], [8.9600175, 45.9302621], [8.9597862, 45.9306998], [8.9592881, 45.9311549], [8.95865, 45.9313781], [8.9581478, 45.9314713], [8.9560822, 45.9321275], [8.9553236, 45.9325355], [8.9549081, 45.9328764], [8.9541739, 45.9331292], [8.9530718, 45.9331683], [8.9526638, 45.9332392], [8.9523, 45.9333617], [8.9522367, 45.933445], [8.9521561, 45.9335159], [8.952008, 45.9335531], [8.9517837, 45.9336631], [8.9513022, 45.9341739], [8.9507305, 45.9345863], [8.9506515, 45.9347072], [8.9503189, 45.9348216], [8.9502789, 45.9348228], [8.9502126, 45.9348742], [8.9501308, 45.9349241], [8.9500117, 45.9349772], [8.9498344, 45.935113], [8.9498905, 45.935133], [8.9498657, 45.9352309], [8.9498164, 45.9353296], [8.949684, 45.9355706], [8.9495021, 45.9357758], [8.9494371, 45.935813], [8.9492339, 45.9360058], [8.9490051, 45.9361914], [8.9487883, 45.936243], [8.9484801, 45.936221], [8.9481634, 45.9361927], [8.9478426, 45.9358621], [8.9469196, 45.935222], [8.9465309, 45.9349372], [8.9460957, 45.9346624], [8.9456098, 45.9344425], [8.9446501, 45.9337389], [8.9442486, 45.9332746], [8.9435397, 45.9326868], [8.9424918, 45.9315404], [8.9421571, 45.9312566], [8.9417939, 45.9310587], [8.9415023, 45.9309616], [8.9412269, 45.9309541], [8.941226, 45.9308932], [8.9404429, 45.9308504]]]}}, {"type": "Feature", "properties": {"nome": "Lago di Lugano"}, "geometry": {"type": "Polygon", "coordinates": [[[8.9812414, 45.9064953], [8.9810368, 45.906408], [8.9809802, 45.906377], [8.9809273, 45.9063816], [8.9809128, 45.9063502], [8.9809358, 45.9063442], [8.9808872, 45.9062651], [8.980906, 45.9062627], [8.9809344, 45.9062578], [8.9809272, 45.9062294], [8.9808967, 45.906211], [8.980479, 45.9056819], [8.9801859, 45.9055692], [8.9801352, 45.9055674], [8.9800746, 45.9055863], [8.9800528, 45.9056041], [8.9800312, 45.9056129], [8.9800043, 45.9056152], [8.9796992, 45.9055372], [8.9797098, 45.9055154], [8.9800134, 45.9055925], [8.9800424, 45.9055868], [8.9800752, 45.9055605], [8.9800751, 45.905505], [8.9800047, 45.9055066], [8.9800043, 45.905453], [8.9799664, 45.9054238], [8.9796753, 45.9053369], [8.9796486, 45.9053817], [8.9793989, 45.9053574], [8.9788164, 45.9052621], [8.9787908, 45.9051862], [8.9785237, 45.905149], [8.9783159, 45.9051622], [8.9783049, 45.9051316], [8.9777559, 45.9052003], [8.9777498, 45.9051824], [8.9774831, 45.905212], [8.9774622, 45.90517], [8.9774099, 45.905109], [8.9772878, 45.9051042], [8.9771277, 45.9051118], [8.9769746, 45.9051303], [8.9768963, 45.9051547], [8.9768839, 45.9052153], [8.9768862, 45.9052427], [8.9766818, 45.9052492], [8.9764728, 45.905149], [8.9764211, 45.9049709], [8.9763354, 45.9049567], [8.9762657, 45.9050875], [8.9761526, 45.9051894], [8.9752838, 45.9053378], [8.9750008, 45.9056125], [8.9748047, 45.905819], [8.9747669, 45.9059482], [8.9748776, 45.9059629], [8.9748632, 45.9060136], [8.9748376, 45.9060101], [8.9747059, 45.9061212], [8.9744328, 45.9068235], [8.974435, 45.9070546], [8.9739499, 45.9070525], [8.9738141, 45.9068999], [8.9733977, 45.9066146], [8.9727827, 45.9063651], [8.9725668, 45.9062947], [8.9724379, 45.9062989], [8.9723569, 45.9063165], [8.9722919, 45.9063468], [8.9721191, 45.906464], [8.9720602, 45.906607], [8.9720792, 45.9068332], [8.9720231, 45.9068732], [8.972005, 45.906886], [8.9717227, 45.9070843], [8.9714866, 45.9071736], [8.9714779, 45.9073723], [8.9716149, 45.9078125], [8.9717927, 45.9079889], [8.9720047, 45.9081086], [8.9721593, 45.9085621], [8.9726606, 45.9093268], [8.9730327, 45.9102708], [8.9729482, 45.9109074], [8.9728063, 45.9115806], [8.9720193, 45.9125459], [8.9717533, 45.9129542], [8.9714625, 45.913205], [8.9714341, 45.9137157], [8.9712191, 45.9137634], [8.9711856, 45.9137708], [8.9710596, 45.9138272], [8.9706959, 45.9139898], [8.9703928, 45.9140507], [8.9701538, 45.9141622], [8.9701159, 45.91429], [8.9704948, 45.9144887], [8.9707501, 45.9146322], [8.9706595, 45.9147406], [8.9710818, 45.9165954], [8.9709414, 45.9169203], [8.9708051, 45.9174596], [8.9704987, 45.9183757], [8.9703877, 45.9194299], [8.9705237, 45.920279], [8.971015, 45.9209494], [8.9709359, 45.9213315], [8.9706275, 45.9216186], [8.9701556, 45.9229301], [8.9702352, 45.9233789], [8.9699262, 45.9238554], [8.9691455, 45.9243816], [8.9681257, 45.9257648], [8.9678429, 45.9260709], [8.9670376, 45.9265938], [8.9663965, 45.9267662], [8.9658644, 45.9270023], [8.9654695, 45.9273621], [8.9652719, 45.9275381], [8.9629803, 45.9286477], [8.9625227, 45.9288139], [8.9608204, 45.9297992]]]}}, {"type": "Feature", "properties": {"nome": "Lago di Lugano"}, "geometry": {"type": "Polygon", "coordinates": [[[8.9836905, 45.9140325], [8.9837538, 45.9138008], [8.9836119, 45.9132183], [8.9834989, 45.9129581], [8.9831737, 45.9123989], [8.983032, 45.91226], [8.9827486, 45.9118236], [8.9826766, 45.911578], [8.9824513, 45.9112079], [8.9824072, 45.9109897], [8.9822284, 45.9106277], [8.9821355, 45.9102835], [8.9822166, 45.9099003], [8.9822632, 45.9096662], [8.9823004, 45.9091312], [8.9823027, 45.9088452], [8.9823213, 45.9088145], [8.9822049, 45.908003], [8.9820924, 45.9077442], [8.9820473, 45.9076403], [8.9818196, 45.9072355], [8.9815609, 45.906935], [8.9815107, 45.9068767], [8.9814317, 45.9068169], [8.9814154, 45.9067458], [8.9812414, 45.9064953]]]}}, {"type": "Feature", "properties": {"nome": "Lago di Lugano"}, "geometry": {"type": "Polygon", "coordinates": [[[8.9840397, 45.9171511], [8.9839585, 45.917114], [8.9838356, 45.9170165], [8.9838372, 45.9169985], [8.9837986, 45.9169522], [8.983741, 45.9169804], [8.9834487, 45.9167102], [8.9834785, 45.9166776], [8.983406, 45.9166152], [8.9833932, 45.9165514], [8.9831307, 45.916296], [8.9830667, 45.9162574], [8.9830006, 45.9161609], [8.9830496, 45.9161342], [8.9829173, 45.9159308], [8.9828106, 45.9158819], [8.982753, 45.9157675], [8.982753, 45.9156859], [8.9828256, 45.9156918], [8.9829131, 45.9151915], [8.9831713, 45.9147016], [8.9834913, 45.9142696], [8.9836905, 45.9140325]]]}}, {"type": "Feature", "properties": {"nome": "Lago di Lugano"}, "geometry": {"type": "Polygon", "coordinates": [[[8.9838818, 45.9184797], [8.9839586, 45.9182689], [8.9840056, 45.9180552], [8.9840504, 45.9177642], [8.9840355, 45.9173827], [8.9840227, 45.917209], [8.9840397, 45.9171511]]]}}, {"type": "Feature", "properties": {"nome": "Lago di Lugano"}, "geometry": {"type": "Polygon", "coordinates": [[[8.9760255, 45.9288104], [8.9760269, 45.9286903], [8.9759502, 45.9285184], [8.9759258, 45.9284143], [8.9759502, 45.9282463], [8.9759258, 45.9279819], [8.9758678, 45.9278321], [8.9758116, 45.9278282], [8.9758023, 45.9276498], [8.9758229, 45.9276121], [8.975879, 45.9272539], [8.9759194, 45.9272136], [8.9759581, 45.927052], [8.9759126, 45.927014], [8.9759672, 45.9268746], [8.9760128, 45.9268714], [8.9760632, 45.9266528], [8.9761495, 45.9263565], [8.9763608, 45.9260216], [8.9763512, 45.9259298], [8.9765476, 45.925895], [8.9765468, 45.9258351], [8.9764752, 45.9258357], [8.976413, 45.9255003], [8.9764586, 45.9252785], [8.9763089, 45.925134], [8.9763287, 45.9250678], [8.9763493, 45.925045], [8.976365, 45.9249701], [8.976292, 45.9248706], [8.9765634, 45.924664], [8.9766929, 45.9245806], [8.9770215, 45.9243001], [8.9774846, 45.924214], [8.9777556, 45.9241279], [8.9780735, 45.923975], [8.9782869, 45.9238221], [8.9784875, 45.9236113], [8.9784683, 45.9235831], [8.978592, 45.9234169], [8.9786452, 45.9234154], [8.9788417, 45.9231482], [8.9792642, 45.9227756], [8.9797336, 45.9224654], [8.9800004, 45.9222695], [8.9800537, 45.9221388], [8.9800046, 45.9221106], [8.9801882, 45.9218954], [8.980233, 45.9217841], [8.9803226, 45.9218034], [8.9803653, 45.9217618], [8.9802479, 45.9217232], [8.9802884, 45.9215703], [8.9805829, 45.9215169], [8.9807579, 45.921318], [8.980856, 45.9212824], [8.9808987, 45.9211829], [8.9809289, 45.921157], [8.9809627, 45.9210745], [8.9809222, 45.9210508], [8.980935, 45.9209513], [8.9809862, 45.9208756], [8.9810246, 45.920843], [8.9810865, 45.9208177], [8.9811911, 45.9208147], [8.9812118, 45.9208493], [8.9812903, 45.9208054], [8.981234, 45.9207686], [8.9812427, 45.9207312], [8.9813639, 45.9207465], [8.9813205, 45.9206902], [8.9813741, 45.9206631], [8.9814298, 45.9207158], [8.9815453, 45.9205565], [8.9814578, 45.9204823], [8.98143, 45.920417], [8.9814727, 45.9203724], [8.9815773, 45.9203694], [8.9819528, 45.9204288], [8.9822665, 45.9202997], [8.9824628, 45.9201112], [8.982529, 45.9199731], [8.9825055, 45.9199479], [8.9825887, 45.9198425], [8.9826463, 45.9198588], [8.9827914, 45.91974], [8.9829323, 45.9195441], [8.983024, 45.9195382], [8.9830688, 45.9194595], [8.9830347, 45.9194417], [8.9830859, 45.9193378], [8.983024, 45.9190943], [8.9831286, 45.918955], [8.9831542, 45.9189384], [8.9835191, 45.91879], [8.9837154, 45.9186668], [8.9838818, 45.9184797]]]}}, {"type": "Feature", "properties": {"nome": "Lago di Lugano"}, "geometry": {"type": "Polygon", "coordinates": [[[8.9761023, 45.9297287], [8.9760579, 45.9295014], [8.9760875, 45.9294444], [8.976067, 45.9293398], [8.9760916, 45.9293029], [8.9760598, 45.9292839], [8.9760852, 45.9292257], [8.9760864, 45.9291307], [8.9760919, 45.9290997], [8.975986, 45.9290653], [8.9760408, 45.9289785], [8.9760086, 45.9289589], [8.9760296, 45.9289197], [8.976028, 45.928853], [8.9760022, 45.9288435], [8.976011, 45.9288149], [8.9760255, 45.9288104]]]}}, {"type": "Feature", "properties": {"nome": "Lago di Lugano"}, "geometry": {"type": "Polygon", "coordinates": [[[8.973305, 45.9304022], [8.9734043, 45.9303942], [8.9734112, 45.9303757], [8.973569, 45.9303734], [8.9737558, 45.9303432], [8.9740167, 45.9302256], [8.9741408, 45.9301976], [8.9742882, 45.9301699], [8.9745855, 45.9301564], [8.974598, 45.9301319], [8.9746857, 45.9301224], [8.9749588, 45.9301525], [8.9752084, 45.9301366], [8.9752141, 45.9301556], [8.9754737, 45.9301168], [8.9755101, 45.9301351], [8.975829, 45.9300107], [8.9760852, 45.9298071], [8.976087, 45.9297848], [8.9761023, 45.9297287]]]}}, {"type": "Feature", "properties": {"nome": "Lago di Lugano"}, "geometry": {"type": "Polygon", "coordinates": [[[8.9712551, 45.931352], [8.9714673, 45.9311833], [8.972116, 45.9307735], [8.972184, 45.9306479], [8.9722339, 45.9306288], [8.9722323, 45.9305571], [8.9723756, 45.9305616], [8.9723853, 45.9305112], [8.9724191, 45.9304563], [8.9725012, 45.9304093], [8.9726047, 45.9303815], [8.9727444, 45.930379], [8.9729119, 45.9303858], [8.973147, 45.9304149], [8.973305, 45.9304022]]]}}, {"type": "Feature", "properties": {"nome": "Lago di Lugano"}, "geometry": {"type": "Polygon", "coordinates": [[[8.9668007, 45.9388517], [8.9668587, 45.9388101], [8.9670209, 45.9387461], [8.9672808, 45.938692], [8.9675887, 45.9386324], [8.9676835, 45.9385933], [8.9678539, 45.9384878], [8.9678557, 45.9384181], [8.9678792, 45.9383451], [8.9680488, 45.9383015], [8.9681749, 45.9382458], [8.9683191, 45.9381096], [8.9683968, 45.9379754], [8.9684755, 45.93773], [8.9684736, 45.937661], [8.9684871, 45.9375649], [8.9684323, 45.9375014], [8.9684229, 45.9373091], [8.9684483, 45.937244], [8.9684678, 45.937153], [8.9684381, 45.9370058], [8.9684488, 45.9368171], [8.9684198, 45.9366266], [8.9684693, 45.9364276], [8.9685315, 45.9364175], [8.9685532, 45.9362383], [8.9685217, 45.9361351], [8.9684473, 45.9359354], [8.9683065, 45.9357234], [8.9683626, 45.9355551], [8.9683599, 45.9353443], [8.9683378, 45.9353293], [8.9683512, 45.9352858], [8.9684166, 45.9352023], [8.9684419, 45.9350725], [8.9684736, 45.9350661], [8.9684799, 45.9343263], [8.9684954, 45.9343035], [8.9685153, 45.9341661], [8.9684815, 45.9340933], [8.9682431, 45.9338323], [8.9681159, 45.9338267], [8.967979, 45.9337091], [8.9679418, 45.9335171], [8.9679935, 45.9333408], [8.9680418, 45.9332734], [8.968504, 45.9331849], [8.9686699, 45.9330539], [8.9687665, 45.9330595], [8.9688922, 45.9329419], [8.9689807, 45.9329889], [8.9690516, 45.9329217], [8.9689856, 45.9328511], [8.9691337, 45.9327918], [8.9693418, 45.9326267], [8.9694056, 45.932625], [8.9694558, 45.9325935], [8.9698358, 45.932323], [8.9699297, 45.9322603], [8.9700469, 45.932197], [8.9701016, 45.9322306], [8.9704401, 45.9321181], [8.970596, 45.9320626], [8.9706256, 45.932046], [8.9707217, 45.931992], [8.971084, 45.9316941], [8.9712435, 45.931451], [8.9713417, 45.9314958], [8.9713642, 45.9314678], [8.9713691, 45.9314297], [8.9713304, 45.9313939], [8.9712805, 45.9314118], [8.971237, 45.9313905], [8.9712551, 45.931352]]]}}, {"type": "Feature", "properties": {"nome": "Lago di Lugano"}, "geometry": {"type": "Polygon", "coordinates": [[[8.9635147, 45.9522396], [8.9633022, 45.951676], [8.963564, 45.9514963], [8.9638495, 45.9512556], [8.9639197, 45.9512405], [8.9639197, 45.9511757], [8.9639197, 45.9510251], [8.9639449, 45.9509851], [8.9640314, 45.9509325], [8.9640782, 45.950841], [8.9640998, 45.9507459], [8.9640656, 45.9507434], [8.9641341, 45.9504679], [8.9641413, 45.9503702], [8.9642277, 45.9501435], [8.9643106, 45.9498993], [8.9643341, 45.9497995], [8.9643537, 45.9497001], [8.9643073, 45.9496679], [8.9644457, 45.9494359], [8.9645285, 45.9494284], [8.9645483, 45.9493595], [8.9646991, 45.9492549], [8.9647602, 45.9492859], [8.9648086, 45.9492638], [8.9648481, 45.9492833], [8.965206, 45.9491159], [8.9652277, 45.9491248], [8.9653194, 45.9490805], [8.9654964, 45.9492186], [8.9656429, 45.9491248], [8.9656747, 45.9490973], [8.9656887, 45.9490681], [8.9655955, 45.9490021], [8.9655332, 45.9490115], [8.9653752, 45.9490921], [8.9653623, 45.949081], [8.9655305, 45.9490001], [8.9656048, 45.948985], [8.9656199, 45.9489573], [8.96564, 45.9489188], [8.9658433, 45.9487784], [8.9659169, 45.9487697], [8.966008, 45.9485529], [8.9659963, 45.9485522], [8.9660237, 45.9484021], [8.9659982, 45.9482126], [8.9659451, 45.9482039], [8.9658822, 45.9481543], [8.9658681, 45.9480746], [8.9659777, 45.9479576], [8.9659997, 45.9479554], [8.9660131, 45.9479085], [8.9659896, 45.9479077], [8.9660065, 45.9478008], [8.9660364, 45.9477052], [8.9661039, 45.9477025], [8.9661154, 45.9476441], [8.9660657, 45.9476158], [8.9661052, 45.9473784], [8.9661689, 45.9473492], [8.9662326, 45.9470419], [8.9660912, 45.9465362], [8.9660215, 45.946441], [8.9658887, 45.9461014], [8.9657549, 45.945857], [8.965662, 45.9457906], [8.9656276, 45.9457525], [8.9656225, 45.9457317], [8.9655893, 45.9457084], [8.9655477, 45.945715], [8.965522, 45.945692], [8.9655117, 45.9456232], [8.9655053, 45.9455249], [8.9654378, 45.9454558], [8.965327, 45.9452353], [8.9651971, 45.9447624], [8.965122, 45.9447066], [8.965127, 45.9445569], [8.96522, 45.9444329], [8.9651958, 45.9443612], [8.9652455, 45.9442487], [8.9652098, 45.9440769], [8.9651028, 45.9440122], [8.9650965, 45.9439432], [8.9649182, 45.9437288], [8.9647755, 45.9435207], [8.9647284, 45.9433037], [8.9645743, 45.9430141], [8.9643724, 45.9427066], [8.9642114, 45.9423879], [8.9641318, 45.942341], [8.9640475, 45.9422525], [8.964041, 45.9420878], [8.9640349, 45.9419555], [8.9639724, 45.9418252], [8.9639904, 45.9416849], [8.9639401, 45.941547], [8.9639511, 45.9414193], [8.9640026, 45.9413229], [8.9640358, 45.9410966], [8.9640796, 45.9410871], [8.964085, 45.9410522], [8.964051, 45.9410463], [8.9641056, 45.9408177], [8.9641374, 45.9408093], [8.9641795, 45.940476], [8.9641608, 45.9404551], [8.9641683, 45.9404187], [8.9641505, 45.9404122], [8.964172, 45.940351], [8.9642853, 45.9401765], [8.96429, 45.9401212], [8.9643415, 45.9400157], [8.9644182, 45.9399122], [8.9645156, 45.9398432], [8.9649593, 45.9395346], [8.965418, 45.9394116], [8.965404, 45.9393862], [8.9655313, 45.9393374], [8.9655491, 45.9393576], [8.9658168, 45.9392547], [8.9659282, 45.9391714], [8.9661057, 45.9392031], [8.9663214, 45.9391874], [8.966555, 45.9390343], [8.9666275, 45.9390229], [8.966778, 45.9389185], [8.9668007, 45.9388517]]]}}, {"type": "Feature", "properties": {"nome": "Lago di Lugano"}, "geometry": {"type": "Polygon", "coordinates": [[[8.9679876, 45.962876], [8.9678697, 45.9627535], [8.9676697, 45.9626497], [8.9674966, 45.962407], [8.9673921, 45.9623468], [8.9672937, 45.9621414], [8.9671952, 45.9621808], [8.9671325, 45.9620086], [8.9671832, 45.9619713], [8.9669027, 45.961104], [8.9668537, 45.9609119], [8.9669385, 45.9608965], [8.9669201, 45.9608303], [8.9668221, 45.9607762], [8.9667567, 45.9606096], [8.96684, 45.9605563], [8.9667892, 45.9603882], [8.966828, 45.9602326], [8.9668243, 45.9600006], [8.9666549, 45.9596143], [8.9668025, 45.9596129], [8.966672, 45.9592845], [8.9664569, 45.9592904], [8.9662253, 45.9589024], [8.9660124, 45.9580222], [8.9659306, 45.9575122], [8.9658709, 45.9573333], [8.9659854, 45.9573253], [8.9659369, 45.9571516], [8.9657802, 45.9571516], [8.9658182, 45.9569147], [8.9655553, 45.9559506], [8.9654854, 45.9559507], [8.9654695, 45.9558404], [8.9654742, 45.9556777], [8.9653214, 45.955095], [8.9652135, 45.9551012], [8.9650827, 45.9547946], [8.9647433, 45.9543741], [8.9646439, 45.9541081], [8.9647392, 45.9540874], [8.9645485, 45.9538387], [8.9645246, 45.953532], [8.9643756, 45.9533745], [8.964274, 45.9533312], [8.9639311, 45.9533226], [8.9638337, 45.9532429], [8.9637325, 45.9529861], [8.9636073, 45.9525948], [8.9635663, 45.9524952], [8.963494, 45.9522903], [8.9635147, 45.9522396]]]}}, {"type": "Feature", "properties": {"nome": "Lago di Lugano"}, "geometry": {"type": "Polygon", "coordinates": [[[8.9701703, 45.9703981], [8.9701843, 45.9703978], [8.9701953, 45.9699297], [8.9702054, 45.9696838], [8.9702162, 45.9695968], [8.9702405, 45.9694815], [8.9703003, 45.9694632], [8.9703122, 45.9694072], [8.9703444, 45.9692567], [8.9703768, 45.9691096], [8.9703891, 45.9690424], [8.9703915, 45.9690309], [8.9704023, 45.9689568], [8.9704073, 45.9689009], [8.9704174, 45.9688269], [8.9704405, 45.9685802], [8.9703157, 45.968382], [8.9701605, 45.9682213], [8.9699702, 45.9678305], [8.9698825, 45.9676122], [8.9697597, 45.9673426], [8.9698335, 45.9669512], [8.9698576, 45.9665194], [8.9698395, 45.9664139], [8.9698653, 45.9662551], [8.9698129, 45.9661643], [8.9695948, 45.9656185], [8.969534, 45.9652715], [8.9695489, 45.9651411], [8.9694512, 45.9651119], [8.969146, 45.9646495], [8.9692139, 45.9645748], [8.9693516, 45.9645717], [8.9691575, 45.9643371], [8.9686534, 45.9638174], [8.9685418, 45.9637965], [8.9685631, 45.9637305], [8.9685584, 45.9635847], [8.9684688, 45.9634938], [8.9684942, 45.9634098], [8.9684916, 45.9633604], [8.9684486, 45.9633334], [8.9683184, 45.9632803], [8.9682538, 45.9632032], [8.9681482, 45.9630594], [8.9679876, 45.962876]]]}}, {"type": "Feature", "properties": {"nome": "Lago di Lugano"}, "geometry": {"type": "Polygon", "coordinates": [[[8.9732871, 45.9733032], [8.9732757, 45.9732792], [8.9732227, 45.9732329], [8.9731821, 45.97319], [8.9730048, 45.9731296], [8.972708, 45.9730466], [8.9719615, 45.9727884], [8.9716778, 45.9726323], [8.971143, 45.9719795], [8.9711201, 45.9719915], [8.9711144, 45.9719857], [8.9710626, 45.9719337], [8.971016, 45.9718868], [8.9709717, 45.9718422], [8.9709323, 45.9718025], [8.9709286, 45.971799], [8.9708714, 45.9717438], [8.9705617, 45.9714768], [8.9705553, 45.9714796], [8.9705445, 45.9714816], [8.9705289, 45.9714787], [8.9705179, 45.9714728], [8.9705128, 45.9714632], [8.9705124, 45.9714522], [8.9705193, 45.9714427], [8.9705317, 45.971436], [8.9705404, 45.9714351], [8.9705495, 45.9714339], [8.9705365, 45.9713884], [8.9705338, 45.9713789], [8.9704549, 45.9713453], [8.9704468, 45.9713153], [8.9704341, 45.9713083], [8.9702371, 45.9706212], [8.9702339, 45.9705974], [8.9701895, 45.9705877], [8.9701779, 45.9705175], [8.9701588, 45.9705086], [8.9701621, 45.9703982], [8.9701703, 45.9703981]]]}}, {"type": "Feature", "properties": {"nome": "Lago di Lugano"}, "geometry": {"type": "Polygon", "coordinates": [[[8.9737269, 45.9775458], [8.9737001, 45.9772761], [8.9734818, 45.977164], [8.9732726, 45.9771165], [8.9731262, 45.97704], [8.9730717, 45.976834], [8.9731733, 45.9766794], [8.973237, 45.9765951], [8.9732131, 45.9764927], [8.9732498, 45.9763687], [8.9733937, 45.9762119], [8.9734638, 45.9761464], [8.9737252, 45.9761193], [8.9739701, 45.9760238], [8.973983, 45.9759491], [8.973995, 45.9757602], [8.9740722, 45.9755635], [8.9741172, 45.975516], [8.9741629, 45.9755052], [8.9741829, 45.9755057], [8.9742456, 45.9755153], [8.974261, 45.9755108], [8.9743214, 45.9753521], [8.9742714, 45.9752067], [8.9742449, 45.9750633], [8.9740404, 45.9746616], [8.9739789, 45.9746559], [8.9739385, 45.9745999], [8.9739429, 45.9744594], [8.9739543, 45.9743331], [8.9739761, 45.9743282], [8.9739832, 45.9742363], [8.9739673, 45.9741878], [8.9738997, 45.9740972], [8.9738163, 45.9740387], [8.9734924, 45.973888], [8.9731889, 45.9739936], [8.9731244, 45.9739244], [8.9731063, 45.9738544], [8.9731056, 45.9737687], [8.9732211, 45.9735493], [8.9732615, 45.9734048], [8.9732871, 45.9733032]]]}}, {"type": "Feature", "properties": {"nome": "Lago di Lugano"}, "geometry": {"type": "Polygon", "coordinates": [[[8.9741124, 45.9792138], [8.9737924, 45.9790567], [8.9737511, 45.9789061], [8.9737671, 45.9786936], [8.9737905, 45.9784473], [8.9738252, 45.9783128], [8.9738656, 45.9780741], [8.9738834, 45.9777663], [8.9737269, 45.9775458]]]}}, {"type": "Feature", "properties": {"nome": "Lago di Lugano"}, "geometry": {"type": "Polygon", "coordinates": [[[8.9771076, 45.9829903], [8.977087, 45.982927], [8.9769821, 45.9828569], [8.9769706, 45.9827668], [8.9769486, 45.9827198], [8.9769405, 45.982704], [8.9769626, 45.9826951], [8.9769339, 45.982637], [8.9768875, 45.9825437], [8.9769331, 45.9825195], [8.9769705, 45.9825101], [8.9767533, 45.9821145], [8.9767688, 45.9819005], [8.9767143, 45.9817891], [8.9767343, 45.9816495], [8.9766177, 45.9816037], [8.9765896, 45.9815936], [8.9764862, 45.9815504], [8.9764222, 45.981491], [8.9763105, 45.9813856], [8.976269, 45.9813151], [8.976165, 45.981316], [8.976014, 45.9813119], [8.9758953, 45.9810715], [8.9759035, 45.9808356], [8.975747, 45.980666], [8.975509, 45.9805552], [8.9749504, 45.9799366], [8.9749355, 45.9796908], [8.9748142, 45.979575], [8.974746, 45.9795246], [8.9746526, 45.979456], [8.9745982, 45.9794112], [8.9745118, 45.9793686], [8.9745071, 45.9793072], [8.9745663, 45.9791483], [8.9741124, 45.9792138]]]}}, {"type": "Feature", "properties": {"nome": "Lago di Lugano"}, "geometry": {"type": "Polygon", "coordinates": [[[9.0186927, 45.9987802], [9.0183534, 45.998725], [9.018208, 45.9986771], [9.0181275, 45.9986557], [9.0180468, 45.9986349], [9.0179649, 45.9986114], [9.0176377, 45.9985425], [9.017449, 45.9984654], [9.0174039, 45.998436], [9.0172091, 45.9984026], [9.0171654, 45.9984124], [9.0169959, 45.9983798], [9.0168778, 45.9983259], [9.0166669, 45.9982459], [9.0165455, 45.998223], [9.0162474, 45.9982214], [9.016014, 45.9982467], [9.0157898, 45.9982328], [9.0154833, 45.9981752], [9.0152897, 45.9982061], [9.0149291, 45.9981925], [9.0146282, 45.9982166], [9.0146249, 45.9982392], [9.014256, 45.9982732], [9.0138547, 45.998229], [9.0134337, 45.9981237], [9.0134411, 45.9980857], [9.0134128, 45.9980807], [9.0134006, 45.9980946], [9.0127855, 45.9979592], [9.0125205, 45.9978821], [9.0120859, 45.9978286], [9.0120803, 45.9978446], [9.0119401, 45.9978208], [9.0119473, 45.9978003], [9.0119167, 45.9977943], [9.011758, 45.9977185], [9.0111153, 45.9974307], [9.0111399, 45.997404], [9.0111107, 45.997385], [9.0110732, 45.9974119], [9.0108336, 45.9973046], [9.0107215, 45.9971966], [9.0106721, 45.997068], [9.0106856, 45.9970268], [9.0107224, 45.9970135], [9.0107245, 45.996996], [9.0106969, 45.9969797], [9.0106827, 45.9969381], [9.0107097, 45.9968586], [9.0107348, 45.9968643], [9.0107205, 45.9967787], [9.0106825, 45.9967568], [9.0106342, 45.9967143], [9.0106703, 45.9966487], [9.0106382, 45.9965832], [9.0106324, 45.9965022], [9.0105667, 45.9964605], [9.0104625, 45.9963738], [9.0103988, 45.9963669], [9.0103439, 45.9963213], [9.0103718, 45.9962694], [9.010365, 45.9962432], [9.0103008, 45.9962099], [9.0101997, 45.9961367], [9.0100151, 45.9960621], [9.0098409, 45.9959318], [9.0098018, 45.9958079], [9.009704, 45.9957125], [9.0093633, 45.9956175], [9.009132, 45.9955267], [9.0088412, 45.9952762], [9.008569, 45.995109], [9.0079381, 45.9948237], [9.0074752, 45.9943089], [9.0073259, 45.9941382], [9.0069238, 45.9940206], [9.0060343, 45.9935556], [9.0052571, 45.9932121], [9.0048938, 45.993063], [9.004544, 45.9929825], [9.004333, 45.9929229], [9.0039086, 45.9927706], [9.003481, 45.9926534], [9.0027296, 45.9925016], [9.0024349, 45.9925062], [9.002282, 45.9925081], [9.0022222, 45.9925251], [9.0018118, 45.9925739], [9.0014479, 45.9925621], [9.0009965, 45.992513], [9.0005788, 45.9924056], [9.0003052, 45.9922399], [9.0001178, 45.9921759], [8.9999808, 45.992052], [8.9998062, 45.9919364], [8.9995956, 45.9917926], [8.9994689, 45.9917166], [8.9993601, 45.9916438], [8.9991588, 45.991558], [8.998594, 45.9913361], [8.9983463, 45.9912584], [8.9981574, 45.9912347], [8.9979331, 45.9911793], [8.9976953, 45.9911221], [8.99748, 45.9910278], [8.9974413, 45.9910112], [8.9972855, 45.9909804], [8.9965955, 45.9908075], [8.9964547, 45.9907806], [8.9962317, 45.9907849], [8.9959037, 45.9907639], [8.9956167, 45.9906726], [8.9951688, 45.9904508], [8.994635, 45.9903129], [8.9938787, 45.9901936], [8.9934531, 45.9900193], [8.9926986, 45.9899071], [8.9919785, 45.9899453], [8.9918255, 45.9899067], [8.9917001, 45.9898979], [8.9914493, 45.9898131], [8.9908469, 45.9896111], [8.9905127, 45.9893938], [8.9904006, 45.9893485], [8.9902415, 45.989317], [8.9899527, 45.9893348], [8.9898002, 45.9893157], [8.9895027, 45.9892234], [8.9890055, 45.9891955], [8.9888169, 45.9890475], [8.9883117, 45.9887611], [8.9879264, 45.9885528], [8.9871313, 45.9882618], [8.9870542, 45.9883186], [8.9863749, 45.9879363], [8.9861228, 45.9878744], [8.9855655, 45.9878042], [8.9855514, 45.9879133], [8.9852181, 45.9878836], [8.9849273, 45.9876401], [8.9846683, 45.9875423], [8.984581, 45.9875854], [8.9845493, 45.9875605], [8.9837886, 45.9868875], [8.98358, 45.9867922], [8.9830497, 45.9867202], [8.9822775, 45.9865784], [8.9814137, 45.9862186], [8.9806598, 45.985871], [8.9806023, 45.98572], [8.980574, 45.9855163], [8.9804083, 45.985389], [8.9802088, 45.9853268], [8.9799147, 45.9851237], [8.9797536, 45.9850467], [8.9794781, 45.984915], [8.9793847, 45.984874], [8.9790714, 45.984812], [8.97882, 45.9846065], [8.9788722, 45.9844683], [8.978811, 45.9842689], [8.9785241, 45.9842529], [8.9782469, 45.9840657], [8.9779236, 45.983677], [8.9774984, 45.9833952], [8.9772266, 45.9832025], [8.9771965, 45.9831189], [8.9771383, 45.9830816], [8.9771413, 45.9830711], [8.9771303, 45.9830604], [8.9771048, 45.9830301], [8.9771076, 45.9829903]]]}}, {"type": "Feature", "properties": {"nome": "Lago di Lugano"}, "geometry": {"type": "Polygon", "coordinates": [[[9.021468, 45.9994541], [9.0213992, 45.9994245], [9.0212264, 45.9993826], [9.0212033, 45.9994438], [9.0210816, 45.9994205], [9.021078, 45.9994268], [9.0208075, 45.9993606], [9.0208153, 45.9993444], [9.0203594, 45.9992047], [9.0203486, 45.999187], [9.0203074, 45.9991473], [9.0202217, 45.9991111], [9.0200998, 45.9990827], [9.0201066, 45.999064], [9.0200509, 45.9990694], [9.0199409, 45.9990828], [9.0197634, 45.9990634], [9.0196891, 45.9990416], [9.0197399, 45.9989658], [9.0196762, 45.9989485], [9.0196412, 45.9989875], [9.0194632, 45.9989029], [9.0193221, 45.998866], [9.0190217, 45.9988093], [9.0186927, 45.9987802]]]}}, {"type": "Feature", "properties": {"nome": "Lago di Lugano"}, "geometry": {"type": "Polygon", "coordinates": [[[9.0435299, 46.0119016], [9.0432676, 46.0118725], [9.0428057, 46.0117423], [9.0424714, 46.0116254], [9.042389, 46.0116209], [9.042256, 46.011602], [9.0420231, 46.0115977], [9.0416814, 46.0115684], [9.0411343, 46.0113785], [9.0408193, 46.0111941], [9.0406497, 46.0111267], [9.0403769, 46.0110639], [9.0401281, 46.011028], [9.0400263, 46.010992], [9.039743, 46.0108435], [9.0395126, 46.0106772], [9.0385906, 46.0101854], [9.0383367, 46.0100208], [9.038152, 46.0098606], [9.037676, 46.0095126], [9.0373157, 46.0092022], [9.0372204, 46.0090853], [9.037125, 46.0089143], [9.0370487, 46.0088373], [9.0369328, 46.0087389], [9.036684, 46.0085905], [9.036482, 46.0083746], [9.0359599, 46.0074613], [9.0358856, 46.0073983], [9.0355852, 46.0070938], [9.0348181, 46.0065998], [9.0346898, 46.0065463], [9.0344561, 46.006364], [9.0344012, 46.0063235], [9.0339501, 46.0061784], [9.0338092, 46.0061254], [9.0336673, 46.0060721], [9.0336206, 46.0060683], [9.0335789, 46.0060665], [9.0335609, 46.0060658], [9.0334304, 46.0059863], [9.0333834, 46.0059471], [9.0332415, 46.0058287], [9.0331065, 46.0057239], [9.032917, 46.0056266], [9.0328056, 46.0054872], [9.0327859, 46.0054454], [9.0327506, 46.0053702], [9.031323, 46.0047499], [9.0309888, 46.004624], [9.0305521, 46.0042196], [9.0304237, 46.0041176], [9.0300263, 46.0039185], [9.0296335, 46.0036764], [9.0295755, 46.0036165], [9.0294733, 46.0034295], [9.0292372, 46.0032527], [9.0289488, 46.0030892], [9.0289174, 46.0030531], [9.0287894, 46.0029965], [9.0286725, 46.0029631], [9.0284592, 46.0028537], [9.0282803, 46.002729], [9.0280913, 46.002669], [9.0279806, 46.0026168], [9.0279285, 46.0025431], [9.0278579, 46.0025357], [9.0276734, 46.0023806], [9.0276226, 46.0023221], [9.0275759, 46.0021553], [9.0274935, 46.0021208], [9.0274006, 46.0021057], [9.0272295, 46.0020187], [9.0271501, 46.0019564], [9.0272004, 46.0019231], [9.0271579, 46.0019], [9.0271292, 46.0019147], [9.0269879, 46.001898], [9.0269085, 46.0018483], [9.0265503, 46.0016424], [9.0264764, 46.0016], [9.0264877, 46.0015791], [9.0263367, 46.0014927], [9.0262418, 46.0014265], [9.0261889, 46.0013142], [9.0262778, 46.0012376], [9.0262971, 46.0011611], [9.0261221, 46.0010243], [9.0259464, 46.0009969], [9.0254988, 46.0009474], [9.0253969, 46.0008939], [9.0252923, 46.0008642], [9.0252647, 46.0009087], [9.0251067, 46.0009517], [9.0250366, 46.0009322], [9.02488, 46.00085], [9.0248396, 46.0008515], [9.0247583, 46.0008187], [9.0247568, 46.0008017], [9.0247166, 46.0007915], [9.0246912, 46.000752], [9.0245132, 46.0007436], [9.0244836, 46.0007603], [9.0243281, 46.0007012], [9.0243471, 46.0006672], [9.0242993, 46.0006552], [9.0242759, 46.0006898], [9.0240161, 46.0006352], [9.0240237, 46.0006105], [9.023999, 46.0005993], [9.0239845, 46.0006272], [9.0237484, 46.0005619], [9.0236089, 46.0005181], [9.0235419, 46.0004851], [9.023542, 46.0004336], [9.0235767, 46.0004122], [9.023576, 46.0003905], [9.0235323, 46.000386], [9.0235226, 46.0003384], [9.023536, 46.0002413], [9.0235823, 46.0002416], [9.0235804, 46.0002205], [9.0235487, 46.0002129], [9.023542, 46.0001868], [9.023411, 46.0000701], [9.0232518, 45.9999967], [9.0229362, 45.9999643], [9.0227974, 45.9999229], [9.0226883, 45.9999304], [9.0225315, 45.9999509], [9.022438, 45.9999217], [9.0224109, 45.9999096], [9.0223244, 45.999833], [9.0221644, 45.9998169], [9.0221587, 45.9997957], [9.0221321, 45.999792], [9.0221156, 45.9998065], [9.0220812, 45.9998001], [9.0220778, 45.9997761], [9.0219739, 45.9997642], [9.0219524, 45.9997794], [9.0219241, 45.9997773], [9.0219131, 45.9997497], [9.0218864, 45.9997542], [9.0218684, 45.9997807], [9.0218066, 45.9997199], [9.0217627, 45.9996543], [9.0216926, 45.9996235], [9.0216291, 45.9995653], [9.0215904, 45.9995151], [9.0215725, 45.9994975], [9.021541, 45.9994912], [9.0215133, 45.9994708], [9.0214784, 45.9994634], [9.021468, 45.9994541]]]}}, {"type": "Feature", "properties": {"nome": "Lago di Lugano"}, "geometry": {"type": "Polygon", "coordinates": [[[9.0448593, 46.0117401], [9.0447057, 46.0118077], [9.0444745, 46.0118727], [9.0442797, 46.0118728], [9.0440432, 46.0119585], [9.0435299, 46.0119016]]]}}, {"type": "Feature", "properties": {"nome": "Lago di Lugano"}, "geometry": {"type": "Polygon", "coordinates": [[[9.0725645, 46.0092293], [9.0722502, 46.0093543], [9.0719151, 46.0094383], [9.0716956, 46.0094789], [9.0713772, 46.0094917], [9.0712403, 46.0094926], [9.0708835, 46.0095558], [9.0705627, 46.0094994], [9.0703327, 46.0093581], [9.0702277, 46.0093356], [9.069986, 46.0093465], [9.0698372, 46.0093772], [9.0697316, 46.0094189], [9.0695789, 46.0095429], [9.0693, 46.009858], [9.0691951, 46.0098851], [9.0687937, 46.0099362], [9.0683976, 46.010007], [9.0678245, 46.0100567], [9.0675341, 46.0100657], [9.0674338, 46.0100884], [9.0671997, 46.010088], [9.0669708, 46.0101165], [9.066851, 46.0101382], [9.0665717, 46.0101923], [9.0664797, 46.0102283], [9.0661068, 46.010287], [9.0658905, 46.0103726], [9.0655886, 46.0104043], [9.0653398, 46.0104639], [9.0650963, 46.0105035], [9.0640904, 46.0105579], [9.0638321, 46.0105176], [9.0634053, 46.0105658], [9.0631959, 46.0105674], [9.0629892, 46.0104954], [9.0624319, 46.0102482], [9.0619357, 46.0099891], [9.0617695, 46.0099425], [9.0616226, 46.0099336], [9.0613585, 46.0100056], [9.0610625, 46.010063], [9.0608562, 46.0101125], [9.0607235, 46.010186], [9.0606597, 46.0102385], [9.0605761, 46.0102723], [9.060579, 46.0104603], [9.0605709, 46.0105569], [9.0604912, 46.0105894], [9.0604059, 46.0105776], [9.0603542, 46.0105327], [9.0602134, 46.0103122], [9.0601182, 46.0102853], [9.0599973, 46.0102839], [9.0598072, 46.0103529], [9.059345, 46.0105458], [9.0592677, 46.0106952], [9.0591597, 46.0109157], [9.0591049, 46.0109427], [9.0588482, 46.0109924], [9.0584155, 46.0110196], [9.0580329, 46.0111187], [9.057681, 46.0111774], [9.0576035, 46.0111774], [9.0573531, 46.0110831], [9.0572611, 46.0110921], [9.0571175, 46.0111597], [9.0568091, 46.0112093], [9.0559193, 46.011259], [9.0554594, 46.0112774], [9.055222, 46.0113135], [9.0549928, 46.0113676], [9.054679, 46.0113748], [9.0543704, 46.0113828], [9.0543216, 46.0114577], [9.0540887, 46.0114806], [9.0539962, 46.011495], [9.0539111, 46.0114806], [9.0537963, 46.0113502], [9.0536978, 46.0113052], [9.0536374, 46.0113071], [9.0535347, 46.0113323], [9.053446, 46.0113819], [9.0533379, 46.0114719], [9.0532911, 46.0114944], [9.0531797, 46.011508], [9.053027, 46.0116388], [9.0529247, 46.0116521], [9.0521414, 46.0114005], [9.052017, 46.0113375], [9.0518604, 46.0113556], [9.0518071, 46.0114141], [9.0519508, 46.0114542], [9.0519372, 46.0115546], [9.051858, 46.0115944], [9.0516958, 46.0115113], [9.0516071, 46.0115627], [9.0515441, 46.0115807], [9.0514036, 46.0115583], [9.0513213, 46.0115628], [9.0512793, 46.0116034], [9.0512923, 46.0117024], [9.0514177, 46.0118924], [9.0513765, 46.0119993], [9.0512876, 46.0120453], [9.0511514, 46.012064], [9.0510355, 46.0120615], [9.050509, 46.0119288], [9.0504416, 46.0118209], [9.0505899, 46.0116667], [9.050474, 46.0116162], [9.0498111, 46.0110865], [9.0495784, 46.0108886], [9.0493581, 46.0107685], [9.0490808, 46.0106665], [9.0489214, 46.010649], [9.0481657, 46.0109568], [9.0481529, 46.0110918], [9.0480481, 46.0112088], [9.0477623, 46.011308], [9.0475815, 46.0113485], [9.0474152, 46.0113666], [9.0468307, 46.0113579], [9.0462748, 46.0113998], [9.0456994, 46.0114661], [9.0451759, 46.0115927], [9.0450306, 46.0116647], [9.0448593, 46.0117401]]]}}, {"type": "Feature", "properties": {"nome": "Lago di Lugano"}, "geometry": {"type": "Polygon", "coordinates": [[[9.0943303, 46.0083751], [9.0942931, 46.0083346], [9.0937923, 46.0081593], [9.0933673, 46.0079255], [9.0930925, 46.0077456], [9.0928792, 46.0076422], [9.0926741, 46.0076018], [9.0922187, 46.0075435], [9.091495, 46.0075875], [9.0910001, 46.0075647], [9.0906486, 46.0076266], [9.0903446, 46.0075977], [9.0900721, 46.0075503], [9.0895177, 46.0075254], [9.0891479, 46.0075539], [9.0889395, 46.007464], [9.0887844, 46.0074371], [9.0884339, 46.0073382], [9.0883467, 46.0073338], [9.0880917, 46.0073699], [9.0878415, 46.007442], [9.0874495, 46.0076177], [9.087256, 46.0077663], [9.0871383, 46.0078833], [9.0870432, 46.0080094], [9.0869869, 46.0081489], [9.0869253, 46.0082126], [9.086716, 46.0083245], [9.0866529, 46.0083378], [9.0865143, 46.0084416], [9.0858735, 46.0087557], [9.085556, 46.0089435], [9.0853932, 46.0090677], [9.0852657, 46.0090992], [9.085028, 46.0091949], [9.0849505, 46.0091985], [9.0848498, 46.0091795], [9.0848101, 46.0091351], [9.0847476, 46.0090188], [9.0846207, 46.0089072], [9.0844592, 46.0088436], [9.0841527, 46.0085752], [9.0838346, 46.0084026], [9.0836643, 46.0082359], [9.0833604, 46.0080838], [9.0832749, 46.0080201], [9.0830631, 46.0078492], [9.0828432, 46.0076288], [9.082706, 46.0075212], [9.0826601, 46.0074853], [9.0824382, 46.0073115], [9.0824144, 46.0072928], [9.0823822, 46.0073049], [9.0823366, 46.0072993], [9.0823057, 46.0072769], [9.0820323, 46.0072616], [9.0812389, 46.0074275], [9.0811913, 46.0074363], [9.0809141, 46.0075057], [9.0807344, 46.0075396], [9.0803398, 46.0075674], [9.0799059, 46.0077552], [9.0796071, 46.0078739], [9.0789141, 46.0081031], [9.078855, 46.0081796], [9.0785697, 46.0082944], [9.0781595, 46.0083544], [9.0776789, 46.0085059], [9.0773509, 46.0086642], [9.0770582, 46.0087436], [9.0767645, 46.0088556], [9.076351, 46.0089983], [9.076089, 46.0090887], [9.0758243, 46.0091567], [9.0756369, 46.0092048], [9.0750584, 46.0092074], [9.0741445, 46.0091803], [9.0735085, 46.0091328], [9.0725645, 46.0092293]]]}}, {"type": "Feature", "properties": {"nome": "Lago di Lugano"}, "geometry": {"type": "Polygon", "coordinates": [[[9.0966498, 46.0096437], [9.0965983, 46.0095457], [9.0964357, 46.0094251], [9.0961708, 46.0092739], [9.0956861, 46.0090135], [9.0953355, 46.0088651], [9.0950009, 46.0086853], [9.094515, 46.0084756], [9.0943303, 46.0083751]]]}}, {"type": "Feature", "properties": {"nome": "Lago di Lugano"}, "geometry": {"type": "Polygon", "coordinates": [[[9.0981906, 46.01011], [9.097882, 46.0099979], [9.0976268, 46.0099306], [9.0973012, 46.0098822], [9.0966986, 46.009717], [9.0966498, 46.0096437]]]}}, {"type": "Feature", "properties": {"nome": "Lago di Lugano"}, "geometry": {"type": "Polygon", "coordinates": [[[9.1016615, 46.0118942], [9.1015452, 46.0118297], [9.1013065, 46.0116558], [9.101158, 46.0115213], [9.100786, 46.0113355], [9.1003582, 46.0111507], [9.0999991, 46.0110617], [9.0996097, 46.0107778], [9.0994592, 46.0107474], [9.0992848, 46.0107071], [9.0989891, 46.0106085], [9.0987144, 46.0104873], [9.0984654, 46.0102806], [9.0981906, 46.01011]]]}}, {"type": "Feature", "properties": {"nome": "Lago di Lugano"}, "geometry": {"type": "Polygon", "coordinates": [[[9.1021599, 46.0121705], [9.101982, 46.0120719], [9.1016615, 46.0118942]]]}}, {"type": "Feature", "properties": {"nome": "Lago di Lugano"}, "geometry": {"type": "Polygon", "coordinates": [[[9.1043143, 46.0132838], [9.1041186, 46.0130712], [9.1034965, 46.0128562], [9.1031742, 46.0126361], [9.1028613, 46.0125161], [9.1021599, 46.0121705]]]}}, {"type": "Feature", "properties": {"nome": "Lago di Lugano"}, "geometry": {"type": "Polygon", "coordinates": [[[9.1106791, 46.0177717], [9.1099773, 46.0174707], [9.1098447, 46.0173718], [9.1092281, 46.0166616], [9.1090906, 46.0165538], [9.108701, 46.0163843], [9.1082936, 46.0160913], [9.1081484, 46.0159648], [9.1080202, 46.0158531], [9.1077809, 46.0156824], [9.1076856, 46.015651], [9.1070829, 46.0156667], [9.1068127, 46.0156804], [9.1063921, 46.0157108], [9.1061856, 46.0156807], [9.1054659, 46.0155198], [9.1054361, 46.015469], [9.1051905, 46.0153702], [9.104739, 46.0149798], [9.1046666, 46.0148681], [9.1046434, 46.0148179], [9.1046432, 46.0146964], [9.1046847, 46.0144353], [9.1047795, 46.0141832], [9.1048777, 46.0140034], [9.1049001, 46.0139625], [9.1049033, 46.013922], [9.104764, 46.0137197], [9.1047121, 46.0136875], [9.1046278, 46.0136352], [9.1047411, 46.0135401], [9.1043143, 46.0132838]]]}}, {"type": "Feature", "properties": {"nome": "Lago di Lugano"}, "geometry": {"type": "Polygon", "coordinates": [[[9.1215406, 46.0239226], [9.1215273, 46.0237381], [9.121451, 46.0235582], [9.1213543, 46.0233775], [9.1210644, 46.0232453], [9.1208608, 46.0232079], [9.1206442, 46.0231587], [9.1201165, 46.0230292], [9.1198884, 46.0230385], [9.1196781, 46.0229619], [9.1190363, 46.0226747], [9.1188988, 46.0225939], [9.1186255, 46.0223782], [9.1183344, 46.0221986], [9.1181272, 46.0219919], [9.1178944, 46.0218482], [9.117553, 46.0215471], [9.1173654, 46.0214348], [9.1171229, 46.0213226], [9.1170016, 46.0212373], [9.1168253, 46.02108], [9.1166375, 46.0208642], [9.1165484, 46.0207249], [9.1163315, 46.0204911], [9.1162037, 46.0203698], [9.1159837, 46.0202261], [9.1157152, 46.0200014], [9.1156003, 46.0198845], [9.1154545, 46.0196822], [9.1152733, 46.0195712], [9.1149016, 46.0193949], [9.1144747, 46.0190895], [9.1143308, 46.0190086], [9.1139413, 46.0188516], [9.1137797, 46.0188113], [9.1131449, 46.0187221], [9.1124536, 46.0186465], [9.1121336, 46.0185344], [9.1114906, 46.0183552], [9.111337, 46.0182744], [9.1113046, 46.018225], [9.1110525, 46.0179833], [9.1108872, 46.017861], [9.1106791, 46.0177717]]]}}, {"type": "Feature", "properties": {"nome": "Lago di Lugano"}, "geometry": {"type": "Polygon", "coordinates": [[[9.1222447, 46.0251552], [9.1221243, 46.0251105], [9.1221037, 46.025039], [9.1222018, 46.0249748], [9.1221694, 46.0249028], [9.121972, 46.0247275], [9.1216553, 46.024475], [9.1215884, 46.0244009], [9.1215431, 46.0243186], [9.1215251, 46.0242241], [9.1215406, 46.0239226]]]}}, {"type": "Feature", "properties": {"nome": "Lago di Lugano"}, "geometry": {"type": "Polygon", "coordinates": [[[9.1252137, 46.0269119], [9.12526, 46.0267779], [9.1252081, 46.0266344], [9.125064, 46.0264779], [9.1249567, 46.0263365], [9.1249291, 46.0261728], [9.1249407, 46.0255878], [9.1248681, 46.0254143], [9.1248288, 46.0253809], [9.1246824, 46.0252723], [9.1245844, 46.0252708], [9.1243016, 46.0252652], [9.1241617, 46.0252735], [9.1239259, 46.0254266], [9.1237707, 46.0254707], [9.1236037, 46.025478], [9.1230463, 46.0254107], [9.1226699, 46.0252818], [9.122422, 46.0252219], [9.1222447, 46.0251552]]]}}, {"type": "Feature", "properties": {"nome": "Lago di Lugano"}, "geometry": {"type": "Polygon", "coordinates": [[[9.1252449, 46.0270353], [9.1252394, 46.0269753], [9.1252137, 46.0269119]]]}}, {"type": "Feature", "properties": {"nome": "Lago di Lugano"}, "geometry": {"type": "Polygon", "coordinates": [[[9.1237032, 46.0298219], [9.1232816, 46.0297], [9.1229916, 46.0296004], [9.1228738, 46.0295404], [9.1228759, 46.0293597], [9.1230239, 46.0292299], [9.123243, 46.029118], [9.123448, 46.0290323], [9.1235819, 46.0289691], [9.1238867, 46.0287707], [9.1241303, 46.0286579], [9.1242675, 46.0286127], [9.1245028, 46.0283604], [9.1245979, 46.0283018], [9.1248952, 46.0281501], [9.1249633, 46.0280432], [9.1250727, 46.0279612], [9.1250779, 46.0277719], [9.1249193, 46.0277223], [9.1248093, 46.0276879], [9.1246939, 46.0276674], [9.1247355, 46.027601], [9.1248136, 46.0275156], [9.1249255, 46.0274463], [9.1251389, 46.027349], [9.1252449, 46.0270353]]]}}, {"type": "Feature", "properties": {"nome": "Lago di Lugano"}, "geometry": {"type": "Polygon", "coordinates": [[[9.1235177, 46.0300186], [9.123669, 46.0298528], [9.1237032, 46.0298219]]]}}, {"type": "Feature", "properties": {"nome": "Lago di Lugano"}, "geometry": {"type": "Polygon", "coordinates": [[[9.1232939, 46.031427], [9.123526, 46.0310643], [9.1235603, 46.0309132], [9.1235827, 46.030755], [9.1235185, 46.0305951], [9.1234311, 46.0305169], [9.1232492, 46.0305544], [9.1230245, 46.0304876], [9.1228116, 46.0304079], [9.1225824, 46.030331], [9.1225636, 46.0303122], [9.1225525, 46.0302885], [9.122562, 46.0302687], [9.1225858, 46.0302502], [9.1229429, 46.030124], [9.1235177, 46.0300186]]]}}, {"type": "Feature", "properties": {"nome": "Lago di Lugano"}, "geometry": {"type": "Polygon", "coordinates": [[[9.1208411, 46.033143], [9.120935, 46.0330714], [9.1210353, 46.0330437], [9.1212338, 46.0328647], [9.1215138, 46.0329372], [9.1217668, 46.0329586], [9.1220463, 46.0328456], [9.1223977, 46.0325257], [9.1224221, 46.0324539], [9.1224588, 46.0323463], [9.122548, 46.0323733], [9.1227118, 46.0320331], [9.1229931, 46.0320589], [9.1230598, 46.0319262], [9.1229833, 46.0318077], [9.1230493, 46.0317538], [9.1230755, 46.031727], [9.1232939, 46.031427]]]}}, {"type": "Feature", "properties": {"nome": "Lago di Lugano"}, "geometry": {"type": "Polygon", "coordinates": [[[9.1196095, 46.0334064], [9.1196964, 46.0332876], [9.1198928, 46.0331708], [9.1203749, 46.0330458], [9.1207115, 46.032972], [9.1208411, 46.033143]]]}}, {"type": "Feature", "properties": {"nome": "Lago di Lugano"}, "geometry": {"type": "Polygon", "coordinates": [[[9.0225549, 46.0167819], [9.0225742, 46.01683], [9.022698, 46.0169001], [9.0229216, 46.017103], [9.023292, 46.0173286], [9.0237148, 46.0174662], [9.0240741, 46.0178171], [9.0241974, 46.0178935], [9.0244223, 46.0179923], [9.0246453, 46.0181722], [9.0246679, 46.0182127], [9.0245957, 46.0183157], [9.0246548, 46.0183469], [9.024763, 46.0184461], [9.0248937, 46.0184909], [9.0250476, 46.0185861], [9.0253991, 46.0187166], [9.0261521, 46.0190489], [9.026295, 46.0191276], [9.0263289, 46.0191455], [9.0265933, 46.0192919], [9.0267646, 46.0193998], [9.0269778, 46.0194852], [9.0271409, 46.0195211], [9.0274882, 46.0196605], [9.0280487, 46.0199752], [9.0282469, 46.0199855], [9.0285946, 46.0201229], [9.0289564, 46.0202137], [9.0292447, 46.0203306], [9.0293724, 46.0204487], [9.0295843, 46.0205884], [9.0299223, 46.020673], [9.0302293, 46.0206612], [9.0309189, 46.0209414], [9.0312791, 46.0211033], [9.0313971, 46.0211437], [9.0320801, 46.0211382], [9.0320867, 46.0211381], [9.032313, 46.0211521], [9.0324781, 46.0211948], [9.0325744, 46.0212197], [9.0328037, 46.0212646], [9.0332467, 46.0212736], [9.033524, 46.0213182], [9.0340328, 46.021453], [9.0342677, 46.0214378], [9.0343908, 46.0214915], [9.034372, 46.0215814], [9.035065, 46.0217495], [9.0354784, 46.0218169], [9.0358162, 46.0218978], [9.036098, 46.0219697], [9.0362798, 46.0220478], [9.0368273, 46.0223472], [9.0371099, 46.0224236], [9.0376284, 46.0224459], [9.0380871, 46.0224997], [9.0385455, 46.0225875], [9.038566, 46.0225541], [9.0386955, 46.0225681], [9.038706, 46.0226426], [9.0393683, 46.022695], [9.039831, 46.0228427], [9.0398534, 46.0228001], [9.039995, 46.0228496], [9.0400816, 46.0228778], [9.0405567, 46.0229629], [9.0409726, 46.0231604], [9.0411636, 46.0232374], [9.0413322, 46.0234027], [9.0414922, 46.0235511], [9.0416135, 46.0236996], [9.0417476, 46.0238484], [9.0418309, 46.0240087], [9.0418182, 46.0240656], [9.041927, 46.0241896], [9.0421503, 46.0242012], [9.0422647, 46.0243252], [9.0423534, 46.0244931], [9.0425048, 46.0245171], [9.0425533, 46.0246193], [9.0428267, 46.0246295], [9.0429264, 46.0246024], [9.042911, 46.024554], [9.0432454, 46.0244426], [9.0433037, 46.0244384], [9.0433696, 46.0244593], [9.0434482, 46.0243844], [9.0440102, 46.0242465], [9.0445353, 46.0243017], [9.0448351, 46.0243625], [9.045207, 46.0244362], [9.0454456, 46.0245733], [9.045903, 46.0247313], [9.0460689, 46.0247886], [9.0461246, 46.0248698], [9.0462513, 46.0249491], [9.0462924, 46.0249659], [9.0466115, 46.0250968], [9.0470587, 46.0252212], [9.0471284, 46.0252406], [9.0474766, 46.0252898], [9.0478438, 46.0254519], [9.0481853, 46.0254574], [9.0484176, 46.0254005], [9.0498635, 46.0253405], [9.0505451, 46.0252718], [9.0507879, 46.0251585], [9.0509688, 46.0249823], [9.0510898, 46.0247532], [9.0514782, 46.0244537], [9.0515715, 46.0243177], [9.0516332, 46.0242145], [9.0516992, 46.0241326], [9.051998, 46.0241199], [9.0521846, 46.0241806], [9.052375, 46.0241986], [9.0527054, 46.0241509], [9.0528347, 46.0241277], [9.0532285, 46.0241996], [9.0535503, 46.0242579], [9.0537739, 46.0243871], [9.0538015, 46.0243915], [9.053828, 46.0243954], [9.0540608, 46.0244799], [9.0543355, 46.0245046], [9.0543821, 46.0245035], [9.0544657, 46.024497], [9.0545309, 46.0244767], [9.0546362, 46.0244104], [9.0551125, 46.0241023], [9.0553408, 46.0240206], [9.0555044, 46.0239767], [9.0556533, 46.0239679], [9.0557968, 46.0239901], [9.0561924, 46.0239584], [9.0564023, 46.0239758], [9.0566382, 46.0240212], [9.0568611, 46.0240076], [9.0570759, 46.0239734], [9.0579188, 46.0239129], [9.0583241, 46.0238719], [9.0585992, 46.0238868], [9.059033, 46.0237681], [9.0591132, 46.023689], [9.059288, 46.023633], [9.0593478, 46.0236194], [9.0594657, 46.0236329], [9.0596252, 46.0236472], [9.0596789, 46.023653], [9.0598195, 46.0237182], [9.060246, 46.0237928], [9.060277, 46.023898], [9.0603705, 46.0239655], [9.060658, 46.0240013], [9.0616125, 46.0240414], [9.0616787, 46.0240549], [9.0617838, 46.0241043], [9.0619535, 46.0242483], [9.0620618, 46.0242876], [9.0622516, 46.0242667], [9.0623853, 46.0242767], [9.0625179, 46.0242677], [9.0626753, 46.0241759], [9.0628222, 46.0240453], [9.062959, 46.0239917], [9.0631502, 46.0239867], [9.0632297, 46.0239071], [9.0633019, 46.0238621], [9.0635082, 46.0237975], [9.0636326, 46.0237795], [9.0641103, 46.0237998], [9.0642915, 46.0237297], [9.0644362, 46.02367], [9.0647968, 46.0236304], [9.0651828, 46.0235718], [9.0653631, 46.023532], [9.0655576, 46.0236841], [9.0657601, 46.0236368], [9.065978, 46.0236199], [9.0661906, 46.0236208], [9.0663859, 46.0235757], [9.0666329, 46.0234361], [9.06675, 46.0234273], [9.0669693, 46.0234332], [9.0671073, 46.0234587], [9.0673242, 46.0235258], [9.0674922, 46.0235523], [9.0677021, 46.0235391], [9.0680805, 46.0234395], [9.0683641, 46.0234218], [9.0688293, 46.0234531], [9.069288, 46.0235294], [9.0697219, 46.02361], [9.0698451, 46.0236901], [9.0699954, 46.0237804], [9.0700201, 46.0238699], [9.0701815, 46.0238811], [9.0705903, 46.0240013], [9.071113, 46.0239996], [9.071527, 46.0239783], [9.0717888, 46.0239103], [9.0719161, 46.0238879], [9.0721446, 46.0238929], [9.0723082, 46.0238964], [9.0725838, 46.0239024], [9.0727586, 46.0239294], [9.072819, 46.0239643], [9.0728918, 46.0239954], [9.0729241, 46.0240092], [9.0731129, 46.0240384], [9.0734215, 46.0240585], [9.0735168, 46.0240539], [9.0737929, 46.0239863], [9.0742128, 46.0239996], [9.0746553, 46.0239859], [9.0748264, 46.0239318], [9.0749928, 46.0239559], [9.0756744, 46.0239809], [9.076301, 46.0240032], [9.0768228, 46.0240659], [9.0775978, 46.0241024], [9.0778097, 46.0241431], [9.0782534, 46.0241614], [9.0792194, 46.0240333], [9.0794357, 46.0239567], [9.07956, 46.0239297], [9.0798088, 46.0239502], [9.080606, 46.0237648], [9.0808461, 46.023659], [9.0811826, 46.0235734], [9.0816622, 46.0235507], [9.0817931, 46.0235866], [9.0819968, 46.0237081], [9.0821406, 46.0237665], [9.0824088, 46.0238339], [9.0828709, 46.0240002], [9.0831793, 46.0240862], [9.0832276, 46.0241032], [9.0833261, 46.024138], [9.0834186, 46.0241304], [9.0835206, 46.0241443], [9.0838985, 46.024163], [9.0844086, 46.02413], [9.0846811, 46.0241126], [9.0850412, 46.0240895], [9.0851392, 46.0240881], [9.0852537, 46.0240857], [9.085505, 46.0240872], [9.0860646, 46.024073], [9.0865596, 46.0239127], [9.086767, 46.0239467], [9.0871983, 46.0239434], [9.0877141, 46.0239553], [9.088196, 46.0239261], [9.0884694, 46.0238927], [9.0889251, 46.0239861], [9.0894085, 46.0239837], [9.0899862, 46.0241119], [9.0903901, 46.0242647], [9.0908415, 46.0244988], [9.0910515, 46.0245347], [9.0919266, 46.0245861], [9.0921979, 46.0245512], [9.0924035, 46.024491], [9.0926899, 46.0246539], [9.0928885, 46.0247503], [9.0929953, 46.0248022], [9.093051, 46.0248884], [9.0931347, 46.0249292], [9.0933898, 46.0248936], [9.0934902, 46.0249231], [9.0936685, 46.0250565], [9.0936283, 46.0251377], [9.0938217, 46.0252196], [9.094119, 46.0253155], [9.094352, 46.0254915], [9.0945472, 46.025497], [9.0945712, 46.0255478], [9.0952092, 46.0256326], [9.0961588, 46.0260322], [9.0962645, 46.026097], [9.0962171, 46.0261468], [9.0963242, 46.02623], [9.0965813, 46.026307], [9.0967783, 46.0263096], [9.096936, 46.026356], [9.097475, 46.0264854], [9.0975854, 46.0265178], [9.0979988, 46.0265923], [9.0983441, 46.0268056], [9.098605, 46.0270075], [9.0988022, 46.0270572], [9.0988359, 46.0271083], [9.0988404, 46.0271721], [9.0987291, 46.0272771], [9.0989994, 46.0275013], [9.0990542, 46.0275467], [9.0993135, 46.0277593], [9.0993291, 46.0277721], [9.0994583, 46.0278292], [9.0995642, 46.0279189], [9.0996276, 46.0278892], [9.0998482, 46.0281019], [9.1002111, 46.0283734], [9.1004111, 46.0285846], [9.1004797, 46.0285703], [9.1005106, 46.0286366], [9.1004474, 46.0286966], [9.1007195, 46.0290387], [9.1008796, 46.02916], [9.1010074, 46.0292859], [9.1011029, 46.0293773], [9.10121, 46.0295145], [9.101189, 46.0295475], [9.1014683, 46.0297035], [9.1018013, 46.0299292], [9.1018857, 46.0299418], [9.1020506, 46.0300136], [9.1022105, 46.0300539], [9.1023253, 46.0301032], [9.1026036, 46.0303549], [9.1028385, 46.0305913], [9.1030354, 46.0306783], [9.1031615, 46.0307322], [9.103609, 46.0307856], [9.1039532, 46.0308572], [9.1040906, 46.030911], [9.1042022, 46.0309828], [9.104262, 46.0310278], [9.1044352, 46.03123], [9.10471, 46.0313955], [9.1047603, 46.0314321], [9.1049677, 46.0317964], [9.1051226, 46.032079], [9.1052975, 46.0321484], [9.1062225, 46.0322632], [9.1063816, 46.0323406], [9.1064339, 46.032393], [9.1065942, 46.0325702], [9.1068273, 46.0326648], [9.1068005, 46.032805], [9.1069947, 46.0328311], [9.1072863, 46.0329244], [9.1074996, 46.0330487], [9.1076712, 46.0332169], [9.1078798, 46.0332647], [9.1081376, 46.0332538], [9.1083098, 46.0333708], [9.1084729, 46.033538], [9.108748, 46.0337761], [9.1089605, 46.0338903], [9.1091065, 46.0339289], [9.1093551, 46.0338944], [9.1095296, 46.0338921], [9.1096491, 46.0338958], [9.1097337, 46.0339639], [9.1098689, 46.0340513], [9.1100108, 46.0340875], [9.1101103, 46.0340706], [9.1102255, 46.0340021], [9.1103229, 46.0340083], [9.1103929, 46.0340305], [9.1104672, 46.0340484], [9.1105141, 46.0340709], [9.110579, 46.0341968], [9.1107278, 46.0343001], [9.1108233, 46.0343704], [9.1109795, 46.0344145], [9.1110889, 46.0344427], [9.1111837, 46.034484], [9.1113908, 46.0345531], [9.1116723, 46.034486], [9.1117927, 46.0345679], [9.1120356, 46.0345822], [9.1124697, 46.0345444], [9.1126102, 46.0345767], [9.1127218, 46.0346756], [9.1128903, 46.0349139], [9.1131878, 46.035363], [9.1133335, 46.03547], [9.1135142, 46.035438], [9.1139122, 46.0355508], [9.1138807, 46.0356238], [9.1141842, 46.0357421], [9.1148941, 46.0360903], [9.1153701, 46.0362184], [9.1158506, 46.0362928], [9.1161094, 46.036324], [9.1162395, 46.0363143], [9.1164332, 46.0362391], [9.1166718, 46.0360809], [9.117591, 46.035405], [9.1177555, 46.0352382], [9.1177925, 46.0352149], [9.1179195, 46.0350626], [9.1179621, 46.0350426], [9.1185283, 46.0342676], [9.1185061, 46.0341999], [9.1185508, 46.0341472], [9.1187134, 46.0341062], [9.1188099, 46.0340321], [9.1192788, 46.0338173], [9.1195653, 46.0336183], [9.1195904, 46.0334571], [9.1196095, 46.0334064]]]}}, {"type": "Feature", "properties": {"nome": "Lago di Lugano"}, "geometry": {"type": "Polygon", "coordinates": [[[9.015554, 46.0130484], [9.0170189, 46.0136432], [9.0174363, 46.013878], [9.0175385, 46.0140047], [9.018196, 46.0143667], [9.018635, 46.0145468], [9.0195021, 46.0149642], [9.0202802, 46.0153523], [9.0206408, 46.0153736], [9.022039, 46.0163351], [9.0225202, 46.0166987], [9.0225549, 46.0167819]]]}}, {"type": "Feature", "properties": {"nome": "Lago di Lugano"}, "geometry": {"type": "Polygon", "coordinates": [[[8.9783884, 45.9999218], [8.9792315, 45.9998615], [8.9792842, 45.999811], [8.9793801, 45.9998048], [8.9794457, 45.9998574], [8.9797401, 45.9998595], [8.9797997, 45.9998981], [8.9800055, 45.9999089], [8.9800471, 45.9998963], [8.9800549, 45.9998949], [8.9800545, 45.9999914], [8.9801584, 46.0000124], [8.9803041, 45.9999688], [8.9803537, 45.9999202], [8.9808997, 45.9999892], [8.9814225, 45.9999312], [8.9818226, 46.0000651], [8.9823333, 46.0003098], [8.982569, 46.0004112], [8.9826797, 46.0004416], [8.9827144, 46.0004492], [8.983056, 46.0005343], [8.9834418, 46.0006024], [8.9837976, 46.0006238], [8.9841371, 46.0007271], [8.9844461, 46.0007969], [8.9851982, 46.0010025], [8.9854022, 46.0010997], [8.9857345, 46.0011655], [8.9857233, 46.0012239], [8.9858889, 46.0012489], [8.9859359, 46.0011845], [8.9864052, 46.0012792], [8.9865643, 46.0013373], [8.9865743, 46.0014613], [8.9867553, 46.0014696], [8.9873417, 46.0017968], [8.9877045, 46.0017985], [8.9884569, 46.0019258], [8.9886471, 46.0019412], [8.9887216, 46.0019777], [8.9892194, 46.0021886], [8.9892258, 46.0021878], [8.9895859, 46.0022595], [8.9897389, 46.0023224], [8.9896999, 46.0024153], [8.9903644, 46.0025626], [8.9904316, 46.0025255], [8.990543, 46.0025981], [8.990692, 46.0027134], [8.9907762, 46.0028203], [8.9908386, 46.0030079], [8.990852, 46.0030472], [8.9909255, 46.0030832], [8.9919169, 46.0033434], [8.9919857, 46.0034161], [8.9922056, 46.0035493], [8.9922145, 46.0035798], [8.9922638, 46.0036114], [8.9923357, 46.0037093], [8.9924295, 46.003782], [8.9925549, 46.0037965], [8.9927391, 46.0038239], [8.9927591, 46.0038091], [8.9929437, 46.0038094], [8.9929323, 46.0038576], [8.9929903, 46.0038641], [8.9929996, 46.0038454], [8.9931717, 46.003867], [8.993341, 46.0039378], [8.9934862, 46.003981], [8.993714, 46.0040377], [8.993876, 46.0039908], [8.9938868, 46.0040052], [8.9939615, 46.0039815], [8.9939874, 46.0039768], [8.9940164, 46.0039771], [8.9940769, 46.0039581], [8.9949917, 46.0039314], [8.9951491, 46.0039595], [8.995206, 46.0039601], [8.9954131, 46.0039499], [8.9954977, 46.003957], [8.995744, 46.0040305], [8.9960175, 46.0040883], [8.9961424, 46.0040797], [8.9965724, 46.0041189], [8.9968439, 46.004222], [8.9968745, 46.0042738], [8.9968782, 46.0043459], [8.9968525, 46.004372], [8.9968793, 46.0044192], [8.9969861, 46.0044366], [8.9971467, 46.0044897], [8.997317, 46.0045061], [8.9975625, 46.0045745], [8.9976713, 46.004556], [8.9978054, 46.0045951], [8.997843, 46.0046342], [8.998314, 46.0047692], [8.9984626, 46.0048075], [8.9985001, 46.0048373], [8.9987023, 46.0048914], [8.9988004, 46.004942], [8.9989797, 46.0050094], [8.9990386, 46.0049999], [8.9991244, 46.0050101], [8.9991664, 46.0049897], [8.9991992, 46.0049545], [8.9991358, 46.0049142], [8.9991251, 46.0048955], [8.9991493, 46.0047927], [8.9992538, 46.0046967], [8.9993146, 46.0046809], [8.9994349, 46.0046734], [8.9994901, 46.0046314], [8.9996778, 46.0046479], [8.9998472, 46.004651], [8.9998459, 46.0046724], [8.9999579, 46.0046738], [8.9999887, 46.0047116], [9.0000849, 46.00473], [9.0003589, 46.0047088], [9.0005118, 46.0047172], [9.0006511, 46.0047003], [9.0007424, 46.0047078], [9.0011072, 46.0047931], [9.0015123, 46.0047709], [9.0017461, 46.0047932], [9.0019955, 46.0048461], [9.0021385, 46.0048764], [9.0024519, 46.0050073], [9.0027104, 46.0050974], [9.0027392, 46.0051084], [9.0027693, 46.0051197], [9.0028023, 46.0050845], [9.0028849, 46.005116], [9.0028545, 46.0051542], [9.003148, 46.0052376], [9.0031863, 46.0052167], [9.0033327, 46.0052802], [9.0035303, 46.0054455], [9.0037686, 46.005516], [9.0039034, 46.0055912], [9.0039429, 46.0056261], [9.0040433, 46.0056748], [9.0041461, 46.0057082], [9.0041336, 46.0057275], [9.0043242, 46.0057905], [9.0043453, 46.0057495], [9.0044215, 46.0057685], [9.0045507, 46.0058369], [9.004735, 46.0059126], [9.0048464, 46.0059664], [9.0050793, 46.0060787], [9.005166, 46.0061691], [9.0052691, 46.006356], [9.0054954, 46.0064626], [9.005827, 46.0066343], [9.0058291, 46.0066889], [9.0059677, 46.0067644], [9.0062253, 46.0068506], [9.0063212, 46.0069077], [9.0064483, 46.0069628], [9.0066637, 46.0070932], [9.0068224, 46.0071352], [9.0071257, 46.007294], [9.0074058, 46.0074157], [9.0079522, 46.0078114], [9.0083126, 46.0079875], [9.010544, 46.0096745], [9.0116044, 46.0104428], [9.0116952, 46.0105086], [9.0122593, 46.0107932], [9.0124147, 46.0110113], [9.0125916, 46.0112162], [9.0126427, 46.0112804], [9.0132192, 46.011748], [9.0134076, 46.0119008], [9.0138131, 46.0119619], [9.0140568, 46.0121223], [9.0143725, 46.0124888], [9.0145081, 46.012622], [9.0147436, 46.0127741], [9.0152239, 46.0130024], [9.015554, 46.0130484]]]}}, {"type": "Feature", "properties": {"nome": "Lago di Lugano"}, "geometry": {"type": "Polygon", "coordinates": [[[8.9557204, 45.9821708], [8.9557232, 45.9822147], [8.9558028, 45.9822685], [8.9559662, 45.9822669], [8.9559994, 45.9824726], [8.9560988, 45.9825908], [8.9569603, 45.9827059], [8.9570973, 45.9828825], [8.9571348, 45.9829561], [8.9572629, 45.9829822], [8.9573336, 45.9830636], [8.9572775, 45.9831324], [8.9573213, 45.9831836], [8.9573146, 45.9832193], [8.9571023, 45.9833251], [8.9571043, 45.9833599], [8.9568992, 45.9834611], [8.9564525, 45.9836427], [8.9561656, 45.9838224], [8.9561039, 45.9838919], [8.9560804, 45.983892], [8.9560376, 45.9839209], [8.9559364, 45.9839252], [8.9558693, 45.98411], [8.9558393, 45.9843279], [8.9560391, 45.9844688], [8.9560877, 45.9847751], [8.956196, 45.9848058], [8.9563042, 45.9849224], [8.9563882, 45.9849562], [8.9564464, 45.9850626], [8.9563206, 45.9852373], [8.9560738, 45.9852874], [8.9560179, 45.9854323], [8.9560093, 45.9856199], [8.9563389, 45.9857453], [8.9564448, 45.9858802], [8.9563206, 45.9864819], [8.9562548, 45.9866686], [8.9559703, 45.986882], [8.9558574, 45.9870683], [8.9559507, 45.9872619], [8.9559714, 45.9872984], [8.9559956, 45.9873646], [8.9560484, 45.9874352], [8.9561178, 45.9876279], [8.9561431, 45.9876218], [8.9562441, 45.9878017], [8.956192, 45.9879608], [8.9559331, 45.9882178], [8.9550636, 45.9886836], [8.9550652, 45.9887974], [8.954902, 45.9888591], [8.9548609, 45.9890549], [8.9545947, 45.9892044], [8.9542891, 45.989194], [8.9542623, 45.9891931], [8.9539858, 45.9893669], [8.9538589, 45.9892515], [8.9531686, 45.989582], [8.9531923, 45.9896053], [8.9531217, 45.9896393], [8.9531946, 45.9897087], [8.9528799, 45.9898619], [8.9528693, 45.9898659], [8.9528221, 45.9898659], [8.9527687, 45.9898168], [8.9523174, 45.990027], [8.9522406, 45.9900628], [8.9521005, 45.9900561], [8.9516853, 45.9902508], [8.9514302, 45.9903738], [8.9511613, 45.9905019], [8.9510704, 45.9905175], [8.9510196, 45.9905519], [8.9509931, 45.9905818], [8.951007, 45.9906285], [8.9507773, 45.9907055], [8.9507916, 45.9907319], [8.9502968, 45.9908933], [8.9499617, 45.9910026], [8.9496304, 45.9911099], [8.9496002, 45.9911197], [8.9495537, 45.9911327], [8.9494961, 45.9910635], [8.9494717, 45.9910722], [8.9492204, 45.9911622], [8.9490188, 45.9912529], [8.9490759, 45.9913008], [8.9491184, 45.991345], [8.9487203, 45.9915764], [8.9485188, 45.9916871], [8.9486161, 45.9917768], [8.9483891, 45.9919039], [8.9483438, 45.9919332], [8.9483784, 45.9919784], [8.94838, 45.9919867], [8.9483763, 45.9920045], [8.9483615, 45.9920321], [8.9483393, 45.9920598], [8.948319, 45.9920823], [8.9482923, 45.9921056], [8.9482624, 45.9921271], [8.9482408, 45.9921391], [8.9482119, 45.992153], [8.9481839, 45.9921662], [8.9481576, 45.9921757], [8.9481062, 45.9921914], [8.948097, 45.9921932], [8.9480861, 45.992195], [8.9480732, 45.9921949], [8.9480622, 45.9921932], [8.9480364, 45.9921857], [8.9480249, 45.9921807], [8.9479942, 45.9921614], [8.947768, 45.9922643], [8.9476209, 45.9923439], [8.9473588, 45.9925126], [8.9472789, 45.9925706], [8.9470658, 45.9927993], [8.9468553, 45.9930754], [8.9469278, 45.9930959], [8.9468851, 45.9932062], [8.9468681, 45.9932488], [8.9468646, 45.9932969], [8.9468408, 45.9933314], [8.9468131, 45.9933889], [8.9467072, 45.9933499], [8.9465416, 45.9938305], [8.9464351, 45.9941832], [8.9464189, 45.9946021], [8.9465567, 45.9949736], [8.9468595, 45.9955609], [8.946865, 45.9955728], [8.9468705, 45.9955847], [8.9469503, 45.9957749], [8.9470544, 45.9960232], [8.9471961, 45.9960701], [8.9473217, 45.9961642], [8.9473448, 45.9962749], [8.9472297, 45.996393], [8.9476233, 45.9972026], [8.947705, 45.9973705], [8.9478713, 45.9977237], [8.9479964, 45.9979075], [8.9481872, 45.9979997], [8.9481982, 45.9979933], [8.9482287, 45.9979848], [8.9482614, 45.9979835], [8.9482931, 45.9979894], [8.9482958, 45.9979907], [8.9483097, 45.9979971], [8.9483204, 45.998002], [8.948341, 45.9980207], [8.9483517, 45.998043], [8.9483513, 45.9980666], [8.948346, 45.9980768], [8.948623, 45.9982095], [8.9486675, 45.9982395], [8.9487052, 45.9982797], [8.9487465, 45.9982512], [8.9491975, 45.9985741], [8.9492422, 45.9986029], [8.9493327, 45.9986521], [8.949356, 45.9986561], [8.9495396, 45.9986804], [8.9498669, 45.9988487], [8.9499821, 45.9989776], [8.9500175, 45.9991898], [8.9497949, 45.9996946], [8.9498413, 45.999882], [8.9498573, 46.0000734], [8.949987, 46.0001086], [8.9500187, 46.0002132], [8.9499316, 46.0002484], [8.9498223, 46.0002682], [8.9499269, 46.0011569], [8.9502423, 46.0018267], [8.9504954, 46.0022925], [8.9507232, 46.002536], [8.950893, 46.0026468], [8.951515, 46.0028813], [8.9515432, 46.0028389], [8.9516265, 46.0028589], [8.9517294, 46.0028907], [8.9516959, 46.0029442], [8.9527243, 46.0033779], [8.9528897, 46.0034246], [8.9547507, 46.0036223], [8.9547671, 46.0036072], [8.9547772, 46.0035985], [8.9548845, 46.0034987], [8.9549238, 46.0034783], [8.9549705, 46.0034609], [8.9549978, 46.0034539], [8.95501, 46.0034508], [8.9550178, 46.0034488], [8.955057, 46.0034445], [8.9550691, 46.0034444], [8.9551202, 46.0034524], [8.9551347, 46.0034547], [8.9551879, 46.0034631], [8.9552024, 46.0034654], [8.9552516, 46.0034731], [8.955267, 46.0034755], [8.9553724, 46.003492], [8.955715, 46.0035458], [8.9557498, 46.0035626], [8.9557737, 46.0035833], [8.9557894, 46.0036062], [8.9558244, 46.0036448], [8.9558395, 46.0036467], [8.9558521, 46.0036503], [8.9558614, 46.0036558], [8.9558663, 46.003661], [8.9558708, 46.0036708], [8.9558723, 46.0036845], [8.9560176, 46.0037583], [8.956245, 46.0038773], [8.9564452, 46.0039812], [8.9566419, 46.004094], [8.9571251, 46.0041413], [8.9572953, 46.0041618], [8.95748, 46.004184], [8.9575986, 46.0041983], [8.9578931, 46.0041875], [8.9580794, 46.0041884], [8.9582057, 46.004197], [8.9584905, 46.0040326], [8.9586455, 46.0039512], [8.9587439, 46.0038952], [8.9591012, 46.0036996], [8.9593021, 46.0036406], [8.9595585, 46.0036342], [8.9598667, 46.0036415], [8.9601284, 46.0035066], [8.9606307, 46.0031196], [8.9606902, 46.0029581], [8.9607896, 46.002549], [8.9608231, 46.002487], [8.9608587, 46.0023794], [8.9608995, 46.0023273], [8.9609901, 46.002244], [8.9610848, 46.0021219], [8.9611245, 46.0020666], [8.961164, 46.0019831], [8.961254, 46.001911], [8.9613926, 46.0018344], [8.9614638, 46.0018234], [8.9615939, 46.0018126], [8.9617029, 46.0018023], [8.9617592, 46.0017921], [8.9618437, 46.0017888], [8.9619117, 46.0018161], [8.9619812, 46.0018671], [8.9620563, 46.0019393], [8.9620885, 46.0019858], [8.9621451, 46.0020138], [8.9622267, 46.0020223], [8.9623182, 46.0020434], [8.9624098, 46.0020825], [8.962465, 46.0021456], [8.962483, 46.0022032], [8.9624778, 46.0022102], [8.9624414, 46.0022198], [8.9624359, 46.0022495], [8.9624051, 46.0022475], [8.9624341, 46.0024673], [8.9624609, 46.0024685], [8.9624575, 46.002532], [8.962511, 46.002537], [8.9625453, 46.0025559], [8.9625583, 46.0025786], [8.9625814, 46.0025774], [8.9625845, 46.0026148], [8.9625622, 46.0026162], [8.9624783, 46.0030285], [8.9624569, 46.0031356], [8.9624837, 46.00314], [8.9624412, 46.0033382], [8.9624269, 46.0033357], [8.9623882, 46.0034395], [8.9625942, 46.003487], [8.9627558, 46.0035936], [8.9626237, 46.0036912], [8.9626024, 46.0036768], [8.9626678, 46.0036278], [8.9625137, 46.0035285], [8.9618801, 46.0033799], [8.9617105, 46.0038138], [8.9626352, 46.0040325], [8.9627311, 46.0038252], [8.9626344, 46.003806], [8.962643, 46.0037854], [8.9627691, 46.0038138], [8.9628821, 46.0038428], [8.9629524, 46.0039237], [8.962975, 46.0039536], [8.9630014, 46.0039865], [8.9630128, 46.0039711], [8.9630422, 46.0039788], [8.9630732, 46.003987], [8.9630628, 46.0040044], [8.963154, 46.0040263], [8.9631705, 46.0040096], [8.9632584, 46.0040302], [8.9632529, 46.0040407], [8.9630988, 46.0043348], [8.9631647, 46.0044365], [8.9634199, 46.0045809], [8.9638728, 46.0047809], [8.9641467, 46.0048691], [8.9643994, 46.0049135], [8.9644218, 46.0049783], [8.9644718, 46.0049776], [8.9644776, 46.0051049], [8.9645712, 46.0051042], [8.9646124, 46.0051039], [8.9646548, 46.0051036], [8.9646566, 46.0051629], [8.9647651, 46.0051927], [8.9647826, 46.0051975], [8.9647935, 46.0052005], [8.9650679, 46.0052664], [8.9650841, 46.0052703], [8.9650899, 46.0052717], [8.9651055, 46.0051993], [8.9651285, 46.0051993], [8.9651364, 46.0051992], [8.9651463, 46.0053614], [8.9651471, 46.0053738], [8.9652991, 46.0053707], [8.9653776, 46.0053691], [8.9654155, 46.0053922], [8.9654627, 46.00541], [8.9654794, 46.0054232], [8.9654943, 46.0054349], [8.9657754, 46.0054674], [8.9659451, 46.0054192], [8.966548, 46.0054544], [8.9668163, 46.0054766], [8.9672507, 46.0053999], [8.9673862, 46.0053766], [8.9677452, 46.0053129], [8.9679927, 46.0052987], [8.9683219, 46.0052854], [8.9683316, 46.0053778], [8.9685132, 46.005362], [8.969254, 46.0052831], [8.9697886, 46.005191], [8.9698046, 46.0051881], [8.9698883, 46.005178], [8.9699802, 46.0051587], [8.970071, 46.0051184], [8.9701934, 46.0050481], [8.9703031, 46.0049389], [8.9704167, 46.0048094], [8.9704414, 46.0048171], [8.9704496, 46.0048049], [8.9704897, 46.0047169], [8.9704499, 46.0047092], [8.9705039, 46.0045108], [8.9705401, 46.0044267], [8.9705495, 46.0043422], [8.9705837, 46.0042826], [8.9706011, 46.0042484], [8.9706283, 46.0042202], [8.970643, 46.0042111], [8.9706551, 46.0041967], [8.9706712, 46.0041852], [8.9706933, 46.0041794], [8.9707097, 46.0041552], [8.9707356, 46.004137], [8.9707895, 46.0041114], [8.9708723, 46.0040739], [8.9709076, 46.0040467], [8.9709283, 46.004019], [8.9709337, 46.0039861], [8.970931, 46.003903], [8.9709247, 46.003875], [8.970988, 46.0037684], [8.9710427, 46.0037833], [8.9712235, 46.0036467], [8.9712111, 46.0034606], [8.9710899, 46.0034211], [8.9710659, 46.0033965], [8.9710811, 46.003359], [8.9711982, 46.0032857], [8.9712035, 46.0030956], [8.9710759, 46.0030223], [8.971041, 46.0029416], [8.9710507, 46.0028992], [8.9710879, 46.0028918], [8.9711223, 46.0028957], [8.9712573, 46.0028486], [8.9713682, 46.0028029], [8.9715434, 46.002717], [8.971611, 46.0026884], [8.9717435, 46.0027203], [8.9717552, 46.0027231], [8.9722766, 46.0027731], [8.9724995, 46.0027731], [8.972741, 46.0025818], [8.972756, 46.0022476], [8.9728792, 46.0019532], [8.9729074, 46.0017937], [8.972955, 46.0016112], [8.9736805, 46.0010626], [8.9746566, 46.000732], [8.9756711, 46.0003598], [8.9765482, 46.0001124], [8.9770192, 46.0000053], [8.9773765, 45.9999648], [8.9783884, 45.9999218]]]}}, {"type": "Feature", "properties": {"nome": "Lago di Lugano"}, "geometry": {"type": "Polygon", "coordinates": [[[8.9470508, 45.9591129], [8.9471004, 45.9593847], [8.9470616, 45.9596627], [8.9470568, 45.9598433], [8.947086, 45.9598592], [8.947098, 45.9598858], [8.9470945, 45.95991], [8.9470753, 45.9599258], [8.9472181, 45.9604036], [8.9472399, 45.9606145], [8.9471986, 45.9606366], [8.947244, 45.9608358], [8.947337, 45.960964], [8.9473221, 45.9609918], [8.9474076, 45.9612066], [8.9475276, 45.9615445], [8.94753, 45.9617456], [8.947563, 45.9619934], [8.9475326, 45.9621082], [8.947485, 45.9622097], [8.9473793, 45.9624201], [8.9473446, 45.9627981], [8.9473653, 45.9631002], [8.9473514, 45.9634613], [8.947394, 45.96418], [8.9477182, 45.9650788], [8.9479473, 45.965251], [8.9482513, 45.9654796], [8.9486659, 45.9657892], [8.9489072, 45.966285], [8.9489416, 45.9666574], [8.9488524, 45.9669894], [8.9485601, 45.9672335], [8.9483026, 45.9675448], [8.9483907, 45.9678984], [8.9488113, 45.9686123], [8.9491222, 45.9689804], [8.9494158, 45.9698878], [8.9494018, 45.969956], [8.9496623, 45.9704412], [8.9500222, 45.970786], [8.9504469, 45.9712118], [8.9508273, 45.9717561], [8.9510418, 45.9721368], [8.9513992, 45.9724672], [8.9514382, 45.9724897], [8.9515694, 45.9725334], [8.952986, 45.9734308], [8.9537752, 45.9748704], [8.9538997, 45.975036], [8.9547395, 45.9758515], [8.9552876, 45.9763174], [8.9554304, 45.9765206], [8.9555053, 45.9766293], [8.9558997, 45.9774499], [8.9560967, 45.9778163], [8.9561768, 45.9781248], [8.9561186, 45.9787285], [8.955933, 45.9796799], [8.9557474, 45.9803677], [8.9556491, 45.9810554], [8.9557204, 45.9821708]]]}}, {"type": "Feature", "properties": {"nome": "Lago di Lugano"}, "geometry": {"type": "Polygon", "coordinates": [[[8.9491747, 45.9556424], [8.9490484, 45.9557307], [8.9490097, 45.9557238], [8.9488496, 45.9558324], [8.9487074, 45.9559344], [8.9484978, 45.9560994], [8.9483201, 45.956267], [8.9483433, 45.956273], [8.9483815, 45.9562755], [8.9485556, 45.9562219], [8.9482361, 45.9563812], [8.9479855, 45.9567192], [8.9477083, 45.9572435], [8.9474839, 45.9577717], [8.9473563, 45.9580846], [8.9472725, 45.9583068], [8.9472023, 45.9585113], [8.9471279, 45.9587907], [8.9470508, 45.9591129]]]}}, {"type": "Feature", "properties": {"nome": "Lago di Lugano"}, "geometry": {"type": "Polygon", "coordinates": [[[8.9576736, 45.9533708], [8.9576744, 45.9533773], [8.9577337, 45.9538895], [8.9576931, 45.9539442], [8.9576306, 45.95397], [8.9565095, 45.9540999], [8.9558043, 45.954238], [8.9534727, 45.9546536], [8.9522817, 45.9549321], [8.9514029, 45.9552064], [8.9501248, 45.9557525], [8.950055, 45.9557657], [8.9500016, 45.9557624], [8.9499464, 45.9557504], [8.9499145, 45.9557326], [8.9498784, 45.9556963], [8.9497347, 45.9555488], [8.9496043, 45.95553], [8.9494887, 45.9555785], [8.9495178, 45.9556048], [8.9494144, 45.9556384], [8.9493617, 45.9556579], [8.949285, 45.9556706], [8.9492314, 45.9556634], [8.9491747, 45.9556424]]]}}, {"type": "Feature", "properties": {"nome": "Lago di Lugano"}, "geometry": {"type": "Polygon", "coordinates": [[[8.9529613, 45.9530789], [8.9529626, 45.9529951], [8.9529756, 45.9529731], [8.952995, 45.9529566], [8.9530303, 45.9529429], [8.9537556, 45.9528758], [8.9541049, 45.9528414], [8.9544476, 45.9528029], [8.9545623, 45.9527855], [8.9545687, 45.9527686], [8.9545962, 45.9527454], [8.9546523, 45.9527336], [8.9547034, 45.9527316], [8.9547498, 45.9527473], [8.9547922, 45.9527759], [8.954843, 45.9528508], [8.95488, 45.952943], [8.9549145, 45.9530352], [8.9549858, 45.9531136], [8.954969, 45.9531228], [8.9550496, 45.9531813], [8.955053, 45.9531838], [8.9551471, 45.9532224], [8.9552421, 45.9532474], [8.9553572, 45.9532614], [8.9554833, 45.9532661], [8.9554846, 45.9532446], [8.9558484, 45.9532049], [8.9560883, 45.9532138], [8.9563799, 45.9532406], [8.9566479, 45.9532529], [8.956909, 45.9532399], [8.9573447, 45.953197], [8.9574441, 45.9532031], [8.9575457, 45.9532462], [8.9576385, 45.9532999], [8.9576736, 45.9533708]]]}}, {"type": "Feature", "properties": {"nome": "Lago di Lugano"}, "geometry": {"type": "Polygon", "coordinates": [[[8.9535306, 45.953174], [8.9535104, 45.9530679], [8.953483, 45.9530515], [8.9529873, 45.9530859], [8.9529613, 45.9530789]]]}}, {"type": "Feature", "properties": {"nome": "Lago di Lugano"}, "geometry": {"type": "Polygon", "coordinates": [[[8.9487014, 45.9527655], [8.9492967, 45.9525469], [8.9494624, 45.9524732], [8.949606, 45.9524017], [8.949665, 45.9523615], [8.9496885, 45.9523272], [8.9496896, 45.9523165], [8.9496934, 45.9522782], [8.9497235, 45.9521965], [8.9497663, 45.9521494], [8.9498194, 45.9521073], [8.9498909, 45.9520604], [8.9500974, 45.9519873], [8.9502401, 45.9519487], [8.9503283, 45.9519433], [8.9504024, 45.9519441], [8.9504667, 45.9519587], [8.9506558, 45.9520288], [8.9507755, 45.9520798], [8.950901, 45.9521498], [8.9509447, 45.9521709], [8.9509879, 45.9522001], [8.9510077, 45.9522318], [8.9510488, 45.9522718], [8.9510744, 45.9523315], [8.9510596, 45.9523758], [8.9510052, 45.9524431], [8.9509597, 45.9524776], [8.9508765, 45.9525153], [8.9508323, 45.9525238], [8.9507817, 45.9525187], [8.9507259, 45.9524926], [8.9507022, 45.9524792], [8.9506361, 45.9524419], [8.9505544, 45.9524099], [8.9504783, 45.9523932], [8.9504142, 45.9523957], [8.9503431, 45.9524225], [8.9502483, 45.9524776], [8.9501878, 45.9525266], [8.9501437, 45.9525779], [8.9501373, 45.9526146], [8.9501585, 45.9526909], [8.9501976, 45.952756], [8.9502555, 45.9528182], [8.9503042, 45.9528587], [8.9503751, 45.9529018], [8.9504492, 45.9529249], [8.9505405, 45.9529325], [8.9506291, 45.9529279], [8.9507147, 45.9529095], [8.9507724, 45.9528811], [8.9508126, 45.9528496], [8.9508274, 45.9528198], [8.9508326, 45.9527797], [8.9508459, 45.952755], [8.9508638, 45.9527412], [8.9508828, 45.9527266], [8.9509137, 45.952724], [8.9509975, 45.9527387], [8.9518487, 45.9528689], [8.9523325, 45.9528961], [8.9528197, 45.9529198], [8.9528531, 45.9529381], [8.9528817, 45.9529632], [8.9528997, 45.9529974], [8.9528981, 45.9530792], [8.9528763, 45.9530936], [8.9523725, 45.9531312], [8.9523458, 45.9531545], [8.9523713, 45.9532796], [8.9535306, 45.953174]]]}}, {"type": "Feature", "properties": {"nome": "Lago di Lugano"}, "geometry": {"type": "Polygon", "coordinates": [[[8.9359873, 45.9393199], [8.936413, 45.9395714], [8.9367377, 45.9397294], [8.9370314, 45.940148], [8.9373213, 45.9405933], [8.937338, 45.9411608], [8.9373107, 45.9412169], [8.9372531, 45.9418146], [8.9377477, 45.9423755], [8.9383351, 45.9428956], [8.9385114, 45.9431272], [8.9384184, 45.9431647], [8.938684, 45.9434457], [8.9390369, 45.9436132], [8.9393025, 45.9438028], [8.9397949, 45.9442239], [8.9398706, 45.9442683], [8.9399067, 45.9443783], [8.9399114, 45.9447612], [8.939966, 45.9449526], [8.9398044, 45.9452761], [8.9397897, 45.9454702], [8.9398485, 45.9456439], [8.9397407, 45.9459879], [8.9397655, 45.946533], [8.9398697, 45.9467357], [8.9400493, 45.946972], [8.9404264, 45.9471934], [8.9405747, 45.9474433], [8.9407339, 45.9476712], [8.9407929, 45.9478401], [8.9407585, 45.948189], [8.9409792, 45.9484661], [8.9410582, 45.9485215], [8.9411857, 45.9487151], [8.9413031, 45.9490221], [8.9414311, 45.9494858], [8.9414464, 45.9495609], [8.9416797, 45.9498802], [8.9418477, 45.949996], [8.9418597, 45.9500023], [8.9420382, 45.950095], [8.941969, 45.9501516], [8.9421823, 45.9502501], [8.9424094, 45.9503395], [8.9425106, 45.9504172], [8.94255, 45.9504469], [8.9425587, 45.9504535], [8.9427758, 45.9506696], [8.9428359, 45.9507457], [8.9428894, 45.9508021], [8.9431288, 45.9510721], [8.9431685, 45.9510604], [8.9432774, 45.951152], [8.9433688, 45.9512148], [8.9434012, 45.9511967], [8.9435171, 45.951284], [8.9435428, 45.951267], [8.9438028, 45.951403], [8.943989, 45.9514612], [8.9440129, 45.9514316], [8.9442691, 45.9515172], [8.9443096, 45.9515555], [8.9444549, 45.9515701], [8.9446262, 45.9515872], [8.9447834, 45.9515891], [8.9450252, 45.9515602], [8.9450728, 45.9515371], [8.9452, 45.9515064], [8.9453264, 45.9515089], [8.9454359, 45.9514927], [8.9455756, 45.9514596], [8.9455813, 45.9514356], [8.9456065, 45.9514231], [8.9456399, 45.9514241], [8.9456599, 45.9514388], [8.94566, 45.9514642], [8.9458257, 45.9515567], [8.9458291, 45.9515545], [8.9458373, 45.9515477], [8.9459248, 45.9515984], [8.9459166, 45.951606], [8.9459123, 45.9516099], [8.9460846, 45.9517051], [8.9461128, 45.9516941], [8.9461459, 45.9516994], [8.9461635, 45.9517184], [8.9461633, 45.9517368], [8.9461445, 45.9517495], [8.9462588, 45.9518075], [8.9463142, 45.9518148], [8.9469149, 45.9520221], [8.9468648, 45.952067], [8.946795, 45.9521297], [8.9472227, 45.9523641], [8.9472401, 45.9523644], [8.9472545, 45.9523597], [8.9473616, 45.9522622], [8.9474467, 45.9522533], [8.9474223, 45.9523122], [8.9476843, 45.9524672], [8.9480055, 45.9527731], [8.9480478, 45.9527635], [8.9482917, 45.9527671], [8.9484385, 45.9527885], [8.9485439, 45.9528038], [8.9487014, 45.9527655]]]}}, {"type": "Feature", "properties": {"nome": "Lago di Lugano"}, "geometry": {"type": "Polygon", "coordinates": [[[8.9268749, 45.929827], [8.9270094, 45.9299821], [8.927053, 45.9300427], [8.9270595, 45.9300519], [8.9271301, 45.9301455], [8.9271755, 45.9301796], [8.9271936, 45.9301726], [8.9272275, 45.9301967], [8.927211, 45.9302096], [8.9273455, 45.9303102], [8.9275545, 45.9304741], [8.9276788, 45.9305598], [8.9277609, 45.930695], [8.9278697, 45.9307875], [8.9279594, 45.9309394], [8.9280526, 45.9310373], [8.9280969, 45.9310794], [8.9281441, 45.9311461], [8.9282122, 45.931195], [8.928351, 45.9313255], [8.9283027, 45.93143], [8.9285113, 45.9316834], [8.928459, 45.9317614], [8.9296813, 45.9324731], [8.9302235, 45.9331128], [8.9303033, 45.9331612], [8.9303859, 45.9332565], [8.9306933, 45.9336448], [8.9305797, 45.9336823], [8.9306629, 45.9338958], [8.9307928, 45.9341355], [8.9309706, 45.9341961], [8.9313952, 45.9346056], [8.9314318, 45.9346932], [8.9321213, 45.9352885], [8.932815, 45.9357223], [8.9329914, 45.9359792], [8.9331062, 45.9362332], [8.933369, 45.9365505], [8.9334824, 45.9368133], [8.9335859, 45.9368746], [8.9337167, 45.936968], [8.9338637, 45.9370866], [8.934269, 45.9375094], [8.9346911, 45.9377305], [8.9348569, 45.9380008], [8.9349364, 45.9381222], [8.9352154, 45.9383046], [8.935317, 45.9383628], [8.935355, 45.9384202], [8.9354897, 45.9386238], [8.9354866, 45.9387884], [8.9355188, 45.9389122], [8.9355723, 45.9389827], [8.9355916, 45.9390119], [8.9356707, 45.9391052], [8.9357203, 45.9391489], [8.9359873, 45.9393199]]]}}, {"type": "Feature", "properties": {"nome": "Lago di Lugano"}, "geometry": {"type": "Polygon", "coordinates": [[[8.9022007, 45.9298516], [8.9022121, 45.9298299], [8.9023486, 45.9295692], [8.9023853, 45.9295493], [8.9024509, 45.9295136], [8.902593, 45.9294751], [8.9026618, 45.9294565], [8.902961, 45.9291981], [8.9032047, 45.9289968], [8.9034492, 45.9288255], [8.9034246, 45.9288086], [8.9036125, 45.9286479], [8.9038202, 45.9284682], [8.9038722, 45.9284293], [8.9043919, 45.9281269], [8.9043874, 45.9281197], [8.9045312, 45.9280739], [8.9046696, 45.9280594], [8.904805, 45.9280673], [8.9049499, 45.9280359], [8.9054917, 45.9278914], [8.9059617, 45.9277183], [8.9060609, 45.9276766], [8.9060382, 45.9276513], [8.9061087, 45.9276266], [8.9061255, 45.9276385], [8.9063644, 45.9275104], [8.9064032, 45.9275262], [8.9064461, 45.9275055], [8.906437, 45.9274973], [8.9065339, 45.9274439], [8.9068121, 45.9272947], [8.9067714, 45.9272543], [8.9071424, 45.9269697], [8.9074705, 45.9267857], [8.9075276, 45.9265902], [8.9075391, 45.9265507], [8.9075627, 45.9265343], [8.9079407, 45.9262713], [8.9081219, 45.9259238], [8.9083181, 45.9258523], [8.9085921, 45.9253583], [8.9094434, 45.9248563], [8.9096803, 45.9245377], [8.9096214, 45.9245144], [8.9097276, 45.9243992], [8.909749, 45.9244088], [8.9098736, 45.9242407], [8.9099299, 45.9241537], [8.9100312, 45.9241897], [8.9101116, 45.9241125], [8.9101619, 45.9240151], [8.9103158, 45.923799], [8.9103604, 45.9237369], [8.9103206, 45.923724], [8.9104634, 45.9235026], [8.9105975, 45.9233835], [8.9109806, 45.9231758], [8.9118941, 45.9228393], [8.9128891, 45.9225604], [8.9138447, 45.9223054], [8.9141133, 45.9222927], [8.9147317, 45.9223827], [8.9151446, 45.9223976], [8.9154889, 45.9224189], [8.9156834, 45.9224528], [8.9158267, 45.9224847], [8.9159407, 45.9225289], [8.9160073, 45.9225429], [8.9162373, 45.9226123], [8.9163761, 45.9226462], [8.9164899, 45.922657], [8.9167267, 45.9226827], [8.916948, 45.9227196], [8.9169767, 45.9227259], [8.9169973, 45.9227026], [8.9170262, 45.9227131], [8.9171617, 45.9227683], [8.9171498, 45.9227851], [8.9171438, 45.922792], [8.9175601, 45.9230207], [8.9175848, 45.9230706], [8.9177158, 45.9231614], [8.9177757, 45.9231718], [8.9179817, 45.9232683], [8.9180643, 45.9233045], [8.9186915, 45.9235868], [8.9187982, 45.9236804], [8.9188576, 45.9237324], [8.9190333, 45.9238865], [8.9196613, 45.9243381], [8.9196045, 45.9243884], [8.9198609, 45.924645], [8.9206408, 45.9254255], [8.9210977, 45.9258724], [8.9211557, 45.925943], [8.921203, 45.92601], [8.9212394, 45.9259972], [8.9213802, 45.9261395], [8.921608, 45.9263411], [8.9217013, 45.9263663], [8.9217558, 45.9264013], [8.9217629, 45.9264654], [8.9218629, 45.9265235], [8.9221119, 45.926649], [8.9221253, 45.9266359], [8.9223603, 45.9267505], [8.9223927, 45.9267235], [8.9226008, 45.9268485], [8.9225859, 45.9268611], [8.9226369, 45.9268858], [8.9227905, 45.9269111], [8.9230239, 45.9270278], [8.9231464, 45.9270497], [8.9231873, 45.9270944], [8.9233998, 45.9271952], [8.9234948, 45.9272634], [8.9242647, 45.9277343], [8.9243383, 45.9277826], [8.9244816, 45.9278726], [8.9247118, 45.9281703], [8.9248761, 45.928347], [8.9261768, 45.9293738], [8.9264608, 45.9296865], [8.9264789, 45.9296795], [8.9265286, 45.9297002], [8.9265387, 45.9297108], [8.9264825, 45.9297331], [8.9265578, 45.9298059], [8.9266529, 45.9297556], [8.9266875, 45.9297795], [8.9268749, 45.929827]]]}}, {"type": "Feature", "properties": {"nome": "Lago di Lugano"}, "geometry": {"type": "Polygon", "coordinates": [[[8.8941861, 45.974981], [8.8942294, 45.9749947], [8.8944893, 45.975075], [8.8944103, 45.9751305], [8.894446, 45.9751951], [8.8945617, 45.9751655], [8.8946912, 45.9753137], [8.8947608, 45.9754275], [8.8946973, 45.9754566], [8.8946616, 45.9755046], [8.8945828, 45.9755281], [8.8946715, 45.9756822], [8.8948174, 45.9757139], [8.8949422, 45.9759307], [8.8948193, 45.9759651], [8.8948446, 45.9760265], [8.8948824, 45.976144], [8.8948847, 45.9761677], [8.8948928, 45.9762496], [8.8948503, 45.9764068], [8.8947424, 45.976707], [8.8947679, 45.9768607], [8.8948106, 45.9771189], [8.8946507, 45.9772268], [8.8948111, 45.9772682], [8.8949259, 45.9778318], [8.8945768, 45.9779003], [8.8950022, 45.9780142], [8.8946056, 45.9785032], [8.8943387, 45.9784853], [8.8943233, 45.978546], [8.8945748, 45.9785674], [8.8949729, 45.9792206], [8.8950174, 45.9795476], [8.8947614, 45.9796079], [8.8949137, 45.9797538], [8.8947911, 45.9800123], [8.8949921, 45.9800701], [8.8946675, 45.9804451], [8.8946033, 45.9805188], [8.8944635, 45.9807119], [8.8944716, 45.9807814], [8.8945077, 45.9808533], [8.8944759, 45.9808791], [8.8947059, 45.9811497], [8.8948702, 45.9810916], [8.8949714, 45.9812914], [8.8950093, 45.9813864], [8.8949589, 45.9816269], [8.8950064, 45.9816309], [8.8950212, 45.9817204], [8.8949018, 45.9819467], [8.8948319, 45.9826829], [8.8948716, 45.9828682], [8.8947612, 45.9832407], [8.8946835, 45.9832277], [8.894562, 45.9838739], [8.8945623, 45.9838831], [8.8945651, 45.9839604], [8.8946532, 45.9839654], [8.8945986, 45.9840558], [8.8944396, 45.9841172], [8.8944937, 45.984228], [8.8944811, 45.9844147], [8.8943845, 45.9844293], [8.8942753, 45.9845081], [8.8941367, 45.9847795], [8.8940233, 45.9847678], [8.8939687, 45.9849341], [8.8938623, 45.9849864], [8.8938018, 45.9851169], [8.8937966, 45.9852277], [8.8939519, 45.9852522], [8.893928, 45.985361], [8.8938489, 45.9854346], [8.893782, 45.9854327], [8.8937805, 45.9855306], [8.8937054, 45.9857067], [8.893806, 45.9857505], [8.8937588, 45.9858358], [8.89349, 45.9862326], [8.8933395, 45.9863798], [8.8930697, 45.9864354], [8.8929226, 45.9866908], [8.8929772, 45.9867643], [8.8928446, 45.9870018], [8.8927163, 45.9870684], [8.8926931, 45.9871449], [8.8926312, 45.9872303], [8.8926996, 45.9873085], [8.8928137, 45.9876611], [8.8931986, 45.9881806], [8.8935012, 45.9885444], [8.8935336, 45.9885968], [8.8935807, 45.9886869], [8.8937067, 45.9888597], [8.8937625, 45.9888944], [8.8938884, 45.9889755], [8.8939364, 45.9889692], [8.8939907, 45.989006], [8.8941516, 45.9891032], [8.8942451, 45.9891462], [8.8943311, 45.9892134], [8.8944757, 45.9893705], [8.8947881, 45.989633], [8.895005, 45.9897982], [8.8950985, 45.9899078], [8.8951637, 45.9899998], [8.8952545, 45.9901611], [8.8952754, 45.9902826], [8.8953033, 45.9903696], [8.895392, 45.9905013], [8.8955576, 45.9906795], [8.8956881, 45.9907816], [8.8957975, 45.9908081], [8.895927, 45.9908541], [8.8961259, 45.9909543], [8.8962014, 45.9910515], [8.8962404, 45.9911226], [8.8962532, 45.9912236], [8.8962104, 45.991383], [8.8962392, 45.9914501], [8.8963946, 45.9916001], [8.8965392, 45.9917232], [8.8966813, 45.9917662], [8.8967604, 45.9917902], [8.8968039, 45.9918802], [8.8968632, 45.9921666], [8.8967871, 45.9921872], [8.896881, 45.992383], [8.8969798, 45.9924887], [8.8970115, 45.9924647], [8.8970906, 45.992508], [8.8972036, 45.9925398], [8.8973073, 45.9925338], [8.8973278, 45.9925025], [8.8976205, 45.9924811], [8.8976638, 45.9924821], [8.8977689, 45.9924845], [8.897975, 45.9924696], [8.8979965, 45.9923963], [8.8981115, 45.9923785], [8.8983024, 45.9923353], [8.8983263, 45.9923644], [8.8985891, 45.9923809], [8.8988206, 45.9923691], [8.899216, 45.9923088], [8.8993439, 45.9922656], [8.8995328, 45.9921485], [8.8997961, 45.9918895], [8.8999233, 45.9917005], [8.9000378, 45.9917463], [8.9001288, 45.9917317], [8.9002268, 45.9917227], [8.9006421, 45.9916925], [8.900858, 45.9917348], [8.9010102, 45.9918143], [8.9011874, 45.9918557], [8.9012792, 45.9919534], [8.9012391, 45.9920412], [8.9012245, 45.9920716], [8.9012496, 45.992144], [8.9012771, 45.9921718], [8.9014577, 45.9922449], [8.9017188, 45.9922759], [8.90177, 45.9922271], [8.9018386, 45.9922412], [8.9018846, 45.992356], [8.9020045, 45.992338], [8.9020468, 45.9923497], [8.9020516, 45.9923822], [8.901892, 45.992427], [8.9018624, 45.9925128], [8.9018407, 45.9925684], [8.9018446, 45.9926941], [8.9019079, 45.9928074], [8.9020522, 45.9929049], [8.9022621, 45.9929568], [8.9023364, 45.9929593], [8.9023972, 45.9929236], [8.9024877, 45.9929832], [8.9024647, 45.9930184], [8.9024951, 45.9930636], [8.9025709, 45.9930975], [8.9026769, 45.9931234], [8.9028107, 45.9931302], [8.9029212, 45.9930794], [8.9029552, 45.9931113], [8.9029623, 45.9931863], [8.9032375, 45.9933264], [8.903524, 45.9935849], [8.9034726, 45.9936172], [8.9035359, 45.9936612], [8.903614, 45.9936234], [8.9040668, 45.9937697], [8.9041231, 45.9938253], [8.9041113, 45.9938851], [8.9041735, 45.9938933], [8.9042329, 45.9939283], [8.9044885, 45.993951], [8.9046085, 45.9939647], [8.904649, 45.9939249], [8.9047293, 45.9939238], [8.9047192, 45.9940107], [8.9052791, 45.993999], [8.9056902, 45.9940279], [8.9057703, 45.9941632], [8.9062931, 45.9943375], [8.906395, 45.9944493], [8.9063628, 45.9945611], [8.9061432, 45.99463], [8.9061888, 45.9948106], [8.9063901, 45.9949949], [8.9065264, 45.9950773], [8.9067061, 45.9950773], [8.9068107, 45.9950269], [8.9070199, 45.9950009], [8.9070816, 45.9949189], [8.9070629, 45.9948704], [8.906988, 45.99474], [8.9067276, 45.9945703], [8.9066202, 45.9945545], [8.9065681, 45.9945024], [8.9065974, 45.9944681], [8.9067116, 45.994428], [8.9068693, 45.9944323], [8.9070598, 45.9946879], [8.9072324, 45.9948884], [8.907387, 45.9950251], [8.9076166, 45.9950668], [8.9076612, 45.9949305], [8.9077201, 45.9947008], [8.9076581, 45.9945248], [8.9078355, 45.9944728], [8.9080158, 45.9948037], [8.9083557, 45.9947493], [8.9080518, 45.9939949], [8.9082412, 45.9939439], [8.9088288, 45.9937663], [8.9091844, 45.9936215], [8.9092707, 45.9935442], [8.9093133, 45.9932606], [8.9092806, 45.9932091], [8.9092812, 45.9930921], [8.9093066, 45.993015], [8.9095509, 45.9931049], [8.909567, 45.9931057], [8.9097743, 45.9931155], [8.910082, 45.9933241], [8.9103254, 45.993291], [8.910324, 45.9931383], [8.9107186, 45.9927824], [8.9106768, 45.9925292], [8.9106025, 45.9922391], [8.9105203, 45.9920409], [8.9105493, 45.9917994], [8.9110222, 45.9915728], [8.9111922, 45.991269], [8.9111364, 45.9910422], [8.9113649, 45.9909262], [8.9112611, 45.9905471], [8.9112826, 45.9905374], [8.9113964, 45.9904838], [8.9116728, 45.9904615], [8.9118392, 45.9904984], [8.9122248, 45.9903316], [8.9117441, 45.9896559], [8.911476, 45.988992], [8.9115384, 45.9886836], [8.9111862, 45.9881748], [8.9110653, 45.9876688], [8.9111242, 45.9874593], [8.9110978, 45.9871589], [8.9109642, 45.9869324], [8.9107193, 45.9865909], [8.910427, 45.9862959], [8.9100731, 45.9860499], [8.9099866, 45.986095], [8.909765, 45.9858712], [8.9094361, 45.9856171], [8.9093476, 45.985322], [8.909383, 45.9846876], [8.9091812, 45.9843064], [8.9090184, 45.9838735], [8.908758, 45.9833483], [8.9086928, 45.9832169], [8.9086017, 45.9830963], [8.9085133, 45.9830315], [8.9080721, 45.9827844], [8.9078957, 45.9825527], [8.9078923, 45.9825341], [8.9078067, 45.9820294], [8.9073686, 45.9813024], [8.9072899, 45.9813223], [8.907088, 45.9809939], [8.9070924, 45.9809315], [8.9070364, 45.9808012], [8.9067098, 45.9804504], [8.9065938, 45.9804534], [8.9063553, 45.9801085], [8.9061813, 45.9798412], [8.9059123, 45.9796971], [8.9057303, 45.97965], [8.905618, 45.9796037], [8.9055539, 45.9795769], [8.9051231, 45.9793949], [8.9048261, 45.9792547], [8.9046923, 45.979191], [8.9045275, 45.9790715], [8.9044403, 45.9788937], [8.9041585, 45.9786593], [8.9041316, 45.9785721], [8.9041733, 45.9785098], [8.9041704, 45.9783344], [8.9042455, 45.9780959], [8.9042668, 45.9779121], [8.9041594, 45.9777209], [8.9039826, 45.9776168], [8.9038233, 45.9775021], [8.903799, 45.977522], [8.9036865, 45.9774181], [8.9035764, 45.9773499], [8.9034712, 45.9772553], [8.9034572, 45.9771898], [8.9033122, 45.9768572], [8.9032937, 45.9767884], [8.9032174, 45.9766373], [8.9031424, 45.9765926], [8.9030879, 45.9765317], [8.9030206, 45.9764899], [8.9029466, 45.9764104], [8.9025657, 45.9762106], [8.9023048, 45.9760718], [8.9021124, 45.9760426], [8.9021551, 45.9760091], [8.9018397, 45.9758245], [8.9013981, 45.9756874], [8.9012496, 45.9754918], [8.9011898, 45.9753751], [8.9011214, 45.9749315], [8.9013168, 45.9744018], [8.9013846, 45.9743897], [8.9013727, 45.9742317], [8.9012916, 45.9741178], [8.9011375, 45.9739994], [8.9008803, 45.97375], [8.9008025, 45.9736593], [8.9006972, 45.9734653], [8.9004879, 45.9729792], [8.9003859, 45.972723], [8.9001009, 45.9722981], [8.8998984, 45.9720176], [8.8996802, 45.9711983], [8.8994848, 45.9706641], [8.8995011, 45.9703064], [8.89921, 45.9700303], [8.8989497, 45.9697811], [8.8990135, 45.9697436], [8.8988466, 45.9696378], [8.8987711, 45.9696994], [8.8986902, 45.9696794], [8.898424, 45.9694788], [8.8978686, 45.9689067], [8.8978447, 45.9686206], [8.8980681, 45.9682172], [8.8985857, 45.9675826], [8.8987142, 45.9675282], [8.8987976, 45.9674928], [8.8991865, 45.9671813], [8.8991399, 45.9671279], [8.8995141, 45.9667164], [8.8993838, 45.9665511], [8.8993155, 45.9663474], [8.8992829, 45.9659807], [8.8993611, 45.9655936], [8.8995677, 45.965228], [8.8998175, 45.9649617], [8.8999107, 45.9647862], [8.899998, 45.964622], [8.9000341, 45.964142], [8.9002148, 45.9638199], [8.9002673, 45.9635038], [8.9001186, 45.9634511], [8.9000457, 45.9633295], [8.9001164, 45.9631784], [8.8998475, 45.9625211], [8.9001507, 45.962053], [8.9000137, 45.9620308], [8.9004409, 45.9615843], [8.9007948, 45.9613803], [8.9011854, 45.9611959], [8.9013582, 45.9610623], [8.9014628, 45.9609149], [8.9015265, 45.9608251], [8.9015559, 45.9607439], [8.9016372, 45.9605192], [8.9015993, 45.9603733], [8.9015741, 45.9601729], [8.9015469, 45.9599559], [8.9015935, 45.9598789], [8.9014711, 45.9596114], [8.9013545, 45.9596398], [8.9011319, 45.9592523], [8.9011257, 45.9589192], [8.9012325, 45.9585919], [8.9013976, 45.9583779], [8.9014705, 45.9581618], [8.9013901, 45.9580136], [8.9013198, 45.95786], [8.9013213, 45.9576589], [8.901596, 45.9574584], [8.9021736, 45.9571303], [8.9026256, 45.9569627], [8.9028767, 45.9569173], [8.9032634, 45.9567741], [8.9034063, 45.9567001], [8.9034971, 45.9566531], [8.9038352, 45.956491], [8.9041238, 45.9561769], [8.9042268, 45.9558942], [8.9042312, 45.9558842], [8.9040838, 45.9558406], [8.9041272, 45.95575], [8.9041578, 45.9556242], [8.9045217, 45.955043], [8.9044567, 45.9548403], [8.9041634, 45.9546087], [8.9040784, 45.9544914], [8.9037625, 45.9542572], [8.9036132, 45.9541785], [8.9033487, 45.9542681], [8.9033079, 45.9542424], [8.9033343, 45.9541897], [8.9035479, 45.9540912], [8.9035617, 45.9540097], [8.903565, 45.9539503], [8.9031681, 45.9539863], [8.9031756, 45.9539311], [8.9035071, 45.9538868], [8.9033078, 45.9537951], [8.9031359, 45.9537347], [8.9026655, 45.9535726], [8.9026103, 45.9530175], [8.9026517, 45.9528955], [8.9027224, 45.9528427], [8.9026885, 45.9523688], [8.9026041, 45.9521527], [8.9025727, 45.9520289], [8.9026143, 45.951939], [8.9026795, 45.9518834], [8.9032553, 45.9515018], [8.9033365, 45.9514292], [8.9034316, 45.9513333], [8.9034358, 45.9512748], [8.9034599, 45.9511685], [8.9034853, 45.9510814], [8.9034599, 45.951032], [8.90349, 45.9510105], [8.9035711, 45.950992], [8.9036712, 45.9509784], [8.9036558, 45.9508862], [8.9036624, 45.9508264], [8.9037101, 45.9507158], [8.9037736, 45.9507133], [8.903819, 45.9506597], [8.9038758, 45.9506316], [8.9038959, 45.9506102], [8.9040008, 45.9505745], [8.9040459, 45.9505605], [8.9041025, 45.9504955], [8.9041908, 45.9504472], [8.9041975, 45.9504248], [8.9042178, 45.9503648], [8.9043339, 45.9503127], [8.9043996, 45.9502278], [8.9045022, 45.9500774], [8.9045524, 45.9500403], [8.904589, 45.9499879], [8.904671, 45.9498821], [8.9047228, 45.9497822], [8.9047246, 45.9497555], [8.9046864, 45.9497372], [8.9046721, 45.9496445], [8.9046457, 45.9493832], [8.9046472, 45.9491009], [8.9046171, 45.9486267], [8.9046118, 45.9485924], [8.9045884, 45.9485456], [8.9044801, 45.9484536], [8.9042026, 45.9482181], [8.9041843, 45.9482248], [8.904099, 45.9481653], [8.9041628, 45.9481211], [8.9040971, 45.9480704], [8.9040732, 45.9480926], [8.9037505, 45.9479217], [8.9037389, 45.9479331], [8.9036642, 45.9478915], [8.9035913, 45.9478692], [8.9035583, 45.9478471], [8.9034918, 45.9477862], [8.9035085, 45.9477771], [8.9035161, 45.9477663], [8.9035155, 45.9477507], [8.9035075, 45.947734], [8.9033283, 45.9474541], [8.903296, 45.9471498], [8.9033085, 45.9471354], [8.9033427, 45.9467773], [8.9033881, 45.9467142], [8.9034928, 45.9466129], [8.90361, 45.9466006], [8.9036932, 45.9464652], [8.9035774, 45.9464378], [8.903544, 45.946325], [8.9035708, 45.9462721], [8.9036378, 45.9462606], [8.903612, 45.9461811], [8.903538, 45.9461913], [8.9034903, 45.9460459], [8.9035742, 45.9460361], [8.9035626, 45.9459973], [8.9035027, 45.9460042], [8.903492, 45.9460038], [8.9034832, 45.9460016], [8.903476, 45.9459969], [8.9034715, 45.9459865], [8.9034861, 45.9459858], [8.9035174, 45.9459624], [8.903412, 45.9456421], [8.9033271, 45.94554], [8.9033207, 45.9454856], [8.9033003, 45.9454735], [8.9032896, 45.9454619], [8.9032848, 45.9454465], [8.9032881, 45.9454297], [8.9032915, 45.9454185], [8.9032891, 45.9454113], [8.9033103, 45.9454084], [8.903328, 45.9454119], [8.9033804, 45.9454046], [8.9033598, 45.945363], [8.9032724, 45.9453737], [8.9032462, 45.9453443], [8.9032281, 45.9453053], [8.9032633, 45.9452891], [8.9032275, 45.9451205], [8.9031771, 45.9449778], [8.9031445, 45.9449717], [8.9031353, 45.9449637], [8.9031174, 45.9449397], [8.9031037, 45.9449066], [8.9030776, 45.9449018], [8.9030643, 45.9448583], [8.9030672, 45.9448267], [8.9030919, 45.9448231], [8.9030518, 45.9447029], [8.9030121, 45.9446683], [8.9029988, 45.9446263], [8.9029895, 45.944623], [8.9029308, 45.9445817], [8.9029725, 45.9445647], [8.9029468, 45.9445259], [8.9029378, 45.9445274], [8.9029181, 45.9445145], [8.9029005, 45.9445199], [8.9028814, 45.9444896], [8.9029602, 45.9444622], [8.9029486, 45.9444441], [8.9028839, 45.9444648], [8.9028032, 45.9443209], [8.9027642, 45.9442475], [8.9027177, 45.9441654], [8.9027092, 45.9441661], [8.9026921, 45.9441632], [8.9026693, 45.9441323], [8.9026867, 45.9441197], [8.9026034, 45.9439676], [8.902613, 45.9439618], [8.9025989, 45.9439348], [8.9025865, 45.9439367], [8.9025283, 45.943869], [8.9025296, 45.9438653], [8.9024853, 45.9437861], [8.9024656, 45.9437224], [8.9023725, 45.9436219], [8.9023804, 45.9436163], [8.9023579, 45.9435274], [8.9023395, 45.9435169], [8.9023599, 45.9434863], [8.9022644, 45.9432677], [8.9022291, 45.9432484], [8.9021965, 45.9431844], [8.9022548, 45.9431632], [8.9022464, 45.9431417], [8.902235, 45.9431412], [8.9021605, 45.9431605], [8.9021388, 45.9431487], [8.9020739, 45.943045], [8.901964, 45.9428373], [8.9020021, 45.9428242], [8.901957, 45.9427468], [8.9019314, 45.9427424], [8.9018086, 45.9424915], [8.90183, 45.9424788], [8.9017743, 45.9423515], [8.9017271, 45.9422837], [8.9017153, 45.942221], [8.9017071, 45.9421921], [8.9016299, 45.9421317], [8.9016987, 45.9420979], [8.9016876, 45.9420693], [8.9016867, 45.9420516], [8.9016929, 45.9420346], [8.9016507, 45.9419544], [8.9016174, 45.9418707], [8.9015638, 45.9418532], [8.9013382, 45.9414728], [8.9011898, 45.9412985], [8.9009293, 45.940896], [8.9008344, 45.940787], [8.9008558, 45.9407803], [8.9007279, 45.9406394], [8.9006929, 45.9405627], [8.9006921, 45.9405023], [8.9006881, 45.940492], [8.9006555, 45.9404259], [8.9005878, 45.9403285], [8.9005629, 45.9402902], [8.9005553, 45.9402793], [8.9005428, 45.940262], [8.90057, 45.9402532], [8.9005392, 45.9402157], [8.9005099, 45.9402235], [8.9004973, 45.9401998], [8.900506, 45.9401761], [8.9004514, 45.9400987], [8.9004156, 45.9400853], [8.9003085, 45.9398732], [8.9002967, 45.9398115], [8.900282, 45.9397584], [8.9002684, 45.9397163], [8.9002529, 45.9396702], [8.900244, 45.9396451], [8.900249, 45.9396376], [8.9002313, 45.9395769], [8.9002411, 45.9395492], [8.9002377, 45.9395365], [8.9002223, 45.9395425], [8.9002154, 45.9395424], [8.9002106, 45.9395398], [8.9001898, 45.9394853], [8.9002408, 45.9394771], [8.9002345, 45.9394492], [8.9002088, 45.9394536], [8.9001866, 45.9393941], [8.9001556, 45.9393994], [8.9001415, 45.9393593], [8.8999404, 45.9388419], [8.8999416, 45.9388274], [8.8999704, 45.9388057], [8.8999593, 45.9387906], [8.8999777, 45.9387856], [8.8999626, 45.938756], [8.8999306, 45.9387603], [8.8999253, 45.9387485], [8.8998231, 45.9384975], [8.899807, 45.9384939], [8.8997943, 45.9384883], [8.8997198, 45.9382854], [8.8996939, 45.9382397], [8.8996668, 45.9382287], [8.8996744, 45.9382053], [8.8995913, 45.9380586], [8.899581, 45.9380258], [8.8995648, 45.938], [8.8995417, 45.9379902], [8.8994228, 45.9377307], [8.8994064, 45.9377319], [8.8993811, 45.9376754], [8.899368, 45.9376701], [8.8993712, 45.9376564], [8.8993582, 45.9376481], [8.8993206, 45.9375402], [8.8993638, 45.9375329], [8.8993677, 45.9375218], [8.8993816, 45.9375108], [8.8993736, 45.937486], [8.89935, 45.9374859], [8.8993249, 45.9374828], [8.8993091, 45.9374774], [8.8993023, 45.9374482], [8.8993092, 45.9374417], [8.899328, 45.9374296], [8.899345, 45.9374242], [8.8993354, 45.9373936], [8.8993013, 45.9373945], [8.8992708, 45.9373889], [8.8992622, 45.93736], [8.8992805, 45.9373451], [8.8993086, 45.937339], [8.8992975, 45.9373045], [8.8992596, 45.9373043], [8.8992339, 45.9372978], [8.8992245, 45.9372703], [8.8992383, 45.9372553], [8.8992712, 45.9372443], [8.8992493, 45.9371807], [8.8992304, 45.937177], [8.8992115, 45.9371409], [8.8991856, 45.9371292], [8.8991454, 45.9370827], [8.8991262, 45.9370861], [8.8989983, 45.9368587], [8.8989028, 45.9368316], [8.8987499, 45.9366773], [8.8986972, 45.9364667], [8.8986055, 45.9361006], [8.8981857, 45.9353312], [8.8978644, 45.9343904], [8.8976685, 45.9339578], [8.897657, 45.9329057], [8.8981232, 45.9328967], [8.8983577, 45.9324946], [8.8988922, 45.9319821], [8.8991607, 45.9319018], [8.8994473, 45.9315462], [8.899935, 45.9311695], [8.9005091, 45.9309085], [8.9005675, 45.9308735], [8.900828, 45.9307173], [8.9010621, 45.9307402], [8.9015631, 45.9306528], [8.901737, 45.9305057], [8.9020298, 45.930258], [8.9022007, 45.9298516]]]}}, {"type": "Feature", "properties": {"nome": "Lago di Lugano"}, "geometry": {"type": "Polygon", "coordinates": [[[8.8590264, 45.9669218], [8.8592603, 45.9670693], [8.8590899, 45.967196], [8.8591443, 45.9672429], [8.8591583, 45.9672409], [8.8592327, 45.967285], [8.8593531, 45.9673565], [8.8594319, 45.967403], [8.8596144, 45.9674983], [8.8597953, 45.9676403], [8.8599491, 45.9677844], [8.8599528, 45.967788], [8.8600041, 45.9678753], [8.8600638, 45.9679898], [8.86011, 45.9681652], [8.8601603, 45.9685], [8.8602138, 45.9689252], [8.8602886, 45.9692818], [8.8603753, 45.9694573], [8.8605799, 45.9693978], [8.860632, 45.9694024], [8.8606697, 45.969445], [8.8607448, 45.9696065], [8.8608194, 45.9696262], [8.8611045, 45.9697013], [8.8612892, 45.9697717], [8.8616606, 45.9699395], [8.8629524, 45.9703251], [8.8630897, 45.9703363], [8.8634073, 45.9703802], [8.8636857, 45.9704164], [8.8638355, 45.9704522], [8.8644294, 45.9708376], [8.8649459, 45.9710193], [8.86528, 45.9710095], [8.8655865, 45.9709391], [8.8660269, 45.9710782], [8.8660439, 45.9711081], [8.8662058, 45.9712077], [8.8664937, 45.9714196], [8.8668432, 45.9715588], [8.8672555, 45.9718317], [8.8671869, 45.9719145], [8.8672352, 45.9719695], [8.867338, 45.9720282], [8.8676638, 45.9721676], [8.8677948, 45.9721628], [8.8679848, 45.97222], [8.8681682, 45.9722222], [8.8681491, 45.9722074], [8.8681344, 45.9721928], [8.8681319, 45.9721312], [8.8681375, 45.9721248], [8.8681476, 45.9721213], [8.8681546, 45.9721224], [8.8681611, 45.9721262], [8.8681669, 45.9721303], [8.8681717, 45.9721351], [8.8681748, 45.9721468], [8.8681764, 45.9721582], [8.8682455, 45.9721765], [8.8682822, 45.9721896], [8.8682903, 45.972196], [8.8682962, 45.9722029], [8.8682982, 45.9722081], [8.8682949, 45.9722127], [8.8682696, 45.9722145], [8.8682737, 45.9722208], [8.8682826, 45.9722261], [8.8683867, 45.9722696], [8.8686293, 45.972245], [8.8687185, 45.9722082], [8.8687573, 45.9722195], [8.8688803, 45.9721693], [8.8688454, 45.9721484], [8.8688362, 45.9721352], [8.8688341, 45.9721214], [8.8688372, 45.9721083], [8.8688454, 45.9720961], [8.8688702, 45.9720922], [8.8688937, 45.9720926], [8.8689407, 45.9720722], [8.8690122, 45.9720462], [8.8690828, 45.9719946], [8.8691024, 45.9719554], [8.8691368, 45.9719117], [8.869219, 45.9718311], [8.8692748, 45.9717857], [8.8693081, 45.9717594], [8.8693504, 45.9717321], [8.8694547, 45.971665], [8.8695133, 45.9716179], [8.8695531, 45.9715471], [8.8695835, 45.9715641], [8.8696301, 45.9715009], [8.8696314, 45.9714627], [8.8695944, 45.9714604], [8.8695791, 45.9714066], [8.8696779, 45.9713115], [8.8697805, 45.9712556], [8.869813, 45.9712059], [8.8698287, 45.9712012], [8.8698466, 45.9711979], [8.8698668, 45.9712095], [8.8698825, 45.9712228], [8.869883, 45.9712418], [8.8698956, 45.9712579], [8.8699045, 45.9712549], [8.8699376, 45.9712395], [8.8699534, 45.9712272], [8.8699692, 45.9712148], [8.8699863, 45.9711903], [8.8699635, 45.971167], [8.8699565, 45.9711385], [8.8699667, 45.9711208], [8.87, 45.9711058], [8.8700313, 45.9711029], [8.8700763, 45.9710803], [8.8701517, 45.9710678], [8.8703087, 45.9709215], [8.8702477, 45.9708909], [8.8702591, 45.9708704], [8.8703021, 45.9708427], [8.8703241, 45.9708069], [8.8703363, 45.9707699], [8.8703344, 45.9707341], [8.8703401, 45.9707232], [8.8703491, 45.9707151], [8.8703687, 45.9707136], [8.8703877, 45.9707138], [8.8704108, 45.9707413], [8.8704631, 45.9707149], [8.8704939, 45.9706885], [8.8705512, 45.9706317], [8.8704438, 45.9705543], [8.8704476, 45.9705377], [8.8704813, 45.9704996], [8.8705793, 45.9704071], [8.8706189, 45.9703035], [8.870663, 45.9703268], [8.8706944, 45.9703603], [8.8707206, 45.9703909], [8.8707442, 45.9704247], [8.8708658, 45.9704089], [8.8709479, 45.9703849], [8.8710677, 45.9703229], [8.8711318, 45.9702957], [8.8711888, 45.9702608], [8.8712364, 45.970218], [8.8712744, 45.9701785], [8.8713284, 45.9701522], [8.8715551, 45.9700035], [8.8716178, 45.9699894], [8.8716425, 45.9699628], [8.8716866, 45.9699262], [8.8717153, 45.9699075], [8.8718224, 45.969787], [8.8718732, 45.9697206], [8.8719115, 45.9696838], [8.8719545, 45.969583], [8.8719864, 45.9695557], [8.8719698, 45.9695388], [8.8719597, 45.9695213], [8.8719513, 45.9695013], [8.8719498, 45.9694808], [8.8719894, 45.969444], [8.8720344, 45.969414], [8.8720634, 45.9694204], [8.8721719, 45.9693509], [8.8721728, 45.969312], [8.8721914, 45.9692812], [8.872189, 45.9691929], [8.8722665, 45.9691189], [8.8722883, 45.9690651], [8.8723068, 45.9690448], [8.8723335, 45.9690292], [8.8723924, 45.9690497], [8.8724849, 45.9691388], [8.8724931, 45.9691601], [8.8725277, 45.9691965], [8.872588, 45.9691596], [8.8727279, 45.969083], [8.8726954, 45.969035], [8.8727057, 45.968995], [8.8727604, 45.9689723], [8.8728265, 45.9689666], [8.8729391, 45.9689104], [8.8730153, 45.9688454], [8.8731087, 45.9687882], [8.8730761, 45.9687627], [8.8730681, 45.9687101], [8.8730846, 45.9686995], [8.8731157, 45.9687363], [8.8731801, 45.9686724], [8.8731947, 45.9686816], [8.8732109, 45.9686685], [8.8731977, 45.9686595], [8.8732011, 45.9686274], [8.8731761, 45.9685977], [8.8731715, 45.9685671], [8.8732135, 45.9684736], [8.8732566, 45.9684038], [8.8733006, 45.9682737], [8.8732812, 45.9682465], [8.8732372, 45.9682472], [8.8731604, 45.9682247], [8.8731469, 45.9681752], [8.8731465, 45.9681207], [8.8731621, 45.9680649], [8.8731863, 45.968025], [8.873231, 45.9680139], [8.8732919, 45.9680212], [8.8733508, 45.9680189], [8.8733753, 45.9680042], [8.8733792, 45.9679798], [8.8733091, 45.967966], [8.87327, 45.9679582], [8.8732495, 45.9679421], [8.8732581, 45.9679072], [8.8733534, 45.9678179], [8.8733861, 45.9678085], [8.8734195, 45.9678028], [8.8734622, 45.9678111], [8.8735036, 45.9678237], [8.8735267, 45.9678403], [8.873538, 45.9678587], [8.874162, 45.9679846], [8.8742126, 45.9679993], [8.8742883, 45.968072], [8.8743568, 45.9681392], [8.8744835, 45.9682632], [8.874589, 45.9683903], [8.8747761, 45.9685843], [8.8745964, 45.9686658], [8.874465, 45.9685439], [8.8743514, 45.9685465], [8.8742849, 45.9685725], [8.8742658, 45.9686071], [8.8742599, 45.968624], [8.8742366, 45.9686793], [8.8742076, 45.9687432], [8.8741779, 45.9688177], [8.8741983, 45.9688264], [8.874096, 45.9690762], [8.8741081, 45.9691503], [8.8741656, 45.9691535], [8.8742178, 45.9691497], [8.8743383, 45.9690871], [8.874559, 45.9689531], [8.874521, 45.9689248], [8.8747005, 45.9688206], [8.874949, 45.9687427], [8.8750048, 45.9687118], [8.8751348, 45.9686823], [8.8748792, 45.9684209], [8.8748555, 45.9684347], [8.8747444, 45.9683262], [8.8747643, 45.9683166], [8.8746202, 45.9681664], [8.8745921, 45.9681791], [8.8744723, 45.9680588], [8.8745024, 45.9680454], [8.8743269, 45.967873], [8.8742711, 45.9678591], [8.8742054, 45.9678571], [8.8742141, 45.9678271], [8.8742397, 45.967781], [8.8741117, 45.9677607], [8.8740826, 45.9677999], [8.874019, 45.9677868], [8.8740375, 45.9677362], [8.8737354, 45.9676724], [8.8737784, 45.9676549], [8.873706, 45.9676378], [8.8736764, 45.9676836], [8.8736532, 45.967736], [8.8735522, 45.9677085], [8.8735421, 45.9676707], [8.8735315, 45.967661], [8.8735308, 45.9676077], [8.8735513, 45.9675474], [8.8735838, 45.9675276], [8.8735818, 45.9675046], [8.8735616, 45.967479], [8.8734337, 45.9673598], [8.8733125, 45.9672254], [8.8732908, 45.9672023], [8.8732292, 45.9668798], [8.8732044, 45.9667499], [8.8728695, 45.9664543], [8.8728549, 45.9664415], [8.8727568, 45.9664606], [8.8723373, 45.9660348], [8.8712686, 45.9653033], [8.8711429, 45.9651723], [8.8708798, 45.9651177], [8.8704636, 45.9649403], [8.8702712, 45.9646483], [8.8702869, 45.9642907], [8.8700776, 45.9634229], [8.8700263, 45.9629348], [8.870035, 45.9625107], [8.8698591, 45.9623694], [8.8697375, 45.9621491], [8.8694805, 45.96194], [8.8693081, 45.9616489], [8.869154, 45.9612782], [8.8691932, 45.9609869], [8.8694463, 45.9608537], [8.8696303, 45.9605977], [8.8706427, 45.9603525], [8.8708728, 45.9602619], [8.8710148, 45.9603555], [8.8710511, 45.9603839], [8.871006, 45.9603973], [8.8709653, 45.9604388], [8.8709781, 45.9604626], [8.871422, 45.9603128], [8.8713925, 45.9602768], [8.8711476, 45.9603544], [8.8711106, 45.9602745], [8.8711457, 45.9602305], [8.8712513, 45.9601811], [8.871306, 45.9601295], [8.8713329, 45.9601064], [8.8713961, 45.9601488], [8.8715134, 45.960064], [8.871544, 45.9600799], [8.8715932, 45.9600595], [8.8715999, 45.9600319], [8.8715749, 45.9600194], [8.8715685, 45.9599913], [8.8715366, 45.9599447], [8.8715573, 45.9599042], [8.8716888, 45.9598536], [8.8718394, 45.9597839], [8.871999, 45.9597105], [8.8720795, 45.959662], [8.8721882, 45.9596066], [8.872382, 45.9595597], [8.8726552, 45.9595286], [8.8728958, 45.9595094], [8.87295, 45.9595144], [8.8729596, 45.9595523], [8.8732501, 45.9595781], [8.8733484, 45.9595706], [8.8734598, 45.959527], [8.8734663, 45.9594907], [8.8740863, 45.959414], [8.8742959, 45.9593697], [8.8749203, 45.9590612], [8.8754643, 45.9588786], [8.8759364, 45.9589266], [8.8763251, 45.9590221], [8.8765656, 45.9590948], [8.8765961, 45.959104], [8.8772911, 45.9591886], [8.8778029, 45.959177], [8.8781762, 45.9591372], [8.8791648, 45.9593418], [8.8799052, 45.9594956], [8.8799359, 45.9596193], [8.8806127, 45.9597517], [8.8813714, 45.9598661], [8.8819304, 45.9598948], [8.8835843, 45.9601167], [8.8848943, 45.9602172], [8.8858079, 45.9604816], [8.8865375, 45.9608051], [8.8872389, 45.9613315], [8.8873942, 45.9614583], [8.8875208, 45.9617293], [8.8877512, 45.9622111], [8.8879753, 45.9625701], [8.888084, 45.9626326], [8.8882348, 45.962792], [8.8881783, 45.9628204], [8.8883196, 45.9629492], [8.8883961, 45.9631454], [8.8883082, 45.9631605], [8.8879696, 45.9632869], [8.8877469, 45.963314], [8.8875666, 45.9632788], [8.8872511, 45.9634247], [8.8872022, 45.9636129], [8.8870497, 45.9637513], [8.8869027, 45.9638695], [8.8868512, 45.9640547], [8.886525, 45.9643596], [8.8864605, 45.96442], [8.8864189, 45.9644589], [8.8859917, 45.9648582], [8.8852741, 45.9659246], [8.8850936, 45.9662113], [8.8851912, 45.9663683], [8.8851302, 45.9665008], [8.8850167, 45.9666208], [8.8848843, 45.9666041], [8.884653, 45.9667695], [8.8843414, 45.9671032], [8.8840795, 45.9674648], [8.8839934, 45.9675836], [8.8838026, 45.9681279], [8.8837506, 45.9681412], [8.8837249, 45.9683644], [8.8838213, 45.9683979], [8.8836818, 45.9686984], [8.8835515, 45.968948], [8.883561, 45.9691521], [8.8836817, 45.9693442], [8.8837791, 45.9694992], [8.8838285, 45.9696952], [8.883874, 45.9698364], [8.8839097, 45.9699091], [8.8840976, 45.9700279], [8.8843352, 45.9701575], [8.8845485, 45.970276], [8.884691, 45.9703407], [8.8847223, 45.9703446], [8.8850588, 45.9704744], [8.8852087, 45.9705615], [8.8852125, 45.9705388], [8.8852247, 45.9705195], [8.8852498, 45.9705055], [8.885279, 45.9704966], [8.8853109, 45.9704987], [8.8853437, 45.970506], [8.8854146, 45.970525], [8.8854742, 45.970552], [8.885507, 45.9705847], [8.8855205, 45.9706048], [8.8855306, 45.9706285], [8.8855429, 45.970686], [8.8855714, 45.9707024], [8.8856579, 45.9707409], [8.8857672, 45.9707858], [8.8858583, 45.9708175], [8.8858976, 45.9708288], [8.8859436, 45.9708377], [8.8860417, 45.9708737], [8.8861497, 45.9709084], [8.8862933, 45.9709444], [8.8863981, 45.9709617], [8.8865335, 45.9709887], [8.8868348, 45.9710593], [8.8869472, 45.9710813], [8.8874059, 45.971261], [8.8885625, 45.9718659], [8.8886393, 45.9718964], [8.8889942, 45.9720373], [8.8891146, 45.9724687], [8.8893033, 45.9725926], [8.8894418, 45.9726105], [8.8895227, 45.9726164], [8.8896265, 45.9725811], [8.889812, 45.9725443], [8.8899092, 45.972578], [8.890444, 45.972663], [8.8906327, 45.9727603], [8.8909585, 45.9727362], [8.8911403, 45.972696], [8.8912613, 45.9725842], [8.8914027, 45.9724678], [8.8916771, 45.9723718], [8.8920956, 45.9723322], [8.8922753, 45.9723072], [8.8925976, 45.9721881], [8.8926507, 45.972317], [8.8928097, 45.9722802], [8.8929579, 45.9723961], [8.8929864, 45.9732473], [8.8933278, 45.9735249], [8.8936153, 45.9739927], [8.8933822, 45.9741187], [8.8933827, 45.9744236], [8.8934723, 45.9747034], [8.8937741, 45.9748472], [8.8941776, 45.974978], [8.8941861, 45.974981]]]}}, {"type": "Feature", "properties": {"nome": "Lago di Lugano"}, "geometry": {"type": "Polygon", "coordinates": [[[8.8783629, 45.9539779], [8.8781372, 45.9540621], [8.8780059, 45.9540648], [8.8778951, 45.9540485], [8.877807, 45.9540436], [8.8776386, 45.9539787], [8.8774381, 45.9539478], [8.8771555, 45.9539199], [8.8766877, 45.9538997], [8.8765288, 45.9539195], [8.8763016, 45.9540765], [8.8759773, 45.9543127], [8.875772, 45.9545749], [8.8756765, 45.9548511], [8.875471, 45.9551295], [8.8751216, 45.9557237], [8.875016, 45.9558822], [8.8748811, 45.955851], [8.8748061, 45.9558593], [8.8749007, 45.955934], [8.8748813, 45.9560677], [8.874866, 45.9561073], [8.8747152, 45.9562332], [8.8746011, 45.9564157], [8.8746847, 45.9565098], [8.8746267, 45.9567359], [8.8746292, 45.956845], [8.8744697, 45.9571975], [8.8743769, 45.9574178], [8.8745059, 45.9577057], [8.8745193, 45.957779], [8.8745633, 45.9579015], [8.8745847, 45.9578985], [8.874632, 45.9580602], [8.8746803, 45.9583579], [8.8747139, 45.9584626], [8.8746907, 45.9586248], [8.874687, 45.9586678], [8.8747019, 45.9586934], [8.8746879, 45.9587299], [8.8746408, 45.9587794], [8.8745863, 45.9588271], [8.8745297, 45.9588751], [8.8744949, 45.9588991], [8.874367, 45.9589782], [8.874329, 45.9589986], [8.874293, 45.9590161], [8.8742272, 45.9590411], [8.8741908, 45.9590523], [8.8741, 45.9590736], [8.8740225, 45.959088], [8.8739526, 45.9590976], [8.8738649, 45.9591085], [8.8737243, 45.9591083], [8.8734814, 45.9591044], [8.8733427, 45.9591034], [8.8732235, 45.9590988], [8.8726943, 45.9590657], [8.8721483, 45.9590109], [8.8721196, 45.9590184], [8.8718753, 45.9590583], [8.8717138, 45.9591478], [8.8715764, 45.9592717], [8.8713662, 45.9595418], [8.8713654, 45.9596409], [8.8712998, 45.9596754], [8.8712903, 45.9596661], [8.8711365, 45.9597632], [8.8708277, 45.9598845], [8.8704599, 45.9599581], [8.8702597, 45.959976], [8.8699768, 45.9599673], [8.8699737, 45.9599933], [8.8697324, 45.9599362], [8.8697373, 45.9599196], [8.8696814, 45.9599085], [8.8696111, 45.9598909], [8.8695534, 45.9598765], [8.8692986, 45.9598127], [8.8687638, 45.9597374], [8.8686248, 45.9597173], [8.8681133, 45.9596274], [8.8674767, 45.9595587], [8.8671822, 45.9595581], [8.8668599, 45.9595759], [8.8666482, 45.9596055], [8.8665926, 45.9596558], [8.8664148, 45.9598165], [8.86639, 45.9599103], [8.8663941, 45.9599752], [8.8663518, 45.9600288], [8.8663097, 45.9600821], [8.8662897, 45.9601075], [8.8662532, 45.9601538], [8.8661349, 45.9602292], [8.8661178, 45.9602363], [8.8658598, 45.9603441], [8.8657301, 45.9604259], [8.865592, 45.9606515], [8.8654834, 45.9607064], [8.8653954, 45.9607458], [8.8653396, 45.9607432], [8.8651592, 45.9607284], [8.8648785, 45.9605762], [8.8647962, 45.9605622], [8.8646604, 45.9605742], [8.8645087, 45.9606091], [8.8644712, 45.9606177], [8.8643985, 45.9606491], [8.8640463, 45.9608918], [8.8639177, 45.9609609], [8.8637639, 45.9610504], [8.8634237, 45.9612485], [8.8633049, 45.9613261], [8.8632434, 45.9613768], [8.8631129, 45.9614554], [8.8629374, 45.9614652], [8.8628583, 45.9614502], [8.8627263, 45.9614953], [8.8627142, 45.9614872], [8.8628466, 45.9614376], [8.8627585, 45.9613634], [8.862571, 45.9614716], [8.8626067, 45.9615036], [8.8625386, 45.9615585], [8.8624657, 45.961672], [8.8622255, 45.9618396], [8.8621402, 45.9618635], [8.8621134, 45.9618501], [8.8620704, 45.9618501], [8.8618155, 45.9619097], [8.8616168, 45.9619858], [8.8615054, 45.9620838], [8.8613882, 45.9621248], [8.8612129, 45.9621375], [8.8611664, 45.9621526], [8.861039, 45.9621491], [8.8609666, 45.9621641], [8.8608789, 45.9622027], [8.8608528, 45.9622385], [8.8607252, 45.9623203], [8.860721, 45.9623611], [8.8607005, 45.9623607], [8.8606789, 45.9623603], [8.8606601, 45.9623601], [8.8605505, 45.9624512], [8.8605622, 45.9624568], [8.8605622, 45.9624723], [8.8604368, 45.9625796], [8.860417, 45.9625803], [8.8602414, 45.9627264], [8.8602531, 45.9628168], [8.8601585, 45.9628661], [8.8600835, 45.9630766], [8.8600688, 45.9632495], [8.8599943, 45.9633773], [8.859658, 45.9637529], [8.8594172, 45.9640431], [8.8590948, 45.9646033], [8.8590111, 45.9649346], [8.8589115, 45.9651352], [8.8586864, 45.9656473], [8.8586625, 45.9657439], [8.8588787, 45.9661576], [8.8589356, 45.9665909], [8.8588576, 45.9666456], [8.8588158, 45.9666958], [8.8587561, 45.9667514], [8.8588053, 45.9667824], [8.8590264, 45.9669218]]]}}, {"type": "Feature", "properties": {"nome": "Lago di Lugano"}, "geometry": {"type": "Polygon", "coordinates": [[[8.8906966, 45.9529806], [8.8906724, 45.9531855], [8.8907776, 45.9536512], [8.8907902, 45.9537907], [8.8908896, 45.9539393], [8.8907012, 45.9541211], [8.8904909, 45.9542764], [8.8900372, 45.9546132], [8.8898854, 45.9546786], [8.8897311, 45.9547269], [8.8896673, 45.9547372], [8.8895436, 45.9546715], [8.8894558, 45.9546682], [8.8892761, 45.9546864], [8.8892068, 45.9546934], [8.8888635, 45.9548469], [8.8887254, 45.9548245], [8.8885622, 45.9548011], [8.8883126, 45.9547801], [8.8881809, 45.9547723], [8.8880068, 45.9548032], [8.8878969, 45.9547666], [8.8876834, 45.9546981], [8.8871875, 45.9546756], [8.8868977, 45.9546456], [8.8864281, 45.9546771], [8.8859209, 45.9546407], [8.8856039, 45.95462], [8.8854671, 45.9546489], [8.8849363, 45.9545859], [8.884674, 45.954526], [8.884041, 45.9544685], [8.8837257, 45.9544179], [8.8834637, 45.9543457], [8.8829085, 45.9541639], [8.8826555, 45.9541283], [8.8824372, 45.9541106], [8.8822304, 45.9541345], [8.8815197, 45.9541938], [8.8811669, 45.9542099], [8.8807115, 45.9542603], [8.8805448, 45.9542868], [8.8803928, 45.9542911], [8.879936, 45.9541925], [8.8793597, 45.9541184], [8.8790457, 45.9540671], [8.8787515, 45.9540367], [8.8783629, 45.9539779]]]}}, {"type": "Feature", "properties": {"nome": "Lago di Lugano"}, "geometry": {"type": "Polygon", "coordinates": [[[8.8937472, 45.9454561], [8.8936516, 45.9456037], [8.8936132, 45.9457303], [8.8936235, 45.9458063], [8.8936907, 45.945928], [8.8937242, 45.946072], [8.893795, 45.9461891], [8.8938381, 45.9463254], [8.8937291, 45.9466762], [8.8935292, 45.9468332], [8.8932223, 45.9471304], [8.8931178, 45.9471926], [8.8929623, 45.9472952], [8.8928524, 45.9473681], [8.8926056, 45.9475185], [8.8925441, 45.9476123], [8.892413, 45.947812], [8.8922607, 45.9479239], [8.8921761, 45.9480834], [8.89206, 45.9482504], [8.8920144, 45.9484128], [8.891934, 45.9485428], [8.8918424, 45.9486232], [8.8917427, 45.9486545], [8.8915875, 45.9486428], [8.8910479, 45.9487933], [8.8910231, 45.9487532], [8.8908451, 45.9487957], [8.8906189, 45.9488561], [8.8904594, 45.9488987], [8.8903539, 45.9489521], [8.8902114, 45.9490981], [8.8901762, 45.9491933], [8.8902514, 45.949212], [8.8902287, 45.9493055], [8.8901945, 45.949446], [8.8901515, 45.9496769], [8.8900835, 45.9497848], [8.8900283, 45.9499602], [8.8899703, 45.9499962], [8.8898524, 45.950032], [8.8898093, 45.9500979], [8.8898086, 45.950158], [8.8898621, 45.9503116], [8.889995, 45.9505272], [8.8900004, 45.9505512], [8.8900425, 45.9507501], [8.8901647, 45.9507915], [8.8902552, 45.9509347], [8.8902795, 45.9510271], [8.890494, 45.9514519], [8.8905932, 45.9516484], [8.8906342, 45.9518606], [8.8906757, 45.9520024], [8.8907388, 45.9520033], [8.8907539, 45.9520767], [8.8907962, 45.9522821], [8.8908229, 45.9524119], [8.8908313, 45.9524527], [8.8908224, 45.9525192], [8.890807, 45.9526342], [8.8908032, 45.9528636], [8.8906966, 45.9529806]]]}}, {"type": "Feature", "properties": {"nome": "Lago di Lugano"}, "geometry": {"type": "Polygon", "coordinates": [[[8.8935835, 45.9439904], [8.8937585, 45.9441685], [8.8937953, 45.9443396], [8.8938019, 45.9448179], [8.8937729, 45.9450551], [8.8937716, 45.9453848], [8.8937472, 45.9454561]]]}}, {"type": "Feature", "properties": {"nome": "Lago di Lugano"}, "geometry": {"type": "Polygon", "coordinates": [[[8.8900832, 45.9416981], [8.8901185, 45.9417882], [8.8901635, 45.9418422], [8.8904679, 45.9420721], [8.8909141, 45.9422976], [8.8910318, 45.9423203], [8.8912543, 45.9423295], [8.891451, 45.9423568], [8.8918298, 45.9424472], [8.8922312, 45.9425197], [8.8925303, 45.9425975], [8.8927272, 45.9426947], [8.8928338, 45.9427814], [8.8929386, 45.9429382], [8.8930058, 45.9431146], [8.8930569, 45.9433577], [8.8930987, 45.9434387], [8.8932532, 45.9436054], [8.8933319, 45.9437675], [8.8935106, 45.9439162], [8.8935835, 45.9439904]]]}}, {"type": "Feature", "properties": {"nome": "Lago di Lugano"}, "geometry": {"type": "Polygon", "coordinates": [[[8.8899653, 45.9411818], [8.8900593, 45.9415451], [8.8900832, 45.9416981]]]}}, {"type": "Feature", "properties": {"nome": "Lago di Lugano"}, "geometry": {"type": "Polygon", "coordinates": [[[8.8878601, 45.9334446], [8.887792, 45.9336726], [8.8878463, 45.9340373], [8.887711, 45.9343106], [8.8877651, 45.9348282], [8.8877481, 45.9352557], [8.8878888, 45.9358454], [8.8879376, 45.9364305], [8.8880961, 45.9368796], [8.8882443, 45.9371804], [8.8883757, 45.9375065], [8.8884634, 45.9380061], [8.8885178, 45.9382087], [8.8887844, 45.9387805], [8.8890367, 45.9391903], [8.8890993, 45.9393299], [8.8895883, 45.9397973], [8.8897778, 45.9401813], [8.8900095, 45.940447], [8.8900362, 45.9406742], [8.8899507, 45.9409171], [8.8899233, 45.9410575], [8.8899653, 45.9411818]]]}}, {"type": "Feature", "properties": {"nome": "Lago di Lugano"}, "geometry": {"type": "Polygon", "coordinates": [[[8.8880985, 45.9324464], [8.8880199, 45.9326051], [8.8880056, 45.9328292], [8.8879905, 45.9330179], [8.8879682, 45.9330901], [8.8878971, 45.9333209], [8.8878601, 45.9334446]]]}}, {"type": "Feature", "properties": {"nome": "Lago di Lugano"}, "geometry": {"type": "Polygon", "coordinates": [[[8.888292, 45.9309363], [8.8882398, 45.9312545], [8.888196, 45.9314954], [8.8881903, 45.9317631], [8.8880761, 45.9318948], [8.8880861, 45.932152], [8.8880883, 45.932204], [8.8880985, 45.9324464]]]}}, {"type": "Feature", "properties": {"nome": "Lago di Lugano"}, "geometry": {"type": "Polygon", "coordinates": [[[8.8894265, 45.9287596], [8.8893612, 45.9291555], [8.8892868, 45.9292814], [8.8891834, 45.9294073], [8.8888846, 45.9296454], [8.8887004, 45.9298657], [8.8886842, 45.9299832], [8.8886653, 45.9300771], [8.8885347, 45.9302654], [8.888432, 45.9306998], [8.888292, 45.9309363]]]}}, {"type": "Feature", "properties": {"nome": "Lago di Lugano"}, "geometry": {"type": "Polygon", "coordinates": [[[8.8896429, 45.9285322], [8.8895413, 45.9286112], [8.8894265, 45.9287596]]]}}, {"type": "Feature", "properties": {"nome": "Lago di Lugano"}, "geometry": {"type": "Polygon", "coordinates": [[[8.8895369, 45.9267166], [8.8895681, 45.9268267], [8.8896463, 45.9271032], [8.8895729, 45.9272882], [8.8895707, 45.9275717], [8.8895381, 45.9277652], [8.8895409, 45.9279902], [8.8896429, 45.9285322]]]}}, {"type": "Feature", "properties": {"nome": "Lago di Lugano"}, "geometry": {"type": "Polygon", "coordinates": [[[8.8917008, 45.9225578], [8.8915499, 45.9228525], [8.891153, 45.9230978], [8.8910673, 45.9231588], [8.8910171, 45.9232623], [8.8908454, 45.9237031], [8.890759, 45.92418], [8.8906699, 45.9244004], [8.8902688, 45.925066], [8.8900405, 45.9255652], [8.8898995, 45.9259656], [8.8897717, 45.9261769], [8.8897198, 45.9263523], [8.8895439, 45.9267027], [8.8895369, 45.9267166]]]}}]}